flightNumber,airline,arrivalDate,arrivalTime,passengers
SU1206,Ural Airlines,2024-03-02,06:06,304
SU6450,Aeroflot,2024-06-20,21:27,222
SU7327,UTair,2024-01-21,14:33,66
SU1422,Red Wings,2024-11-24,06:22,183
SU1342,Red Wings,2024-07-15,21:10,275
SU1368,Nordavia,2024-11-07,12:30,249
SU1925,Red Wings,2024-06-24,06:20,303
SU9044,Red Wings,2024-10-19,21:11,165
SU400,S7 Airlines,2024-07-16,19:25,278
SU122,Azimuth,2024-09-27,23:43,132
SU7766,UTair,2024-02-16,22:54,172
SU7172,Yakutia,2024-09-15,11:42,286
SU3079,Rossiya,2024-03-16,02:14,294
SU7301,Rossiya,2024-10-25,02:36,272
SU9602,Aeroflot,2024-11-23,06:37,112
SU7296,Rossiya,2024-11-04,03:09,116
SU3294,Rossiya,2024-04-26,03:54,78
SU6345,Aeroflot,2024-05-18,13:14,157
SU1825,Aeroflot,2024-02-26,14:05,199
SU2027,Red Wings,2024-12-16,20:44,151
SU3681,Red Wings,2024-08-21,19:02,315
SU1631,S7 Airlines,2024-01-05,10:40,255
SU8183,S7 Airlines,2024-12-21,06:44,65
SU8659,Rossiya,2024-06-05,09:27,59
SU8713,S7 Airlines,2024-08-17,23:00,224
SU2911,Rossiya,2024-03-06,01:41,241
SU5344,Pobeda,2024-03-10,11:40,317
SU108,Rossiya,2024-07-08,09:43,98
SU3182,Yakutia,2024-07-12,19:58,83
SU8893,Azimuth,2024-02-12,04:53,177
SU5344,Pobeda,2024-11-18,18:05,204
SU2717,Yakutia,2024-06-14,14:40,181
SU9730,Azimuth,2024-04-22,08:46,184
SU3208,Aeroflot,2024-06-09,16:19,61
SU9470,Yakutia,2024-11-01,03:47,200
SU5501,Ural Airlines,2024-10-26,13:09,75
SU2942,Azimuth,2024-05-23,09:15,178
SU8645,UTair,2024-09-11,01:13,147
SU4117,UTair,2024-05-15,13:07,80
SU8672,S7 Airlines,2024-05-24,17:25,327
SU3394,Red Wings,2024-07-16,18:34,243
SU3320,Red Wings,2024-12-27,09:04,67
SU816,Azimuth,2024-05-26,11:52,167
SU673,Azimuth,2024-08-20,07:11,285
SU9532,S7 Airlines,2024-01-24,08:38,303
SU3193,Azimuth,2024-12-13,07:36,273
SU5928,Aeroflot,2024-08-26,08:18,50
SU7890,Ural Airlines,2024-01-28,19:36,56
SU2353,Nordavia,2024-05-05,03:58,138
SU6344,UTair,2024-07-06,17:53,304
SU1523,Azimuth,2024-04-11,07:27,335
SU4944,Pobeda,2024-10-07,20:47,69
SU8077,Ural Airlines,2024-02-08,00:47,132
SU553,S7 Airlines,2024-02-08,14:54,336
SU5471,Nordavia,2024-07-25,18:35,50
SU7714,Ural Airlines,2024-07-12,12:52,142
SU6989,Azimuth,2024-12-03,04:23,215
SU4375,Rossiya,2024-11-17,11:30,134
SU4540,UTair,2024-02-17,18:47,204
SU1565,Nordavia,2024-09-06,17:03,200
SU6631,Rossiya,2024-03-27,04:45,82
SU9647,Azimuth,2024-09-27,12:58,247
SU2995,Pobeda,2024-12-19,09:15,213
SU5561,Red Wings,2024-10-11,03:02,127
SU8707,Ural Airlines,2024-05-26,18:24,67
SU3950,Aeroflot,2024-06-12,05:48,268
SU2835,Azimuth,2024-06-23,04:57,291
SU1518,Aeroflot,2024-02-08,12:05,240
SU7391,Aeroflot,2024-10-28,10:27,195
SU3020,UTair,2024-06-19,09:10,332
SU6886,Azimuth,2024-04-26,13:16,187
SU871,Nordavia,2024-02-20,19:29,234
SU8687,S7 Airlines,2024-09-21,22:49,225
SU3423,Rossiya,2024-05-26,21:07,154
SU5306,Ural Airlines,2024-12-01,03:33,184
SU2799,Aeroflot,2024-11-19,01:02,158
SU6390,Aeroflot,2024-05-12,23:52,71
SU2407,Nordavia,2024-06-01,17:32,139
SU2451,Yakutia,2024-08-10,12:21,238
SU8466,S7 Airlines,2024-03-14,00:05,145
SU8270,Rossiya,2024-11-14,18:14,93
SU1193,Aeroflot,2024-09-09,21:36,301
SU5148,Rossiya,2024-07-13,11:57,349
SU8803,Aeroflot,2024-02-25,19:57,340
SU9617,Pobeda,2024-02-18,01:29,197
SU5643,Pobeda,2024-04-14,22:03,349
SU9301,Rossiya,2024-11-16,07:42,255
SU9652,Red Wings,2024-10-17,01:57,51
SU3688,Ural Airlines,2024-09-28,22:06,195
SU4920,Yakutia,2024-03-12,11:23,101
SU1609,Ural Airlines,2024-11-24,13:15,303
SU5440,Aeroflot,2024-06-14,05:26,265
SU4881,Aeroflot,2024-08-21,17:11,133
SU7194,Aeroflot,2024-04-07,08:01,123
SU4707,Yakutia,2024-05-03,12:05,265
SU3951,Red Wings,2024-06-26,06:44,128
SU1628,Aeroflot,2024-12-05,21:52,320
SU4847,Azimuth,2024-03-14,07:13,341
SU1050,Aeroflot,2024-01-13,10:24,100
SU5667,Aeroflot,2024-02-17,20:16,253
SU4188,Aeroflot,2024-07-27,02:21,247
SU8981,Red Wings,2024-02-03,03:39,112
SU8465,Aeroflot,2024-08-11,17:12,220
SU9199,Nordavia,2024-11-14,10:51,169
SU6387,Nordavia,2024-08-05,13:07,300
SU6511,Yakutia,2024-08-27,11:08,255
SU2703,Red Wings,2024-08-11,01:49,294
SU1396,S7 Airlines,2024-12-24,21:50,344
SU6845,Nordavia,2024-02-18,09:47,206
SU3914,Aeroflot,2024-07-03,11:37,102
SU5200,Nordavia,2024-12-25,17:52,278
SU614,Yakutia,2024-01-27,22:10,133
SU1035,Aeroflot,2024-12-03,19:00,116
SU2949,UTair,2024-11-11,01:18,156
SU3217,Azimuth,2024-05-28,15:48,244
SU4457,Red Wings,2024-03-16,11:00,151
SU6239,Pobeda,2024-12-19,09:41,345
SU7484,Yakutia,2024-05-06,04:33,254
SU1036,Azimuth,2024-08-22,20:57,64
SU8327,Yakutia,2024-09-25,14:23,226
SU3725,Rossiya,2024-05-06,10:47,309
SU7643,Red Wings,2024-07-12,23:25,141
SU2700,Yakutia,2024-03-10,00:45,238
SU910,Yakutia,2024-07-27,12:43,94
SU1090,Nordavia,2024-11-15,21:19,335
SU9683,Yakutia,2024-04-28,01:15,114
SU2046,Red Wings,2024-05-17,19:24,58
SU7402,Ural Airlines,2024-06-04,00:12,272
SU8610,Aeroflot,2024-06-07,08:33,137
SU2424,Azimuth,2024-05-23,08:29,207
SU8573,Nordavia,2024-09-06,23:53,239
SU7287,Nordavia,2024-01-01,18:23,238
SU6570,Pobeda,2024-03-25,10:56,113
SU8161,Yakutia,2024-04-16,15:35,224
SU3357,Nordavia,2024-12-27,20:03,315
SU7209,Rossiya,2024-01-20,23:26,233
SU649,Yakutia,2024-08-13,21:41,264
SU2544,Aeroflot,2024-09-17,17:43,237
SU2179,Yakutia,2024-03-01,05:13,118
SU1565,Yakutia,2024-01-14,06:29,292
SU3401,Rossiya,2024-08-27,14:11,257
SU6334,Azimuth,2024-11-22,21:22,257
SU175,UTair,2024-01-23,23:28,228
SU5568,Rossiya,2024-10-23,19:23,305
SU6939,Azimuth,2024-05-07,00:36,247
SU4169,Aeroflot,2024-05-17,17:28,107
SU8815,UTair,2024-01-22,15:35,260
SU7547,Rossiya,2024-03-28,23:31,165
SU4561,Ural Airlines,2024-01-22,02:15,334
SU2483,Yakutia,2024-08-06,01:52,92
SU1318,Yakutia,2024-03-15,07:02,65
SU5791,Red Wings,2024-04-11,22:58,132
SU8717,Ural Airlines,2024-11-09,03:11,201
SU5239,Rossiya,2024-10-12,08:33,54
SU8321,Nordavia,2024-12-15,23:33,292
SU1658,Red Wings,2024-09-05,13:28,314
SU5505,Ural Airlines,2024-10-27,10:07,288
SU8090,Rossiya,2024-05-06,12:26,225
SU5795,Red Wings,2024-11-10,01:08,130
SU9569,Pobeda,2024-02-24,03:24,77
SU7771,Aeroflot,2024-10-20,20:36,196
SU9499,Rossiya,2024-03-28,02:45,324
SU8480,S7 Airlines,2024-12-24,17:13,54
SU6813,Red Wings,2024-01-01,05:19,258
SU1596,Red Wings,2024-02-09,00:22,330
SU4642,S7 Airlines,2024-10-14,03:11,114
SU9972,Red Wings,2024-02-27,05:26,116
SU959,Nordavia,2024-07-02,13:51,343
SU1214,Red Wings,2024-02-13,08:27,332
SU3970,Pobeda,2024-10-01,10:54,317
SU727,UTair,2024-06-06,14:58,274
SU9112,Pobeda,2024-03-08,03:33,70
SU5589,UTair,2024-07-10,18:30,74
SU5529,Nordavia,2024-08-07,21:01,145
SU4103,Red Wings,2024-12-25,19:40,176
SU2118,Red Wings,2024-01-19,20:45,94
SU5437,Yakutia,2024-12-26,09:19,50
SU4278,UTair,2024-02-23,10:55,114
SU2515,Red Wings,2024-10-10,23:53,191
SU2579,Pobeda,2024-04-16,01:13,253
SU6747,UTair,2024-06-23,06:32,81
SU1075,Nordavia,2024-05-06,02:50,81
SU6284,Rossiya,2024-06-06,13:42,83
SU1236,Rossiya,2024-03-28,03:41,253
SU582,Pobeda,2024-07-16,12:12,271
SU3272,Yakutia,2024-03-26,14:22,85
SU995,Nordavia,2024-05-21,08:28,337
SU7130,Pobeda,2024-01-09,13:08,311
SU5552,S7 Airlines,2024-11-04,07:24,263
SU2444,S7 Airlines,2024-08-06,11:32,180
SU6461,Aeroflot,2024-08-27,09:54,105
SU1162,S7 Airlines,2024-03-16,21:11,320
SU3362,Aeroflot,2024-07-13,16:06,265
SU5475,Aeroflot,2024-10-20,21:01,268
SU8379,UTair,2024-07-24,15:45,54
SU766,UTair,2024-12-18,09:58,176
SU167,Ural Airlines,2024-03-07,12:25,183
SU862,Azimuth,2024-11-21,16:48,109
SU3112,UTair,2024-01-24,10:03,95
SU6206,Rossiya,2024-05-18,03:51,341
SU6822,Rossiya,2024-02-21,07:58,69
SU7127,Red Wings,2024-03-10,15:13,100
SU1284,Pobeda,2024-11-01,21:12,162
SU5984,UTair,2024-03-09,21:36,133
SU6120,Rossiya,2024-08-10,02:03,136
SU6513,Nordavia,2024-01-21,02:55,260
SU5833,Ural Airlines,2024-01-21,04:11,184
SU393,S7 Airlines,2024-08-27,09:56,146
SU3808,UTair,2024-03-28,19:31,300
SU2346,Aeroflot,2024-11-13,12:07,119
SU6865,Yakutia,2024-07-05,23:20,230
SU5132,UTair,2024-10-16,09:04,310
SU3367,Azimuth,2024-07-23,23:44,186
SU4532,Yakutia,2024-09-20,09:54,329
SU3587,Yakutia,2024-01-06,20:46,312
SU3575,Nordavia,2024-08-19,15:44,301
SU5778,Nordavia,2024-12-13,13:47,130
SU5307,Pobeda,2024-08-03,18:36,115
SU2712,Yakutia,2024-06-13,09:25,336
SU2512,Nordavia,2024-10-18,00:27,310
SU5435,Aeroflot,2024-06-05,14:53,233
SU8880,UTair,2024-04-13,07:10,126
SU8105,Red Wings,2024-05-02,18:00,259
SU1990,Pobeda,2024-08-10,19:12,240
SU896,Ural Airlines,2024-09-17,16:22,129
SU4833,Azimuth,2024-02-24,07:09,181
SU9135,Aeroflot,2024-04-21,07:13,272
SU1198,Aeroflot,2024-09-16,07:45,208
SU2441,Red Wings,2024-04-23,21:54,61
SU3212,Rossiya,2024-01-13,01:45,171
SU9457,Red Wings,2024-07-27,01:28,311
SU7243,Rossiya,2024-01-18,20:06,296
SU9910,UTair,2024-02-24,16:13,256
SU7051,Aeroflot,2024-06-07,19:01,202
SU4849,Nordavia,2024-03-03,20:59,157
SU1015,Yakutia,2024-01-04,10:07,124
SU1393,Pobeda,2024-04-21,13:19,153
SU6522,Ural Airlines,2024-05-27,08:57,94
SU4167,Red Wings,2024-08-08,02:20,105
SU2924,Yakutia,2024-06-13,14:49,127
SU5159,Yakutia,2024-06-11,22:44,199
SU7535,UTair,2024-04-26,01:01,65
SU4826,Red Wings,2024-05-24,02:15,303
SU6804,Yakutia,2024-01-10,02:41,307
SU3456,Rossiya,2024-07-16,04:03,63
SU8725,Nordavia,2024-03-02,14:21,230
SU7577,Red Wings,2024-06-25,20:53,66
SU845,UTair,2024-08-23,06:29,346
SU1286,Azimuth,2024-02-20,09:55,146
SU3857,Ural Airlines,2024-02-04,11:44,67
SU2708,Rossiya,2024-02-04,11:06,112
SU477,Nordavia,2024-03-14,23:36,198
SU1511,Rossiya,2024-08-17,07:15,177
SU9268,Aeroflot,2024-08-28,20:04,211
SU4502,Rossiya,2024-09-03,15:50,274
SU593,UTair,2024-06-14,01:52,243
SU3698,Ural Airlines,2024-08-02,20:27,74
SU3679,Pobeda,2024-11-11,23:44,321
SU8727,Rossiya,2024-04-23,22:42,233
SU6565,Pobeda,2024-09-03,08:03,196
SU9211,UTair,2024-08-11,02:19,259
SU7551,Pobeda,2024-05-09,05:10,84
SU3761,Pobeda,2024-05-09,05:32,110
SU5214,Rossiya,2024-08-10,10:01,112
SU5741,Ural Airlines,2024-12-18,19:37,297
SU8670,Nordavia,2024-05-12,20:07,330
SU5854,Aeroflot,2024-11-01,13:31,301
SU9461,Aeroflot,2024-06-04,03:57,346
SU2280,Pobeda,2024-10-10,13:07,289
SU4989,Rossiya,2024-02-12,07:19,293
SU5924,Pobeda,2024-01-16,05:36,61
SU1370,Yakutia,2024-02-04,04:10,94
SU6676,Rossiya,2024-09-17,09:01,216
SU2748,Azimuth,2024-07-24,13:40,106
SU3617,S7 Airlines,2024-02-01,07:43,294
SU4837,Red Wings,2024-03-26,22:33,153
SU9290,Red Wings,2024-03-13,06:06,312
SU6938,Ural Airlines,2024-04-16,19:00,78
SU9202,Nordavia,2024-04-25,00:36,309
SU5767,Yakutia,2024-12-26,21:06,185
SU1932,Red Wings,2024-07-14,13:46,64
SU3473,Yakutia,2024-12-20,07:26,174
SU8470,Nordavia,2024-09-11,08:52,336
SU4900,S7 Airlines,2024-03-10,21:09,79
SU8950,Ural Airlines,2024-12-16,02:15,193
SU2237,Rossiya,2024-02-02,04:21,131
SU350,UTair,2024-10-24,05:53,345
SU9215,UTair,2024-06-08,04:30,286
SU8139,UTair,2024-09-09,19:57,156
SU2062,Rossiya,2024-08-24,22:10,60
SU6377,S7 Airlines,2024-12-10,17:42,139
SU6139,Pobeda,2024-11-05,10:54,109
SU9956,S7 Airlines,2024-03-01,16:19,342
SU5255,Red Wings,2024-10-15,20:18,291
SU9392,Yakutia,2024-08-08,02:10,292
SU8879,S7 Airlines,2024-03-09,16:57,325
SU5709,Nordavia,2024-01-12,01:10,276
SU8666,Rossiya,2024-09-14,02:36,239
SU5933,Pobeda,2024-05-25,10:44,315
SU9088,Yakutia,2024-07-07,21:44,158
SU7137,S7 Airlines,2024-07-20,21:19,269
SU2716,S7 Airlines,2024-04-19,21:46,315
SU3270,Rossiya,2024-11-13,20:27,228
SU7311,Red Wings,2024-06-02,15:08,191
SU7365,Rossiya,2024-04-22,02:32,92
SU3073,S7 Airlines,2024-01-14,13:43,254
SU7293,S7 Airlines,2024-01-15,08:52,341
SU6683,Aeroflot,2024-08-09,13:42,268
SU5679,Rossiya,2024-07-09,02:14,189
SU6707,Nordavia,2024-06-07,08:06,300
SU763,Rossiya,2024-01-22,23:12,304
SU4503,Red Wings,2024-04-28,10:16,157
SU9459,Nordavia,2024-03-01,11:22,136
SU1025,S7 Airlines,2024-10-26,18:28,339
SU6721,Ural Airlines,2024-02-19,03:40,279
SU349,Pobeda,2024-02-28,06:02,139
SU3389,Aeroflot,2024-02-05,04:08,254
SU5604,Rossiya,2024-06-08,12:45,162
SU8124,Nordavia,2024-04-08,05:57,318
SU2655,S7 Airlines,2024-03-23,19:03,91
SU2939,Red Wings,2024-02-13,02:05,56
SU1774,S7 Airlines,2024-11-23,14:45,295
SU5619,Ural Airlines,2024-10-24,03:23,161
SU2923,Yakutia,2024-06-16,15:39,156
SU5685,Yakutia,2024-05-01,19:07,174
SU349,S7 Airlines,2024-01-14,19:26,192
SU7281,Red Wings,2024-03-22,19:06,58
SU2526,Ural Airlines,2024-07-14,16:46,173
SU5678,S7 Airlines,2024-02-23,01:13,254
SU161,Aeroflot,2024-08-26,09:59,202
SU2182,Azimuth,2024-09-15,22:39,90
SU3098,Azimuth,2024-10-28,15:04,103
SU8155,Ural Airlines,2024-09-22,21:01,154
SU4241,Ural Airlines,2024-02-11,02:59,84
SU8215,Azimuth,2024-09-05,22:22,245
SU600,Nordavia,2024-12-08,22:45,107
SU8723,Aeroflot,2024-09-27,13:03,108
SU8045,UTair,2024-05-24,16:02,347
SU6959,Azimuth,2024-04-18,05:25,314
SU457,Yakutia,2024-12-21,15:56,244
SU9879,Nordavia,2024-11-28,20:58,345
SU9218,Red Wings,2024-04-15,02:03,224
SU3689,Pobeda,2024-06-27,18:08,292
SU6023,Nordavia,2024-03-04,00:44,334
SU7311,Azimuth,2024-09-12,21:07,102
SU7227,Azimuth,2024-06-13,23:47,221
SU2794,Aeroflot,2024-04-08,17:26,276
SU804,Red Wings,2024-10-14,01:41,99
SU5873,Red Wings,2024-01-09,22:19,122
SU1156,Azimuth,2024-01-21,09:52,157
SU597,Aeroflot,2024-05-08,20:57,60
SU9918,Azimuth,2024-08-06,10:25,54
SU9257,Yakutia,2024-05-22,06:34,312
SU6313,Red Wings,2024-11-06,15:31,309
SU9352,Ural Airlines,2024-01-10,07:45,129
SU1084,Yakutia,2024-03-27,06:46,199
SU505,S7 Airlines,2024-11-10,08:43,239
SU5495,Nordavia,2024-04-13,02:42,118
SU7911,UTair,2024-11-16,13:27,112
SU4414,Rossiya,2024-05-01,11:41,209
SU883,Yakutia,2024-07-23,01:57,137
SU4426,Ural Airlines,2024-01-10,23:06,348
SU4097,Red Wings,2024-11-03,22:51,334
SU6103,Ural Airlines,2024-12-25,13:06,248
SU9366,Azimuth,2024-10-28,03:20,250
SU1862,Red Wings,2024-08-15,16:56,224
SU9977,Aeroflot,2024-03-01,23:17,254
SU885,Red Wings,2024-07-24,13:53,114
SU3406,Yakutia,2024-09-17,14:14,234
SU5310,Azimuth,2024-05-23,19:42,292
SU1497,Yakutia,2024-06-21,12:06,94
SU1044,Nordavia,2024-07-01,01:26,223
SU5980,Azimuth,2024-02-09,01:04,82
SU6645,Pobeda,2024-10-02,13:44,135
SU2948,Pobeda,2024-02-05,04:39,330
SU3468,Pobeda,2024-07-13,08:14,287
SU8542,Yakutia,2024-12-14,14:26,217
SU3910,Red Wings,2024-03-19,08:28,97
SU208,UTair,2024-02-19,00:14,120
SU3185,Rossiya,2024-12-24,11:23,143
SU3103,Rossiya,2024-07-22,18:25,325
SU6174,UTair,2024-05-01,15:59,195
SU7895,S7 Airlines,2024-12-14,12:53,176
SU5562,Rossiya,2024-04-22,13:04,224
SU952,Yakutia,2024-12-04,10:53,276
SU7100,Aeroflot,2024-08-27,05:47,214
SU1971,Pobeda,2024-07-23,07:18,323
SU5701,Rossiya,2024-07-18,16:24,321
SU7749,Nordavia,2024-04-08,11:18,52
SU6507,Red Wings,2024-12-08,12:16,106
SU4573,Pobeda,2024-06-13,12:40,277
SU1497,Red Wings,2024-12-21,23:37,209
SU3878,S7 Airlines,2024-10-14,03:46,200
SU3769,Ural Airlines,2024-01-21,06:37,147
SU4618,UTair,2024-09-03,21:43,107
SU3705,UTair,2024-02-05,10:56,108
SU3791,Yakutia,2024-04-13,15:20,200
SU263,Nordavia,2024-03-02,10:53,167
SU6951,S7 Airlines,2024-06-04,08:15,167
SU1032,Ural Airlines,2024-12-23,18:19,336
SU3930,Yakutia,2024-11-08,04:47,173
SU1787,Yakutia,2024-02-17,06:04,111
SU3935,Red Wings,2024-11-10,16:39,131
SU2355,UTair,2024-06-02,15:48,211
SU9899,Aeroflot,2024-06-21,15:53,207
SU3208,Rossiya,2024-11-15,18:05,249
SU1381,Yakutia,2024-04-19,15:48,66
SU4844,Yakutia,2024-09-12,01:39,86
SU511,S7 Airlines,2024-09-11,15:47,321
SU7281,Aeroflot,2024-06-25,01:45,109
SU1945,Yakutia,2024-02-18,03:17,290
SU245,Ural Airlines,2024-05-25,00:56,129
SU1095,Nordavia,2024-03-16,02:56,169
SU2925,Ural Airlines,2024-07-10,04:30,296
SU154,Aeroflot,2024-12-04,02:05,90
SU9403,Red Wings,2024-03-08,23:00,112
SU359,Nordavia,2024-05-17,09:24,212
SU3870,Red Wings,2024-10-03,12:10,276
SU1242,S7 Airlines,2024-01-19,06:20,332
SU2020,S7 Airlines,2024-04-18,21:56,131
SU380,Aeroflot,2024-08-10,21:23,267
SU700,Aeroflot,2024-02-23,11:57,201
SU8173,Yakutia,2024-04-04,01:26,318
SU2689,Azimuth,2024-08-19,14:47,339
SU2624,Ural Airlines,2024-02-16,18:29,150
SU7597,S7 Airlines,2024-12-06,17:41,255
SU6639,Azimuth,2024-06-27,03:52,76
SU6488,Pobeda,2024-09-24,12:07,155
SU4398,Pobeda,2024-07-24,08:26,58
SU4817,Yakutia,2024-05-18,04:42,92
SU8653,Nordavia,2024-04-08,17:47,105
SU4936,Pobeda,2024-07-06,17:01,247
SU1726,Rossiya,2024-06-28,18:26,104
SU6517,UTair,2024-05-24,08:50,137
SU7308,Aeroflot,2024-02-20,13:51,232
SU2279,Rossiya,2024-10-23,02:27,229
SU5968,Yakutia,2024-05-25,09:16,314
SU717,S7 Airlines,2024-03-21,19:24,98
SU1258,Pobeda,2024-04-09,18:42,333
SU9968,UTair,2024-09-02,21:56,240
SU4528,Nordavia,2024-01-28,17:02,263
SU5273,Yakutia,2024-05-02,17:02,122
SU2493,Nordavia,2024-11-23,00:41,309
SU1935,UTair,2024-11-21,23:06,200
SU4735,Rossiya,2024-03-15,19:52,144
SU913,Aeroflot,2024-11-05,16:53,247
SU4890,UTair,2024-10-18,23:24,146
SU3098,Red Wings,2024-07-14,15:40,293
SU1759,Pobeda,2024-11-15,19:04,159
SU4058,S7 Airlines,2024-09-27,09:49,196
SU8464,Azimuth,2024-02-17,19:37,216
SU8926,Ural Airlines,2024-11-10,13:15,77
SU738,UTair,2024-03-27,12:50,87
SU9993,UTair,2024-08-28,10:44,212
SU3285,Pobeda,2024-05-15,02:31,175
SU905,Azimuth,2024-03-22,09:57,117
SU2850,Pobeda,2024-03-04,07:40,217
SU2212,Rossiya,2024-11-06,15:31,300
SU4108,Nordavia,2024-02-02,21:10,260
SU9601,Azimuth,2024-01-04,21:15,66
SU7030,S7 Airlines,2024-12-15,08:30,169
SU6611,Yakutia,2024-09-02,18:40,68
SU4758,UTair,2024-06-02,17:00,56
SU3491,Azimuth,2024-11-16,21:45,82
SU4486,Azimuth,2024-03-08,11:06,258
SU9812,S7 Airlines,2024-08-25,09:14,214
SU6212,Aeroflot,2024-12-01,04:39,217
SU7948,Ural Airlines,2024-02-09,03:25,317
SU1155,Nordavia,2024-08-14,16:08,336
SU7568,Nordavia,2024-06-22,20:56,342
SU3224,S7 Airlines,2024-08-20,17:37,165
SU2500,Rossiya,2024-09-21,05:49,133
SU5780,Pobeda,2024-02-21,03:56,63
SU1937,Ural Airlines,2024-05-06,04:22,51
SU4251,Nordavia,2024-09-05,06:10,57
SU4798,Rossiya,2024-02-15,03:07,325
SU1948,Pobeda,2024-09-10,14:38,334
SU4019,S7 Airlines,2024-08-27,12:58,105
SU4996,Pobeda,2024-06-28,18:12,274
SU4744,Red Wings,2024-12-17,18:35,131
SU3938,Rossiya,2024-01-06,11:03,77
SU2455,UTair,2024-10-04,23:20,123
SU8575,Azimuth,2024-06-27,16:40,57
SU8065,Red Wings,2024-09-19,06:26,85
SU1018,Pobeda,2024-09-05,18:09,251
SU2998,S7 Airlines,2024-06-20,01:12,79
SU9764,Pobeda,2024-07-11,09:24,253
SU3477,Aeroflot,2024-01-09,17:40,234
SU5187,Aeroflot,2024-08-20,11:25,332
SU9761,S7 Airlines,2024-02-26,17:22,220
SU6533,Ural Airlines,2024-03-02,16:51,155
SU299,Ural Airlines,2024-07-26,14:40,114
SU7082,Pobeda,2024-04-19,21:28,84
SU1948,Ural Airlines,2024-10-08,20:57,297
SU982,Ural Airlines,2024-12-27,02:01,258
SU3677,Ural Airlines,2024-06-10,02:38,265
SU2066,Aeroflot,2024-04-15,10:23,305
SU1969,Azimuth,2024-04-24,13:52,331
SU6828,Pobeda,2024-04-25,15:22,289
SU9955,Rossiya,2024-06-07,23:39,245
SU3187,Ural Airlines,2024-10-10,21:16,245
SU1123,UTair,2024-09-09,03:55,218
SU4242,Nordavia,2024-06-25,13:50,251
SU4992,Rossiya,2024-11-09,00:46,211
SU7922,Red Wings,2024-11-06,17:09,183
SU5026,Yakutia,2024-06-07,06:33,331
SU7227,Pobeda,2024-08-24,12:11,83
SU3102,Yakutia,2024-09-02,09:07,301
SU6679,UTair,2024-11-18,04:47,121
SU5450,Pobeda,2024-08-18,16:51,122
SU7365,Rossiya,2024-05-26,08:24,221
SU1234,Pobeda,2024-05-05,18:05,305
SU9784,Red Wings,2024-06-04,13:25,310
SU9207,Nordavia,2024-12-03,09:30,129
SU6219,S7 Airlines,2024-09-17,16:23,166
SU6021,Pobeda,2024-07-12,08:35,71
SU8529,Red Wings,2024-07-14,17:06,289
SU4140,Rossiya,2024-10-19,02:25,121
SU3167,Rossiya,2024-10-25,01:11,293
SU2582,Red Wings,2024-11-07,02:48,139
SU207,Azimuth,2024-06-26,18:56,70
SU4833,Yakutia,2024-03-11,09:34,134
SU5292,Ural Airlines,2024-04-04,23:10,201
SU4910,Pobeda,2024-07-21,23:51,96
SU5886,Rossiya,2024-11-11,23:09,80
SU2053,Aeroflot,2024-08-25,22:26,74
SU4754,Red Wings,2024-06-27,09:12,265
SU3335,Red Wings,2024-04-16,10:54,53
SU9615,Aeroflot,2024-09-07,11:33,97
SU6002,S7 Airlines,2024-12-01,19:17,55
SU8985,Yakutia,2024-07-01,21:23,127
SU134,Rossiya,2024-05-28,00:58,86
SU2762,Yakutia,2024-09-11,19:50,252
SU5687,Yakutia,2024-07-06,21:41,202
SU9079,UTair,2024-06-25,06:59,278
SU9719,Red Wings,2024-12-23,03:50,235
SU3693,Pobeda,2024-06-17,14:17,115
SU8179,UTair,2024-10-11,21:20,173
SU3130,Nordavia,2024-11-21,20:24,216
SU8822,Red Wings,2024-03-06,02:40,244
SU9500,Yakutia,2024-10-17,19:37,64
SU7118,Nordavia,2024-04-03,19:23,152
SU7606,Azimuth,2024-06-27,08:04,248
SU1522,Ural Airlines,2024-04-08,18:11,184
SU9458,S7 Airlines,2024-02-11,01:48,212
SU8966,Pobeda,2024-05-02,19:29,136
SU8764,Yakutia,2024-01-06,10:13,343
SU8147,UTair,2024-04-25,09:59,86
SU3321,S7 Airlines,2024-06-05,09:29,189
SU5989,Aeroflot,2024-09-11,16:40,171
SU9563,Azimuth,2024-06-01,12:09,254
SU4356,Aeroflot,2024-04-18,16:47,337
SU4054,Pobeda,2024-04-18,04:52,247
SU6610,Rossiya,2024-05-02,03:06,281
SU7714,Pobeda,2024-01-13,10:24,162
SU7257,Nordavia,2024-08-06,11:22,284
SU4871,Yakutia,2024-03-16,17:49,330
SU5789,Azimuth,2024-07-13,06:01,183
SU8039,UTair,2024-05-01,14:01,334
SU5867,Red Wings,2024-03-10,12:36,329
SU2636,Yakutia,2024-06-20,15:48,288
SU5314,S7 Airlines,2024-09-04,00:48,322
SU8539,Rossiya,2024-05-26,09:36,145
SU9828,Rossiya,2024-09-16,07:03,268
SU7874,Red Wings,2024-08-05,17:12,285
SU7944,Rossiya,2024-07-08,02:59,198
SU6756,Azimuth,2024-06-19,20:55,298
SU980,Nordavia,2024-01-16,11:54,299
SU7810,Aeroflot,2024-07-12,03:33,228
SU9920,Ural Airlines,2024-03-25,22:35,307
SU2443,Aeroflot,2024-07-06,11:32,84
SU1821,Pobeda,2024-04-22,03:15,306
SU2441,Yakutia,2024-02-20,10:42,325
SU5875,Aeroflot,2024-02-13,11:15,220
SU445,Nordavia,2024-08-06,14:25,237
SU6826,Red Wings,2024-04-11,21:33,350
SU4978,Nordavia,2024-01-01,20:11,295
SU6855,Azimuth,2024-08-25,06:17,151
SU9495,Ural Airlines,2024-07-21,15:42,187
SU9819,Nordavia,2024-09-15,00:37,156
SU8823,Red Wings,2024-07-12,16:07,54
SU9453,Rossiya,2024-01-21,16:49,301
SU3054,Yakutia,2024-10-20,08:20,332
SU1454,S7 Airlines,2024-06-06,16:28,265
SU4096,Rossiya,2024-01-20,06:20,82
SU9109,Nordavia,2024-08-12,10:04,286
SU9987,UTair,2024-12-10,11:00,245
SU2324,Rossiya,2024-07-11,03:32,78
SU7058,Rossiya,2024-10-23,07:49,326
SU4061,Nordavia,2024-08-07,09:04,262
SU8638,Ural Airlines,2024-09-03,17:56,299
SU3177,S7 Airlines,2024-09-17,22:20,124
SU5395,S7 Airlines,2024-09-17,10:45,301
SU2352,Pobeda,2024-09-11,08:24,285
SU3761,Azimuth,2024-11-14,12:30,321
SU4672,UTair,2024-07-07,19:25,285
SU320,Rossiya,2024-11-12,20:43,226
SU4545,UTair,2024-05-15,23:50,226
SU6227,Pobeda,2024-09-18,07:32,125
SU1756,S7 Airlines,2024-03-04,04:43,157
SU1434,Rossiya,2024-06-02,23:33,326
SU1575,Nordavia,2024-07-13,03:59,294
SU1394,Yakutia,2024-07-20,08:08,104
SU1621,Rossiya,2024-01-22,03:55,87
SU4188,Rossiya,2024-06-04,04:26,112
SU9370,Aeroflot,2024-08-12,05:54,350
SU4598,Yakutia,2024-06-08,02:10,312
SU4787,UTair,2024-02-28,04:44,225
SU4509,Pobeda,2024-11-05,02:15,158
SU8536,Azimuth,2024-08-20,14:16,191
SU4133,Pobeda,2024-03-02,02:23,288
SU8014,S7 Airlines,2024-09-13,20:30,165
SU244,Red Wings,2024-03-11,11:45,253
SU2227,S7 Airlines,2024-05-17,00:38,192
SU3761,Red Wings,2024-04-09,23:49,347
SU7754,S7 Airlines,2024-12-14,21:01,71
SU3096,UTair,2024-03-15,23:46,107
SU725,Yakutia,2024-11-15,06:54,334
SU2796,Rossiya,2024-07-14,04:26,240
SU9205,Yakutia,2024-05-18,14:56,66
SU1749,UTair,2024-03-08,23:04,310
SU8457,Azimuth,2024-10-24,14:28,55
SU2857,S7 Airlines,2024-05-06,03:12,129
SU4728,Aeroflot,2024-02-12,22:56,150
SU8977,UTair,2024-03-27,07:59,310
SU6878,S7 Airlines,2024-01-20,17:25,302
SU7222,Yakutia,2024-10-17,02:19,225
SU1009,Azimuth,2024-10-16,03:48,126
SU8063,UTair,2024-02-20,07:31,98
SU1141,Aeroflot,2024-04-24,11:11,66
SU2410,Yakutia,2024-07-04,03:23,108
SU7349,S7 Airlines,2024-05-01,19:16,167
SU575,Aeroflot,2024-05-07,08:16,203
SU4113,UTair,2024-11-03,04:40,248
SU3368,S7 Airlines,2024-10-18,14:09,105
SU7191,S7 Airlines,2024-03-26,12:22,338
SU6057,Azimuth,2024-05-10,02:17,164
SU3634,Pobeda,2024-07-19,06:00,248
SU8098,Pobeda,2024-04-08,12:16,96
SU5161,Red Wings,2024-08-24,19:09,266
SU6695,Azimuth,2024-04-06,17:30,325
SU9293,Red Wings,2024-07-14,08:10,120
SU4944,Azimuth,2024-12-19,15:32,66
SU3484,Yakutia,2024-09-09,10:49,318
SU3697,Pobeda,2024-12-21,08:38,240
SU5909,Azimuth,2024-08-06,18:00,265
SU2459,Rossiya,2024-12-06,06:26,212
SU5361,S7 Airlines,2024-11-12,07:15,74
SU5716,S7 Airlines,2024-07-06,14:04,212
SU1660,Ural Airlines,2024-06-16,22:27,339
SU5028,Aeroflot,2024-03-15,21:26,83
SU3774,S7 Airlines,2024-08-20,14:28,184
SU4101,Nordavia,2024-05-01,14:09,204
SU9060,Yakutia,2024-05-27,05:16,196
SU2790,Ural Airlines,2024-10-03,17:46,200
SU7025,Azimuth,2024-01-27,09:22,178
SU9239,Pobeda,2024-09-15,06:52,99
SU9335,Yakutia,2024-09-12,16:31,247
SU2016,Azimuth,2024-11-17,20:03,324
SU7372,Pobeda,2024-03-15,22:04,96
SU2892,Yakutia,2024-02-15,23:46,340
SU2717,UTair,2024-03-27,04:00,258
SU841,UTair,2024-11-13,13:39,285
SU6522,Red Wings,2024-10-10,21:48,91
SU4007,Nordavia,2024-12-14,23:00,104
SU6254,Ural Airlines,2024-04-05,11:54,183
SU9682,UTair,2024-11-02,06:58,326
SU8275,Pobeda,2024-07-08,17:12,279
SU1765,Rossiya,2024-10-01,06:59,326
SU7308,S7 Airlines,2024-10-23,11:08,324
SU4412,Yakutia,2024-08-03,04:26,245
SU393,UTair,2024-03-03,20:30,156
SU6648,Nordavia,2024-03-06,05:10,59
SU1089,Azimuth,2024-05-06,10:38,66
SU1900,Red Wings,2024-10-03,16:31,264
SU7663,S7 Airlines,2024-01-10,05:52,216
SU4787,Nordavia,2024-01-01,22:56,209
SU6985,Nordavia,2024-01-14,23:00,132
SU8764,Pobeda,2024-03-08,21:04,203
SU858,Pobeda,2024-11-24,21:26,140
SU814,Rossiya,2024-10-28,23:21,320
SU4652,Red Wings,2024-01-15,06:47,230
SU8293,Rossiya,2024-06-20,16:55,304
SU4465,Red Wings,2024-04-20,21:13,186
SU2332,S7 Airlines,2024-05-15,01:55,182
SU592,Ural Airlines,2024-09-28,14:20,336
SU3839,S7 Airlines,2024-11-12,05:49,165
SU4261,Azimuth,2024-09-04,23:35,311
SU488,Ural Airlines,2024-11-18,15:32,169
SU6535,Azimuth,2024-07-01,20:08,220
SU8541,Azimuth,2024-02-18,08:54,117
SU8082,Azimuth,2024-12-10,02:58,340
SU5779,Ural Airlines,2024-04-26,20:21,119
SU1403,Azimuth,2024-07-03,06:43,260
SU6133,Aeroflot,2024-01-09,15:42,331
SU4801,Rossiya,2024-12-19,14:16,163
SU1111,S7 Airlines,2024-02-27,15:53,238
SU5715,Azimuth,2024-10-17,15:47,336
SU9177,Aeroflot,2024-09-02,14:27,282
SU7708,Ural Airlines,2024-03-27,11:48,194
SU7503,Ural Airlines,2024-01-13,16:53,153
SU3766,UTair,2024-07-14,00:32,338
SU1358,Yakutia,2024-03-03,23:55,255
SU668,Yakutia,2024-04-21,07:00,171
SU904,Rossiya,2024-01-19,09:47,255
SU7228,Rossiya,2024-08-27,12:56,177
SU2080,Pobeda,2024-01-26,02:12,172
SU1989,Red Wings,2024-06-01,17:56,347
SU8161,Yakutia,2024-04-08,23:18,285
SU1911,Rossiya,2024-03-19,21:21,200
SU4879,UTair,2024-11-12,20:40,146
SU4598,Yakutia,2024-09-03,03:30,291
SU3685,Red Wings,2024-08-04,00:42,51
SU7094,UTair,2024-11-13,15:52,301
SU2353,S7 Airlines,2024-05-18,15:34,339
SU5570,Red Wings,2024-07-26,17:29,288
SU3724,UTair,2024-04-22,21:41,85
SU5171,Yakutia,2024-04-08,14:09,237
SU5412,UTair,2024-07-23,03:11,267
SU4247,Aeroflot,2024-04-19,14:02,282
SU2663,Yakutia,2024-01-23,01:51,311
SU4714,Yakutia,2024-12-16,08:42,155
SU3585,Aeroflot,2024-01-16,08:28,167
SU8840,Pobeda,2024-05-21,03:28,86
SU2554,UTair,2024-04-20,19:59,66
SU4602,Nordavia,2024-06-10,16:52,79
SU6777,Yakutia,2024-03-24,11:32,93
SU4236,Aeroflot,2024-12-19,19:07,101
SU9221,Rossiya,2024-02-25,02:07,227
SU3263,Yakutia,2024-08-08,07:42,239
SU3648,Aeroflot,2024-09-04,03:01,320
SU1205,Ural Airlines,2024-02-12,13:47,334
SU2003,Ural Airlines,2024-02-20,19:16,158
SU9373,Nordavia,2024-05-04,18:11,53
SU7968,Red Wings,2024-04-06,05:44,271
SU6883,Nordavia,2024-11-07,21:22,62
SU2191,UTair,2024-06-10,15:12,312
SU8433,Nordavia,2024-10-02,18:15,321
SU1190,Aeroflot,2024-05-06,03:54,82
SU1521,Azimuth,2024-04-16,03:14,131
SU1378,Red Wings,2024-03-22,02:46,60
SU399,Aeroflot,2024-06-14,07:33,259
SU2765,Nordavia,2024-08-19,17:17,235
SU7201,Red Wings,2024-09-28,07:02,174
SU2943,Azimuth,2024-01-27,16:03,147
SU7532,Ural Airlines,2024-03-11,22:55,63
SU6838,Nordavia,2024-04-10,11:43,71
SU660,Yakutia,2024-08-02,21:10,154
SU795,Yakutia,2024-08-08,01:46,265
SU4712,Nordavia,2024-04-27,10:18,99
SU7510,S7 Airlines,2024-03-23,02:17,146
SU6366,Yakutia,2024-04-24,08:42,311
SU2363,Azimuth,2024-04-11,06:47,299
SU3159,UTair,2024-01-09,04:05,55
SU2535,Nordavia,2024-06-09,05:00,321
SU4745,Red Wings,2024-09-01,19:11,97
SU2292,Aeroflot,2024-06-23,19:00,143
SU8134,Azimuth,2024-12-22,14:21,90
SU2635,Yakutia,2024-05-23,20:28,128
SU8736,Red Wings,2024-11-02,21:52,73
SU4220,Aeroflot,2024-01-14,22:42,106
SU9325,Rossiya,2024-05-18,17:11,266
SU1351,Nordavia,2024-01-09,06:38,154
SU9709,S7 Airlines,2024-03-27,09:45,241
SU2369,UTair,2024-10-06,12:52,171
SU2947,S7 Airlines,2024-05-26,07:59,66
SU6943,Ural Airlines,2024-06-22,23:35,100
SU4827,UTair,2024-09-05,17:30,142
SU5518,Pobeda,2024-01-08,03:28,185
SU5291,S7 Airlines,2024-01-17,21:30,246
SU3399,Nordavia,2024-11-06,17:01,350
SU7359,Aeroflot,2024-09-08,00:43,123
SU2668,Aeroflot,2024-10-11,01:57,104
SU7390,Red Wings,2024-04-07,07:30,137
SU1200,Yakutia,2024-04-01,17:08,91
SU5699,Pobeda,2024-08-04,22:46,257
SU1739,Ural Airlines,2024-07-23,14:36,184
SU7686,S7 Airlines,2024-08-10,16:06,203
SU5299,Aeroflot,2024-07-17,03:07,341
SU7855,Nordavia,2024-04-05,01:41,82
SU1162,Nordavia,2024-09-23,00:02,153
SU1913,Azimuth,2024-09-14,19:30,168
SU5285,Azimuth,2024-10-02,09:40,325
SU5994,Pobeda,2024-05-13,03:37,57
SU1488,Yakutia,2024-02-21,14:37,138
SU992,Ural Airlines,2024-04-24,02:21,202
SU2730,Nordavia,2024-09-23,00:50,129
SU6024,Red Wings,2024-02-16,15:39,168
SU2619,Pobeda,2024-10-26,16:41,237
SU1806,Aeroflot,2024-03-03,06:27,255
SU1336,UTair,2024-05-23,23:28,250
SU4900,Yakutia,2024-02-25,22:57,301
SU1503,Rossiya,2024-12-27,00:08,211
SU554,Red Wings,2024-03-15,01:54,77
SU5681,Azimuth,2024-12-21,08:58,82
SU4552,Pobeda,2024-06-04,18:48,60
SU9941,Red Wings,2024-06-24,10:28,173
SU629,Nordavia,2024-06-05,22:17,258
SU5651,Aeroflot,2024-09-18,16:26,265
SU7031,S7 Airlines,2024-06-28,06:06,99
SU8423,Yakutia,2024-03-26,05:33,325
SU7916,Yakutia,2024-02-07,11:08,302
SU4319,Rossiya,2024-04-06,05:11,197
SU3845,Red Wings,2024-01-18,14:37,189
SU1971,Aeroflot,2024-10-20,12:48,296
SU4100,Azimuth,2024-05-04,15:42,330
SU773,Ural Airlines,2024-02-23,07:06,65
SU855,Pobeda,2024-07-04,09:06,267
SU6963,S7 Airlines,2024-01-19,18:12,323
SU4952,Ural Airlines,2024-04-24,14:53,340
SU2186,Nordavia,2024-06-22,22:07,239
SU479,Red Wings,2024-09-24,07:48,122
SU2492,Red Wings,2024-10-20,01:12,122
SU9895,S7 Airlines,2024-03-17,06:12,95
SU5208,Aeroflot,2024-06-11,08:55,138
SU5427,Pobeda,2024-02-25,06:40,239
SU7964,Pobeda,2024-02-11,14:00,348
SU4606,Yakutia,2024-02-28,09:06,126
SU2644,Ural Airlines,2024-09-07,13:47,125
SU3634,UTair,2024-10-27,01:58,84
SU9380,Nordavia,2024-12-09,07:57,286
SU738,Azimuth,2024-12-17,10:37,158
SU8470,Ural Airlines,2024-10-05,07:28,274
SU4553,Pobeda,2024-12-08,13:19,337
SU8920,Ural Airlines,2024-06-15,02:28,312
SU9555,Rossiya,2024-09-04,04:08,73
SU7251,S7 Airlines,2024-01-05,16:33,337
SU7958,Azimuth,2024-04-18,06:45,347
SU7362,Azimuth,2024-06-03,06:50,154
SU5370,Red Wings,2024-10-06,21:48,244
SU7410,Pobeda,2024-08-15,17:33,338
SU1170,Aeroflot,2024-10-20,04:30,238
SU9218,Azimuth,2024-04-24,09:23,189
SU4420,UTair,2024-10-10,21:35,307
SU6891,Nordavia,2024-12-13,12:50,112
SU9186,Nordavia,2024-06-23,03:37,253
SU5007,UTair,2024-10-22,09:11,60
SU289,Pobeda,2024-01-24,11:31,120
SU3678,UTair,2024-10-07,22:05,323
SU132,Yakutia,2024-03-28,13:12,191
SU6758,Rossiya,2024-07-22,09:47,345
SU5197,Red Wings,2024-05-08,22:29,249
SU1067,Ural Airlines,2024-08-18,03:08,279
SU2766,S7 Airlines,2024-12-20,10:11,187
SU9478,Aeroflot,2024-05-02,02:32,133
SU9321,Pobeda,2024-09-09,17:21,101
SU6796,Nordavia,2024-12-09,00:35,141
SU5491,Rossiya,2024-11-02,17:18,348
SU6151,Ural Airlines,2024-04-07,05:28,255
SU7285,UTair,2024-12-07,20:17,341
SU4860,S7 Airlines,2024-01-24,23:10,176
SU5092,Azimuth,2024-03-27,17:08,303
SU4116,Nordavia,2024-08-27,16:38,299
SU4068,Aeroflot,2024-09-03,23:25,253
SU9458,Nordavia,2024-02-05,10:11,297
SU4288,Nordavia,2024-04-07,15:30,198
SU9230,Red Wings,2024-12-16,07:59,148
SU2621,Azimuth,2024-05-13,16:06,61
SU374,Yakutia,2024-06-02,13:13,175
SU6535,S7 Airlines,2024-07-18,05:52,259
SU6958,Nordavia,2024-04-13,13:35,338
SU390,Yakutia,2024-06-23,14:56,258
SU1423,Red Wings,2024-04-23,06:24,76
SU3382,Pobeda,2024-05-05,22:22,312
SU7627,Aeroflot,2024-10-24,10:25,198
SU9735,Yakutia,2024-05-02,15:28,224
SU8051,Nordavia,2024-05-25,03:09,224
SU9941,Nordavia,2024-11-13,23:22,170
SU1653,Ural Airlines,2024-11-01,02:02,76
SU2110,Aeroflot,2024-02-28,10:06,238
SU4322,Pobeda,2024-04-25,03:39,232
SU4124,Red Wings,2024-03-25,15:44,66
SU5163,Ural Airlines,2024-11-14,13:51,312
SU1903,Pobeda,2024-03-24,08:16,154
SU2925,Nordavia,2024-11-05,20:32,51
SU1514,Azimuth,2024-11-05,19:00,198
SU6068,S7 Airlines,2024-02-28,01:37,153
SU9955,S7 Airlines,2024-03-27,12:25,70
SU202,Aeroflot,2024-02-09,09:52,275
SU4760,Red Wings,2024-11-18,16:05,255
SU1610,Pobeda,2024-06-28,23:55,202
SU3362,Yakutia,2024-02-27,11:41,63
SU6930,Pobeda,2024-10-23,06:08,163
SU1369,Pobeda,2024-01-06,10:13,190
SU3791,Aeroflot,2024-07-03,00:13,189
SU2831,Pobeda,2024-11-22,05:26,200
SU6372,Red Wings,2024-12-28,07:45,184
SU3850,Ural Airlines,2024-11-14,13:18,159
SU1548,UTair,2024-09-22,05:01,106
SU308,Pobeda,2024-12-28,02:32,219
SU956,Rossiya,2024-04-09,06:53,102
SU5596,Nordavia,2024-02-22,22:39,220
SU3894,Red Wings,2024-05-13,10:45,160
SU8114,Azimuth,2024-04-26,23:17,174
SU2555,Ural Airlines,2024-05-06,18:56,123
SU2491,Red Wings,2024-06-08,18:34,309
SU5728,Aeroflot,2024-08-12,20:46,282
SU773,UTair,2024-04-19,10:18,217
SU3728,Azimuth,2024-04-13,14:18,78
SU7613,Aeroflot,2024-12-04,15:24,293
SU5518,Red Wings,2024-08-24,01:16,114
SU5966,UTair,2024-03-11,12:25,293
SU8758,UTair,2024-09-13,14:20,220
SU3421,Pobeda,2024-04-19,17:06,56
SU2630,Rossiya,2024-03-28,10:18,267
SU8311,Rossiya,2024-05-21,03:35,349
SU5227,Rossiya,2024-06-23,16:48,256
SU7764,S7 Airlines,2024-12-17,10:22,165
SU5814,Aeroflot,2024-07-05,00:17,279
SU3118,Yakutia,2024-05-26,01:19,234
SU7805,Nordavia,2024-01-03,16:02,129
SU2503,Rossiya,2024-02-17,14:13,188
SU4377,Pobeda,2024-12-22,18:11,199
SU9811,Red Wings,2024-05-10,10:05,336
SU3352,Yakutia,2024-04-19,22:33,269
SU8372,Ural Airlines,2024-10-25,09:29,333
SU8327,UTair,2024-10-09,21:58,312
SU3346,UTair,2024-05-15,09:55,145
SU2558,Yakutia,2024-12-03,02:24,216
SU8598,Ural Airlines,2024-12-07,08:10,119
SU2429,UTair,2024-02-04,16:20,135
SU8442,S7 Airlines,2024-06-26,11:06,267
SU5337,Red Wings,2024-07-17,12:23,211
SU4833,Nordavia,2024-05-14,15:51,229
SU5215,Rossiya,2024-12-21,14:27,253
SU9003,Ural Airlines,2024-07-10,10:05,233
SU4147,Aeroflot,2024-02-20,10:06,335
SU9417,Nordavia,2024-09-07,14:45,325
SU1204,Red Wings,2024-11-13,06:38,222
SU4028,Ural Airlines,2024-06-23,14:46,300
SU8522,UTair,2024-02-13,03:46,339
SU1276,Azimuth,2024-06-07,08:09,135
SU8849,Pobeda,2024-06-09,13:28,178
SU9588,Aeroflot,2024-02-08,05:05,289
SU8693,Azimuth,2024-10-18,10:56,287
SU5016,S7 Airlines,2024-12-27,04:47,62
SU1479,Aeroflot,2024-09-16,21:29,255
SU8678,Pobeda,2024-07-02,20:34,260
SU7337,Aeroflot,2024-12-10,21:32,313
SU2019,Ural Airlines,2024-10-21,08:26,287
SU9527,Azimuth,2024-05-28,00:18,222
SU6900,Nordavia,2024-09-12,23:02,226
SU3062,Red Wings,2024-08-16,12:13,117
SU5423,Rossiya,2024-07-09,06:58,137
SU8154,Rossiya,2024-02-01,12:59,350
SU3528,Red Wings,2024-07-02,19:27,178
SU9151,Rossiya,2024-04-25,21:22,211
SU7891,Azimuth,2024-08-11,13:18,70
SU946,Yakutia,2024-02-15,08:04,75
SU6989,Azimuth,2024-01-09,06:21,225
SU2904,Aeroflot,2024-09-27,15:13,76
SU6613,Yakutia,2024-05-22,04:31,146
SU5391,Nordavia,2024-11-03,17:41,302
SU9968,Yakutia,2024-10-25,08:12,242
SU3739,Red Wings,2024-06-01,17:42,106
SU4707,Nordavia,2024-12-11,07:33,153
SU7425,Red Wings,2024-11-24,17:34,289
SU7792,UTair,2024-01-14,12:54,181
SU1814,Ural Airlines,2024-08-24,00:59,122
SU7679,UTair,2024-11-19,20:29,172
SU2224,Aeroflot,2024-02-05,05:49,115
SU8082,Pobeda,2024-02-23,21:31,176
SU7374,Red Wings,2024-03-16,13:51,219
SU9328,S7 Airlines,2024-07-12,17:25,277
SU3633,Yakutia,2024-08-03,12:45,148
SU9901,Red Wings,2024-04-26,23:06,54
SU2516,Rossiya,2024-05-15,17:56,281
SU9533,Red Wings,2024-02-04,17:05,194
SU7585,Red Wings,2024-03-15,02:14,270
SU2486,Aeroflot,2024-07-08,20:40,294
SU772,Rossiya,2024-11-28,20:45,272
SU2596,Red Wings,2024-06-03,09:53,232
SU6816,S7 Airlines,2024-01-06,05:05,266
SU4503,Yakutia,2024-05-15,21:30,213
SU2240,Pobeda,2024-04-06,21:12,111
SU1121,Aeroflot,2024-12-16,20:03,237
SU6587,Nordavia,2024-06-02,19:56,97
SU4100,Pobeda,2024-05-14,16:12,124
SU6208,Azimuth,2024-11-21,05:51,130
SU5232,S7 Airlines,2024-10-12,22:18,298
SU7501,Red Wings,2024-10-19,20:12,287
SU3666,S7 Airlines,2024-10-02,09:32,258
SU9797,S7 Airlines,2024-05-24,06:24,246
SU2152,Pobeda,2024-08-10,14:10,202
SU5940,Rossiya,2024-08-08,07:32,346
SU5319,Yakutia,2024-12-03,22:11,115
SU8893,Azimuth,2024-04-05,15:01,328
SU2033,Ural Airlines,2024-05-14,20:36,268
SU6505,S7 Airlines,2024-03-08,10:31,334
SU6559,Aeroflot,2024-09-17,15:28,294
SU8363,Yakutia,2024-12-20,01:20,339
SU1250,Nordavia,2024-08-09,18:56,154
SU1113,Aeroflot,2024-03-23,13:31,170
SU1000,Rossiya,2024-02-09,04:28,227
SU1903,Red Wings,2024-08-24,09:35,249
SU6048,Aeroflot,2024-02-11,05:25,331
SU6641,Nordavia,2024-11-07,12:10,97
SU7486,UTair,2024-03-05,06:56,63
SU7231,Aeroflot,2024-02-27,15:50,211
SU4735,Azimuth,2024-08-01,17:21,276
SU8637,Aeroflot,2024-09-15,01:36,86
SU261,Rossiya,2024-04-11,19:34,187
SU5731,Pobeda,2024-12-14,11:55,121
SU9745,Azimuth,2024-02-17,05:39,84
SU8788,Aeroflot,2024-11-09,04:11,235
SU7620,Azimuth,2024-05-16,22:49,114
SU6961,Aeroflot,2024-06-09,15:36,220
SU9031,Aeroflot,2024-09-01,06:26,57
SU3762,Aeroflot,2024-12-27,19:19,144
SU2355,UTair,2024-09-21,20:12,282
SU474,Aeroflot,2024-11-16,11:23,275
SU9997,Red Wings,2024-04-15,16:18,281
SU7477,Azimuth,2024-04-05,08:44,249
SU8823,Ural Airlines,2024-05-05,09:51,328
SU4400,Aeroflot,2024-12-23,04:36,159
SU1368,Red Wings,2024-12-25,18:17,249
SU5155,Aeroflot,2024-10-08,05:06,339
SU8834,Azimuth,2024-11-02,02:49,322
SU2789,UTair,2024-05-04,19:10,68
SU9481,S7 Airlines,2024-03-28,00:57,198
SU6330,Ural Airlines,2024-09-20,03:38,325
SU2084,Aeroflot,2024-09-11,09:59,93
SU8403,Azimuth,2024-01-28,13:01,90
SU2299,Ural Airlines,2024-10-03,11:05,250
SU8963,UTair,2024-01-26,04:09,234
SU8716,Ural Airlines,2024-10-09,23:14,322
SU2925,Pobeda,2024-07-15,14:56,335
SU2065,Rossiya,2024-06-23,15:41,345
SU7787,Yakutia,2024-08-06,08:49,101
SU3295,Yakutia,2024-03-23,09:47,187
SU3721,Yakutia,2024-03-14,01:03,165
SU4506,Red Wings,2024-11-02,11:18,335
SU5144,Rossiya,2024-10-27,05:28,103
SU125,Azimuth,2024-07-05,23:42,138
SU6369,Rossiya,2024-10-12,12:59,67
SU5155,Yakutia,2024-01-25,04:30,218
SU1590,Ural Airlines,2024-12-07,13:07,246
SU4780,Red Wings,2024-05-10,22:03,251
SU6897,Red Wings,2024-11-15,12:39,163
SU9503,Aeroflot,2024-05-17,03:46,302
SU4910,Nordavia,2024-03-28,11:08,238
SU3697,Ural Airlines,2024-10-26,23:59,63
SU9583,Aeroflot,2024-03-07,05:10,341
SU8586,Ural Airlines,2024-03-13,07:31,271
SU5999,Nordavia,2024-04-04,05:45,243
SU572,Azimuth,2024-10-26,09:03,329
SU5292,Rossiya,2024-02-09,18:40,76
SU9137,Azimuth,2024-04-26,05:45,309
SU7903,Ural Airlines,2024-10-20,20:48,171
SU3290,Ural Airlines,2024-07-16,19:07,203
SU3457,UTair,2024-05-26,18:09,232
SU5100,Ural Airlines,2024-11-06,04:31,139
SU6422,Azimuth,2024-03-16,00:41,138
SU5100,Azimuth,2024-05-21,20:56,178
SU813,Yakutia,2024-05-10,14:32,286
SU1119,Yakutia,2024-11-19,03:46,324
SU7925,Azimuth,2024-04-24,16:22,333
SU7930,Ural Airlines,2024-11-15,00:06,199
SU6218,Red Wings,2024-03-19,01:56,92
SU9733,Rossiya,2024-10-17,05:09,194
SU122,Pobeda,2024-05-10,21:28,101
SU307,Nordavia,2024-02-18,16:15,296
SU2025,Ural Airlines,2024-02-02,21:55,59
SU3571,Yakutia,2024-11-05,12:09,287
SU1236,Ural Airlines,2024-05-01,18:07,126
SU7760,Yakutia,2024-05-11,23:47,347
SU9048,Nordavia,2024-10-09,05:34,343
SU9751,Nordavia,2024-04-11,13:52,133
SU5054,Nordavia,2024-02-20,06:51,221
SU7670,Pobeda,2024-12-01,18:30,208
SU6507,Rossiya,2024-08-26,16:09,167
SU6988,Azimuth,2024-11-25,16:40,149
SU345,S7 Airlines,2024-12-07,18:00,154
SU4532,Nordavia,2024-12-25,10:41,139
SU5615,Azimuth,2024-08-15,10:47,231
SU9097,UTair,2024-06-24,22:32,246
SU242,Rossiya,2024-04-02,12:59,73
SU7729,Ural Airlines,2024-09-08,11:48,345
SU1418,S7 Airlines,2024-10-02,19:25,285
SU206,UTair,2024-03-18,21:28,166
SU9119,Pobeda,2024-05-01,05:08,143
SU9660,Yakutia,2024-10-11,09:47,344
SU8048,Azimuth,2024-12-11,15:47,235
SU3577,Aeroflot,2024-03-17,12:15,275
SU8896,Yakutia,2024-02-19,01:15,224
SU4032,Ural Airlines,2024-11-01,23:36,206
SU1345,S7 Airlines,2024-07-13,00:36,58
SU1178,Pobeda,2024-03-11,14:49,324
SU5002,Red Wings,2024-03-17,19:31,256
SU8478,Rossiya,2024-10-24,04:14,315
SU6841,Yakutia,2024-05-17,17:26,120
SU2057,Pobeda,2024-01-20,23:16,303
SU8518,Yakutia,2024-08-16,15:52,70
SU5863,Red Wings,2024-01-15,18:41,87
SU294,Yakutia,2024-02-21,01:38,211
SU4318,Azimuth,2024-11-23,11:15,206
SU5837,Rossiya,2024-04-13,02:22,167
SU4976,Red Wings,2024-07-17,20:31,292
SU3814,Nordavia,2024-12-14,07:17,88
SU4028,Rossiya,2024-09-17,06:38,197
SU2476,UTair,2024-06-05,10:13,116
SU5541,Pobeda,2024-03-08,00:02,255
SU4588,UTair,2024-02-05,11:09,109
SU3266,Rossiya,2024-03-21,04:25,204
SU7698,Yakutia,2024-06-21,04:02,94
SU4761,Yakutia,2024-12-16,05:14,162
SU7088,UTair,2024-08-02,14:35,175
SU8782,Yakutia,2024-01-25,08:27,237
SU520,Azimuth,2024-06-02,21:26,301
SU4741,Azimuth,2024-10-08,12:49,76
SU4035,Red Wings,2024-02-05,16:36,176
SU620,Pobeda,2024-01-06,06:03,64
SU5466,UTair,2024-07-17,21:05,327
SU1215,Red Wings,2024-07-24,16:13,282
SU4418,Azimuth,2024-08-14,02:01,268
SU5895,Yakutia,2024-08-11,12:50,180
SU1297,Nordavia,2024-08-23,03:50,188
SU1926,Red Wings,2024-03-22,11:09,247
SU8706,Rossiya,2024-09-02,01:12,246
SU4204,Aeroflot,2024-10-25,01:29,109
SU9369,Yakutia,2024-03-06,07:54,114
SU6863,Nordavia,2024-09-19,07:02,298
SU7911,Ural Airlines,2024-06-06,01:17,195
SU620,UTair,2024-05-28,06:13,266
SU1583,Nordavia,2024-01-10,14:59,284
SU3472,Rossiya,2024-03-16,17:00,70
SU8243,Aeroflot,2024-07-22,19:49,80
SU8769,Aeroflot,2024-08-25,00:44,150
SU3226,Pobeda,2024-08-10,19:14,244
SU5882,Pobeda,2024-06-09,19:02,271
SU2625,Azimuth,2024-04-03,15:09,96
SU2969,Pobeda,2024-01-10,16:15,154
SU4436,Ural Airlines,2024-11-27,16:27,100
SU3981,UTair,2024-12-17,16:00,98
SU1035,Ural Airlines,2024-09-14,06:12,136
SU6460,UTair,2024-04-09,01:23,123
SU3942,Rossiya,2024-03-16,11:56,247
SU1527,Yakutia,2024-08-01,02:55,68
SU7624,Yakutia,2024-06-24,20:34,334
SU5099,UTair,2024-06-12,04:24,135
SU5981,Rossiya,2024-03-24,20:37,341
SU5840,UTair,2024-04-24,15:27,160
SU4620,Red Wings,2024-05-15,04:45,78
SU8577,Nordavia,2024-06-16,12:50,327
SU7706,Yakutia,2024-09-08,23:08,211
SU7821,Azimuth,2024-01-14,20:55,291
SU5073,Pobeda,2024-07-28,01:19,279
SU7083,Azimuth,2024-02-03,03:14,198
SU5059,Ural Airlines,2024-05-25,09:59,142
SU1732,Azimuth,2024-02-26,19:08,169
SU7460,UTair,2024-06-08,06:08,95
SU4514,Ural Airlines,2024-12-16,17:56,89
SU2282,Azimuth,2024-03-27,08:41,162
SU2359,Aeroflot,2024-07-20,01:59,338
SU5460,Ural Airlines,2024-10-11,21:16,107
SU3634,Aeroflot,2024-09-12,10:30,206
SU499,S7 Airlines,2024-12-20,15:19,190
SU2443,UTair,2024-02-06,14:59,275
SU1312,S7 Airlines,2024-03-26,00:58,258
SU4083,Ural Airlines,2024-09-18,02:17,265
SU1690,Rossiya,2024-02-25,07:43,218
SU9117,Rossiya,2024-01-22,17:19,309
SU918,Yakutia,2024-02-12,05:49,60
SU473,UTair,2024-08-04,20:15,170
SU878,Pobeda,2024-07-14,00:55,93
SU2179,S7 Airlines,2024-12-22,12:08,341
SU4520,Pobeda,2024-01-22,15:17,243
SU4268,Rossiya,2024-12-28,02:36,99
SU6978,S7 Airlines,2024-04-02,13:30,346
SU5161,Red Wings,2024-11-18,02:55,149
SU3505,Ural Airlines,2024-01-27,10:03,333
SU2624,Azimuth,2024-02-04,02:43,95
SU2500,Rossiya,2024-04-12,01:44,309
SU6126,Yakutia,2024-09-25,15:51,205
SU3566,Nordavia,2024-08-10,13:56,318
SU567,Aeroflot,2024-11-06,08:48,192
SU2921,UTair,2024-04-22,12:54,286
SU8981,Pobeda,2024-09-09,02:26,184
SU3010,S7 Airlines,2024-01-19,17:11,123
SU2537,Aeroflot,2024-03-14,21:02,261
SU3505,Red Wings,2024-12-26,05:38,141
SU3289,S7 Airlines,2024-11-20,04:19,321
SU2720,Rossiya,2024-01-04,08:55,244
SU4582,Azimuth,2024-09-26,18:16,128
SU8002,Pobeda,2024-05-28,21:58,218
SU5970,Yakutia,2024-10-22,13:15,322
SU5439,UTair,2024-05-14,04:57,96
SU9348,Ural Airlines,2024-08-02,22:32,303
SU9637,Pobeda,2024-12-14,04:13,277
SU5318,S7 Airlines,2024-05-25,20:35,222
SU9073,Ural Airlines,2024-09-21,19:25,69
SU4678,Pobeda,2024-07-08,06:40,317
SU9447,Azimuth,2024-07-11,04:15,100
SU5850,Nordavia,2024-07-24,04:21,102
SU6873,Red Wings,2024-04-24,02:12,261
SU4036,Azimuth,2024-10-17,14:21,59
SU2019,Pobeda,2024-11-21,05:48,298
SU7179,Red Wings,2024-05-01,06:52,289
SU3318,Aeroflot,2024-07-16,06:07,224
SU3184,UTair,2024-11-26,15:15,284
SU3232,S7 Airlines,2024-06-14,21:45,110
SU6261,UTair,2024-04-25,23:21,56
SU361,Yakutia,2024-08-17,05:36,70
SU999,UTair,2024-03-06,07:32,286
SU8544,UTair,2024-03-26,17:48,88
SU1741,Ural Airlines,2024-07-07,10:31,75
SU7211,Aeroflot,2024-03-01,03:48,65
SU8879,UTair,2024-05-18,05:00,187
SU9481,Nordavia,2024-03-11,09:15,241
SU5404,Pobeda,2024-06-01,19:09,215
SU8485,Rossiya,2024-07-05,11:02,62
SU4645,UTair,2024-02-28,03:06,267
SU7578,UTair,2024-04-18,22:11,317
SU3120,S7 Airlines,2024-02-15,16:42,201
SU7462,Azimuth,2024-07-16,03:55,141
SU1058,Pobeda,2024-04-27,03:59,225
SU262,Pobeda,2024-11-10,05:54,138
SU5033,Red Wings,2024-09-03,11:45,202
SU2812,Aeroflot,2024-06-28,18:59,110
SU7670,Nordavia,2024-08-24,10:43,184
SU3380,Rossiya,2024-01-11,18:34,185
SU8827,Pobeda,2024-11-06,22:17,237
SU7841,Ural Airlines,2024-10-16,14:06,217
SU6459,UTair,2024-04-24,18:35,237
SU8295,Aeroflot,2024-12-13,06:07,156
SU2066,Pobeda,2024-05-20,16:39,348
SU5625,S7 Airlines,2024-01-16,01:07,188
SU217,UTair,2024-06-16,01:07,309
SU1511,Azimuth,2024-10-22,11:08,184
SU1083,Aeroflot,2024-04-21,04:48,73
SU9060,Ural Airlines,2024-08-22,06:12,270
SU7766,Yakutia,2024-07-21,19:29,244
SU5705,Ural Airlines,2024-04-17,08:17,333
SU150,Ural Airlines,2024-06-25,02:24,263
SU6966,Red Wings,2024-07-27,20:03,105
SU9373,S7 Airlines,2024-06-07,04:41,99
SU615,Pobeda,2024-05-28,06:49,209
SU6342,S7 Airlines,2024-06-07,07:33,116
SU4133,Aeroflot,2024-11-14,06:07,267
SU2354,Rossiya,2024-04-15,13:40,230
SU2301,Yakutia,2024-12-23,12:28,69
SU4480,S7 Airlines,2024-10-03,01:14,252
SU2020,Nordavia,2024-06-08,20:16,321
SU8184,Pobeda,2024-11-04,18:19,87
SU3519,Yakutia,2024-08-25,23:20,65
SU5451,Aeroflot,2024-09-08,16:03,287
SU9113,Nordavia,2024-11-25,03:17,321
SU475,S7 Airlines,2024-08-16,06:09,71
SU7823,Aeroflot,2024-10-19,07:36,196
SU9016,Aeroflot,2024-11-07,08:16,102
SU2482,Ural Airlines,2024-09-04,05:10,176
SU2104,Aeroflot,2024-10-25,17:54,320
SU2772,Ural Airlines,2024-06-08,00:22,347
SU5009,Aeroflot,2024-11-01,01:00,340
SU8562,Red Wings,2024-04-11,15:23,156
SU2511,S7 Airlines,2024-04-20,01:04,177
SU1915,Yakutia,2024-04-09,15:32,195
SU6502,S7 Airlines,2024-02-22,14:04,148
SU1466,Azimuth,2024-08-07,12:16,279
SU2219,Nordavia,2024-01-07,18:36,218
SU2617,S7 Airlines,2024-01-02,13:26,310
SU4039,Rossiya,2024-11-23,21:08,56
SU7126,Yakutia,2024-03-17,07:26,178
SU1818,Azimuth,2024-12-21,23:35,257
SU4242,Ural Airlines,2024-11-17,01:51,154
SU6887,Nordavia,2024-04-11,01:47,238
SU6644,Pobeda,2024-03-20,05:24,254
SU8968,Azimuth,2024-02-27,03:24,82
SU8361,Yakutia,2024-03-14,17:18,202
SU1272,Nordavia,2024-08-10,17:23,349
SU6627,Ural Airlines,2024-06-09,14:57,78
SU4336,Pobeda,2024-02-24,00:43,107
SU7873,UTair,2024-04-10,03:09,253
SU5435,Aeroflot,2024-11-23,08:57,80
SU1421,Azimuth,2024-11-10,16:28,86
SU2966,UTair,2024-10-22,05:15,316
SU7413,Ural Airlines,2024-02-08,00:11,299
SU7911,Pobeda,2024-04-21,21:37,225
SU5518,S7 Airlines,2024-12-22,22:22,98
SU8448,Nordavia,2024-03-07,16:42,119
SU8898,S7 Airlines,2024-02-09,06:24,201
SU7373,Yakutia,2024-08-26,15:56,188
SU3959,Aeroflot,2024-03-25,12:07,254
SU2144,Rossiya,2024-03-16,14:48,83
SU7208,Yakutia,2024-05-13,10:42,237
SU5719,Aeroflot,2024-08-01,10:54,149
SU7956,Ural Airlines,2024-01-17,22:06,166
SU7484,Rossiya,2024-10-12,05:52,159
SU3156,Pobeda,2024-11-18,21:47,163
SU2314,Red Wings,2024-02-28,20:39,292
SU9796,Yakutia,2024-03-07,02:24,323
SU7345,S7 Airlines,2024-02-26,05:26,134
SU3011,Azimuth,2024-01-26,19:36,258
SU5353,Red Wings,2024-08-04,04:26,309
SU8001,Nordavia,2024-10-24,14:41,176
SU8594,UTair,2024-09-12,16:07,56
SU1089,Yakutia,2024-06-13,12:15,167
SU4520,Aeroflot,2024-09-18,21:59,206
SU8798,UTair,2024-04-11,00:28,149
SU2181,Pobeda,2024-03-25,23:41,268
SU7406,Ural Airlines,2024-07-25,05:18,267
SU5998,S7 Airlines,2024-03-08,10:34,166
SU437,Ural Airlines,2024-06-14,07:28,244
SU387,Ural Airlines,2024-08-28,21:22,116
SU7518,S7 Airlines,2024-11-08,17:54,211
SU6846,UTair,2024-03-23,12:23,109
SU6560,Red Wings,2024-05-16,20:42,329
SU4633,S7 Airlines,2024-03-18,09:40,196
SU2728,Rossiya,2024-02-02,01:41,109
SU4838,Ural Airlines,2024-10-04,07:02,90
SU4888,Yakutia,2024-07-19,16:43,184
SU2880,Yakutia,2024-11-16,23:24,214
SU6396,Aeroflot,2024-06-17,21:37,339
SU7710,Nordavia,2024-11-01,04:21,229
SU1496,Pobeda,2024-10-24,07:21,186
SU4786,Pobeda,2024-01-27,09:37,348
SU6995,S7 Airlines,2024-01-01,13:11,343
SU6004,Pobeda,2024-05-01,10:42,313
SU9626,Red Wings,2024-11-17,14:59,291
SU3292,UTair,2024-07-24,06:38,120
SU3559,Rossiya,2024-03-25,04:00,210
SU4102,Azimuth,2024-11-24,06:02,102
SU4042,Rossiya,2024-07-14,18:36,129
SU9649,Red Wings,2024-03-21,15:44,123
SU1456,UTair,2024-08-21,08:48,167
SU9965,Rossiya,2024-11-14,07:24,326
SU2096,Red Wings,2024-06-11,22:35,87
SU1427,Rossiya,2024-09-03,13:08,122
SU3786,Red Wings,2024-10-22,14:01,293
SU7533,Rossiya,2024-07-19,04:41,322
SU4146,Rossiya,2024-02-17,21:05,251
SU6194,Rossiya,2024-11-13,22:54,193
SU3459,Yakutia,2024-04-08,02:00,233
SU961,UTair,2024-01-15,15:16,51
SU353,S7 Airlines,2024-01-12,21:09,61
SU560,S7 Airlines,2024-01-22,22:47,190
SU7942,Yakutia,2024-02-06,06:03,60
SU7908,Nordavia,2024-03-26,20:20,347
SU5958,Aeroflot,2024-07-09,04:32,54
SU3343,Azimuth,2024-07-24,00:03,296
SU1927,Ural Airlines,2024-06-19,04:32,65
SU7397,UTair,2024-11-17,14:35,299
SU8565,Rossiya,2024-03-26,22:10,67
SU2658,Rossiya,2024-06-13,20:58,120
SU8181,S7 Airlines,2024-12-19,19:53,237
SU8412,Ural Airlines,2024-03-02,11:22,68
SU6319,Ural Airlines,2024-10-05,06:28,346
SU9184,Red Wings,2024-07-09,04:52,196
SU4664,Aeroflot,2024-05-26,11:36,151
SU8071,Red Wings,2024-08-25,19:55,61
SU7269,Red Wings,2024-12-07,14:06,126
SU110,S7 Airlines,2024-08-19,20:39,186
SU9143,Yakutia,2024-08-14,02:22,264
SU9734,Rossiya,2024-06-08,07:32,257
SU5095,Pobeda,2024-10-11,12:38,253
SU9074,Ural Airlines,2024-02-09,22:48,213
SU348,Ural Airlines,2024-06-19,06:37,220
SU1968,Red Wings,2024-03-15,00:09,343
SU9712,Aeroflot,2024-12-01,03:21,267
SU3938,Pobeda,2024-09-08,03:42,145
SU6012,Red Wings,2024-03-05,19:43,101
SU5646,S7 Airlines,2024-05-16,07:55,76
SU6088,Aeroflot,2024-06-23,18:43,86
SU466,Ural Airlines,2024-09-09,05:15,155
SU6043,Aeroflot,2024-04-18,16:23,57
SU5509,Ural Airlines,2024-07-28,17:47,98
SU2600,S7 Airlines,2024-07-16,15:02,141
SU9044,Ural Airlines,2024-08-18,08:19,234
SU6799,Ural Airlines,2024-09-23,18:09,143
SU547,Azimuth,2024-07-03,16:51,175
SU8099,S7 Airlines,2024-08-22,07:01,158
SU5464,S7 Airlines,2024-07-01,03:12,124
SU6624,Azimuth,2024-07-22,20:02,218
SU231,Ural Airlines,2024-04-25,01:19,325
SU926,Ural Airlines,2024-05-18,18:23,273
SU4422,Rossiya,2024-03-14,22:38,286
SU6409,S7 Airlines,2024-09-12,16:36,208
SU2864,Yakutia,2024-06-23,14:49,347
SU7950,UTair,2024-04-02,21:50,192
SU9493,Nordavia,2024-06-11,03:38,177
SU3210,S7 Airlines,2024-04-14,04:14,221
SU276,Ural Airlines,2024-09-15,17:20,285
SU3764,Red Wings,2024-08-09,10:59,172
SU6188,Nordavia,2024-06-15,16:23,329
SU7592,Nordavia,2024-07-02,07:58,243
SU6584,Nordavia,2024-11-18,20:03,249
SU7874,Aeroflot,2024-04-22,08:24,97
SU7952,Rossiya,2024-07-07,15:03,272
SU3686,Pobeda,2024-07-08,00:20,256
SU8528,Aeroflot,2024-03-01,15:31,317
SU3479,Rossiya,2024-09-08,08:31,248
SU1152,Nordavia,2024-03-21,19:52,305
SU9741,Red Wings,2024-01-06,20:40,297
SU928,Ural Airlines,2024-04-02,12:37,146
SU4382,S7 Airlines,2024-03-27,08:59,114
SU6745,Azimuth,2024-07-01,22:35,268
SU5030,Pobeda,2024-09-07,14:49,185
SU4340,Rossiya,2024-04-16,15:00,189
SU711,Rossiya,2024-11-25,01:12,56
SU2326,Nordavia,2024-02-11,08:39,251
SU9360,Aeroflot,2024-08-02,07:42,55
SU5953,Red Wings,2024-10-10,02:31,304
SU7899,Rossiya,2024-11-22,07:09,225
SU5527,Azimuth,2024-08-22,05:03,350
SU6523,Ural Airlines,2024-07-09,05:30,231
SU506,Yakutia,2024-11-04,02:27,307
SU246,S7 Airlines,2024-06-28,16:33,137
SU4850,Yakutia,2024-09-21,03:27,304
SU7231,S7 Airlines,2024-09-28,21:26,189
SU9541,Ural Airlines,2024-08-18,03:29,103
SU7993,UTair,2024-09-07,23:55,243
SU3281,Red Wings,2024-10-24,06:20,120
SU2900,Nordavia,2024-03-05,10:28,198
SU7483,Aeroflot,2024-08-11,22:59,140
SU631,Red Wings,2024-02-14,19:32,166
SU4819,UTair,2024-01-19,00:19,102
SU6627,Aeroflot,2024-02-04,05:35,346
SU9752,Aeroflot,2024-03-05,14:50,204
SU7912,UTair,2024-10-08,00:29,113
SU9288,Azimuth,2024-10-15,20:56,180
SU3558,Rossiya,2024-09-03,02:18,190
SU4118,Nordavia,2024-07-16,16:55,118
SU7391,Ural Airlines,2024-02-18,15:11,296
SU9093,Nordavia,2024-01-18,10:09,104
SU1784,Ural Airlines,2024-05-11,14:30,211
SU4660,Yakutia,2024-11-10,01:06,135
SU9786,Nordavia,2024-07-06,17:54,126
SU5147,Pobeda,2024-04-09,02:53,140
SU601,Yakutia,2024-10-22,19:54,82
SU8509,Azimuth,2024-07-22,11:00,335
SU8719,Pobeda,2024-03-02,09:04,324
SU1826,Rossiya,2024-02-01,21:42,286
SU9955,UTair,2024-05-21,11:13,263
SU9942,Rossiya,2024-05-07,03:42,188
SU1527,UTair,2024-11-10,12:44,225
SU8527,UTair,2024-09-23,10:04,234
SU377,Pobeda,2024-02-19,06:43,80
SU7131,UTair,2024-08-26,06:06,65
SU8205,Aeroflot,2024-08-18,05:55,298
SU9818,Pobeda,2024-10-15,05:23,334
SU5793,Rossiya,2024-10-22,17:30,265
SU1525,Rossiya,2024-02-01,23:04,242
SU9697,Ural Airlines,2024-07-18,16:01,121
SU4124,Pobeda,2024-05-12,16:55,264
SU6431,UTair,2024-01-16,15:39,250
SU1072,S7 Airlines,2024-03-11,21:12,146
SU2629,Pobeda,2024-12-02,06:29,82
SU1660,UTair,2024-02-06,16:36,145
SU6279,Azimuth,2024-03-17,16:03,342
SU5732,Pobeda,2024-08-10,15:28,130
SU3052,Rossiya,2024-10-13,11:03,168
SU9259,UTair,2024-12-19,16:47,286
SU8069,Aeroflot,2024-11-19,15:07,314
SU3680,Aeroflot,2024-10-27,17:22,130
SU3203,Yakutia,2024-09-02,04:48,241
SU5081,Red Wings,2024-11-04,21:59,174
SU9248,Ural Airlines,2024-07-26,06:55,120
SU5186,Nordavia,2024-10-17,03:53,341
SU6865,Rossiya,2024-07-18,07:23,308
SU8732,UTair,2024-08-20,04:40,72
SU5802,Azimuth,2024-04-19,04:14,168
SU3541,Nordavia,2024-11-06,19:35,61
SU3372,Pobeda,2024-09-25,00:24,214
SU885,Azimuth,2024-10-01,18:47,190
SU3570,Nordavia,2024-08-13,11:21,137
SU9491,Pobeda,2024-01-08,16:55,160
SU3414,Pobeda,2024-01-24,03:10,187
SU1837,Yakutia,2024-02-04,17:40,88
SU6877,S7 Airlines,2024-06-08,18:55,320
SU3197,Ural Airlines,2024-07-08,18:13,313
SU9585,Yakutia,2024-03-15,00:25,265
SU7293,Red Wings,2024-01-10,04:18,179
SU142,Red Wings,2024-01-11,19:32,171
SU652,S7 Airlines,2024-03-02,14:43,285
SU9234,Nordavia,2024-01-03,17:05,187
SU6977,Rossiya,2024-09-23,02:40,214
SU7490,UTair,2024-12-23,12:08,287
SU7634,Yakutia,2024-12-20,01:03,67
SU1055,Yakutia,2024-01-19,13:16,258
SU3965,Yakutia,2024-07-28,20:16,169
SU5028,Red Wings,2024-01-03,07:17,259
SU5839,Rossiya,2024-12-14,10:18,305
SU4367,Rossiya,2024-08-02,01:15,163
SU2398,Ural Airlines,2024-08-12,04:05,222
SU8049,Azimuth,2024-09-26,06:43,67
SU9172,Yakutia,2024-04-21,12:52,217
SU1235,Yakutia,2024-12-20,05:26,80
SU1733,UTair,2024-04-06,01:05,55
SU9574,Pobeda,2024-03-21,04:43,229
SU7946,Pobeda,2024-01-12,03:09,173
SU2295,Aeroflot,2024-05-06,00:24,334
SU6260,UTair,2024-10-01,05:28,346
SU4305,Nordavia,2024-09-14,02:07,341
SU6779,UTair,2024-07-12,20:25,112
SU9073,Red Wings,2024-09-04,14:55,215
SU8237,UTair,2024-12-20,20:35,290
SU3851,Nordavia,2024-06-19,19:00,150
SU1376,S7 Airlines,2024-08-06,23:50,245
SU2759,Red Wings,2024-02-26,21:11,284
SU8946,Pobeda,2024-08-03,04:56,65
SU2760,Pobeda,2024-12-07,15:46,124
SU6164,Aeroflot,2024-11-20,14:08,174
SU663,Pobeda,2024-03-19,19:20,296
SU9528,Ural Airlines,2024-12-23,11:16,243
SU628,Rossiya,2024-07-21,16:51,290
SU8430,Aeroflot,2024-01-23,19:24,64
SU1456,Nordavia,2024-05-26,12:09,62
SU9845,Red Wings,2024-11-18,06:47,206
SU7082,Red Wings,2024-12-13,05:38,67
SU6847,Ural Airlines,2024-10-01,09:30,173
SU6757,Yakutia,2024-03-01,16:52,165
SU9624,Rossiya,2024-03-17,19:05,227
SU9567,UTair,2024-12-16,22:21,120
SU7603,S7 Airlines,2024-10-06,00:36,178
SU5472,Red Wings,2024-08-01,22:16,200
SU9138,Red Wings,2024-12-02,13:21,85
SU1705,Pobeda,2024-06-20,02:12,114
SU9409,Red Wings,2024-11-23,16:00,168
SU3364,Azimuth,2024-11-10,19:43,107
SU9891,Nordavia,2024-12-13,07:27,114
SU5514,Rossiya,2024-01-11,19:28,72
SU3403,Azimuth,2024-02-03,17:13,109
SU609,Aeroflot,2024-12-23,18:21,252
SU7083,Ural Airlines,2024-03-15,13:45,187
SU9207,Azimuth,2024-12-25,10:44,321
SU688,Aeroflot,2024-10-01,22:47,250
SU2185,UTair,2024-05-17,10:09,199
SU7426,Rossiya,2024-02-20,05:02,309
SU7142,S7 Airlines,2024-08-11,00:57,96
SU2655,Yakutia,2024-09-06,23:33,185
SU7159,UTair,2024-06-05,12:58,129
SU9362,Rossiya,2024-07-07,13:33,127
SU7660,Ural Airlines,2024-02-12,14:35,269
SU8497,S7 Airlines,2024-01-06,03:54,113
SU5704,Aeroflot,2024-07-10,06:36,143
SU6433,Ural Airlines,2024-10-04,19:16,51
SU1042,Azimuth,2024-07-11,23:00,270
SU525,Red Wings,2024-04-07,12:41,266
SU6221,Nordavia,2024-08-11,16:19,314
SU1383,Aeroflot,2024-02-26,22:49,311
SU8966,Aeroflot,2024-06-16,19:46,194
SU4967,S7 Airlines,2024-04-28,00:03,266
SU1030,Yakutia,2024-10-28,22:21,250
SU8197,Rossiya,2024-11-25,07:57,97
SU9089,Rossiya,2024-03-05,03:16,234
SU697,Yakutia,2024-07-09,03:23,98
SU9045,Aeroflot,2024-10-28,01:54,63
SU4175,Pobeda,2024-03-05,02:12,99
SU3406,Red Wings,2024-12-08,13:25,252
SU5907,Nordavia,2024-03-24,08:07,245
SU9836,Red Wings,2024-12-06,12:21,179
SU9983,Aeroflot,2024-11-21,09:54,266
SU4369,UTair,2024-07-18,16:34,119
SU6406,Pobeda,2024-11-18,23:46,231
SU7626,Yakutia,2024-05-18,09:06,82
SU3995,Azimuth,2024-10-23,06:14,253
SU8763,Yakutia,2024-12-22,00:09,337
SU681,Ural Airlines,2024-05-10,20:27,313
SU3490,Rossiya,2024-02-06,01:12,147
SU9118,UTair,2024-12-02,18:54,130
SU3850,Pobeda,2024-04-15,02:11,192
SU7790,Azimuth,2024-08-27,16:09,198
SU5878,S7 Airlines,2024-01-23,03:25,186
SU6355,Rossiya,2024-05-05,13:40,226
SU1981,Pobeda,2024-11-04,00:57,282
SU6280,Nordavia,2024-02-10,04:34,291
SU5151,Pobeda,2024-10-05,03:09,214
SU2521,Nordavia,2024-11-24,11:28,340
SU7989,Azimuth,2024-10-23,12:50,285
SU4260,Ural Airlines,2024-10-20,20:44,127
SU3867,Pobeda,2024-10-21,18:01,269
SU3086,UTair,2024-05-01,21:00,323
SU4608,Pobeda,2024-09-04,23:04,204
SU1944,Aeroflot,2024-12-28,18:48,204
SU302,Yakutia,2024-12-15,16:00,138
SU3457,Ural Airlines,2024-12-28,17:08,127
SU3811,UTair,2024-02-03,00:57,191
SU3469,UTair,2024-08-11,11:36,346
SU6869,Red Wings,2024-10-04,03:23,322
SU4778,Ural Airlines,2024-05-22,01:53,96
SU2975,Ural Airlines,2024-10-02,02:47,179
SU8629,Pobeda,2024-02-07,03:44,57
SU653,UTair,2024-03-20,12:34,349
SU3888,Red Wings,2024-01-21,10:54,180
SU280,S7 Airlines,2024-11-22,15:10,131
SU5273,Red Wings,2024-08-05,04:02,330
SU4826,Yakutia,2024-08-11,22:49,186
SU9053,Azimuth,2024-05-17,14:14,58
SU5717,Red Wings,2024-06-28,17:29,230
SU9383,Nordavia,2024-03-25,01:20,207
SU5533,Red Wings,2024-06-15,12:59,324
SU4571,S7 Airlines,2024-08-23,18:18,102
SU3437,S7 Airlines,2024-08-06,01:02,62
SU7752,S7 Airlines,2024-01-01,23:34,84
SU3515,Red Wings,2024-05-15,01:59,245
SU8633,Aeroflot,2024-06-03,20:56,285
SU9729,Yakutia,2024-11-06,03:44,194
SU691,Ural Airlines,2024-10-15,16:55,230
SU5939,Ural Airlines,2024-12-05,02:30,183
SU6877,Azimuth,2024-03-28,07:27,276
SU8566,Pobeda,2024-12-25,03:30,133
SU3886,Pobeda,2024-08-16,20:52,233
SU6308,Yakutia,2024-08-26,17:02,194
SU9416,Pobeda,2024-02-21,09:32,321
SU7894,Yakutia,2024-11-18,09:43,236
SU6596,Red Wings,2024-11-23,05:17,207
SU3126,Aeroflot,2024-11-28,18:53,306
SU5555,S7 Airlines,2024-07-18,20:42,119
SU5724,Yakutia,2024-03-04,02:41,239
SU806,Azimuth,2024-10-26,21:01,191
SU4526,Nordavia,2024-09-24,23:19,253
SU1210,Yakutia,2024-06-19,10:55,273
SU7222,Aeroflot,2024-07-19,17:59,220
SU5587,Pobeda,2024-06-25,16:10,171
SU7550,UTair,2024-08-06,02:03,164
SU1271,Ural Airlines,2024-03-09,04:38,288
SU5610,Aeroflot,2024-02-26,21:05,326
SU7763,Rossiya,2024-02-21,22:21,302
SU3245,Rossiya,2024-01-20,09:17,165
SU5554,Ural Airlines,2024-02-04,20:00,123
SU281,Yakutia,2024-09-09,07:49,340
SU3238,Azimuth,2024-04-03,21:05,187
SU1278,Azimuth,2024-11-03,23:57,50
SU574,S7 Airlines,2024-05-02,16:05,223
SU4252,Yakutia,2024-07-23,01:57,349
SU1688,Red Wings,2024-08-07,01:49,99
SU2676,Nordavia,2024-04-18,04:30,53
SU8164,Pobeda,2024-01-03,19:26,168
SU9181,Ural Airlines,2024-09-23,01:02,151
SU9341,Aeroflot,2024-08-16,07:35,273
SU7966,Pobeda,2024-11-20,18:45,68
SU6052,Ural Airlines,2024-04-03,10:56,297
SU3053,Rossiya,2024-11-12,21:31,187
SU6564,Pobeda,2024-07-04,03:08,118
SU1764,S7 Airlines,2024-03-01,14:38,317
SU6363,Nordavia,2024-08-14,17:12,87
SU6387,S7 Airlines,2024-04-01,18:39,224
SU5212,Nordavia,2024-06-11,12:44,142
SU6727,Ural Airlines,2024-12-18,00:01,124
SU762,Nordavia,2024-02-23,23:18,281
SU5843,Aeroflot,2024-06-27,07:33,255
SU3198,Rossiya,2024-04-17,09:10,117
SU4479,Pobeda,2024-10-05,19:15,303
SU712,Nordavia,2024-08-21,04:45,232
SU6152,Red Wings,2024-05-20,16:08,131
SU5346,Pobeda,2024-09-11,06:56,146
SU3205,Aeroflot,2024-08-13,17:37,285
SU6918,Aeroflot,2024-08-22,16:55,167
SU1755,Pobeda,2024-02-19,19:06,68
SU4060,Nordavia,2024-06-08,17:02,112
SU6069,Aeroflot,2024-10-27,22:05,223
SU1912,Yakutia,2024-12-17,23:40,243
SU7865,S7 Airlines,2024-12-04,01:09,205
SU7019,Yakutia,2024-07-06,09:20,208
SU3235,Ural Airlines,2024-06-26,21:41,181
SU604,Rossiya,2024-08-26,03:26,214
SU4045,Rossiya,2024-03-27,02:07,86
SU3691,UTair,2024-12-12,05:52,313
SU4868,S7 Airlines,2024-12-07,00:56,68
SU2662,Aeroflot,2024-02-17,23:38,271
SU1092,Yakutia,2024-06-19,13:29,151
SU5654,Azimuth,2024-01-08,14:44,260
SU5555,Red Wings,2024-11-13,02:05,185
SU8475,S7 Airlines,2024-02-12,05:09,197
SU4200,UTair,2024-04-24,12:18,80
SU9002,Yakutia,2024-12-06,12:03,235
SU1682,Rossiya,2024-03-03,13:02,114
SU7341,UTair,2024-08-25,04:50,231
SU6765,Azimuth,2024-09-18,17:56,56
SU8413,S7 Airlines,2024-09-18,16:02,255
SU4932,S7 Airlines,2024-04-13,09:34,229
SU286,Red Wings,2024-06-18,14:13,173
SU4560,Pobeda,2024-10-05,17:11,103
SU7416,Red Wings,2024-08-12,04:15,274
SU9001,Azimuth,2024-03-08,09:03,148
SU4797,Red Wings,2024-08-13,13:16,112
SU4682,Azimuth,2024-09-05,05:00,255
SU1454,UTair,2024-09-22,05:59,206
SU7064,Nordavia,2024-11-13,18:20,52
SU2271,Pobeda,2024-03-16,19:15,175
SU2555,Ural Airlines,2024-01-13,02:56,215
SU5210,Ural Airlines,2024-08-26,11:07,74
SU4072,Rossiya,2024-06-10,06:11,109
SU2088,Rossiya,2024-03-10,15:10,149
SU4255,S7 Airlines,2024-11-05,11:32,148
SU9331,Ural Airlines,2024-01-01,20:20,75
SU5252,Ural Airlines,2024-12-08,10:05,329
SU5967,Nordavia,2024-01-07,04:11,216
SU2597,Ural Airlines,2024-04-22,17:45,77
SU2118,Rossiya,2024-09-21,00:17,139
SU9794,Azimuth,2024-05-08,16:02,216
SU9279,Azimuth,2024-08-02,14:17,233
SU2063,Yakutia,2024-03-01,15:55,278
SU2912,Nordavia,2024-11-10,14:52,171
SU4909,S7 Airlines,2024-02-01,05:47,229
SU6559,Pobeda,2024-04-13,12:41,69
SU8836,Nordavia,2024-12-19,17:46,210
SU4894,Pobeda,2024-09-09,00:09,338
SU8877,Azimuth,2024-08-16,07:24,133
SU4248,Ural Airlines,2024-06-04,02:14,118
SU3455,Pobeda,2024-03-13,11:24,208
SU1077,Red Wings,2024-04-14,11:00,324
SU7708,Ural Airlines,2024-11-02,22:52,75
SU2462,Red Wings,2024-10-11,13:29,113
SU4716,UTair,2024-01-06,16:57,282
SU9228,Rossiya,2024-12-27,01:43,325
SU2763,Ural Airlines,2024-06-20,07:50,217
SU4489,S7 Airlines,2024-06-08,17:23,119
SU8894,Rossiya,2024-04-06,03:32,210
SU6901,Aeroflot,2024-09-11,06:51,188
SU4995,Yakutia,2024-10-02,14:09,85
SU5417,Red Wings,2024-04-20,13:59,71
SU1976,Yakutia,2024-02-22,15:42,162
SU7588,Aeroflot,2024-02-17,19:20,145
SU1421,S7 Airlines,2024-01-14,07:24,120
SU5144,Nordavia,2024-08-22,08:03,137
SU8635,Aeroflot,2024-06-17,07:52,327
SU9062,UTair,2024-09-05,23:53,304
SU4785,Pobeda,2024-03-21,23:59,334
SU9297,Rossiya,2024-08-04,18:55,116
SU4616,UTair,2024-08-26,11:41,116
SU5119,Azimuth,2024-07-14,07:04,87
SU2664,Pobeda,2024-06-17,19:29,169
SU9305,UTair,2024-03-23,03:28,111
SU9131,Azimuth,2024-12-01,14:28,195
SU120,Rossiya,2024-10-03,07:57,159
SU5510,UTair,2024-08-21,14:17,88
SU2265,Red Wings,2024-12-10,16:05,108
SU9783,Red Wings,2024-03-24,16:54,252
SU3146,Nordavia,2024-06-25,07:55,151
SU3409,Aeroflot,2024-11-16,05:00,120
SU4220,Aeroflot,2024-09-09,23:32,325
SU7345,Rossiya,2024-04-07,10:28,321
SU7853,Ural Airlines,2024-01-03,16:49,348
SU1043,Yakutia,2024-12-22,04:04,243
SU3024,Yakutia,2024-02-18,14:13,198
SU9691,Aeroflot,2024-01-09,00:53,149
SU9720,Rossiya,2024-06-22,06:57,68
SU7012,Nordavia,2024-07-05,14:02,336
SU3994,UTair,2024-11-12,11:37,130
SU7082,Ural Airlines,2024-04-07,10:18,77
SU6435,Ural Airlines,2024-03-25,08:36,183
SU3622,Pobeda,2024-12-20,21:42,69
SU8838,Ural Airlines,2024-09-27,14:31,101
SU7755,S7 Airlines,2024-01-12,07:43,260
SU6593,S7 Airlines,2024-09-12,04:33,171
SU8164,Ural Airlines,2024-12-11,13:03,214
SU4803,Aeroflot,2024-04-21,18:49,83
SU2173,Ural Airlines,2024-07-04,18:33,150
SU3318,Rossiya,2024-04-28,21:27,114
SU8949,Rossiya,2024-12-02,02:39,82
SU440,Aeroflot,2024-07-08,09:04,194
SU1650,Aeroflot,2024-05-20,19:45,332
SU2109,Ural Airlines,2024-12-02,16:22,150
SU3282,UTair,2024-02-13,16:04,144
SU3608,Pobeda,2024-04-26,01:49,347
SU3600,Aeroflot,2024-08-28,08:54,266
SU606,Pobeda,2024-09-03,14:33,183
SU8351,Aeroflot,2024-01-13,09:55,128
SU6801,Nordavia,2024-09-23,09:10,202
SU1814,Nordavia,2024-03-19,02:13,207
SU2619,Red Wings,2024-05-26,03:30,216
SU433,Yakutia,2024-10-19,11:16,283
SU958,Yakutia,2024-03-01,19:02,310
SU1978,Rossiya,2024-11-14,16:48,207
SU6525,Yakutia,2024-01-12,11:24,97
SU4147,Yakutia,2024-05-11,17:31,119
SU8151,Ural Airlines,2024-12-24,11:44,50
SU6778,Aeroflot,2024-06-12,20:40,54
SU8152,Red Wings,2024-05-15,11:30,63
SU3190,Aeroflot,2024-08-23,05:09,244
SU8015,UTair,2024-09-07,08:13,187
SU7812,Red Wings,2024-03-12,07:45,210
SU6052,Red Wings,2024-07-15,02:05,258
SU8160,UTair,2024-04-03,02:56,347
SU1911,S7 Airlines,2024-12-17,15:31,298
SU8155,Aeroflot,2024-04-03,05:41,205
SU9435,Rossiya,2024-11-14,01:11,56
SU7082,Azimuth,2024-04-12,12:27,342
SU1784,Pobeda,2024-02-26,07:46,341
SU9915,Ural Airlines,2024-07-02,02:25,144
SU9904,Rossiya,2024-03-24,22:46,53
SU8716,S7 Airlines,2024-11-08,01:11,176
SU7105,Ural Airlines,2024-11-12,06:53,177
SU2307,Azimuth,2024-05-11,02:03,303
SU8422,S7 Airlines,2024-12-06,01:44,114
SU3430,UTair,2024-03-03,11:00,231
SU7508,Red Wings,2024-12-20,01:18,116
SU6370,Red Wings,2024-01-04,16:57,304
SU2042,S7 Airlines,2024-06-02,15:55,232
SU9016,Ural Airlines,2024-04-19,18:13,125
SU4099,S7 Airlines,2024-09-15,02:21,122
SU5253,Ural Airlines,2024-02-03,15:01,161
SU1636,Nordavia,2024-08-01,09:42,288
SU2882,UTair,2024-10-05,11:43,164
SU9683,Yakutia,2024-05-22,01:52,260
SU8114,Yakutia,2024-06-09,10:03,317
SU7703,Nordavia,2024-06-11,18:22,246
SU4278,Ural Airlines,2024-12-11,04:35,272
SU8137,Pobeda,2024-06-28,03:22,173
SU4493,S7 Airlines,2024-09-28,09:13,133
SU1576,Ural Airlines,2024-05-02,12:04,81
SU436,Red Wings,2024-11-10,13:19,259
SU491,Azimuth,2024-04-16,09:56,148
SU2315,Aeroflot,2024-04-08,15:52,330
SU4490,UTair,2024-03-02,09:15,109
SU3353,Yakutia,2024-06-08,12:03,90
SU7168,Azimuth,2024-04-01,17:28,334
SU6693,Nordavia,2024-11-05,02:19,251
SU1109,Rossiya,2024-05-25,18:02,259
SU2742,Red Wings,2024-11-04,22:58,91
SU2478,Rossiya,2024-08-16,19:09,151
SU7637,S7 Airlines,2024-08-13,17:21,135
SU6196,Aeroflot,2024-02-13,22:33,258
SU9988,Nordavia,2024-06-19,12:24,234
SU564,S7 Airlines,2024-04-23,00:03,327
SU3401,Rossiya,2024-04-24,15:21,286
SU4201,Aeroflot,2024-04-13,00:59,277
SU4853,Yakutia,2024-11-28,07:26,170
SU1053,Ural Airlines,2024-08-22,00:36,146
SU2256,Nordavia,2024-03-03,06:35,235
SU7123,Pobeda,2024-06-25,04:29,196
SU9189,Nordavia,2024-09-07,19:31,90
SU8656,Ural Airlines,2024-08-02,20:00,322
SU5117,Rossiya,2024-12-01,19:46,118
SU3500,Red Wings,2024-09-09,07:29,93
SU5503,Yakutia,2024-11-28,06:03,317
SU6400,Aeroflot,2024-09-04,05:09,314
SU8217,S7 Airlines,2024-10-24,03:31,128
SU3647,Yakutia,2024-01-25,01:44,168
SU9239,Nordavia,2024-06-18,21:01,269
SU350,Ural Airlines,2024-08-01,09:04,175
SU9584,Ural Airlines,2024-07-02,12:54,241
SU1185,Aeroflot,2024-07-14,04:53,167
SU2528,Azimuth,2024-09-24,08:41,319
SU7360,Azimuth,2024-08-06,07:38,71
SU9174,Rossiya,2024-07-28,07:06,329
SU578,Azimuth,2024-04-07,18:54,104
SU4537,Yakutia,2024-08-28,05:42,158
SU1675,S7 Airlines,2024-05-12,13:47,347
SU9320,Nordavia,2024-10-25,11:08,110
SU8904,Azimuth,2024-08-26,08:53,52
SU6696,S7 Airlines,2024-05-13,17:21,341
SU4118,S7 Airlines,2024-02-04,18:09,98
SU8221,S7 Airlines,2024-05-26,07:03,152
SU5165,Ural Airlines,2024-06-06,11:25,299
SU4646,Nordavia,2024-05-01,10:52,294
SU6805,S7 Airlines,2024-12-06,10:12,120
SU2960,Azimuth,2024-07-16,21:24,171
SU8185,Ural Airlines,2024-09-28,18:33,348
SU8038,Rossiya,2024-11-28,09:37,342
SU8153,Aeroflot,2024-01-27,06:08,265
SU4907,Aeroflot,2024-12-28,09:36,154
SU6627,Nordavia,2024-09-17,13:37,244
SU9011,Rossiya,2024-03-03,00:53,241
SU8405,Nordavia,2024-03-02,15:53,315
SU1421,Red Wings,2024-02-17,21:23,236
SU3974,Red Wings,2024-02-18,09:06,261
SU7469,Rossiya,2024-03-09,21:21,73
SU2180,Nordavia,2024-10-17,21:22,57
SU9361,Aeroflot,2024-01-10,20:01,93
SU9559,Pobeda,2024-12-23,09:29,157
SU1615,UTair,2024-09-21,06:20,333
SU5782,Aeroflot,2024-06-06,16:09,335
SU8078,Rossiya,2024-10-09,09:32,210
SU842,S7 Airlines,2024-08-04,06:42,69
SU7035,Red Wings,2024-07-10,14:56,180
SU3068,Aeroflot,2024-01-15,01:26,260
SU5679,Azimuth,2024-08-03,17:16,316
SU2526,Aeroflot,2024-03-27,17:39,180
SU4421,Pobeda,2024-12-09,06:25,310
SU1133,Ural Airlines,2024-08-26,16:54,157
SU8537,Rossiya,2024-03-21,03:55,192
SU6493,Rossiya,2024-02-19,16:17,347
SU8325,Aeroflot,2024-06-04,11:55,320
SU6404,S7 Airlines,2024-10-14,22:27,331
SU4904,Aeroflot,2024-08-18,07:51,249
SU1820,Red Wings,2024-12-14,23:56,69
SU7633,Rossiya,2024-10-26,17:15,188
SU1306,Pobeda,2024-10-14,18:57,75
SU4417,Pobeda,2024-02-20,11:19,191
SU8131,Rossiya,2024-04-11,23:09,268
SU1363,Red Wings,2024-12-01,12:09,70
SU6403,Aeroflot,2024-02-28,22:17,253
SU5655,Pobeda,2024-03-28,13:30,335
SU5549,Azimuth,2024-02-01,04:42,81
SU3087,Nordavia,2024-01-24,22:26,214
SU4637,Pobeda,2024-10-06,16:29,329
SU1616,Red Wings,2024-05-18,06:41,157
SU3143,Ural Airlines,2024-03-03,05:48,99
SU7076,Azimuth,2024-08-11,20:15,80
SU7827,UTair,2024-04-03,01:52,258
SU7726,Nordavia,2024-11-24,19:01,213
SU7568,Azimuth,2024-06-23,12:21,296
SU3274,Red Wings,2024-08-03,22:43,280
SU7257,Rossiya,2024-04-07,08:14,67
SU3399,UTair,2024-09-21,06:02,87
SU5479,Ural Airlines,2024-08-21,19:06,330
SU7052,Red Wings,2024-12-12,23:29,233
SU3548,Yakutia,2024-12-12,17:06,239
SU9602,Yakutia,2024-02-27,04:47,94
SU3339,Aeroflot,2024-09-06,11:30,132
SU5003,Azimuth,2024-04-28,20:50,217
SU5702,UTair,2024-06-14,07:50,98
SU2289,Red Wings,2024-11-18,16:54,137
SU5847,S7 Airlines,2024-08-25,14:54,96
SU501,Aeroflot,2024-02-16,17:07,330
SU1853,Ural Airlines,2024-02-15,10:24,146
SU3089,UTair,2024-01-23,08:07,325
SU8582,UTair,2024-10-24,06:42,68
SU3169,S7 Airlines,2024-05-22,05:53,77
SU7405,Pobeda,2024-12-25,15:55,156
SU2011,Red Wings,2024-10-12,21:34,99
SU2473,UTair,2024-11-19,09:43,284
SU8970,Ural Airlines,2024-09-04,02:20,184
SU8921,Aeroflot,2024-10-03,09:38,227
SU5193,Nordavia,2024-06-13,15:53,138
SU3867,S7 Airlines,2024-03-14,17:47,141
SU4956,Azimuth,2024-04-27,14:00,153
SU2663,Azimuth,2024-08-01,04:55,189
SU1008,Ural Airlines,2024-09-01,09:21,268
SU5058,Aeroflot,2024-02-21,22:49,83
SU8306,Nordavia,2024-12-17,22:51,170
SU3998,UTair,2024-06-01,12:55,151
SU2195,Aeroflot,2024-08-22,21:25,300
SU7392,Nordavia,2024-01-14,08:31,80
SU231,Ural Airlines,2024-11-08,05:09,177
SU5089,Azimuth,2024-02-14,20:11,58
SU7814,Red Wings,2024-10-09,01:15,112
SU4351,Nordavia,2024-09-27,23:26,199
SU4925,UTair,2024-01-17,06:56,313
SU5603,Ural Airlines,2024-01-28,05:38,275
SU9853,Aeroflot,2024-12-15,14:58,213
SU2616,S7 Airlines,2024-02-14,02:36,207
SU9319,Red Wings,2024-02-11,02:44,80
SU865,Nordavia,2024-12-14,23:05,262
SU9422,Yakutia,2024-07-20,15:09,306
SU1657,Yakutia,2024-11-04,23:05,209
SU2538,UTair,2024-04-06,00:04,149
SU6524,Pobeda,2024-11-12,22:59,207
SU6835,Nordavia,2024-09-03,08:32,178
SU6021,Pobeda,2024-11-22,16:53,298
SU2293,S7 Airlines,2024-08-01,02:03,93
SU5129,Azimuth,2024-02-24,01:21,55
SU3387,Ural Airlines,2024-06-24,03:56,71
SU2014,Yakutia,2024-02-12,01:27,177
SU4142,Pobeda,2024-09-20,00:18,282
SU3183,UTair,2024-04-16,20:22,88
SU3431,UTair,2024-03-09,19:08,136
SU6114,Rossiya,2024-01-28,20:01,191
SU580,Red Wings,2024-01-06,12:57,125
SU5973,Rossiya,2024-12-10,11:12,346
SU4679,Rossiya,2024-07-02,10:10,131
SU3305,Azimuth,2024-09-15,04:11,338
SU9487,Ural Airlines,2024-07-26,03:34,299
SU3497,Azimuth,2024-01-16,21:09,234
SU7131,Aeroflot,2024-02-23,08:13,229
SU9796,Red Wings,2024-06-12,05:14,163
SU9295,UTair,2024-06-23,18:58,51
SU6149,Azimuth,2024-11-27,04:16,340
SU7938,Azimuth,2024-11-25,10:20,60
SU4277,UTair,2024-01-06,17:56,116
SU2199,Aeroflot,2024-07-10,21:55,225
SU7759,Azimuth,2024-08-02,13:30,71
SU6169,Yakutia,2024-08-28,12:13,217
SU5733,Ural Airlines,2024-09-13,04:21,252
SU1564,Rossiya,2024-03-11,23:37,274
SU2224,Yakutia,2024-03-03,23:57,60
SU3204,Azimuth,2024-03-04,17:23,131
SU9714,Red Wings,2024-10-18,01:45,156
SU3999,Nordavia,2024-06-19,08:45,318
SU6882,Yakutia,2024-06-17,12:32,170
SU9550,Pobeda,2024-02-14,16:21,311
SU9452,Azimuth,2024-05-27,21:15,253
SU7824,Aeroflot,2024-08-11,10:33,268
SU4660,Pobeda,2024-12-28,17:20,190
SU3362,Nordavia,2024-08-11,08:56,165
SU5712,Red Wings,2024-10-25,02:40,224
SU9355,Nordavia,2024-11-16,09:35,276
SU4436,Pobeda,2024-04-27,07:48,336
SU3035,UTair,2024-08-11,22:46,138
SU5074,Azimuth,2024-09-16,13:21,84
SU8979,Yakutia,2024-07-11,01:33,73
SU2487,Red Wings,2024-08-05,00:20,122
SU1960,Ural Airlines,2024-10-13,00:08,239
SU746,Ural Airlines,2024-07-12,19:45,320
SU3817,Rossiya,2024-06-19,03:16,231
SU8640,Yakutia,2024-04-13,16:04,343
SU8668,Aeroflot,2024-07-17,15:10,273
SU9801,Aeroflot,2024-09-20,20:55,233
SU8465,Yakutia,2024-10-17,08:38,128
SU8064,Ural Airlines,2024-12-09,11:01,323
SU1666,S7 Airlines,2024-03-21,17:52,241
SU6360,Rossiya,2024-05-01,11:14,172
SU4452,Yakutia,2024-04-25,21:46,187
SU8786,S7 Airlines,2024-04-25,21:14,321
SU2505,Aeroflot,2024-08-23,17:55,347
SU4829,Red Wings,2024-12-07,11:28,56
SU1655,Red Wings,2024-09-23,11:18,268
SU9345,Rossiya,2024-03-16,06:15,198
SU8141,Aeroflot,2024-09-14,23:17,110
SU9924,Ural Airlines,2024-04-01,19:00,70
SU7180,S7 Airlines,2024-05-27,06:19,180
SU8350,Aeroflot,2024-12-03,23:11,204
SU1361,Rossiya,2024-09-17,01:06,96
SU7400,Azimuth,2024-10-23,17:06,185
SU1538,Rossiya,2024-01-21,16:20,144
SU3343,Nordavia,2024-10-07,01:17,157
SU3943,Aeroflot,2024-03-04,20:17,129
SU8758,S7 Airlines,2024-12-12,22:48,226
SU5648,UTair,2024-02-08,04:12,136
SU7451,Nordavia,2024-08-12,13:34,61
SU8850,UTair,2024-02-13,03:28,110
SU9424,Aeroflot,2024-10-14,05:21,87
SU141,Pobeda,2024-12-01,18:58,127
SU6558,UTair,2024-10-14,23:30,144
SU3180,Red Wings,2024-01-09,00:57,290
SU8582,Ural Airlines,2024-11-19,06:19,120
SU4258,Red Wings,2024-04-01,21:31,132
SU6090,Nordavia,2024-07-28,05:36,130
SU6517,S7 Airlines,2024-02-21,00:22,230
SU3975,Pobeda,2024-10-24,17:51,86
SU1799,Ural Airlines,2024-06-08,08:20,61
SU2580,Yakutia,2024-04-23,08:25,91
SU1459,Nordavia,2024-12-24,10:42,157
SU6652,Aeroflot,2024-09-01,15:44,167
SU4322,S7 Airlines,2024-06-06,03:14,126
SU4138,S7 Airlines,2024-10-28,19:37,55
SU7752,Pobeda,2024-12-08,20:05,178
SU3793,Yakutia,2024-08-18,12:34,62
SU7539,Nordavia,2024-12-10,03:06,165
SU7433,Yakutia,2024-08-23,12:59,207
SU1334,Red Wings,2024-09-24,04:50,131
SU9036,UTair,2024-01-20,23:07,347
SU4557,Aeroflot,2024-07-14,05:03,56
SU3675,UTair,2024-07-07,07:54,304
SU5209,Yakutia,2024-08-04,15:07,320
SU7185,UTair,2024-06-11,22:50,168
SU3719,Nordavia,2024-09-07,07:40,349
SU5018,Ural Airlines,2024-11-26,14:18,272
SU140,UTair,2024-10-01,01:34,196
SU4699,Aeroflot,2024-09-19,21:17,289
SU4848,S7 Airlines,2024-02-12,14:56,95
SU3868,Aeroflot,2024-04-03,19:35,101
SU2372,S7 Airlines,2024-07-05,10:54,319
SU2755,S7 Airlines,2024-07-20,09:58,109
SU939,Rossiya,2024-12-11,04:12,319
SU4366,Azimuth,2024-09-03,12:49,348
SU3547,Rossiya,2024-10-19,12:39,154
SU5469,Azimuth,2024-07-21,04:09,340
SU6758,Ural Airlines,2024-11-01,09:23,299
SU2365,Nordavia,2024-04-18,12:24,194
SU942,Nordavia,2024-05-25,01:52,165
SU8574,Yakutia,2024-12-09,10:58,221
SU7872,Rossiya,2024-09-07,11:05,262
SU4901,Pobeda,2024-01-19,05:51,183
SU1560,Pobeda,2024-01-16,04:22,86
SU4189,Ural Airlines,2024-01-14,16:46,188
SU9559,Pobeda,2024-12-26,15:27,244
SU198,UTair,2024-05-21,01:55,94
SU4873,UTair,2024-06-06,10:40,75
SU8625,Yakutia,2024-07-18,17:53,260
SU2332,Nordavia,2024-04-22,04:14,90
SU5208,Rossiya,2024-09-04,23:52,139
SU6151,Red Wings,2024-07-17,18:14,287
SU7219,Yakutia,2024-06-03,04:05,341
SU9815,Nordavia,2024-04-09,13:56,188
SU1557,Red Wings,2024-04-20,03:36,110
SU8378,Aeroflot,2024-05-09,21:38,180
SU8467,Red Wings,2024-01-17,14:25,52
SU8970,Ural Airlines,2024-03-21,12:09,109
SU9602,Aeroflot,2024-02-07,02:18,252
SU6295,Yakutia,2024-10-06,17:44,340
SU9533,Ural Airlines,2024-07-05,08:07,149
SU6563,Azimuth,2024-05-21,18:17,117
SU9898,Pobeda,2024-05-15,20:51,220
SU4789,UTair,2024-04-08,00:24,259
SU2161,Azimuth,2024-05-03,11:00,312
SU6318,Yakutia,2024-04-03,07:46,198
SU9973,Ural Airlines,2024-12-21,07:51,115
SU4200,Pobeda,2024-10-08,21:07,187
SU6428,Ural Airlines,2024-01-23,03:31,139
SU716,Aeroflot,2024-09-05,19:52,219
SU1698,Rossiya,2024-02-11,17:54,172
SU4643,Rossiya,2024-05-10,06:46,270
SU8651,Azimuth,2024-11-01,02:28,95
SU342,UTair,2024-11-27,05:09,276
SU6537,Rossiya,2024-06-21,00:43,209
SU419,Azimuth,2024-08-15,00:55,134
SU1160,UTair,2024-02-03,15:19,123
SU5333,Yakutia,2024-07-08,03:56,305
SU3477,Yakutia,2024-02-06,05:10,240
SU331,Ural Airlines,2024-08-04,04:54,328
SU3429,S7 Airlines,2024-12-11,09:06,305
SU8626,Rossiya,2024-03-07,15:37,77
SU1790,Yakutia,2024-11-08,03:06,144
SU4046,Red Wings,2024-11-23,13:51,158
SU9003,Azimuth,2024-05-04,02:14,251
SU5124,Pobeda,2024-08-12,02:10,263
SU9713,Yakutia,2024-10-26,20:21,148
SU2060,Azimuth,2024-09-18,11:29,162
SU2868,Azimuth,2024-08-13,02:14,339
SU5358,Yakutia,2024-07-24,05:44,189
SU6683,Aeroflot,2024-08-22,02:13,174
SU7519,Azimuth,2024-05-28,16:37,76
SU6124,S7 Airlines,2024-05-05,02:40,207
SU4694,Nordavia,2024-11-04,23:18,196
SU1687,Yakutia,2024-08-13,20:46,84
SU5455,UTair,2024-03-18,16:47,313
SU7899,Nordavia,2024-11-19,22:24,328
SU2014,Nordavia,2024-09-04,15:32,245
SU4110,Azimuth,2024-10-13,04:42,214
SU3974,Aeroflot,2024-09-21,21:41,240
SU2371,S7 Airlines,2024-12-01,17:37,200
SU3241,Rossiya,2024-12-14,17:58,159
SU4014,Yakutia,2024-08-15,09:49,62
SU6100,Aeroflot,2024-04-05,01:39,77
SU3468,Azimuth,2024-02-09,09:45,80
SU9206,Azimuth,2024-10-07,05:40,283
SU2648,Ural Airlines,2024-07-28,22:40,202
SU7427,Red Wings,2024-08-01,10:39,340
SU9864,Pobeda,2024-10-14,11:16,322
SU5296,Ural Airlines,2024-10-07,17:45,117
SU6529,S7 Airlines,2024-08-25,12:13,314
SU1555,Azimuth,2024-12-07,10:43,128
SU574,S7 Airlines,2024-07-17,17:51,284
SU8438,Azimuth,2024-03-26,22:37,292
SU492,S7 Airlines,2024-10-20,17:34,178
SU8027,Yakutia,2024-01-11,19:25,167
SU8769,Yakutia,2024-01-02,01:15,263
SU8620,Azimuth,2024-06-01,16:38,112
SU1494,Pobeda,2024-07-24,13:37,84
SU5267,Rossiya,2024-11-22,22:18,177
SU8187,Yakutia,2024-01-03,01:35,175
SU8427,Red Wings,2024-06-27,05:10,172
SU9820,Azimuth,2024-11-04,08:29,104
SU2934,Red Wings,2024-11-22,23:48,128
SU1569,Ural Airlines,2024-01-22,23:44,281
SU3933,Rossiya,2024-03-14,23:01,143
SU5986,UTair,2024-06-09,19:43,284
SU8351,Ural Airlines,2024-01-13,10:56,241
SU1550,Pobeda,2024-09-22,23:33,237
SU4503,Yakutia,2024-09-12,20:14,298
SU7395,UTair,2024-10-23,17:56,324
SU321,Red Wings,2024-05-19,11:42,93
SU6587,Red Wings,2024-10-11,10:40,167
SU1875,Rossiya,2024-01-14,13:24,307
SU2443,Azimuth,2024-05-05,10:05,262
SU3267,Red Wings,2024-01-22,04:36,215
SU3441,Nordavia,2024-08-15,16:25,309
SU228,Ural Airlines,2024-02-09,17:36,240
SU6416,Rossiya,2024-03-17,02:58,248
SU926,Aeroflot,2024-02-20,07:14,206
SU8313,S7 Airlines,2024-01-06,21:37,115
SU934,UTair,2024-09-05,06:55,53
SU8556,Aeroflot,2024-02-05,16:10,215
SU4192,Ural Airlines,2024-10-06,00:05,317
SU2624,Yakutia,2024-06-08,09:34,192
SU8249,Nordavia,2024-01-06,22:32,234
SU8311,Ural Airlines,2024-08-06,17:46,75
SU9948,Aeroflot,2024-10-27,14:39,118
SU2547,Azimuth,2024-12-11,17:37,298
SU5054,Rossiya,2024-07-02,21:27,330
SU7775,Ural Airlines,2024-10-02,20:36,52
SU7876,Aeroflot,2024-11-01,17:00,302
SU4204,Rossiya,2024-06-20,05:18,117
SU2248,Red Wings,2024-06-04,13:27,118
SU409,Yakutia,2024-07-07,20:48,272
SU292,Ural Airlines,2024-04-14,15:42,77
SU1256,S7 Airlines,2024-04-19,03:01,251
SU1301,Rossiya,2024-04-06,12:39,94
SU5894,Azimuth,2024-02-25,05:26,139
SU3595,UTair,2024-04-11,16:16,102
SU205,S7 Airlines,2024-08-23,03:54,337
SU9674,Pobeda,2024-03-06,19:17,173
SU1135,Yakutia,2024-06-07,15:35,86
SU738,S7 Airlines,2024-12-25,05:19,299
SU6953,UTair,2024-03-08,07:03,170
SU4669,Azimuth,2024-07-09,22:05,311
SU3864,Aeroflot,2024-07-28,15:11,299
SU419,Azimuth,2024-07-24,03:24,246
SU8775,Ural Airlines,2024-11-13,00:00,96
SU7717,UTair,2024-09-24,09:10,212
SU1924,UTair,2024-07-03,03:16,194
SU1605,Nordavia,2024-06-23,21:34,219
SU7676,Ural Airlines,2024-06-20,01:59,224
SU8107,Aeroflot,2024-06-01,11:02,133
SU8489,Aeroflot,2024-07-22,14:57,164
SU746,Aeroflot,2024-07-19,21:23,84
SU7202,S7 Airlines,2024-04-23,09:16,290
SU920,Azimuth,2024-08-15,01:42,112
SU6587,Ural Airlines,2024-04-20,12:44,153
SU5405,Pobeda,2024-01-22,21:49,69
SU330,Azimuth,2024-12-01,04:14,298
SU5304,Rossiya,2024-12-20,16:44,138
SU4775,Azimuth,2024-10-06,20:03,254
SU7473,UTair,2024-07-12,00:08,75
SU3118,Ural Airlines,2024-12-01,05:41,297
SU1099,Pobeda,2024-01-10,01:32,238
SU9319,Pobeda,2024-11-25,20:07,149
SU6651,Azimuth,2024-04-17,12:10,115
SU4333,Ural Airlines,2024-01-28,06:19,264
SU362,Yakutia,2024-11-15,00:47,217
SU286,Rossiya,2024-01-01,06:03,78
SU5609,Ural Airlines,2024-12-11,09:25,87
SU1226,Ural Airlines,2024-11-03,20:24,285
SU3289,Azimuth,2024-10-25,00:43,74
SU1832,Nordavia,2024-11-18,13:46,96
SU5276,UTair,2024-10-13,09:27,255
SU7386,Red Wings,2024-02-10,08:06,52
SU970,Red Wings,2024-06-12,13:11,227
SU613,Red Wings,2024-04-12,02:07,300
SU2205,Azimuth,2024-05-26,13:00,166
SU1763,Red Wings,2024-07-27,14:27,313
SU4250,Red Wings,2024-07-13,08:13,122
SU9799,Ural Airlines,2024-06-11,18:25,330
SU4285,UTair,2024-12-11,01:39,118
SU1827,Ural Airlines,2024-06-18,21:45,186
SU3831,Nordavia,2024-11-20,21:32,288
SU1967,Rossiya,2024-10-24,23:00,335
SU2736,Pobeda,2024-06-02,02:37,79
SU194,Red Wings,2024-08-06,12:12,166
SU515,Red Wings,2024-11-14,05:57,164
SU300,S7 Airlines,2024-05-12,16:27,344
SU321,Nordavia,2024-05-06,18:39,111
SU9051,Rossiya,2024-09-02,01:16,117
SU3496,Ural Airlines,2024-12-20,01:27,239
SU806,UTair,2024-01-14,03:57,101
SU9320,Ural Airlines,2024-07-01,12:49,91
SU468,Aeroflot,2024-12-03,13:12,86
SU6825,Pobeda,2024-10-10,01:44,240
SU1665,Pobeda,2024-07-22,10:21,314
SU1890,S7 Airlines,2024-03-24,09:14,81
SU9416,Pobeda,2024-04-15,19:11,248
SU929,Rossiya,2024-08-07,17:02,268
SU6604,UTair,2024-02-13,07:06,156
SU7747,Pobeda,2024-06-19,19:54,134
SU6372,Aeroflot,2024-10-26,09:43,93
SU253,Pobeda,2024-11-10,00:47,213
SU5111,Aeroflot,2024-04-06,04:13,157
SU7141,UTair,2024-10-25,06:59,131
SU4025,Yakutia,2024-12-22,09:54,65
SU3645,S7 Airlines,2024-05-04,18:09,346
SU1136,Yakutia,2024-10-20,22:29,270
SU8369,Aeroflot,2024-07-26,11:59,213
SU9152,Red Wings,2024-11-01,05:42,326
SU5526,S7 Airlines,2024-02-09,15:24,242
SU6586,S7 Airlines,2024-10-09,02:38,310
SU3994,Yakutia,2024-12-01,20:21,312
SU5559,Aeroflot,2024-06-12,12:03,178
SU4926,Azimuth,2024-09-24,18:57,192
SU6936,Pobeda,2024-01-18,12:34,282
SU8594,Ural Airlines,2024-06-12,03:16,137
SU4331,Rossiya,2024-02-25,15:21,94
SU2032,Aeroflot,2024-05-03,01:17,214
SU4027,Rossiya,2024-02-05,07:27,315
SU7490,UTair,2024-10-07,23:47,73
SU6775,Red Wings,2024-06-26,06:15,58
SU2306,Pobeda,2024-07-01,11:47,132
SU6449,Nordavia,2024-10-09,08:10,128
SU5718,Ural Airlines,2024-06-26,22:43,139
SU539,Azimuth,2024-04-15,08:28,305
SU1052,Rossiya,2024-05-19,14:43,303
SU2483,Pobeda,2024-01-02,06:31,67
SU5649,Nordavia,2024-11-16,23:40,290
SU1269,Azimuth,2024-06-01,00:48,211
SU8702,Pobeda,2024-02-01,13:08,89
SU2846,Nordavia,2024-05-24,06:57,273
SU4182,S7 Airlines,2024-04-03,17:28,323
SU7503,Azimuth,2024-05-03,21:04,329
SU3736,Azimuth,2024-02-20,05:20,276
SU8606,Nordavia,2024-02-17,20:01,176
SU7799,Ural Airlines,2024-07-03,02:11,129
SU7494,Red Wings,2024-05-05,03:24,58
SU9980,Azimuth,2024-02-17,05:48,193
SU6046,UTair,2024-09-09,09:07,328
SU7312,Pobeda,2024-11-15,22:28,70
SU8683,S7 Airlines,2024-12-23,02:24,139
SU600,Aeroflot,2024-09-18,07:57,97
SU2375,Aeroflot,2024-08-26,00:17,240
SU8148,UTair,2024-01-15,17:00,101
SU2624,Red Wings,2024-09-17,02:20,163
SU6355,Azimuth,2024-05-22,14:12,60
SU560,UTair,2024-02-28,05:41,164
SU7928,UTair,2024-09-09,07:29,256
SU1868,Nordavia,2024-02-14,03:12,154
SU3582,Aeroflot,2024-12-23,23:19,226
SU6137,Ural Airlines,2024-01-23,18:39,115
SU6638,Nordavia,2024-02-02,09:10,77
SU9421,Azimuth,2024-01-18,11:10,326
SU5378,Aeroflot,2024-03-14,23:14,335
SU1612,S7 Airlines,2024-11-06,18:43,157
SU183,Red Wings,2024-05-13,00:12,261
SU8755,Ural Airlines,2024-11-11,04:15,349
SU4493,Ural Airlines,2024-06-08,22:04,220
SU7228,Rossiya,2024-08-15,06:07,137
SU6948,Aeroflot,2024-11-17,20:13,267
SU6799,Rossiya,2024-08-15,17:09,205
SU8961,Aeroflot,2024-10-19,07:54,93
SU7869,Pobeda,2024-04-09,15:36,309
SU3624,Pobeda,2024-05-03,04:54,317
SU597,Azimuth,2024-01-06,23:11,146
SU7481,Rossiya,2024-06-27,04:09,248
SU6585,UTair,2024-08-13,14:38,335
SU5905,S7 Airlines,2024-12-07,06:10,231
SU5550,Red Wings,2024-08-03,19:18,261
SU7740,Nordavia,2024-08-22,16:42,118
SU7295,Rossiya,2024-10-13,03:01,255
SU4047,Pobeda,2024-05-20,10:31,328
SU6561,UTair,2024-03-24,13:49,55
SU3459,UTair,2024-05-08,02:55,271
SU9000,S7 Airlines,2024-02-23,16:22,75
SU4806,Azimuth,2024-01-25,11:51,117
SU2524,Nordavia,2024-08-02,13:42,86
SU4939,S7 Airlines,2024-05-26,23:45,123
SU5144,S7 Airlines,2024-07-14,22:46,111
SU9627,Nordavia,2024-07-07,00:46,171
SU6143,Azimuth,2024-10-04,12:20,159
SU4966,S7 Airlines,2024-06-16,06:19,98
SU4109,Pobeda,2024-10-05,12:36,158
SU6407,Nordavia,2024-03-23,23:43,305
SU1791,Red Wings,2024-01-25,00:19,262
SU5177,Nordavia,2024-06-23,20:33,323
SU6880,S7 Airlines,2024-04-02,17:07,203
SU3062,Yakutia,2024-10-01,23:41,144
SU6532,S7 Airlines,2024-11-01,08:43,132
SU9647,Rossiya,2024-04-04,01:38,247
SU5088,Azimuth,2024-10-13,16:20,183
SU7036,Ural Airlines,2024-05-04,14:50,318
SU8849,Ural Airlines,2024-09-14,18:56,134
SU8099,Ural Airlines,2024-02-18,02:22,131
SU1072,Rossiya,2024-06-14,12:14,290
SU8675,Pobeda,2024-05-19,11:23,226
SU5723,Azimuth,2024-08-05,21:30,211
SU7800,Pobeda,2024-06-04,21:35,266
SU8041,Azimuth,2024-01-06,03:02,322
SU4364,Aeroflot,2024-12-10,04:05,209
SU9994,Red Wings,2024-05-14,00:08,252
SU5009,Aeroflot,2024-09-04,18:58,236
SU1428,S7 Airlines,2024-02-21,02:04,238
SU2309,Nordavia,2024-08-10,16:21,262
SU9579,Pobeda,2024-05-12,11:46,232
SU5094,Ural Airlines,2024-06-07,22:51,58
SU2008,Red Wings,2024-04-26,21:42,138
SU8065,Aeroflot,2024-12-14,09:55,166
SU8218,Aeroflot,2024-10-19,11:17,105
SU4748,Ural Airlines,2024-11-22,22:49,210
SU6823,Aeroflot,2024-09-16,03:08,234
SU4922,Nordavia,2024-12-15,16:03,242
SU6874,Pobeda,2024-12-18,20:15,145
SU7036,Yakutia,2024-03-14,07:48,110
SU9475,Yakutia,2024-01-21,23:01,175
SU3910,UTair,2024-11-26,17:40,226
SU568,Azimuth,2024-02-14,22:27,123
SU8203,Pobeda,2024-09-18,18:01,291
SU1968,Pobeda,2024-07-21,09:47,221
SU311,Rossiya,2024-10-14,23:33,55
SU584,Yakutia,2024-07-08,23:50,336
SU8445,Nordavia,2024-09-05,15:32,82
SU4374,Aeroflot,2024-04-13,11:31,273
SU2339,Yakutia,2024-06-05,04:46,191
SU1854,Aeroflot,2024-06-06,16:26,262
SU5691,UTair,2024-06-18,10:05,284
SU6751,Red Wings,2024-04-11,17:38,177
SU916,UTair,2024-02-01,05:53,348
SU5789,S7 Airlines,2024-10-12,17:42,277
SU6084,UTair,2024-09-07,10:19,245
SU1329,S7 Airlines,2024-12-05,10:10,175
SU5074,Azimuth,2024-11-04,02:16,165
SU7476,Rossiya,2024-10-16,07:06,82
SU9422,Yakutia,2024-05-11,21:05,225
SU2577,S7 Airlines,2024-03-16,00:46,110
SU2631,Pobeda,2024-03-05,19:36,89
SU4060,Ural Airlines,2024-12-02,08:20,95
SU7418,Pobeda,2024-09-25,09:06,323
SU4788,Red Wings,2024-03-01,18:51,141
SU5121,S7 Airlines,2024-03-09,17:14,87
SU8492,Rossiya,2024-07-15,06:53,321
SU5699,Ural Airlines,2024-02-15,13:51,178
SU7687,Yakutia,2024-02-28,11:38,130
SU2807,Pobeda,2024-04-04,18:53,91
SU4191,Nordavia,2024-10-11,05:22,89
SU461,Pobeda,2024-11-18,06:14,227
SU8386,Azimuth,2024-09-16,11:50,89
SU7832,Pobeda,2024-05-09,14:10,178
SU3926,UTair,2024-01-18,11:50,61
SU5011,Pobeda,2024-12-28,17:51,56
SU1622,Yakutia,2024-10-27,12:32,177
SU6184,Ural Airlines,2024-10-02,19:08,185
SU5180,Yakutia,2024-09-13,01:14,239
SU266,Red Wings,2024-10-12,05:31,173
SU6170,Yakutia,2024-10-18,01:24,316
SU1880,Yakutia,2024-04-05,00:22,334
SU8916,S7 Airlines,2024-06-15,01:09,92
SU2437,Azimuth,2024-08-13,09:55,331
SU7198,Pobeda,2024-09-18,04:03,63
SU5905,S7 Airlines,2024-10-18,01:12,317
SU3596,Aeroflot,2024-06-15,16:09,253
SU8140,S7 Airlines,2024-12-19,02:04,297
SU6590,Rossiya,2024-07-21,01:36,210
SU5037,S7 Airlines,2024-05-22,03:31,173
SU391,Aeroflot,2024-11-02,07:37,225
SU5173,Azimuth,2024-07-07,04:06,210
SU3837,Ural Airlines,2024-10-26,19:06,271
SU7485,Ural Airlines,2024-01-17,17:36,308
SU2143,Nordavia,2024-12-11,00:30,127
SU7439,Ural Airlines,2024-05-17,17:54,305
SU1349,Pobeda,2024-02-08,07:36,326
SU9307,Aeroflot,2024-11-17,00:04,85
SU7283,Azimuth,2024-03-03,15:55,324
SU8545,Yakutia,2024-02-15,04:22,130
SU7633,Yakutia,2024-04-16,21:27,111
SU6344,Red Wings,2024-04-07,04:12,242
SU4583,Azimuth,2024-12-28,02:50,238
SU9361,Nordavia,2024-03-20,15:48,125
SU7970,Azimuth,2024-01-08,08:42,325
SU5566,Aeroflot,2024-11-13,22:03,203
SU1505,Aeroflot,2024-08-03,18:57,70
SU4086,Yakutia,2024-07-08,02:46,72
SU2900,UTair,2024-07-15,18:45,320
SU3602,Ural Airlines,2024-05-12,13:45,271
SU7756,Rossiya,2024-01-20,09:34,126
SU8832,Yakutia,2024-06-12,20:21,177
SU2482,Red Wings,2024-05-25,23:48,290
SU2433,Yakutia,2024-08-27,10:35,232
SU5684,Ural Airlines,2024-01-11,04:45,210
SU8164,Rossiya,2024-06-28,12:26,140
SU9982,Rossiya,2024-09-09,22:41,227
SU2361,Nordavia,2024-05-26,18:52,226
SU2385,Red Wings,2024-10-26,18:51,292
SU8211,Nordavia,2024-11-19,18:07,83
SU9233,S7 Airlines,2024-01-17,13:03,171
SU9312,Aeroflot,2024-09-20,03:18,191
SU7486,Red Wings,2024-06-23,01:21,242
SU8248,Red Wings,2024-12-04,05:22,344
SU281,Red Wings,2024-11-11,09:37,110
SU2174,Azimuth,2024-09-04,20:38,255
SU3133,Yakutia,2024-08-23,13:14,127
SU3533,Nordavia,2024-04-06,20:06,250
SU9674,Nordavia,2024-09-08,08:29,336
SU6779,Pobeda,2024-12-27,10:27,317
SU5790,Azimuth,2024-09-22,04:35,157
SU5528,Nordavia,2024-03-19,22:53,211
SU9618,Aeroflot,2024-03-03,11:44,278
SU7041,Pobeda,2024-01-12,22:14,326
SU9248,Red Wings,2024-03-05,06:16,139
SU6350,UTair,2024-03-05,07:51,215
SU2344,Ural Airlines,2024-02-27,02:57,243
SU5834,Nordavia,2024-05-24,16:02,168
SU7201,S7 Airlines,2024-05-11,14:04,72
SU4450,Red Wings,2024-06-25,00:00,234
SU9741,Aeroflot,2024-12-26,21:22,202
SU2575,Rossiya,2024-10-06,21:56,203
SU2357,S7 Airlines,2024-10-23,14:46,275
SU5804,Rossiya,2024-05-09,17:11,143
SU536,Pobeda,2024-06-26,13:43,111
SU1869,Rossiya,2024-10-23,15:44,159
SU8005,Aeroflot,2024-12-02,13:47,203
SU4482,Red Wings,2024-03-02,08:37,256
SU4689,Red Wings,2024-01-26,18:36,331
SU7023,UTair,2024-10-17,09:28,225
SU4902,S7 Airlines,2024-04-27,02:10,319
SU5195,Ural Airlines,2024-12-26,12:55,75
SU1833,Red Wings,2024-08-16,23:29,152
SU5650,Red Wings,2024-03-03,12:20,105
SU4725,Rossiya,2024-09-16,08:59,334
SU1609,Rossiya,2024-03-27,22:10,105
SU2725,Pobeda,2024-02-19,00:08,51
SU8089,S7 Airlines,2024-03-12,19:52,79
SU8679,Aeroflot,2024-01-24,03:40,195
SU2111,Azimuth,2024-08-25,03:30,94
SU5933,Azimuth,2024-06-13,02:48,274
SU6304,Nordavia,2024-11-08,23:08,286
SU6758,Aeroflot,2024-09-13,10:44,131
SU1434,Yakutia,2024-02-25,19:49,207
SU2636,S7 Airlines,2024-02-12,17:46,301
SU3105,Azimuth,2024-07-22,06:25,225
SU1447,Azimuth,2024-03-24,08:04,102
SU9617,Yakutia,2024-11-03,07:32,244
SU1902,Red Wings,2024-09-11,06:34,266
SU3249,UTair,2024-09-19,06:02,119
SU8849,S7 Airlines,2024-06-24,12:54,270
SU9154,S7 Airlines,2024-10-28,05:25,332
SU6571,Red Wings,2024-02-07,14:29,300
SU2131,Pobeda,2024-08-05,01:12,228
SU6605,Yakutia,2024-11-25,08:37,327
SU2163,S7 Airlines,2024-01-17,12:16,140
SU3534,Yakutia,2024-01-10,12:32,132
SU819,S7 Airlines,2024-08-11,16:28,249
SU2976,Aeroflot,2024-08-28,10:43,223
SU8710,Yakutia,2024-01-16,22:25,117
SU2063,Nordavia,2024-06-22,22:37,320
SU8358,Red Wings,2024-11-24,04:26,303
SU8153,Yakutia,2024-01-13,04:58,217
SU4890,Ural Airlines,2024-02-08,05:53,217
SU8278,Aeroflot,2024-05-20,18:26,138
SU9560,Pobeda,2024-12-03,21:07,340
SU2845,Red Wings,2024-01-22,01:10,282
SU4306,S7 Airlines,2024-09-28,19:24,78
SU2129,S7 Airlines,2024-01-14,16:49,133
SU7084,Ural Airlines,2024-11-22,20:50,100
SU7269,Aeroflot,2024-05-03,16:46,223
SU2820,Yakutia,2024-08-02,02:12,126
SU4004,S7 Airlines,2024-11-05,03:00,182
SU3698,Ural Airlines,2024-08-07,04:41,198
SU7096,Azimuth,2024-10-22,18:17,304
SU5559,Aeroflot,2024-04-05,03:05,343
SU3151,UTair,2024-06-04,02:54,321
SU9958,S7 Airlines,2024-08-08,18:49,180
SU9176,UTair,2024-07-09,08:12,284
SU2955,Nordavia,2024-04-05,23:02,120
SU3982,UTair,2024-06-25,04:24,338
SU7655,S7 Airlines,2024-01-01,09:05,65
SU5410,UTair,2024-10-05,05:06,323
SU8324,Ural Airlines,2024-11-23,18:32,290
SU636,Aeroflot,2024-02-05,05:18,280
SU8803,Yakutia,2024-09-12,15:52,347
SU4452,Aeroflot,2024-02-26,22:24,74
SU379,UTair,2024-08-22,23:52,118
SU4257,Ural Airlines,2024-10-01,13:27,100
SU740,Rossiya,2024-11-20,16:17,301
SU1822,Aeroflot,2024-10-09,01:44,344
SU747,Rossiya,2024-08-10,03:51,124
SU8526,Azimuth,2024-06-15,17:58,237
SU9388,S7 Airlines,2024-12-23,09:57,104
SU3532,S7 Airlines,2024-12-27,00:22,155
SU1827,Aeroflot,2024-08-25,19:08,80
SU1326,Nordavia,2024-12-02,12:48,119
SU418,S7 Airlines,2024-04-19,00:52,96
SU1454,Yakutia,2024-06-20,06:56,87
SU5729,S7 Airlines,2024-02-20,22:15,62
SU1720,Pobeda,2024-04-03,02:56,321
SU8771,Pobeda,2024-05-15,08:43,131
SU4645,Ural Airlines,2024-11-12,09:22,85
SU6222,Azimuth,2024-12-06,13:36,252
SU1959,Nordavia,2024-03-21,22:40,326
SU2742,Yakutia,2024-01-24,15:29,204
SU4363,Nordavia,2024-05-08,04:13,271
SU5017,Red Wings,2024-07-14,05:14,145
SU3362,Yakutia,2024-01-16,17:20,131
SU1093,S7 Airlines,2024-01-02,08:32,221
SU1722,Ural Airlines,2024-01-06,21:29,239
SU7642,Rossiya,2024-09-14,16:04,302
SU4222,Red Wings,2024-05-02,04:53,107
SU4001,Pobeda,2024-03-17,12:27,119
SU7273,Red Wings,2024-07-12,00:43,108
SU796,Azimuth,2024-07-26,16:08,277
SU2978,UTair,2024-08-24,15:02,337
SU3799,Azimuth,2024-06-02,14:18,58
SU7230,Aeroflot,2024-12-27,05:48,320
SU9208,Aeroflot,2024-10-26,17:12,122
SU5936,Aeroflot,2024-11-24,19:27,221
SU8006,Yakutia,2024-08-27,06:08,78
SU1812,Ural Airlines,2024-01-02,16:32,229
SU2476,Ural Airlines,2024-09-05,20:20,347
SU2768,Ural Airlines,2024-10-06,15:46,211
SU6032,Azimuth,2024-07-11,14:28,124
SU601,Nordavia,2024-01-24,20:51,182
SU3177,Ural Airlines,2024-10-18,14:43,313
SU8254,Yakutia,2024-08-02,13:12,197
SU8166,Ural Airlines,2024-05-18,08:09,334
SU5156,Red Wings,2024-05-17,14:41,195
SU1687,Ural Airlines,2024-09-04,22:32,227
SU5829,Nordavia,2024-11-24,19:36,307
SU9038,Nordavia,2024-02-07,17:24,179
SU1554,Ural Airlines,2024-09-10,21:19,278
SU893,S7 Airlines,2024-10-22,14:47,309
SU7879,Red Wings,2024-06-09,14:49,113
SU4156,Pobeda,2024-11-22,02:47,275
SU3204,Nordavia,2024-12-05,15:28,294
SU1695,Rossiya,2024-05-03,22:52,295
SU2793,Ural Airlines,2024-03-20,02:53,78
SU5355,Yakutia,2024-09-04,03:10,129
SU8320,UTair,2024-02-23,04:05,67
SU4067,Rossiya,2024-07-21,22:36,174
SU4055,Nordavia,2024-02-08,11:56,53
SU1416,Nordavia,2024-01-02,08:04,186
SU8610,Red Wings,2024-09-06,03:40,91
SU8225,Aeroflot,2024-05-27,05:03,200
SU7480,Pobeda,2024-07-09,21:53,280
SU5049,Nordavia,2024-04-04,11:23,257
SU7111,Aeroflot,2024-04-18,00:25,182
SU9882,Rossiya,2024-12-16,19:55,281
SU1314,Rossiya,2024-06-27,03:04,191
SU575,Azimuth,2024-10-02,23:20,233
SU7203,Yakutia,2024-03-16,22:01,326
SU1342,Nordavia,2024-11-27,16:35,201
SU9425,Aeroflot,2024-09-02,00:11,244
SU3170,Nordavia,2024-05-04,18:54,240
SU1014,Ural Airlines,2024-06-19,03:48,166
SU199,S7 Airlines,2024-06-21,00:19,87
SU9649,Rossiya,2024-11-07,05:29,234
SU6541,Aeroflot,2024-10-10,05:52,319
SU991,Rossiya,2024-02-22,04:24,184
SU8411,Pobeda,2024-06-20,17:40,290
SU827,Aeroflot,2024-01-12,21:01,312
SU9511,Rossiya,2024-01-15,14:58,267
SU3576,Red Wings,2024-05-14,08:04,234
SU8354,Red Wings,2024-12-11,07:37,283
SU4239,Azimuth,2024-12-03,00:35,142
SU1032,UTair,2024-05-04,08:06,326
SU6403,Nordavia,2024-03-08,00:46,336
SU8289,Red Wings,2024-12-01,13:47,223
SU1132,Nordavia,2024-09-25,13:19,276
SU799,Aeroflot,2024-09-23,18:22,91
SU5890,Nordavia,2024-05-15,22:52,305
SU678,Yakutia,2024-05-11,19:34,196
SU3154,Pobeda,2024-05-02,02:53,303
SU7182,S7 Airlines,2024-01-10,12:13,172
SU2427,Aeroflot,2024-08-14,23:39,280
SU8690,Yakutia,2024-05-23,21:32,338
SU2941,UTair,2024-12-06,17:34,254
SU6851,Ural Airlines,2024-01-14,03:07,108
SU7037,Red Wings,2024-09-28,22:31,271
SU7902,Yakutia,2024-08-10,10:03,317
SU1330,Red Wings,2024-10-01,20:38,169
SU7052,S7 Airlines,2024-03-12,21:05,277
SU7015,Pobeda,2024-04-21,00:34,308
SU211,Red Wings,2024-08-15,21:47,111
SU7893,Ural Airlines,2024-08-10,18:25,110
SU4706,Aeroflot,2024-09-05,15:36,92
SU8327,Ural Airlines,2024-03-27,00:33,189
SU7298,Pobeda,2024-02-23,06:55,325
SU1482,S7 Airlines,2024-07-17,18:57,221
SU2475,UTair,2024-12-21,16:16,237
SU3532,Azimuth,2024-04-19,13:15,350
SU6818,Pobeda,2024-01-24,22:22,155
SU4648,S7 Airlines,2024-12-11,07:53,277
SU1510,Nordavia,2024-03-26,02:21,208
SU5203,Nordavia,2024-04-10,03:02,231
SU4086,Azimuth,2024-09-24,10:35,291
SU8833,Ural Airlines,2024-05-07,22:59,218
SU6263,Yakutia,2024-07-27,19:35,161
SU4889,Azimuth,2024-02-14,03:36,96
SU4997,S7 Airlines,2024-04-15,18:25,254
SU4847,Ural Airlines,2024-07-22,14:30,64
SU1157,Azimuth,2024-11-01,08:43,181
SU5646,S7 Airlines,2024-05-08,13:48,102
SU3012,Pobeda,2024-09-02,00:58,208
SU2388,S7 Airlines,2024-07-21,21:51,204
SU2753,Azimuth,2024-08-09,04:04,70
SU6172,Rossiya,2024-09-10,08:17,278
SU5891,Yakutia,2024-09-05,09:16,84
SU1448,S7 Airlines,2024-01-07,09:03,68
SU267,Pobeda,2024-11-12,04:16,257
SU8748,Nordavia,2024-02-17,11:38,285
SU1029,Yakutia,2024-05-21,05:50,276
SU6987,Azimuth,2024-06-26,17:53,194
SU8345,Ural Airlines,2024-07-06,14:31,57
SU9481,Pobeda,2024-04-21,20:15,299
SU7794,Ural Airlines,2024-02-22,03:37,303
SU9176,UTair,2024-07-02,23:29,206
SU4322,S7 Airlines,2024-03-24,17:17,229
SU757,Yakutia,2024-03-01,19:01,225
SU5588,Ural Airlines,2024-06-21,06:07,168
SU4401,Yakutia,2024-11-18,01:09,327
SU9076,Nordavia,2024-12-26,21:12,235
SU4580,Aeroflot,2024-09-05,22:45,333
SU3189,Rossiya,2024-12-09,02:24,336
SU1986,Nordavia,2024-02-16,23:26,236
SU3444,UTair,2024-05-11,03:15,269
SU2613,Rossiya,2024-07-25,12:32,314
SU5652,Nordavia,2024-03-08,14:26,177
SU1693,Ural Airlines,2024-04-24,00:05,286
SU9899,Red Wings,2024-04-20,11:29,231
SU753,Azimuth,2024-07-01,03:53,219
SU9604,S7 Airlines,2024-06-26,19:23,261
SU8882,Azimuth,2024-07-11,09:28,326
SU2003,Rossiya,2024-07-21,01:38,272
SU2104,Pobeda,2024-08-26,20:10,267
SU2085,Aeroflot,2024-05-04,02:44,149
SU9753,Yakutia,2024-01-02,07:56,203
SU3439,Ural Airlines,2024-01-21,05:22,175
SU4727,Red Wings,2024-10-20,19:00,152
SU2573,Nordavia,2024-03-27,11:04,170
SU531,Ural Airlines,2024-05-10,00:20,338
SU3257,UTair,2024-06-25,02:35,154
SU746,S7 Airlines,2024-11-21,00:14,271
SU8421,Rossiya,2024-08-06,22:42,297
SU9129,Azimuth,2024-09-11,04:11,194
SU2829,Yakutia,2024-04-03,11:44,323
SU3656,Nordavia,2024-03-01,22:33,235
SU9456,Ural Airlines,2024-12-07,02:20,115
SU616,Ural Airlines,2024-06-13,13:21,170
SU659,Rossiya,2024-06-25,01:14,73
SU2777,Ural Airlines,2024-02-20,19:07,185
SU2972,Nordavia,2024-05-02,17:28,241
SU2160,Azimuth,2024-08-19,13:41,138
SU5718,Pobeda,2024-01-20,04:56,58
SU3114,Rossiya,2024-10-12,09:42,250
SU4887,Rossiya,2024-12-12,02:00,338
SU3696,Nordavia,2024-06-21,17:45,238
SU1533,Azimuth,2024-07-20,19:47,86
SU5800,Aeroflot,2024-05-01,16:03,332
SU499,Yakutia,2024-09-15,09:25,62
SU9946,S7 Airlines,2024-06-17,18:49,179
SU9859,UTair,2024-12-20,01:03,121
SU8189,S7 Airlines,2024-11-22,20:44,197
SU738,Aeroflot,2024-11-25,10:30,265
SU6711,Aeroflot,2024-09-22,02:56,72
SU5938,Nordavia,2024-03-05,18:48,146
SU709,Azimuth,2024-12-20,06:15,193
SU528,Nordavia,2024-08-21,23:50,235
SU3978,Pobeda,2024-12-02,06:06,346
SU4926,UTair,2024-08-15,12:03,183
SU7435,Azimuth,2024-09-22,15:46,202
SU9511,Ural Airlines,2024-04-24,12:29,165
SU3132,Rossiya,2024-03-20,20:11,124
SU7408,UTair,2024-08-05,19:03,320
SU2184,UTair,2024-10-03,01:34,104
SU8724,Red Wings,2024-12-09,12:07,134
SU3781,Ural Airlines,2024-04-10,01:02,132
SU9041,Pobeda,2024-09-28,14:02,90
SU5308,Red Wings,2024-04-02,04:06,307
SU3497,UTair,2024-04-08,21:46,103
SU6580,S7 Airlines,2024-02-21,21:35,337
SU5767,Red Wings,2024-01-27,14:07,191
SU7702,Aeroflot,2024-01-09,17:20,247
SU4615,Azimuth,2024-08-11,12:34,51
SU1212,Pobeda,2024-04-03,01:32,196
SU5169,Red Wings,2024-05-25,06:51,347
SU9322,UTair,2024-02-05,00:46,158
SU5023,Aeroflot,2024-02-16,12:08,291
SU2006,Aeroflot,2024-02-23,06:53,176
SU2393,Aeroflot,2024-07-09,16:37,71
SU8281,Red Wings,2024-02-09,13:59,93
SU2049,UTair,2024-06-25,09:34,278
SU3693,S7 Airlines,2024-02-04,06:01,282
SU7908,UTair,2024-08-21,05:19,287
SU8150,Rossiya,2024-10-10,02:08,99
SU5273,UTair,2024-01-24,00:16,244
SU5917,Yakutia,2024-11-04,17:22,121
SU613,Pobeda,2024-03-20,13:58,307
SU8682,UTair,2024-02-03,10:17,316
SU6677,Nordavia,2024-03-09,22:13,136
SU131,Rossiya,2024-08-10,00:54,181
SU3547,UTair,2024-10-26,23:22,346
SU9566,Red Wings,2024-03-26,07:35,264
SU9055,Aeroflot,2024-06-27,02:43,250
SU6621,Ural Airlines,2024-12-01,04:26,62
SU8776,UTair,2024-01-05,07:17,297
SU6631,Nordavia,2024-05-09,13:10,69
SU1492,Azimuth,2024-09-12,09:23,155
SU5056,Nordavia,2024-08-04,05:11,108
SU288,Red Wings,2024-08-13,13:16,249
SU2518,Red Wings,2024-02-19,12:27,270
SU4328,Red Wings,2024-11-09,20:08,225
SU3529,UTair,2024-08-13,23:59,59
SU7925,UTair,2024-04-14,00:23,286
SU1152,Ural Airlines,2024-11-23,08:05,95
SU5287,Aeroflot,2024-11-21,08:58,247
SU6813,Yakutia,2024-02-09,02:15,174
SU1818,Pobeda,2024-08-04,22:50,184
SU5475,Rossiya,2024-11-12,11:20,236
SU1704,Rossiya,2024-10-18,22:51,277
SU761,Nordavia,2024-08-23,16:50,305
SU2614,Pobeda,2024-01-10,04:56,110
SU805,Pobeda,2024-12-03,18:29,236
SU6117,Azimuth,2024-10-08,16:53,259
SU5946,Rossiya,2024-10-28,11:34,142
SU1166,S7 Airlines,2024-03-13,09:33,87
SU7831,Yakutia,2024-06-08,15:20,292
SU5560,Nordavia,2024-09-05,14:51,58
SU9347,Rossiya,2024-12-04,22:20,335
SU3625,Red Wings,2024-02-05,21:38,302
SU3978,Yakutia,2024-03-06,08:54,297
SU1963,Rossiya,2024-10-27,02:12,134
SU9313,S7 Airlines,2024-01-06,04:18,162
SU7583,Aeroflot,2024-10-20,10:16,236
SU9237,Pobeda,2024-09-15,18:32,159
SU9206,Ural Airlines,2024-04-27,14:07,88
SU5489,Rossiya,2024-11-02,08:16,220
SU2392,Rossiya,2024-07-02,17:41,147
SU5900,Red Wings,2024-05-17,13:20,233
SU6048,Rossiya,2024-03-01,01:17,256
SU797,Aeroflot,2024-10-05,22:10,204
SU8979,Yakutia,2024-03-25,14:53,218
SU7725,Ural Airlines,2024-03-27,15:51,148
SU5215,Red Wings,2024-09-09,08:24,206
SU2126,Aeroflot,2024-12-22,19:05,300
SU2940,Red Wings,2024-04-10,05:01,131
SU9622,Red Wings,2024-02-01,21:04,129
SU5514,Ural Airlines,2024-06-08,00:59,293
SU9861,Ural Airlines,2024-04-10,15:37,65
SU9761,Rossiya,2024-04-07,08:32,217
SU4537,Ural Airlines,2024-03-04,05:31,226
SU8632,Azimuth,2024-06-03,23:35,162
SU3392,Aeroflot,2024-11-26,00:59,137
SU1880,Red Wings,2024-01-28,21:26,71
SU2570,Aeroflot,2024-11-25,14:54,281
SU2274,Ural Airlines,2024-08-12,11:49,224
SU6177,Ural Airlines,2024-08-22,17:08,320
SU2454,Yakutia,2024-09-20,22:35,317
SU1776,Red Wings,2024-12-17,15:57,277
SU9746,S7 Airlines,2024-09-22,22:06,291
SU7486,Rossiya,2024-01-12,00:22,220
SU3831,Azimuth,2024-02-28,05:51,256
SU8803,UTair,2024-08-05,02:22,127
SU450,Pobeda,2024-09-12,21:43,173
SU1126,UTair,2024-03-02,21:10,280
SU595,Red Wings,2024-09-27,14:58,132
SU7459,Rossiya,2024-02-24,16:52,191
SU8421,Pobeda,2024-11-15,00:58,63
SU4091,Rossiya,2024-02-28,19:17,58
SU4121,Yakutia,2024-03-08,03:20,209
SU9414,Ural Airlines,2024-12-05,10:58,269
SU3353,Azimuth,2024-08-08,04:52,229
SU4313,Azimuth,2024-06-16,12:51,162
SU3662,UTair,2024-01-07,07:55,259
SU4681,Azimuth,2024-02-07,20:18,323
SU5149,Pobeda,2024-03-19,03:03,281
SU2643,Ural Airlines,2024-07-01,02:00,111
SU1284,Ural Airlines,2024-11-16,15:58,284
SU9684,S7 Airlines,2024-12-10,16:22,190
SU8047,Ural Airlines,2024-01-10,10:01,108
SU8045,Red Wings,2024-04-02,01:05,250
SU2932,Azimuth,2024-08-19,23:46,246
SU8873,Nordavia,2024-04-08,06:54,277
SU773,Ural Airlines,2024-08-10,03:52,332
SU7660,UTair,2024-09-11,05:12,338
SU7612,Ural Airlines,2024-07-07,20:04,160
SU3448,Red Wings,2024-05-28,10:47,183
SU6782,Red Wings,2024-08-25,00:55,252
SU3809,Ural Airlines,2024-11-14,14:21,96
SU3867,S7 Airlines,2024-03-19,10:35,155
SU3066,Nordavia,2024-11-18,01:02,196
SU2037,UTair,2024-01-23,18:52,214
SU3131,Aeroflot,2024-02-02,02:19,277
SU5524,Red Wings,2024-04-28,14:31,217
SU4924,Yakutia,2024-12-10,05:10,86
SU8815,Ural Airlines,2024-11-25,18:49,294
SU3037,Azimuth,2024-01-07,03:56,282
SU3490,Nordavia,2024-10-04,21:12,193
SU4535,Azimuth,2024-09-26,20:53,183
SU1229,Pobeda,2024-06-28,04:46,241
SU9559,Azimuth,2024-01-03,15:14,173
SU9579,Yakutia,2024-08-19,10:21,116
SU9701,Nordavia,2024-04-15,03:31,158
SU6955,Aeroflot,2024-12-16,11:45,192
SU2694,Aeroflot,2024-11-23,09:52,155
SU7269,Red Wings,2024-03-03,12:07,270
SU8545,Ural Airlines,2024-09-02,06:54,216
SU8840,UTair,2024-11-27,11:28,285
SU9135,Nordavia,2024-11-23,23:11,69
SU4249,Azimuth,2024-01-13,12:59,193
SU8344,Azimuth,2024-08-01,17:40,220
SU3585,S7 Airlines,2024-08-04,19:11,62
SU6346,Rossiya,2024-10-28,01:18,117
SU1033,Azimuth,2024-07-12,09:37,189
SU5339,Nordavia,2024-12-15,16:58,306
SU9334,Rossiya,2024-11-23,22:50,300
SU3542,Red Wings,2024-03-02,15:38,232
SU5513,Ural Airlines,2024-08-06,22:23,180
SU5567,Aeroflot,2024-05-14,08:58,250
SU2895,S7 Airlines,2024-01-21,10:35,304
SU1314,Rossiya,2024-02-07,23:21,83
SU8808,Aeroflot,2024-11-06,01:43,294
SU7898,Pobeda,2024-07-12,04:29,179
SU9563,Red Wings,2024-11-11,09:11,201
SU1677,Pobeda,2024-05-17,14:44,329
SU3982,Yakutia,2024-09-01,21:28,200
SU3910,Ural Airlines,2024-08-07,21:52,143
SU6729,UTair,2024-09-05,12:23,248
SU7316,Aeroflot,2024-10-21,11:58,162
SU8003,Azimuth,2024-01-15,16:57,239
SU5214,Red Wings,2024-05-23,20:35,330
SU859,Pobeda,2024-09-09,01:32,109
SU7901,Pobeda,2024-03-20,06:20,100
SU4967,Aeroflot,2024-06-21,05:29,318
SU515,UTair,2024-03-24,14:36,105
SU4518,Aeroflot,2024-03-19,14:16,144
SU4430,UTair,2024-06-22,18:02,156
SU1842,Pobeda,2024-12-25,14:12,245
SU1279,Red Wings,2024-01-18,07:50,262
SU8642,Azimuth,2024-11-08,21:32,228
SU6088,S7 Airlines,2024-01-21,15:11,327
SU6550,Ural Airlines,2024-08-05,21:45,52
SU2410,UTair,2024-08-24,01:03,265
SU9077,Rossiya,2024-05-17,09:45,185
SU8971,Nordavia,2024-08-15,17:06,195
SU3378,S7 Airlines,2024-11-27,18:29,249
SU1215,Rossiya,2024-11-26,10:27,208
SU8632,UTair,2024-04-06,00:22,276
SU423,UTair,2024-08-10,22:49,342
SU3699,Yakutia,2024-10-19,07:07,268
SU8047,Pobeda,2024-04-12,04:16,287
SU818,Pobeda,2024-03-25,22:04,166
SU3130,Aeroflot,2024-10-04,06:22,89
SU2290,Rossiya,2024-09-28,17:33,89
SU3816,Aeroflot,2024-04-22,20:10,321
SU3078,S7 Airlines,2024-01-12,20:59,92
SU7577,Pobeda,2024-02-25,09:36,208
SU4245,Rossiya,2024-06-25,12:42,121
SU1281,Nordavia,2024-10-11,12:38,126
SU674,Aeroflot,2024-10-11,08:50,333
SU7671,Azimuth,2024-07-15,17:48,138
SU1018,S7 Airlines,2024-03-19,17:32,293
SU7556,S7 Airlines,2024-08-13,21:09,141
SU8207,S7 Airlines,2024-06-20,17:56,328
SU388,UTair,2024-09-09,21:09,223
SU3574,Yakutia,2024-07-20,23:18,87
SU192,Aeroflot,2024-10-21,14:58,287
SU460,S7 Airlines,2024-05-11,10:45,221
SU5840,Pobeda,2024-12-09,05:33,209
SU5800,Yakutia,2024-03-16,17:24,335
SU9280,S7 Airlines,2024-03-03,15:11,98
SU9270,Azimuth,2024-03-10,04:49,53
SU8458,Pobeda,2024-01-10,12:22,248
SU3899,Yakutia,2024-04-04,16:06,237
SU6334,Yakutia,2024-08-28,09:59,278
SU6104,Pobeda,2024-02-24,07:11,277
SU2583,Ural Airlines,2024-08-13,18:27,274
SU2743,Red Wings,2024-02-13,19:50,288
SU9582,Yakutia,2024-08-19,14:28,133
SU5681,UTair,2024-05-16,13:36,172
SU5652,UTair,2024-12-17,15:04,298
SU7446,Aeroflot,2024-08-27,18:01,256
SU2319,UTair,2024-11-24,00:09,232
SU8439,Nordavia,2024-05-17,13:14,143
SU3190,Ural Airlines,2024-03-22,01:49,255
SU388,Nordavia,2024-11-17,19:18,99
SU6371,S7 Airlines,2024-05-20,16:43,224
SU3849,Pobeda,2024-02-24,01:08,245
SU4622,Red Wings,2024-11-26,12:25,324
SU811,Red Wings,2024-06-13,04:41,62
SU8385,Aeroflot,2024-09-10,10:20,291
SU4643,Nordavia,2024-03-19,14:29,230
SU5603,Azimuth,2024-07-08,10:33,299
SU6562,Pobeda,2024-07-19,11:22,309
SU1351,Rossiya,2024-08-19,15:43,97
SU4013,UTair,2024-12-22,17:19,64
SU8938,Yakutia,2024-05-17,19:12,157
SU2131,Rossiya,2024-02-15,16:36,156
SU4688,Rossiya,2024-02-11,11:34,188
SU7014,S7 Airlines,2024-04-11,20:37,300
SU4764,Ural Airlines,2024-03-21,07:44,129
SU5411,Red Wings,2024-03-21,02:09,85
SU5824,UTair,2024-05-14,06:33,262
SU9645,Nordavia,2024-03-09,08:08,285
SU5113,Rossiya,2024-08-22,04:34,144
SU3606,Ural Airlines,2024-11-13,05:30,92
SU9268,Rossiya,2024-05-04,02:20,152
SU2863,Aeroflot,2024-06-09,08:06,59
SU9426,UTair,2024-08-22,02:56,223
SU8934,Ural Airlines,2024-12-01,05:53,315
SU9277,Ural Airlines,2024-09-25,06:54,279
SU9774,Aeroflot,2024-08-01,11:00,306
SU2592,Pobeda,2024-02-16,05:54,340
SU2368,Aeroflot,2024-10-28,15:35,221
SU9346,Nordavia,2024-11-22,02:35,224
SU1579,Ural Airlines,2024-02-23,02:00,309
SU5544,UTair,2024-04-04,18:21,131
SU5767,Ural Airlines,2024-09-23,21:47,105
SU5603,Azimuth,2024-04-17,16:50,244
SU9823,Red Wings,2024-01-23,02:50,160
SU8937,Azimuth,2024-10-07,21:56,78
SU4912,UTair,2024-03-20,23:58,219
SU1810,UTair,2024-08-04,07:54,254
SU9305,UTair,2024-11-17,06:23,138
SU4500,Aeroflot,2024-04-11,06:22,197
SU4363,UTair,2024-05-24,10:34,295
SU4529,Yakutia,2024-07-12,18:31,80
SU9936,Nordavia,2024-07-17,15:18,251
SU3937,Pobeda,2024-03-08,18:37,213
SU3599,Pobeda,2024-03-10,22:49,177
SU1745,Rossiya,2024-04-12,23:50,274
SU3985,Rossiya,2024-09-21,11:10,193
SU282,Pobeda,2024-06-24,01:44,225
SU4871,UTair,2024-02-01,00:14,139
SU6762,Rossiya,2024-08-02,12:07,129
SU6273,Yakutia,2024-12-09,17:40,73
SU3529,Azimuth,2024-01-24,13:12,101
SU877,Aeroflot,2024-09-23,17:28,265
SU7639,Pobeda,2024-04-04,08:26,319
SU2268,UTair,2024-08-18,22:01,169
SU7368,Azimuth,2024-04-03,01:00,176
SU6362,Rossiya,2024-12-22,16:17,108
SU8053,S7 Airlines,2024-08-02,10:48,264
SU4189,UTair,2024-09-14,16:21,267
SU6395,S7 Airlines,2024-10-11,16:28,56
SU4685,Rossiya,2024-03-07,00:36,58
SU6277,Red Wings,2024-06-17,21:27,288
SU2764,Rossiya,2024-09-02,15:01,172
SU1792,Aeroflot,2024-08-14,20:57,59
SU5543,Pobeda,2024-08-25,22:47,119
SU4702,Azimuth,2024-05-03,21:49,136
SU3290,UTair,2024-02-25,02:22,222
SU7016,Aeroflot,2024-03-04,20:51,68
SU809,Aeroflot,2024-05-23,08:18,344
SU2780,Pobeda,2024-04-16,06:41,57
SU2487,S7 Airlines,2024-09-23,16:25,222
SU4375,Pobeda,2024-12-24,04:01,213
SU6875,Pobeda,2024-02-19,09:37,257
SU659,Pobeda,2024-12-28,13:50,297
SU1168,Aeroflot,2024-12-23,18:15,260
SU1558,Red Wings,2024-03-15,07:36,215
SU4306,Pobeda,2024-11-06,13:23,187
SU9092,UTair,2024-03-25,15:33,208
SU2456,Rossiya,2024-05-09,00:54,281
SU6887,Azimuth,2024-10-07,23:54,350
SU8776,Ural Airlines,2024-07-12,14:04,246
SU3133,Red Wings,2024-06-16,21:50,206
SU8305,Nordavia,2024-03-06,02:35,299
SU823,UTair,2024-07-05,21:02,290
SU3886,Aeroflot,2024-10-05,16:20,334
SU9912,Red Wings,2024-05-16,08:51,265
SU2599,Red Wings,2024-09-25,06:12,114
SU6097,Yakutia,2024-10-15,21:34,219
SU8430,Aeroflot,2024-08-11,20:26,160
SU6156,UTair,2024-11-24,12:36,212
SU8610,Ural Airlines,2024-05-16,06:58,159
SU7418,Aeroflot,2024-05-13,03:25,259
SU1854,Ural Airlines,2024-05-27,04:12,136
SU6808,S7 Airlines,2024-01-27,13:52,232
SU7866,Aeroflot,2024-02-08,23:04,268
SU2827,Rossiya,2024-08-25,18:58,258
SU307,S7 Airlines,2024-04-15,11:16,288
SU7066,Red Wings,2024-10-21,17:35,90
SU9022,S7 Airlines,2024-02-25,15:47,109
SU3590,Rossiya,2024-07-16,22:05,205
SU2742,Pobeda,2024-06-16,01:43,248
SU1959,Rossiya,2024-05-02,20:20,125
SU9173,Yakutia,2024-11-24,05:26,148
SU3672,UTair,2024-04-02,06:27,172
SU4227,Red Wings,2024-07-26,18:07,344
SU1247,Rossiya,2024-02-17,21:44,108
SU281,UTair,2024-03-05,10:10,306
SU5906,UTair,2024-01-28,20:00,237
SU6302,Aeroflot,2024-09-26,12:19,205
SU7903,Pobeda,2024-04-26,00:04,235
SU4030,Yakutia,2024-05-13,21:49,93
SU4740,S7 Airlines,2024-04-14,12:55,223
SU839,Aeroflot,2024-05-12,04:28,72
SU8409,Azimuth,2024-12-22,03:10,231
SU6342,Red Wings,2024-03-18,10:55,202
SU2424,S7 Airlines,2024-06-20,19:24,161
SU5011,Red Wings,2024-05-05,12:54,305
SU4950,Yakutia,2024-03-28,11:25,125
SU1997,Azimuth,2024-01-14,19:38,115
SU1922,Rossiya,2024-11-16,18:53,73
SU910,S7 Airlines,2024-09-02,04:58,108
SU8979,Azimuth,2024-02-03,11:04,124
SU1485,Rossiya,2024-09-05,00:55,225
SU7525,Aeroflot,2024-02-07,15:32,116
SU5164,S7 Airlines,2024-09-11,06:19,219
SU6974,Red Wings,2024-06-22,20:52,62
SU1617,Rossiya,2024-01-23,23:36,151
SU4219,Pobeda,2024-09-11,11:24,64
SU2206,Pobeda,2024-02-15,08:02,164
SU7907,Yakutia,2024-08-02,12:54,84
SU814,Aeroflot,2024-12-11,01:21,197
SU6366,Azimuth,2024-05-11,17:05,201
SU7146,Aeroflot,2024-11-03,01:27,167
SU7048,Pobeda,2024-11-28,14:57,156
SU2152,UTair,2024-03-23,20:39,335
SU4390,Azimuth,2024-01-02,08:03,176
SU2696,Pobeda,2024-04-23,02:47,255
SU1489,Azimuth,2024-03-12,11:18,299
SU1308,Ural Airlines,2024-03-22,01:25,256
SU2449,S7 Airlines,2024-03-16,08:02,192
SU1401,Aeroflot,2024-11-06,02:03,260
SU7201,Yakutia,2024-04-13,01:13,140
SU185,Azimuth,2024-07-10,12:53,107
SU6784,Yakutia,2024-04-22,07:02,170
SU5717,Yakutia,2024-08-26,07:47,116
SU877,Rossiya,2024-07-15,22:16,92
SU2472,Nordavia,2024-07-16,15:20,245
SU2344,UTair,2024-08-14,02:43,104
SU4248,Rossiya,2024-09-28,12:41,218
SU619,Nordavia,2024-02-01,14:47,322
SU2806,Yakutia,2024-07-05,06:11,325
SU266,Yakutia,2024-10-01,17:38,273
SU6080,Yakutia,2024-07-21,09:21,215
SU7770,Yakutia,2024-08-16,23:43,333
SU8938,Rossiya,2024-11-15,06:54,77
SU2937,Pobeda,2024-01-19,03:07,224
SU7070,Red Wings,2024-07-06,02:16,252
SU2231,Yakutia,2024-07-14,14:40,307
SU7963,Ural Airlines,2024-12-08,13:13,127
SU4169,Azimuth,2024-09-20,13:20,235
SU4181,Rossiya,2024-01-01,18:26,87
SU6811,Red Wings,2024-02-09,12:00,235
SU5259,Pobeda,2024-10-07,11:41,328
SU8671,Rossiya,2024-05-07,20:58,93
SU1462,Ural Airlines,2024-04-05,23:33,236
SU9000,Ural Airlines,2024-02-09,23:09,93
SU3738,Yakutia,2024-01-08,07:55,304
SU3563,Red Wings,2024-08-11,21:01,161
SU8239,Red Wings,2024-09-12,22:32,332
SU991,UTair,2024-05-24,06:48,88
SU2122,UTair,2024-11-28,19:14,134
SU1820,Yakutia,2024-04-27,20:48,183
SU4991,Yakutia,2024-10-08,03:41,98
SU6835,Yakutia,2024-02-21,11:24,300
SU2731,Nordavia,2024-01-14,19:31,169
SU7314,Nordavia,2024-07-06,18:58,265
SU4013,S7 Airlines,2024-03-25,03:29,142
SU4864,Pobeda,2024-05-09,22:29,305
SU6506,Nordavia,2024-11-14,17:30,261
SU6185,Yakutia,2024-07-26,15:39,151
SU2141,Red Wings,2024-10-03,05:28,149
SU254,Nordavia,2024-07-28,14:55,164
SU1025,Rossiya,2024-10-28,03:13,327
SU6009,Pobeda,2024-01-12,06:09,201
SU4033,Ural Airlines,2024-05-08,14:08,128
SU907,Aeroflot,2024-12-24,20:35,59
SU5023,UTair,2024-09-08,02:33,236
SU320,S7 Airlines,2024-08-25,23:02,82
SU5387,Rossiya,2024-08-20,20:45,78
SU7644,Azimuth,2024-07-01,08:45,312
SU1104,Ural Airlines,2024-01-16,00:49,266
SU6169,Nordavia,2024-02-01,11:24,72
SU893,Azimuth,2024-12-02,18:09,94
SU5426,Azimuth,2024-05-01,10:09,253
SU5803,Rossiya,2024-06-18,16:19,243
SU3431,Aeroflot,2024-05-23,02:16,107
SU426,Rossiya,2024-09-12,04:40,183
SU370,Nordavia,2024-11-26,01:10,51
SU8577,S7 Airlines,2024-10-11,13:03,238
SU9538,Pobeda,2024-03-08,05:19,106
SU5949,Yakutia,2024-12-12,16:46,144
SU7685,Azimuth,2024-08-09,05:44,83
SU9418,UTair,2024-06-15,20:32,85
SU7153,Ural Airlines,2024-07-07,01:18,270
SU4254,Nordavia,2024-05-14,13:08,103
SU3544,Pobeda,2024-12-27,21:03,229
SU3521,Nordavia,2024-10-19,05:16,174
SU5679,Rossiya,2024-02-10,20:43,140
SU6549,S7 Airlines,2024-11-18,02:54,302
SU5920,Pobeda,2024-05-24,18:04,278
SU3787,S7 Airlines,2024-04-08,11:39,230
SU5325,Aeroflot,2024-11-08,17:58,72
SU6726,Red Wings,2024-07-18,10:39,295
SU520,UTair,2024-07-25,13:45,261
SU6075,Red Wings,2024-10-18,23:24,235
SU3876,Azimuth,2024-11-12,18:59,155
SU2959,Red Wings,2024-05-04,03:50,307
SU4925,UTair,2024-10-19,10:19,213
SU9929,Ural Airlines,2024-01-26,16:32,147
SU1241,Red Wings,2024-12-08,02:28,323
SU4368,Aeroflot,2024-04-04,14:44,139
SU567,Red Wings,2024-04-18,21:12,175
SU4320,Pobeda,2024-11-20,21:43,174
SU552,S7 Airlines,2024-05-04,21:26,110
SU2762,Azimuth,2024-06-06,18:35,300
SU3636,S7 Airlines,2024-08-19,20:07,296
SU5257,Aeroflot,2024-06-05,12:38,254
SU5014,Nordavia,2024-05-04,18:42,301
SU8372,S7 Airlines,2024-08-21,16:28,323
SU9374,Pobeda,2024-09-26,05:51,165
SU7696,Rossiya,2024-10-22,22:04,314
SU3701,UTair,2024-07-27,08:40,76
SU1821,Aeroflot,2024-02-22,06:28,133
SU8753,Pobeda,2024-06-12,19:09,344
SU3507,Ural Airlines,2024-12-10,13:25,258
SU9412,Ural Airlines,2024-12-27,04:01,125
SU9185,Pobeda,2024-09-14,18:49,148
SU1880,Aeroflot,2024-02-06,12:37,101
SU4595,Ural Airlines,2024-05-27,20:11,137
SU8260,S7 Airlines,2024-04-25,23:30,298
SU7323,Aeroflot,2024-09-04,13:52,328
SU138,Ural Airlines,2024-08-03,19:46,53
SU5104,Red Wings,2024-08-20,22:24,88
SU2181,Aeroflot,2024-01-22,14:47,122
SU6210,Rossiya,2024-05-16,12:47,302
SU1040,Red Wings,2024-11-14,09:42,90
SU2815,Ural Airlines,2024-11-28,20:18,258
SU8949,Ural Airlines,2024-08-02,01:46,338
SU5614,Ural Airlines,2024-09-04,16:11,139
SU6686,UTair,2024-12-07,22:39,136
SU7886,S7 Airlines,2024-04-24,15:19,187
SU5270,UTair,2024-11-12,12:35,338
SU1278,Rossiya,2024-04-26,22:00,284
SU4867,Aeroflot,2024-08-12,21:16,114
SU9871,Aeroflot,2024-04-20,16:14,299
SU1288,UTair,2024-09-08,03:32,291
SU5574,Nordavia,2024-11-21,12:14,337
SU6206,Aeroflot,2024-04-22,14:16,64
SU2916,Rossiya,2024-03-12,04:01,329
SU3044,Red Wings,2024-04-19,22:29,345
SU6490,Aeroflot,2024-12-23,13:54,65
SU4903,Nordavia,2024-07-13,21:12,242
SU1976,Aeroflot,2024-09-06,06:33,296
SU661,Aeroflot,2024-07-09,02:34,87
SU2231,Ural Airlines,2024-10-26,11:12,272
SU5712,UTair,2024-06-18,00:17,137
SU4529,Nordavia,2024-03-20,13:57,181
SU5300,Azimuth,2024-03-22,17:16,241
SU9696,Nordavia,2024-08-17,08:50,301
SU2644,Rossiya,2024-05-25,01:07,142
SU906,Red Wings,2024-01-07,00:00,305
SU2361,Nordavia,2024-07-23,00:52,269
SU4129,Rossiya,2024-12-21,15:49,183
SU9485,Rossiya,2024-10-01,17:05,127
SU7541,S7 Airlines,2024-11-15,16:51,221
SU5127,Rossiya,2024-02-24,14:28,82
SU5519,Red Wings,2024-01-22,19:16,80
SU5103,Yakutia,2024-12-26,09:52,292
SU409,S7 Airlines,2024-07-21,18:15,81
SU8637,Azimuth,2024-09-26,23:34,266
SU110,Red Wings,2024-07-25,02:44,210
SU8935,S7 Airlines,2024-09-14,20:50,89
SU2217,Red Wings,2024-02-08,11:06,308
SU9149,Nordavia,2024-04-20,07:19,287
SU5079,Rossiya,2024-11-18,22:06,112
SU4153,Nordavia,2024-06-05,22:47,308
SU3572,Aeroflot,2024-07-28,02:01,85
SU3271,Pobeda,2024-11-14,23:50,287
SU8226,S7 Airlines,2024-04-28,23:06,342
SU259,Azimuth,2024-09-24,09:26,134
SU2425,S7 Airlines,2024-02-13,03:53,76
SU4981,Aeroflot,2024-09-22,16:30,80
SU9398,Yakutia,2024-10-16,14:25,217
SU3664,Aeroflot,2024-09-19,01:59,127
SU6804,Aeroflot,2024-06-19,00:35,99
SU324,S7 Airlines,2024-08-21,04:19,263
SU2053,Ural Airlines,2024-12-09,09:33,287
SU5329,Rossiya,2024-12-28,05:55,104
SU1729,Pobeda,2024-08-06,15:04,245
SU4115,UTair,2024-09-19,06:26,98
SU4966,Rossiya,2024-04-09,00:25,308
SU4552,Pobeda,2024-03-23,02:53,188
SU8245,Red Wings,2024-12-14,16:34,55
SU5020,Yakutia,2024-06-25,09:02,94
SU6560,Pobeda,2024-10-27,22:50,87
SU7663,Ural Airlines,2024-04-05,13:53,277
SU1188,Ural Airlines,2024-09-16,17:52,273
SU1326,Yakutia,2024-04-03,20:54,219
SU9257,Yakutia,2024-06-12,22:31,53
SU4044,S7 Airlines,2024-04-21,04:50,213
SU2612,Aeroflot,2024-01-28,12:24,141
SU6597,Rossiya,2024-08-02,20:23,301
SU9672,Red Wings,2024-08-23,07:11,174
SU8843,Aeroflot,2024-11-01,01:11,319
SU3003,Ural Airlines,2024-04-14,02:05,188
SU5614,Yakutia,2024-05-08,06:07,55
SU676,Yakutia,2024-11-21,11:41,317
SU7578,Ural Airlines,2024-10-09,14:11,132
SU2498,Nordavia,2024-11-22,11:37,124
SU2683,Pobeda,2024-02-20,06:50,115
SU5643,Nordavia,2024-06-25,09:23,126
SU6521,Pobeda,2024-04-09,05:45,346
SU854,Red Wings,2024-07-21,16:16,192
SU358,Aeroflot,2024-07-15,12:15,104
SU7977,UTair,2024-11-08,07:09,142
SU1709,Pobeda,2024-12-28,07:46,243
SU5727,Nordavia,2024-09-21,03:49,305
SU4911,Rossiya,2024-04-11,08:31,146
SU458,Red Wings,2024-06-11,12:00,156
SU8638,Rossiya,2024-05-07,06:40,335
SU6894,Azimuth,2024-01-03,22:04,262
SU4739,Yakutia,2024-10-22,15:30,200
SU8758,Red Wings,2024-07-06,05:06,198
SU7002,Yakutia,2024-07-26,04:16,197
SU6187,Red Wings,2024-01-18,15:01,307
SU9921,Azimuth,2024-04-26,15:23,220
SU2047,UTair,2024-05-17,14:04,320
SU8165,Red Wings,2024-11-12,22:43,140
SU8689,UTair,2024-12-20,07:42,334
SU6156,Ural Airlines,2024-07-20,19:24,148
SU3738,S7 Airlines,2024-02-04,21:16,162
SU604,Red Wings,2024-05-17,17:58,163
SU3478,S7 Airlines,2024-01-20,21:20,254
SU5876,Nordavia,2024-06-02,14:59,73
SU1431,Rossiya,2024-04-18,15:42,283
SU6447,Yakutia,2024-10-11,09:45,162
SU3632,Red Wings,2024-01-10,09:00,98
SU3514,Pobeda,2024-01-12,18:35,97
SU6015,Azimuth,2024-08-26,22:46,330
SU7710,Rossiya,2024-08-23,13:09,315
SU7690,Azimuth,2024-03-20,08:37,58
SU726,Ural Airlines,2024-04-02,09:22,313
SU4777,Ural Airlines,2024-03-19,22:40,169
SU6501,Ural Airlines,2024-06-05,10:27,141
SU2131,Red Wings,2024-12-12,20:36,280
SU5850,Rossiya,2024-10-03,08:37,98
SU498,Rossiya,2024-01-21,11:23,143
SU643,Nordavia,2024-07-22,17:54,294
SU369,Rossiya,2024-04-27,03:26,267
SU8025,Ural Airlines,2024-07-21,14:15,219
SU8619,Rossiya,2024-08-28,02:07,265
SU1847,S7 Airlines,2024-05-01,20:37,213
SU7387,Red Wings,2024-02-14,06:21,171
SU2980,Aeroflot,2024-12-05,01:05,334
SU6825,Rossiya,2024-03-24,00:06,133
SU8648,Aeroflot,2024-01-22,14:12,51
SU4191,Ural Airlines,2024-04-03,10:29,145
SU2678,Red Wings,2024-05-09,00:57,66
SU8429,Azimuth,2024-08-01,01:26,125
SU8695,Red Wings,2024-07-09,12:45,77
SU2430,Red Wings,2024-04-22,10:13,218
SU2795,UTair,2024-04-19,23:52,215
SU258,Rossiya,2024-12-09,05:56,301
SU1346,S7 Airlines,2024-03-08,04:23,89
SU1901,Rossiya,2024-12-14,12:48,63
SU7333,Yakutia,2024-05-21,04:30,262
SU6048,Azimuth,2024-08-07,02:41,294
SU9750,Azimuth,2024-03-12,23:59,98
SU5551,S7 Airlines,2024-05-22,22:03,262
SU3588,Nordavia,2024-07-16,05:38,300
SU5001,Red Wings,2024-04-14,13:48,179
SU2808,Yakutia,2024-09-10,13:30,297
SU8454,Yakutia,2024-10-23,00:36,207
SU6778,Azimuth,2024-02-15,00:09,105
SU5545,Nordavia,2024-09-14,18:49,317
SU4105,Yakutia,2024-04-01,07:55,263
SU3214,Red Wings,2024-08-23,13:47,78
SU6090,Red Wings,2024-06-11,12:13,143
SU5235,Ural Airlines,2024-11-13,05:05,334
SU6337,Nordavia,2024-11-04,05:11,284
SU5697,Yakutia,2024-12-01,19:02,223
SU1780,Aeroflot,2024-02-18,11:08,179
SU721,Aeroflot,2024-02-03,03:28,273
SU5089,Aeroflot,2024-03-14,15:40,117
SU8385,Azimuth,2024-05-24,21:53,177
SU8845,Aeroflot,2024-01-05,08:09,188
SU2415,Yakutia,2024-01-03,03:51,270
SU2805,Rossiya,2024-10-08,21:52,108
SU7937,Ural Airlines,2024-05-27,13:22,283
SU4434,Yakutia,2024-05-11,07:07,339
SU1785,Nordavia,2024-07-15,02:55,183
SU8242,S7 Airlines,2024-05-27,11:25,220
SU8269,Nordavia,2024-09-16,10:36,128
SU243,Aeroflot,2024-09-19,18:09,245
SU5959,Ural Airlines,2024-02-28,09:55,315
SU9717,Azimuth,2024-11-19,14:59,271
SU8626,Nordavia,2024-05-08,06:18,132
SU6626,Aeroflot,2024-11-13,22:24,64
SU5375,Pobeda,2024-08-23,00:04,144
SU3884,Pobeda,2024-03-26,15:50,81
SU5320,Red Wings,2024-03-25,07:15,278
SU256,S7 Airlines,2024-06-26,03:31,108
SU3426,Azimuth,2024-09-01,21:47,239
SU7306,S7 Airlines,2024-09-24,21:30,141
SU3855,Red Wings,2024-01-08,19:53,330
SU6465,UTair,2024-04-06,14:47,170
SU4690,Aeroflot,2024-11-21,09:45,161
SU8030,S7 Airlines,2024-11-28,10:07,258
SU6711,Pobeda,2024-10-05,06:22,189
SU9060,Aeroflot,2024-12-13,11:02,69
SU1846,Ural Airlines,2024-09-20,16:38,189
SU3318,UTair,2024-04-20,10:16,307
SU4382,Aeroflot,2024-07-19,05:48,299
SU561,Rossiya,2024-06-21,06:49,144
SU5893,UTair,2024-09-25,15:53,340
SU2841,Azimuth,2024-03-01,15:31,307
SU6077,S7 Airlines,2024-03-26,17:57,223
SU4391,Yakutia,2024-09-16,09:32,167
SU5709,Ural Airlines,2024-05-10,21:42,292
SU877,Pobeda,2024-02-20,22:14,256
SU3155,Ural Airlines,2024-04-28,01:05,335
SU5739,Azimuth,2024-07-24,18:40,306
SU815,Azimuth,2024-01-05,16:08,114
SU3527,Azimuth,2024-09-13,16:16,247
SU264,Azimuth,2024-01-09,19:37,230
SU4322,Nordavia,2024-07-11,17:19,165
SU8952,Nordavia,2024-08-18,15:33,314
SU9904,Azimuth,2024-07-13,16:34,192
SU1163,Azimuth,2024-09-23,13:26,233
SU6805,Aeroflot,2024-12-21,11:16,167
SU4050,UTair,2024-07-02,16:56,158
SU3688,Rossiya,2024-03-07,19:11,263
SU6063,Pobeda,2024-11-16,22:26,286
SU1033,Red Wings,2024-12-19,16:37,174
SU9366,Nordavia,2024-08-08,04:23,197
SU117,UTair,2024-06-02,05:59,234
SU6760,Pobeda,2024-08-18,17:32,80
SU6854,Aeroflot,2024-04-18,01:11,270
SU6795,S7 Airlines,2024-12-01,12:07,224
SU3292,S7 Airlines,2024-07-21,12:03,222
SU3421,Yakutia,2024-07-23,01:56,212
SU8891,Nordavia,2024-08-22,23:17,172
SU4778,Yakutia,2024-02-14,00:43,207
SU9902,Aeroflot,2024-05-07,18:21,112
SU8569,Yakutia,2024-05-26,03:56,256
SU3552,Nordavia,2024-05-18,19:40,68
SU5093,Azimuth,2024-03-24,12:21,289
SU4313,S7 Airlines,2024-09-03,14:03,137
SU9477,UTair,2024-09-03,00:03,61
SU1885,Yakutia,2024-12-05,19:21,94
SU188,Aeroflot,2024-11-01,13:41,223
SU8949,UTair,2024-12-28,01:18,222
SU1090,Azimuth,2024-05-08,03:25,158
SU2274,S7 Airlines,2024-06-28,22:17,87
SU4960,Nordavia,2024-12-16,14:05,157
SU3021,Nordavia,2024-12-22,08:54,146
SU4910,Nordavia,2024-05-04,15:54,346
SU1674,Nordavia,2024-04-25,20:06,335
SU3235,Nordavia,2024-02-04,12:54,187
SU5344,S7 Airlines,2024-06-03,14:29,285
SU6306,Yakutia,2024-04-26,14:57,120
SU8935,Ural Airlines,2024-02-27,04:51,226
SU5167,Azimuth,2024-03-22,14:32,62
SU6268,Aeroflot,2024-02-22,02:18,287
SU4962,Aeroflot,2024-02-15,18:04,276
SU9917,Aeroflot,2024-03-16,01:02,242
SU1748,Pobeda,2024-05-03,06:28,222
SU5681,Aeroflot,2024-04-24,03:59,90
SU5828,Nordavia,2024-07-02,21:32,65
SU9678,Pobeda,2024-03-04,01:25,93
SU2169,Rossiya,2024-11-09,18:22,136
SU2960,Nordavia,2024-10-19,06:22,228
SU4066,Red Wings,2024-04-22,21:39,342
SU3997,Rossiya,2024-06-25,23:47,305
SU9519,UTair,2024-01-13,10:49,192
SU8347,Rossiya,2024-07-04,07:12,289
SU7533,Pobeda,2024-12-16,21:46,128
SU7549,Yakutia,2024-12-09,07:02,102
SU8859,Ural Airlines,2024-09-24,00:24,98
SU9226,S7 Airlines,2024-10-17,01:01,290
SU2312,Pobeda,2024-08-24,19:20,317
SU9306,Nordavia,2024-08-10,06:13,227
SU5318,Yakutia,2024-07-21,13:08,254
SU1829,Red Wings,2024-04-07,00:05,105
SU6758,Aeroflot,2024-11-18,21:44,247
SU2556,Yakutia,2024-01-01,12:18,302
SU1015,UTair,2024-05-04,00:14,264
SU8589,Red Wings,2024-05-26,18:30,336
SU3323,Ural Airlines,2024-04-26,01:41,114
SU5888,Azimuth,2024-10-25,15:56,264
SU3837,Ural Airlines,2024-12-25,12:14,112
SU1957,Azimuth,2024-04-25,13:38,136
SU4843,Nordavia,2024-10-13,08:50,245
SU7277,UTair,2024-01-18,01:31,234
SU6768,Aeroflot,2024-06-13,17:42,119
SU7042,Yakutia,2024-03-19,14:17,271
SU2126,Pobeda,2024-05-01,21:28,204
SU4720,Nordavia,2024-12-18,21:17,112
SU5737,Yakutia,2024-10-06,02:14,303
SU1935,Yakutia,2024-06-27,22:06,92
SU2925,Rossiya,2024-06-28,18:51,224
SU9320,Red Wings,2024-07-03,08:15,162
SU1371,Nordavia,2024-12-09,19:57,189
SU4942,Rossiya,2024-12-07,02:00,258
SU7809,Nordavia,2024-04-03,15:14,220
SU2023,Aeroflot,2024-03-18,00:22,298
SU5389,UTair,2024-11-26,13:10,105
SU5678,UTair,2024-05-23,09:08,341
SU2624,S7 Airlines,2024-10-23,07:32,287
SU9297,Red Wings,2024-05-08,09:02,107
SU5032,Yakutia,2024-05-07,13:54,311
SU585,S7 Airlines,2024-03-13,18:27,228
SU8622,Nordavia,2024-09-11,04:41,171
SU1872,S7 Airlines,2024-03-24,19:45,219
SU8896,Aeroflot,2024-06-21,05:37,350
SU1434,Azimuth,2024-08-17,04:50,60
SU318,Red Wings,2024-02-17,08:09,234
SU2969,Red Wings,2024-11-21,05:37,187
SU8472,Yakutia,2024-03-03,16:44,178
SU2638,Pobeda,2024-01-27,23:00,246
SU7184,Red Wings,2024-02-08,00:54,328
SU9462,Pobeda,2024-10-02,05:36,262
SU9775,Aeroflot,2024-12-15,09:50,152
SU8229,Rossiya,2024-10-15,17:39,297
SU6555,Ural Airlines,2024-06-17,14:44,275
SU6132,Rossiya,2024-07-20,14:20,275
SU2750,S7 Airlines,2024-11-05,06:55,289
SU2622,Ural Airlines,2024-06-28,09:32,307
SU7497,Rossiya,2024-06-15,12:30,132
SU7039,Azimuth,2024-08-17,21:05,272
SU3518,Aeroflot,2024-10-10,22:30,120
SU4726,Azimuth,2024-06-01,12:20,150
SU8908,Nordavia,2024-12-07,22:25,206
SU3740,S7 Airlines,2024-02-08,15:50,87
SU715,S7 Airlines,2024-03-25,10:57,102
SU1376,Yakutia,2024-04-19,23:08,340
SU5934,Azimuth,2024-06-06,23:31,114
SU2395,UTair,2024-12-08,19:48,168
SU5711,Rossiya,2024-05-08,08:45,188
SU1463,UTair,2024-07-23,12:57,97
SU3577,Rossiya,2024-06-24,20:26,82
SU7987,Red Wings,2024-05-16,03:13,221
SU2571,Aeroflot,2024-01-06,23:13,243
SU3786,Pobeda,2024-06-21,18:14,230
SU4268,Nordavia,2024-09-17,08:19,297
SU4561,Azimuth,2024-03-18,02:19,189
SU6034,Red Wings,2024-08-25,20:44,134
SU7430,Yakutia,2024-03-22,10:47,225
SU6300,Ural Airlines,2024-07-15,03:02,193
SU7969,Ural Airlines,2024-03-28,19:01,275
SU8182,Nordavia,2024-04-17,19:19,123
SU4881,Red Wings,2024-04-26,15:24,184
SU3703,Azimuth,2024-03-21,04:27,179
SU1850,Rossiya,2024-08-13,00:42,189
SU4864,S7 Airlines,2024-04-12,21:03,262
SU3908,S7 Airlines,2024-07-23,09:31,219
SU7411,S7 Airlines,2024-11-24,19:21,197
SU5673,S7 Airlines,2024-12-12,22:00,286
SU8024,Rossiya,2024-10-03,12:44,65
SU9509,S7 Airlines,2024-07-08,13:16,174
SU2779,Red Wings,2024-01-26,13:17,190
SU2054,Rossiya,2024-10-06,07:23,298
SU4788,Aeroflot,2024-08-13,10:43,192
SU3437,Yakutia,2024-10-10,03:46,296
SU3418,Nordavia,2024-04-26,17:28,80
SU8209,Pobeda,2024-06-07,15:41,344
SU2403,Pobeda,2024-11-14,20:01,165
SU2258,Azimuth,2024-08-05,07:13,69
SU850,Pobeda,2024-12-16,15:58,311
SU6144,Ural Airlines,2024-09-16,20:33,293
SU4657,Pobeda,2024-01-12,23:34,305
SU5824,Rossiya,2024-10-21,15:31,326
SU5501,Pobeda,2024-07-24,05:20,143
SU8311,Aeroflot,2024-03-03,13:31,330
SU9889,Ural Airlines,2024-02-09,01:19,329
SU5538,Pobeda,2024-09-19,09:15,326
SU9272,Pobeda,2024-01-07,00:15,107
SU3488,Red Wings,2024-09-12,23:41,142
SU2706,Pobeda,2024-02-28,18:29,341
SU3952,Nordavia,2024-03-12,07:07,337
SU7759,Azimuth,2024-02-04,12:09,134
SU3926,Rossiya,2024-08-13,03:22,65
SU2041,Azimuth,2024-08-02,18:15,143
SU2907,UTair,2024-06-10,17:47,144
SU8138,UTair,2024-03-01,15:12,275
SU4651,Azimuth,2024-11-21,23:42,219
SU4049,Azimuth,2024-09-02,16:35,272
SU2110,Rossiya,2024-10-14,03:10,214
SU3456,Nordavia,2024-11-22,00:15,173
SU5399,Yakutia,2024-03-05,22:39,236
SU3687,Yakutia,2024-11-01,03:14,78
SU8327,UTair,2024-10-25,00:05,304
SU4845,Azimuth,2024-07-09,22:44,163
SU2829,Nordavia,2024-09-14,08:31,84
SU6573,Pobeda,2024-10-10,18:44,156
SU6749,Rossiya,2024-09-25,13:35,72
SU6512,Aeroflot,2024-08-17,12:05,117
SU7745,Pobeda,2024-01-15,09:23,67
SU3588,S7 Airlines,2024-05-14,14:12,51
SU7003,Ural Airlines,2024-05-04,11:11,256
SU1516,Red Wings,2024-09-10,22:33,210
SU1436,Aeroflot,2024-01-15,18:02,301
SU7169,Aeroflot,2024-11-03,22:01,346
SU649,Red Wings,2024-04-05,21:57,146
SU5854,Yakutia,2024-07-27,20:34,245
SU5760,Yakutia,2024-12-09,00:32,346
SU1100,Nordavia,2024-06-24,19:48,321
SU1791,Yakutia,2024-04-13,10:48,183
SU7115,Pobeda,2024-04-13,17:32,141
SU204,Red Wings,2024-12-09,13:07,162
SU3448,S7 Airlines,2024-04-17,04:13,82
SU672,Pobeda,2024-10-27,20:18,150
SU3284,Pobeda,2024-08-08,06:54,88
SU571,Yakutia,2024-06-21,09:24,336
SU1407,Rossiya,2024-12-17,19:12,237
SU5469,UTair,2024-01-05,11:12,56
SU8674,Pobeda,2024-03-13,16:26,251
SU8048,Red Wings,2024-11-03,07:04,241
SU5424,Rossiya,2024-10-16,17:22,291
SU6877,Nordavia,2024-01-21,06:09,157
SU5662,UTair,2024-09-04,13:48,67
SU6340,Yakutia,2024-07-23,13:15,172
SU1934,UTair,2024-02-12,06:16,301
SU266,Ural Airlines,2024-08-27,09:41,144
SU6749,Red Wings,2024-04-13,12:44,148
SU817,Red Wings,2024-12-13,09:16,187
SU2602,Aeroflot,2024-04-21,11:29,243
SU2585,Ural Airlines,2024-09-21,04:39,101
SU7357,Azimuth,2024-10-09,13:12,225
SU8594,Yakutia,2024-02-02,08:07,66
SU1228,Ural Airlines,2024-08-01,02:47,127
SU3880,Azimuth,2024-01-09,13:55,224
SU946,Nordavia,2024-05-14,06:33,174
SU6057,S7 Airlines,2024-08-19,09:42,271
SU8699,Pobeda,2024-06-07,09:22,298
SU743,S7 Airlines,2024-12-02,13:12,116
SU4320,S7 Airlines,2024-03-12,08:22,151
SU1731,UTair,2024-07-16,20:05,204
SU6270,Red Wings,2024-04-03,19:40,342
SU7855,Pobeda,2024-08-07,03:31,60
SU6120,Red Wings,2024-07-19,07:13,69
SU5377,Red Wings,2024-11-08,01:48,133
SU8609,Azimuth,2024-05-04,13:33,168
SU2037,Azimuth,2024-07-16,03:38,72
SU255,Azimuth,2024-04-06,08:54,206
SU6019,Azimuth,2024-05-17,15:22,91
SU1354,Rossiya,2024-08-07,19:27,159
SU9628,UTair,2024-03-19,02:11,144
SU627,Azimuth,2024-08-10,06:38,344
SU7059,Pobeda,2024-11-01,09:21,52
SU866,Yakutia,2024-07-04,20:30,123
SU6224,Azimuth,2024-06-08,21:44,161
SU7031,Azimuth,2024-10-09,18:04,208
SU3865,Aeroflot,2024-11-11,02:44,184
SU6370,Rossiya,2024-02-08,17:48,332
SU246,Yakutia,2024-12-05,01:44,247
SU4632,Nordavia,2024-06-15,15:50,133
SU6173,Rossiya,2024-08-11,19:02,50
SU216,UTair,2024-05-16,15:28,226
SU6253,UTair,2024-09-13,11:29,99
SU2098,Aeroflot,2024-02-26,19:31,73
SU2063,Yakutia,2024-01-22,07:56,67
SU9663,Yakutia,2024-10-28,20:57,267
SU783,Ural Airlines,2024-04-14,07:45,106
SU6367,Pobeda,2024-02-08,06:59,96
SU7659,Azimuth,2024-01-26,09:40,285
SU2420,Aeroflot,2024-10-26,16:30,348
SU1566,Nordavia,2024-08-26,00:19,215
SU8381,Azimuth,2024-03-08,01:06,266
SU6744,Yakutia,2024-02-26,21:56,90
SU8983,Nordavia,2024-06-01,02:05,158
SU7422,Ural Airlines,2024-09-09,21:50,237
SU6802,Yakutia,2024-09-05,22:23,228
SU5274,Yakutia,2024-11-01,03:11,149
SU9634,Azimuth,2024-07-21,14:36,98
SU8464,Aeroflot,2024-03-05,23:21,89
SU2145,S7 Airlines,2024-02-06,12:25,65
SU6480,Red Wings,2024-05-10,10:30,113
SU3450,Rossiya,2024-10-23,03:13,196
SU6644,Ural Airlines,2024-06-04,13:49,139
SU2376,S7 Airlines,2024-10-28,11:58,56
SU8434,Nordavia,2024-06-25,09:29,117
SU1030,Ural Airlines,2024-05-25,09:40,111
SU9198,Aeroflot,2024-12-21,09:57,256
SU5131,Azimuth,2024-09-18,02:50,93
SU5585,Rossiya,2024-08-16,15:04,212
SU6847,Ural Airlines,2024-10-04,17:29,202
SU4960,UTair,2024-10-19,19:49,170
SU1779,Azimuth,2024-07-07,16:00,100
SU4050,Nordavia,2024-10-08,15:47,67
SU9003,Rossiya,2024-02-23,16:27,141
SU8710,Yakutia,2024-05-11,07:53,54
SU6917,Nordavia,2024-04-01,20:27,273
SU9967,Ural Airlines,2024-10-16,03:04,187
SU1817,S7 Airlines,2024-10-11,05:04,51
SU8991,Yakutia,2024-12-16,18:24,60
SU9689,UTair,2024-06-20,18:33,246
SU9033,Nordavia,2024-06-05,11:42,213
SU9661,Ural Airlines,2024-09-23,19:10,106
SU4462,UTair,2024-11-13,01:28,103
SU2685,UTair,2024-06-12,17:36,244
SU9938,Aeroflot,2024-03-02,22:15,220
SU201,Rossiya,2024-04-02,18:01,158
SU1574,Ural Airlines,2024-09-10,18:01,305
SU1439,Azimuth,2024-01-25,12:35,154
SU4471,S7 Airlines,2024-12-01,08:59,99
SU6248,Azimuth,2024-01-11,18:41,318
SU7022,Rossiya,2024-09-13,01:21,271
SU4364,Red Wings,2024-09-02,20:37,119
SU8048,Red Wings,2024-07-17,12:49,328
SU8294,Rossiya,2024-02-08,07:02,318
SU5432,Yakutia,2024-03-20,11:19,127
SU6577,Pobeda,2024-07-16,15:05,214
SU4329,UTair,2024-08-24,20:22,117
SU8606,UTair,2024-12-06,08:02,164
SU1177,Pobeda,2024-09-08,20:05,189
SU9391,S7 Airlines,2024-12-24,06:26,127
SU6229,Azimuth,2024-06-03,06:23,252
SU9826,Rossiya,2024-05-20,15:31,122
SU9070,Yakutia,2024-09-21,16:05,62
SU1107,Red Wings,2024-12-10,12:46,54
SU1563,Aeroflot,2024-05-10,13:06,342
SU2170,Rossiya,2024-11-25,18:28,288
SU7195,Yakutia,2024-01-03,00:00,168
SU431,Red Wings,2024-02-23,10:29,297
SU289,Azimuth,2024-07-27,03:40,350
SU8866,UTair,2024-07-28,11:49,207
SU5518,Pobeda,2024-07-26,00:44,106
SU4453,Aeroflot,2024-12-23,18:30,218
SU4990,UTair,2024-01-07,19:46,217
SU9432,Red Wings,2024-11-18,13:55,224
SU7763,Red Wings,2024-01-13,06:28,196
SU2368,Azimuth,2024-09-07,20:31,116
SU7855,Yakutia,2024-01-06,20:05,257
SU6678,Azimuth,2024-01-14,16:35,153
SU9517,Red Wings,2024-01-05,01:15,347
SU7675,Azimuth,2024-10-05,10:10,186
SU1670,Red Wings,2024-07-28,01:52,172
SU5864,Azimuth,2024-01-25,05:09,287
SU3507,Rossiya,2024-12-04,19:23,266
SU7111,UTair,2024-05-26,03:20,149
SU7368,Pobeda,2024-07-09,20:12,120
SU1958,Aeroflot,2024-04-05,08:24,115
SU3891,Nordavia,2024-08-20,22:35,92
SU9296,Azimuth,2024-08-21,23:31,296
SU9485,Nordavia,2024-10-07,14:23,181
SU5519,Red Wings,2024-08-11,09:46,260
SU9421,S7 Airlines,2024-07-17,14:35,174
SU4701,Yakutia,2024-01-15,06:04,279
SU7798,UTair,2024-06-09,03:24,270
SU7496,Rossiya,2024-04-12,18:38,348
SU4504,Azimuth,2024-06-01,12:51,98
SU9652,Yakutia,2024-03-20,23:55,253
SU1817,Red Wings,2024-06-24,03:20,216
SU4468,Pobeda,2024-11-15,16:42,233
SU1540,S7 Airlines,2024-07-22,15:30,177
SU4163,Aeroflot,2024-11-05,14:26,271
SU1792,Yakutia,2024-11-19,13:52,61
SU3307,Azimuth,2024-08-13,18:35,226
SU8456,Azimuth,2024-01-18,16:22,269
SU1754,Azimuth,2024-01-21,00:45,230
SU7428,Pobeda,2024-06-21,05:45,297
SU3432,Aeroflot,2024-11-06,03:02,346
SU8880,Red Wings,2024-11-10,09:02,293
SU7716,UTair,2024-05-20,10:19,324
SU541,Rossiya,2024-05-14,19:50,314
SU4915,S7 Airlines,2024-12-13,04:28,350
SU5726,Aeroflot,2024-03-14,22:20,286
SU7794,Red Wings,2024-04-25,13:32,263
SU5490,Azimuth,2024-07-27,14:34,332
SU2930,Ural Airlines,2024-02-13,15:39,205
SU6390,S7 Airlines,2024-07-12,11:23,144
SU4433,Red Wings,2024-12-07,18:27,297
SU7314,UTair,2024-06-02,18:14,235
SU3151,Red Wings,2024-03-25,19:34,208
SU6456,Yakutia,2024-03-08,13:22,169
SU1293,Aeroflot,2024-05-07,02:35,205
SU5649,UTair,2024-06-10,04:41,176
SU1671,S7 Airlines,2024-10-19,12:54,193
SU2418,Red Wings,2024-11-01,20:53,250
SU2729,Red Wings,2024-05-08,23:42,280
SU8140,Rossiya,2024-06-17,04:01,83
SU3833,UTair,2024-07-06,22:12,86
SU4721,Yakutia,2024-04-07,22:27,259
SU7846,Pobeda,2024-07-28,13:23,305
SU2971,Yakutia,2024-02-11,14:10,146
SU8949,Ural Airlines,2024-04-28,20:41,308
SU4897,Aeroflot,2024-06-14,16:30,143
SU1705,S7 Airlines,2024-12-04,17:12,55
SU3609,S7 Airlines,2024-09-25,17:58,97
SU3538,Ural Airlines,2024-01-11,06:27,311
SU3986,Yakutia,2024-09-25,05:34,66
SU6262,Azimuth,2024-05-27,02:16,203
SU6744,Pobeda,2024-05-11,01:10,88
SU9881,Rossiya,2024-08-18,02:12,237
SU8991,Nordavia,2024-06-24,08:39,248
SU6717,Rossiya,2024-08-01,15:04,90
SU9252,Aeroflot,2024-11-11,03:23,116
SU2969,Azimuth,2024-07-09,09:23,248
SU7747,S7 Airlines,2024-05-02,20:07,243
SU9090,S7 Airlines,2024-08-19,06:05,138
SU9420,S7 Airlines,2024-01-19,15:17,68
SU8870,Azimuth,2024-11-14,21:58,52
SU8243,Azimuth,2024-03-18,16:24,295
SU2904,S7 Airlines,2024-05-19,13:45,78
SU7244,S7 Airlines,2024-08-24,17:00,175
SU5448,Rossiya,2024-11-22,11:52,138
SU4902,Azimuth,2024-05-01,02:10,90
SU8897,Yakutia,2024-01-20,22:33,87
SU2735,Yakutia,2024-04-03,06:53,153
SU8869,Red Wings,2024-09-19,11:04,258
SU2612,S7 Airlines,2024-02-02,13:01,159
SU9212,Nordavia,2024-11-13,05:38,228
SU335,Rossiya,2024-04-14,00:12,299
SU6401,Ural Airlines,2024-07-23,01:24,249
SU9804,Aeroflot,2024-07-28,01:44,109
SU7361,Rossiya,2024-12-21,14:04,217
SU2232,Nordavia,2024-05-05,17:59,68
SU809,Yakutia,2024-11-04,14:54,243
SU6971,UTair,2024-11-09,16:28,138
SU6501,S7 Airlines,2024-08-05,04:37,267
SU2449,Red Wings,2024-08-21,06:45,169
SU5109,Ural Airlines,2024-08-09,19:49,112
SU7501,Red Wings,2024-02-01,08:52,294
SU5731,Aeroflot,2024-07-04,06:10,246
SU2377,Yakutia,2024-01-14,17:50,128
SU2120,Nordavia,2024-09-10,00:57,261
SU6477,Yakutia,2024-11-08,07:34,271
SU9420,Pobeda,2024-09-12,06:24,311
SU6431,Rossiya,2024-09-20,06:10,168
SU4864,S7 Airlines,2024-12-11,10:12,339
SU2186,Azimuth,2024-07-13,18:00,295
SU634,Rossiya,2024-05-23,20:16,87
SU284,Red Wings,2024-03-25,13:09,307
SU9057,S7 Airlines,2024-10-18,01:02,106
SU8866,Azimuth,2024-10-04,05:39,85
SU1270,Ural Airlines,2024-11-18,01:39,280
SU830,Ural Airlines,2024-04-01,09:56,54
SU6008,Ural Airlines,2024-12-26,23:03,321
SU2588,Rossiya,2024-12-16,13:30,87
SU6383,Pobeda,2024-07-16,14:19,172
SU1206,Yakutia,2024-02-25,01:57,139
SU3831,Ural Airlines,2024-08-18,21:41,209
SU1440,Nordavia,2024-10-18,15:17,332
SU4088,S7 Airlines,2024-12-19,23:39,173
SU9548,Nordavia,2024-12-01,21:14,326
SU5133,S7 Airlines,2024-02-13,22:31,317
SU5896,Aeroflot,2024-09-23,08:39,293
SU6146,Nordavia,2024-09-07,16:34,159
SU9214,Azimuth,2024-11-06,08:47,322
SU514,Pobeda,2024-02-09,02:30,207
SU8707,S7 Airlines,2024-10-21,13:20,316
SU5931,Aeroflot,2024-06-12,01:20,116
SU4782,Aeroflot,2024-11-05,05:24,215
SU1453,Red Wings,2024-06-11,14:45,159
SU975,Rossiya,2024-10-25,07:52,155
SU7754,Azimuth,2024-10-01,19:49,225
SU2360,Nordavia,2024-10-07,09:08,76
SU8160,Azimuth,2024-04-19,07:19,337
SU8538,UTair,2024-02-21,13:44,218
SU4225,Pobeda,2024-01-28,16:04,64
SU8499,Ural Airlines,2024-04-26,22:39,274
SU3861,Yakutia,2024-02-20,03:42,312
SU7482,Azimuth,2024-11-15,14:09,182
SU9741,Red Wings,2024-07-07,12:06,345
SU686,Yakutia,2024-03-21,17:36,130
SU2015,Ural Airlines,2024-06-22,02:58,304
SU7422,Ural Airlines,2024-09-16,10:53,254
SU5316,Ural Airlines,2024-04-15,16:15,260
SU937,Nordavia,2024-06-07,11:22,239
SU4797,Aeroflot,2024-07-08,02:28,318
SU9481,Pobeda,2024-12-07,11:57,292
SU4748,UTair,2024-09-17,23:21,187
SU3862,UTair,2024-05-28,20:29,339
SU7167,Ural Airlines,2024-06-25,11:25,91
SU8544,Ural Airlines,2024-08-11,21:18,334
SU9571,S7 Airlines,2024-07-15,13:59,126
SU378,Yakutia,2024-03-11,05:21,329
SU2714,Aeroflot,2024-11-19,19:52,107
SU952,Rossiya,2024-07-25,21:24,118
SU899,S7 Airlines,2024-10-15,12:06,105
SU6759,Rossiya,2024-06-01,18:28,58
SU2354,Red Wings,2024-02-25,02:00,55
SU4387,Red Wings,2024-07-18,05:19,198
SU3836,Red Wings,2024-11-12,05:14,242
SU8056,Nordavia,2024-04-24,02:15,273
SU7383,Aeroflot,2024-09-15,12:38,165
SU1217,Aeroflot,2024-03-06,04:34,296
SU4331,Red Wings,2024-12-28,23:46,113
SU4347,S7 Airlines,2024-05-24,22:54,128
SU996,Pobeda,2024-05-25,11:22,311
SU1546,UTair,2024-11-23,03:26,156
SU8124,UTair,2024-04-14,09:35,177
SU7776,Aeroflot,2024-11-05,14:13,93
SU1324,Rossiya,2024-05-15,06:21,50
SU4827,Red Wings,2024-07-25,01:46,126
SU9620,Ural Airlines,2024-06-10,19:21,183
SU6266,Yakutia,2024-08-01,19:55,161
SU9462,Ural Airlines,2024-08-13,08:51,256
SU5518,Yakutia,2024-05-26,18:45,109
SU8627,UTair,2024-11-14,18:51,260
SU4846,Nordavia,2024-05-08,23:28,137
SU1701,Red Wings,2024-03-05,21:03,157
SU2293,Red Wings,2024-10-17,16:59,65
SU5379,Ural Airlines,2024-06-11,18:48,155
SU8017,Aeroflot,2024-03-05,05:51,177
SU4491,Aeroflot,2024-01-05,23:00,269
SU9694,Pobeda,2024-01-20,09:31,195
SU7852,Aeroflot,2024-07-21,17:55,216
SU3747,Nordavia,2024-11-14,06:43,105
SU322,Rossiya,2024-12-20,16:43,62
SU1823,Pobeda,2024-06-13,09:18,232
SU204,Ural Airlines,2024-05-09,05:49,80
SU103,Red Wings,2024-05-27,22:25,298
SU7757,Rossiya,2024-09-28,04:10,300
SU6346,Yakutia,2024-07-15,05:43,193
SU9664,Azimuth,2024-09-02,14:45,233
SU9148,Nordavia,2024-05-12,14:49,85
SU6002,Rossiya,2024-06-27,05:21,234
SU1821,S7 Airlines,2024-01-06,13:59,225
SU4084,Aeroflot,2024-11-18,01:28,244
SU6404,Nordavia,2024-10-16,07:20,193
SU2728,Ural Airlines,2024-01-23,18:41,96
SU154,S7 Airlines,2024-10-19,18:28,323
SU7161,Ural Airlines,2024-05-26,03:29,243
SU6471,Red Wings,2024-07-02,23:03,347
SU5395,Yakutia,2024-11-26,06:59,163
SU9742,Rossiya,2024-10-10,21:19,106
SU3241,Ural Airlines,2024-09-20,08:18,167
SU9548,Pobeda,2024-08-27,06:26,183
SU4640,Yakutia,2024-04-15,20:25,266
SU5363,UTair,2024-10-20,12:26,311
SU4799,S7 Airlines,2024-01-21,05:41,339
SU4670,Ural Airlines,2024-08-18,23:36,283
SU4726,Red Wings,2024-07-01,09:22,261
SU1233,Yakutia,2024-03-25,21:33,300
SU5866,Azimuth,2024-03-17,21:31,305
SU8453,Rossiya,2024-05-22,17:38,261
SU5195,Ural Airlines,2024-09-09,02:11,50
SU3981,S7 Airlines,2024-10-05,19:15,310
SU328,Ural Airlines,2024-10-11,09:27,152
SU1491,S7 Airlines,2024-06-25,08:11,264
SU9607,Rossiya,2024-06-04,14:31,150
SU5197,S7 Airlines,2024-09-07,05:23,262
SU9453,S7 Airlines,2024-07-18,05:50,259
SU9159,Yakutia,2024-11-25,02:06,253
SU612,Red Wings,2024-11-21,01:04,52
SU3857,Yakutia,2024-01-27,13:28,175
SU4682,Yakutia,2024-03-22,13:54,158
SU905,Aeroflot,2024-10-14,17:28,137
SU553,Rossiya,2024-04-04,04:34,226
SU8806,S7 Airlines,2024-05-21,04:48,188
SU781,Yakutia,2024-07-10,19:54,147
SU1486,Ural Airlines,2024-07-24,17:55,232
SU6057,Red Wings,2024-07-08,22:14,331
SU2391,Aeroflot,2024-03-17,02:29,179
SU4787,Nordavia,2024-06-01,02:21,300
SU4011,Nordavia,2024-02-21,00:49,96
SU5522,Ural Airlines,2024-04-21,05:46,251
SU4808,Aeroflot,2024-08-12,19:33,61
SU4146,Rossiya,2024-02-20,23:49,149
SU3177,Ural Airlines,2024-03-07,15:27,253
SU9139,Yakutia,2024-12-04,21:34,68
SU1749,Nordavia,2024-01-19,15:47,135
SU2246,Azimuth,2024-01-07,06:15,186
SU313,Red Wings,2024-10-05,18:46,139
SU5956,Azimuth,2024-06-17,18:09,200
SU3292,Ural Airlines,2024-08-10,09:24,228
SU5376,Rossiya,2024-04-16,20:05,251
SU613,Azimuth,2024-01-11,18:55,309
SU2565,Yakutia,2024-10-08,14:15,106
SU6465,Nordavia,2024-03-15,03:30,234
SU2842,UTair,2024-04-12,13:53,290
SU7928,UTair,2024-08-12,17:19,310
SU9569,S7 Airlines,2024-10-01,04:09,118
SU1558,Pobeda,2024-12-14,04:49,75
SU601,Nordavia,2024-10-27,06:23,185
SU5926,S7 Airlines,2024-03-17,00:55,226
SU7798,Rossiya,2024-07-12,19:16,56
SU9182,Ural Airlines,2024-12-05,03:14,242
SU2375,Aeroflot,2024-05-02,17:55,320
SU4070,UTair,2024-12-11,06:18,187
SU266,S7 Airlines,2024-08-04,02:41,217
SU1522,UTair,2024-10-17,06:51,211
SU401,Nordavia,2024-01-15,14:20,220
SU1382,Rossiya,2024-05-23,12:37,211
SU972,Pobeda,2024-07-09,13:24,246
SU4493,Ural Airlines,2024-03-04,17:03,200
SU8981,Pobeda,2024-09-27,22:13,191
SU4912,Rossiya,2024-05-19,10:07,309
SU793,Azimuth,2024-11-04,05:49,343
SU9089,Pobeda,2024-08-11,18:37,85
SU8530,Red Wings,2024-05-16,10:28,217
SU2842,Red Wings,2024-09-24,10:28,205
SU6014,Ural Airlines,2024-11-09,18:44,72
SU2916,Ural Airlines,2024-05-04,00:50,157
SU9945,S7 Airlines,2024-04-13,11:24,272
SU4828,Nordavia,2024-10-21,12:00,135
SU4774,Yakutia,2024-05-24,22:29,283
SU4478,Aeroflot,2024-02-17,10:18,230
SU8868,S7 Airlines,2024-01-03,03:49,236
SU452,Rossiya,2024-04-03,15:06,191
SU1247,Red Wings,2024-03-19,13:48,297
SU1560,Pobeda,2024-11-08,18:58,229
SU7024,Nordavia,2024-05-08,10:27,265
SU7459,Rossiya,2024-08-05,18:00,255
SU2964,Red Wings,2024-10-21,05:37,199
SU5898,UTair,2024-07-13,15:12,263
SU3780,Nordavia,2024-04-02,12:05,258
SU8037,S7 Airlines,2024-04-11,01:26,298
SU5701,Nordavia,2024-06-11,03:40,327
SU4373,Ural Airlines,2024-02-11,04:09,305
SU1834,Azimuth,2024-11-01,10:45,109
SU3519,Ural Airlines,2024-04-25,02:46,136
SU841,S7 Airlines,2024-03-12,05:28,321
SU6259,Nordavia,2024-05-04,14:06,172
SU9330,Rossiya,2024-12-10,05:11,144
SU5585,Red Wings,2024-01-23,02:47,58
SU6287,Ural Airlines,2024-09-11,20:20,281
SU7525,Rossiya,2024-04-25,04:52,291
SU6740,Azimuth,2024-10-04,03:05,114
SU2063,Ural Airlines,2024-05-15,15:42,197
SU5856,Red Wings,2024-12-09,02:04,242
SU1240,Azimuth,2024-05-08,23:42,320
SU1663,UTair,2024-04-07,15:12,117
SU170,Yakutia,2024-06-09,03:24,265
SU8656,Red Wings,2024-11-07,13:04,249
SU4035,Yakutia,2024-07-12,10:45,123
SU8715,Ural Airlines,2024-12-15,21:06,248
SU8896,Azimuth,2024-12-03,01:24,316
SU2257,Nordavia,2024-06-04,20:38,240
SU8767,UTair,2024-07-08,21:24,137
SU8045,S7 Airlines,2024-08-20,11:19,246
SU6548,UTair,2024-08-04,19:57,285
SU9328,Pobeda,2024-03-18,22:12,289
SU4295,Pobeda,2024-03-17,15:40,86
SU296,S7 Airlines,2024-07-06,21:41,314
SU6080,Pobeda,2024-08-25,02:18,298
SU4964,UTair,2024-08-06,02:37,202
SU1651,UTair,2024-03-20,19:03,332
SU5944,S7 Airlines,2024-10-10,05:57,289
SU2270,Aeroflot,2024-09-12,18:33,97
SU4953,Yakutia,2024-09-25,04:23,179
SU5193,Ural Airlines,2024-09-11,19:12,92
SU8880,Rossiya,2024-04-04,18:22,188
SU5271,Ural Airlines,2024-04-07,22:57,318
SU7097,Pobeda,2024-12-21,20:57,53
SU1078,Pobeda,2024-08-25,23:54,283
SU9766,Yakutia,2024-11-19,10:26,312
SU3029,Azimuth,2024-08-26,14:16,299
SU6539,Azimuth,2024-11-26,19:05,209
SU9229,Azimuth,2024-08-28,09:30,290
SU199,Aeroflot,2024-03-25,08:30,275
SU6725,Rossiya,2024-12-25,17:27,323
SU626,Red Wings,2024-08-03,13:13,104
SU7679,UTair,2024-05-10,01:08,322
SU5526,Yakutia,2024-02-22,05:52,173
SU2840,Nordavia,2024-03-27,22:14,258
SU4841,Nordavia,2024-02-15,13:36,62
SU861,Pobeda,2024-04-15,07:58,216
SU1782,Nordavia,2024-07-19,02:22,341
SU7857,Nordavia,2024-10-05,10:27,298
SU9016,Aeroflot,2024-12-14,14:14,219
SU4606,UTair,2024-05-18,04:31,136
SU1435,Red Wings,2024-04-19,20:08,262
SU4809,UTair,2024-10-04,04:35,114
SU3303,Aeroflot,2024-05-01,11:23,316
SU748,Nordavia,2024-11-06,07:26,295
SU8072,Yakutia,2024-11-03,08:33,84
SU1831,Ural Airlines,2024-06-10,07:53,81
SU9845,Red Wings,2024-10-05,07:08,151
SU2242,Azimuth,2024-04-09,20:18,100
SU5815,Aeroflot,2024-07-24,06:12,157
SU7431,UTair,2024-05-27,17:16,250
SU1394,Aeroflot,2024-01-06,22:18,177
SU2759,Azimuth,2024-10-23,21:31,54
SU5682,S7 Airlines,2024-10-16,23:48,125
SU2152,Yakutia,2024-01-25,02:46,286
SU6169,Red Wings,2024-07-22,22:10,171
SU9058,Rossiya,2024-01-19,02:54,297
SU525,Rossiya,2024-07-03,06:11,334
SU4285,Azimuth,2024-01-13,03:30,322
SU7286,UTair,2024-08-24,10:59,314
SU2649,Azimuth,2024-05-08,16:46,322
SU1235,Aeroflot,2024-04-05,05:32,115
SU1935,Aeroflot,2024-04-28,01:44,304
SU8088,S7 Airlines,2024-07-13,22:46,199
SU2231,Aeroflot,2024-01-21,06:21,66
SU5826,Red Wings,2024-01-23,17:26,89
SU9144,UTair,2024-04-10,08:24,344
SU766,Rossiya,2024-01-11,12:11,190
SU4390,Yakutia,2024-09-05,09:59,138
SU1974,Pobeda,2024-12-16,16:40,124
SU2295,Pobeda,2024-09-18,06:37,150
SU1940,UTair,2024-07-26,03:01,315
SU4779,Ural Airlines,2024-12-28,03:56,314
SU4568,UTair,2024-04-03,04:18,53
SU5508,Yakutia,2024-04-07,14:21,52
SU6389,Pobeda,2024-04-21,16:52,63
SU4680,Nordavia,2024-10-08,21:05,146
SU7023,Ural Airlines,2024-05-10,04:32,288
SU4041,S7 Airlines,2024-01-06,23:16,282
SU926,Nordavia,2024-10-23,20:20,226
SU684,S7 Airlines,2024-09-07,21:44,80
SU7185,Nordavia,2024-10-07,13:39,350
SU7420,Aeroflot,2024-10-25,00:17,95
SU1527,Ural Airlines,2024-02-11,21:09,183
SU9422,Aeroflot,2024-07-05,10:21,142
SU6768,Ural Airlines,2024-08-26,23:42,94
SU1921,Rossiya,2024-09-17,15:55,129
SU832,Aeroflot,2024-01-14,07:37,136
SU4369,Nordavia,2024-03-18,18:21,150
SU8663,Ural Airlines,2024-02-10,08:46,117
SU6966,Aeroflot,2024-09-07,16:11,286
SU5293,Nordavia,2024-06-24,08:59,292
SU3711,Ural Airlines,2024-09-04,05:07,152
SU6902,Azimuth,2024-11-20,14:17,293
SU8042,Nordavia,2024-01-27,14:05,329
SU3643,Ural Airlines,2024-01-04,14:45,304
SU147,Yakutia,2024-06-11,03:51,339
SU5207,S7 Airlines,2024-09-19,07:02,191
SU4393,S7 Airlines,2024-03-17,22:43,233
SU1271,Rossiya,2024-06-10,10:30,192
SU8284,Azimuth,2024-02-24,10:13,326
SU5953,Red Wings,2024-07-09,21:20,155
SU2373,UTair,2024-11-12,00:47,346
SU2097,Azimuth,2024-07-05,05:26,107
SU2547,Rossiya,2024-08-03,14:18,72
SU3691,Rossiya,2024-08-27,20:01,240
SU5163,Red Wings,2024-01-03,03:27,122
SU6761,Yakutia,2024-11-17,18:42,327
SU9060,Pobeda,2024-02-24,18:35,313
SU9381,Nordavia,2024-09-13,16:17,59
SU8779,Ural Airlines,2024-06-20,22:23,347
SU4512,Nordavia,2024-08-09,19:18,115
SU4519,Rossiya,2024-03-20,05:13,72
SU6517,S7 Airlines,2024-04-23,19:24,99
SU4252,Rossiya,2024-06-26,20:12,145
SU3882,Red Wings,2024-02-19,14:29,263
SU8368,Aeroflot,2024-06-15,05:59,281
SU7187,S7 Airlines,2024-06-23,14:08,119
SU7304,Aeroflot,2024-10-04,19:40,219
SU2116,Ural Airlines,2024-07-17,04:24,345
SU1400,Ural Airlines,2024-11-19,11:49,105
SU2326,UTair,2024-12-03,10:21,239
SU5196,Ural Airlines,2024-10-22,22:36,235
SU4516,UTair,2024-11-09,04:34,284
SU100,UTair,2024-03-28,13:07,129
SU3247,Aeroflot,2024-03-26,11:34,128
SU2903,Nordavia,2024-07-16,07:58,97
SU8639,UTair,2024-09-18,05:59,164
SU8906,Aeroflot,2024-03-10,12:45,268
SU9156,Red Wings,2024-09-27,15:01,143
SU7769,S7 Airlines,2024-01-16,19:47,172
SU5789,Aeroflot,2024-01-21,20:46,78
SU6588,S7 Airlines,2024-06-07,05:43,195
SU6311,Yakutia,2024-03-19,13:25,222
SU2731,Aeroflot,2024-10-19,20:03,187
SU5739,Rossiya,2024-02-10,00:54,62
SU6274,S7 Airlines,2024-04-11,04:00,108
SU9107,Nordavia,2024-08-28,12:04,248
SU1954,UTair,2024-07-22,11:29,167
SU6737,Nordavia,2024-07-17,21:30,280
SU9365,Ural Airlines,2024-07-20,01:06,301
SU7717,Pobeda,2024-03-12,12:10,188
SU5164,Azimuth,2024-12-18,14:23,224
SU4081,UTair,2024-11-11,17:21,142
SU9440,Aeroflot,2024-08-21,22:47,213
SU6888,S7 Airlines,2024-07-21,23:58,257
SU257,Pobeda,2024-10-20,04:38,294
SU4189,Azimuth,2024-09-23,01:56,337
SU7795,Azimuth,2024-05-24,07:52,110
SU3221,Yakutia,2024-12-19,18:02,289
SU1589,UTair,2024-06-02,12:28,133
SU9921,Nordavia,2024-12-27,00:17,76
SU3363,Nordavia,2024-06-14,16:56,279
SU6163,Rossiya,2024-09-01,15:59,73
SU1863,Yakutia,2024-06-28,08:03,267
SU2900,S7 Airlines,2024-05-24,21:26,143
SU4205,Azimuth,2024-06-13,10:54,201
SU8601,Aeroflot,2024-10-24,01:20,138
SU3742,Ural Airlines,2024-08-07,23:17,64
SU9953,Red Wings,2024-03-27,23:43,92
SU1155,S7 Airlines,2024-01-24,03:32,55
SU7893,Nordavia,2024-06-26,01:02,134
SU9852,Azimuth,2024-02-09,15:10,147
SU8352,Rossiya,2024-01-23,03:28,269
SU6469,Red Wings,2024-02-08,20:51,298
SU4336,UTair,2024-01-04,18:06,213
SU3690,Ural Airlines,2024-10-06,10:06,235
SU7089,Rossiya,2024-03-24,12:17,128
SU9727,UTair,2024-04-16,02:54,174
SU3774,Pobeda,2024-08-13,15:22,274
SU4270,Yakutia,2024-11-10,00:43,234
SU5910,Red Wings,2024-02-23,00:27,126
SU258,UTair,2024-11-18,02:21,277
SU4328,Pobeda,2024-10-18,12:29,153
SU4677,Yakutia,2024-12-13,12:14,208
SU1441,Yakutia,2024-03-11,22:35,87
SU6832,S7 Airlines,2024-08-07,03:22,186
SU6173,S7 Airlines,2024-10-10,15:05,89
SU2389,Yakutia,2024-09-28,07:52,249
SU5800,Red Wings,2024-10-04,22:39,113
SU3012,Ural Airlines,2024-06-01,12:36,112
SU5167,S7 Airlines,2024-06-27,12:15,89
SU3675,S7 Airlines,2024-03-05,15:56,243
SU3992,Nordavia,2024-09-06,19:53,347
SU2803,Nordavia,2024-02-27,15:28,104
SU914,Nordavia,2024-07-15,00:22,314
SU3314,S7 Airlines,2024-11-12,02:42,198
SU2686,S7 Airlines,2024-05-18,17:12,62
SU7353,Ural Airlines,2024-06-04,02:42,331
SU3126,S7 Airlines,2024-07-17,16:01,71
SU5752,Yakutia,2024-03-26,19:44,331
SU6878,UTair,2024-09-28,04:31,168
SU4751,S7 Airlines,2024-09-07,16:34,144
SU8098,Azimuth,2024-06-18,23:09,91
SU6779,Yakutia,2024-01-09,01:59,197
SU4143,Rossiya,2024-10-26,22:18,80
SU3199,Nordavia,2024-11-24,22:41,164
SU5532,Nordavia,2024-12-19,10:54,297
SU6350,Pobeda,2024-09-22,18:42,294
SU4536,Pobeda,2024-06-07,23:57,258
SU1923,Azimuth,2024-08-24,21:34,295
SU7753,Ural Airlines,2024-02-14,11:18,226
SU5052,Aeroflot,2024-11-18,11:34,288
SU4177,Red Wings,2024-02-16,17:51,169
SU1886,Nordavia,2024-05-11,11:42,83
SU5233,Pobeda,2024-02-18,00:09,166
SU8686,Azimuth,2024-03-02,13:18,77
SU6184,UTair,2024-02-09,15:46,326
SU1146,Red Wings,2024-07-08,04:11,218
SU370,Rossiya,2024-08-17,07:59,244
SU3118,Red Wings,2024-04-26,04:50,246
SU5263,Ural Airlines,2024-12-19,04:52,90
SU5303,UTair,2024-02-02,17:47,276
SU3863,Nordavia,2024-04-01,11:56,252
SU7586,Rossiya,2024-04-11,17:40,187
SU9050,UTair,2024-10-05,23:53,320
SU8915,Yakutia,2024-11-24,08:13,90
SU3083,Pobeda,2024-04-04,04:18,129
SU8178,Rossiya,2024-06-17,06:41,122
SU2003,Nordavia,2024-06-06,06:35,314
SU1796,Rossiya,2024-10-05,02:50,137
SU7547,Red Wings,2024-08-23,22:41,187
SU6406,S7 Airlines,2024-07-22,23:00,285
SU3175,Rossiya,2024-12-24,18:53,333
SU3538,Nordavia,2024-08-17,15:32,297
SU2293,Yakutia,2024-10-25,10:37,148
SU7503,Pobeda,2024-09-10,11:27,242
SU7375,Ural Airlines,2024-10-01,16:16,225
SU4062,Pobeda,2024-07-22,05:30,259
SU2299,Azimuth,2024-03-01,11:32,308
SU2694,Ural Airlines,2024-08-11,00:03,204
SU5251,Azimuth,2024-11-24,23:44,97
SU5253,Aeroflot,2024-09-14,04:45,105
SU8719,S7 Airlines,2024-05-05,21:21,216
SU6851,Azimuth,2024-03-05,15:10,109
SU7949,Rossiya,2024-06-25,13:20,214
SU4952,Azimuth,2024-02-06,12:24,329
SU6551,Aeroflot,2024-09-22,00:05,155
SU4127,S7 Airlines,2024-02-11,20:52,311
SU7597,Aeroflot,2024-12-10,17:48,85
SU8793,S7 Airlines,2024-10-22,23:03,86
SU7913,Aeroflot,2024-06-27,11:51,337
SU9873,UTair,2024-10-24,09:45,247
SU4844,Rossiya,2024-08-06,11:45,245
SU1420,Pobeda,2024-01-09,09:57,266
SU8436,Ural Airlines,2024-04-05,11:21,106
SU7626,Yakutia,2024-09-12,16:20,240
SU7253,Rossiya,2024-07-13,11:27,268
SU1939,Nordavia,2024-04-28,16:01,58
SU6902,Azimuth,2024-11-23,08:02,236
SU265,Red Wings,2024-07-28,04:17,64
SU1448,UTair,2024-04-12,18:26,118
SU4320,Aeroflot,2024-12-20,12:38,153
SU8697,Yakutia,2024-12-22,13:14,329
SU3152,S7 Airlines,2024-12-13,11:17,96
SU8478,Ural Airlines,2024-09-21,15:34,297
SU5523,Rossiya,2024-06-17,19:58,204
SU488,Aeroflot,2024-04-01,23:08,80
SU6601,UTair,2024-02-12,08:57,122
SU234,Red Wings,2024-08-16,07:09,97
SU1043,Aeroflot,2024-03-07,22:31,170
SU1028,UTair,2024-08-02,11:32,148
SU4823,Azimuth,2024-09-15,01:28,77
SU4527,Aeroflot,2024-07-01,03:35,100
SU5970,Aeroflot,2024-02-24,05:39,71
SU4415,Rossiya,2024-03-01,01:58,299
SU3991,Ural Airlines,2024-07-03,03:27,164
SU6741,S7 Airlines,2024-04-01,19:17,134
SU6365,Aeroflot,2024-08-25,17:26,157
SU5657,S7 Airlines,2024-07-09,15:13,149
SU9411,Rossiya,2024-12-05,21:18,143
SU6636,Ural Airlines,2024-02-22,13:34,62
SU2871,S7 Airlines,2024-08-06,07:17,169
SU368,Pobeda,2024-05-17,13:20,170
SU6376,Yakutia,2024-02-03,21:25,309
SU7504,Aeroflot,2024-10-22,00:35,67
SU9673,UTair,2024-02-20,05:58,264
SU3093,Nordavia,2024-10-09,06:17,162
SU3873,Ural Airlines,2024-05-22,22:40,135
SU7973,Ural Airlines,2024-04-13,06:19,75
SU586,UTair,2024-10-06,23:37,128
SU9984,Rossiya,2024-09-20,06:20,105
SU1860,S7 Airlines,2024-10-16,03:42,73
SU2498,Azimuth,2024-11-18,15:54,62
SU9740,Nordavia,2024-11-25,20:35,289
SU9482,Ural Airlines,2024-06-16,09:13,58
SU3216,Red Wings,2024-12-27,21:11,338
SU4701,Ural Airlines,2024-10-27,23:46,312
SU2148,UTair,2024-12-24,21:59,161
SU9605,Rossiya,2024-04-27,19:11,101
SU4497,Nordavia,2024-03-19,09:34,212
SU7052,Red Wings,2024-03-27,00:44,305
SU7637,Aeroflot,2024-11-10,14:49,225
SU4412,Yakutia,2024-01-01,00:18,304
SU1148,UTair,2024-11-13,06:05,276
SU8246,Rossiya,2024-03-06,04:37,285
SU7877,UTair,2024-04-27,15:00,118
SU4491,Nordavia,2024-01-20,09:37,331
SU7982,Nordavia,2024-08-05,18:06,125
SU9348,UTair,2024-03-06,00:11,139
SU7217,Azimuth,2024-09-10,05:20,319
SU6178,S7 Airlines,2024-02-20,16:31,229
SU3302,Nordavia,2024-01-08,07:19,123
SU5324,UTair,2024-12-01,13:10,275
SU7147,Ural Airlines,2024-06-21,01:39,334
SU1755,Rossiya,2024-12-21,03:54,328
SU6075,Nordavia,2024-05-26,11:20,55
SU2271,Nordavia,2024-08-01,05:19,112
SU252,Red Wings,2024-07-10,05:49,83
SU5266,Aeroflot,2024-05-06,21:11,225
SU4938,Rossiya,2024-02-14,16:01,68
SU5840,Nordavia,2024-01-20,02:06,206
SU3420,Aeroflot,2024-11-01,08:12,213
SU6156,Azimuth,2024-07-27,06:21,249
SU6797,Yakutia,2024-08-17,00:03,89
SU6654,Red Wings,2024-04-21,00:23,83
SU2362,Azimuth,2024-04-28,07:10,182
SU1318,Yakutia,2024-02-04,08:14,137
SU5132,Aeroflot,2024-05-02,15:47,271
SU3494,Red Wings,2024-10-24,01:47,255
SU187,UTair,2024-04-12,06:26,263
SU7820,Nordavia,2024-08-07,01:19,284
SU8188,Azimuth,2024-05-06,03:33,148
SU2883,UTair,2024-12-26,15:18,270
SU1610,Ural Airlines,2024-05-16,02:45,183
SU6242,Ural Airlines,2024-08-06,00:06,101
SU7853,Aeroflot,2024-10-12,20:56,142
SU3611,Ural Airlines,2024-12-16,13:28,64
SU402,Azimuth,2024-11-03,03:35,238
SU9406,Yakutia,2024-02-28,19:42,294
SU9550,Azimuth,2024-10-17,16:46,183
SU4677,Rossiya,2024-11-02,18:25,270
SU2831,Pobeda,2024-03-05,09:21,225
SU8241,Ural Airlines,2024-05-02,11:13,298
SU7487,Red Wings,2024-02-03,19:56,64
SU1448,Ural Airlines,2024-09-28,17:57,247
SU6281,Rossiya,2024-08-22,06:59,56
SU3054,S7 Airlines,2024-05-07,09:39,231
SU4467,Aeroflot,2024-01-11,21:46,53
SU2981,Nordavia,2024-08-07,19:32,253
SU8268,Yakutia,2024-08-26,01:57,237
SU6175,S7 Airlines,2024-05-28,14:49,178
SU7199,Pobeda,2024-01-08,19:36,203
SU3607,Aeroflot,2024-08-15,16:42,57
SU3789,Aeroflot,2024-10-20,19:49,298
SU622,Pobeda,2024-02-15,05:13,273
SU9652,Azimuth,2024-08-10,17:13,223
SU5066,UTair,2024-04-27,08:22,99
SU8401,Nordavia,2024-12-05,00:24,148
SU3256,Red Wings,2024-11-01,11:55,184
SU5515,S7 Airlines,2024-03-06,13:23,241
SU9838,Red Wings,2024-04-22,08:54,288
SU3797,Azimuth,2024-10-22,02:31,275
SU5908,Pobeda,2024-07-05,23:34,286
SU9418,Red Wings,2024-03-10,15:09,102
SU7884,Yakutia,2024-06-06,23:24,50
SU7470,Red Wings,2024-06-21,02:40,239
SU8474,Red Wings,2024-09-25,09:22,201
SU6882,Ural Airlines,2024-02-12,05:18,162
SU6991,S7 Airlines,2024-12-13,23:41,222
SU2513,Pobeda,2024-08-17,23:25,273
SU1573,UTair,2024-11-13,20:10,334
SU4145,Red Wings,2024-09-01,13:54,202
SU1957,Rossiya,2024-06-17,18:05,294
SU6603,Pobeda,2024-04-09,10:47,272
SU3605,Rossiya,2024-05-05,02:09,171
SU9496,Rossiya,2024-09-12,16:03,113
SU1594,Ural Airlines,2024-01-13,12:17,138
SU4294,Nordavia,2024-04-09,18:11,223
SU8370,Rossiya,2024-12-10,06:24,118
SU9210,Aeroflot,2024-02-26,21:35,98
SU5477,Nordavia,2024-01-05,11:45,335
SU5678,UTair,2024-12-24,03:51,69
SU5366,S7 Airlines,2024-09-26,23:39,217
SU1964,UTair,2024-01-22,13:29,97
SU9270,Nordavia,2024-12-23,10:53,75
SU6173,Red Wings,2024-04-12,17:41,243
SU9801,Ural Airlines,2024-07-07,01:36,52
SU2588,Red Wings,2024-01-05,15:17,62
SU971,Pobeda,2024-08-13,13:53,65
SU1805,Yakutia,2024-02-18,14:54,117
SU4471,Nordavia,2024-02-12,22:18,144
SU1898,Rossiya,2024-09-27,05:20,281
SU5162,Pobeda,2024-02-08,19:11,158
SU2750,Yakutia,2024-05-02,09:27,123
SU9030,Pobeda,2024-04-28,03:24,62
SU4685,S7 Airlines,2024-05-20,02:13,159
SU5483,Aeroflot,2024-01-05,00:59,219
SU9147,Rossiya,2024-05-18,00:47,264
SU6087,Rossiya,2024-08-08,02:20,179
SU8940,UTair,2024-08-17,10:47,201
SU4246,S7 Airlines,2024-11-11,15:40,64
SU2769,Red Wings,2024-02-16,11:47,219
SU7377,Nordavia,2024-10-19,22:45,150
SU2121,Rossiya,2024-09-21,18:18,314
SU7341,UTair,2024-12-12,19:11,219
SU735,UTair,2024-11-22,19:42,336
SU9376,UTair,2024-08-09,07:27,337
SU2721,Aeroflot,2024-09-12,14:51,258
SU7230,Azimuth,2024-10-22,05:59,343
SU9907,Pobeda,2024-12-24,10:51,244
SU7609,Ural Airlines,2024-06-14,11:41,236
SU6996,Ural Airlines,2024-12-03,15:02,267
SU3423,Yakutia,2024-12-11,19:45,69
SU6509,UTair,2024-02-28,16:57,237
SU9120,Nordavia,2024-07-15,03:23,127
SU6049,Azimuth,2024-05-12,14:42,332
SU5786,Red Wings,2024-04-23,06:23,228
SU9895,Nordavia,2024-07-16,10:15,273
SU3888,Red Wings,2024-06-04,18:59,339
SU8961,Rossiya,2024-06-21,17:53,250
SU2221,Ural Airlines,2024-06-01,12:50,183
SU5928,Ural Airlines,2024-07-22,05:54,325
SU5571,Ural Airlines,2024-06-15,07:28,342
SU2248,Azimuth,2024-09-19,05:31,200
SU1575,Nordavia,2024-02-07,05:20,180
SU8645,UTair,2024-05-23,22:11,119
SU4459,Yakutia,2024-08-02,23:55,95
SU227,Aeroflot,2024-02-15,04:21,147
SU8154,Rossiya,2024-07-04,09:41,263
SU2810,Red Wings,2024-11-05,04:38,228
SU6108,S7 Airlines,2024-12-23,14:18,228
SU9932,Pobeda,2024-04-13,17:15,65
SU9786,Red Wings,2024-10-03,05:46,90
SU8959,Yakutia,2024-09-11,12:09,160
SU2731,UTair,2024-09-24,19:28,90
SU2384,Azimuth,2024-12-26,23:43,205
SU5447,Rossiya,2024-05-02,05:52,190
SU3126,Yakutia,2024-08-05,04:38,237
SU651,Nordavia,2024-05-21,17:17,84
SU9382,Azimuth,2024-10-22,19:13,178
SU8308,Pobeda,2024-10-17,15:39,181
SU2211,Rossiya,2024-02-07,08:40,122
SU3367,Yakutia,2024-07-10,08:27,177
SU8265,Red Wings,2024-09-16,07:02,213
SU639,S7 Airlines,2024-06-13,03:13,203
SU9001,Red Wings,2024-02-11,01:52,62
SU8158,S7 Airlines,2024-04-09,15:41,318
SU6941,Nordavia,2024-12-06,04:24,224
SU416,Azimuth,2024-09-10,06:29,81
SU8846,Ural Airlines,2024-01-10,16:04,286
SU6247,Red Wings,2024-10-19,08:42,234
SU6124,Yakutia,2024-06-17,00:55,255
SU339,Nordavia,2024-04-15,23:32,211
SU9076,Nordavia,2024-06-11,23:58,126
SU4720,Pobeda,2024-04-07,01:02,308
SU8600,Nordavia,2024-04-28,17:00,274
SU7038,Azimuth,2024-06-08,03:09,309
SU5353,UTair,2024-08-18,12:27,229
SU1074,Pobeda,2024-12-17,21:09,199
SU1643,UTair,2024-01-16,22:57,143
SU9934,Ural Airlines,2024-10-02,05:17,294
SU8203,Pobeda,2024-02-07,01:16,341
SU1891,UTair,2024-03-01,17:06,285
SU4427,UTair,2024-12-17,04:07,171
SU975,Red Wings,2024-07-06,01:58,242
SU6822,Nordavia,2024-01-01,07:38,227
SU9524,Pobeda,2024-09-16,20:38,335
SU6941,UTair,2024-02-15,23:40,305
SU9838,Pobeda,2024-08-06,09:24,76
SU3302,Pobeda,2024-10-06,17:01,100
SU9699,Pobeda,2024-05-18,04:17,95
SU7230,Ural Airlines,2024-01-15,12:39,147
SU8490,S7 Airlines,2024-03-17,13:35,204
SU2773,Rossiya,2024-03-04,18:20,255
SU6210,Azimuth,2024-09-17,16:34,98
SU8207,Yakutia,2024-11-26,09:18,349
SU6051,Ural Airlines,2024-07-20,22:10,53
SU5890,Pobeda,2024-06-21,16:55,67
SU6233,S7 Airlines,2024-09-10,00:57,210
SU8454,Yakutia,2024-04-01,03:55,53
SU4063,Aeroflot,2024-07-05,00:25,63
SU5647,Yakutia,2024-03-12,22:38,317
SU8395,S7 Airlines,2024-06-09,20:11,137
SU5763,Aeroflot,2024-08-06,05:51,164
SU4230,Azimuth,2024-11-23,05:45,220
SU608,Yakutia,2024-02-15,08:44,212
SU9308,Ural Airlines,2024-01-25,12:30,350
SU8974,UTair,2024-03-04,08:14,174
SU6246,Nordavia,2024-06-25,01:13,275
SU4263,Pobeda,2024-05-03,00:32,298
SU4198,Nordavia,2024-12-06,15:14,298
SU2137,UTair,2024-10-11,11:12,86
SU6350,Aeroflot,2024-08-24,06:19,267
SU9444,Red Wings,2024-03-04,04:01,261
SU7750,Nordavia,2024-07-07,01:40,277
SU6415,Aeroflot,2024-10-14,06:57,79
SU4562,UTair,2024-07-14,19:07,211
SU6401,UTair,2024-02-25,03:38,150
SU3908,S7 Airlines,2024-12-03,11:26,281
SU3666,S7 Airlines,2024-05-02,04:27,270
SU4456,Azimuth,2024-03-06,20:55,200
SU3576,Azimuth,2024-11-27,01:24,267
SU2739,Nordavia,2024-01-26,03:40,313
SU5860,Yakutia,2024-01-28,05:30,270
SU7385,UTair,2024-05-23,13:13,87
SU7731,Aeroflot,2024-12-21,13:13,270
SU3821,Nordavia,2024-04-01,03:25,265
SU9334,Aeroflot,2024-08-09,19:46,350
SU665,Rossiya,2024-04-16,08:43,270
SU8177,Pobeda,2024-05-16,08:37,292
SU6941,Aeroflot,2024-01-12,10:47,56
SU375,Ural Airlines,2024-01-19,16:34,88
SU1284,UTair,2024-08-13,19:39,183
SU4696,Ural Airlines,2024-02-01,04:31,309
SU1037,Red Wings,2024-08-05,16:44,261
SU1597,Azimuth,2024-03-17,18:52,325
SU2245,Pobeda,2024-01-02,15:46,115
SU3320,S7 Airlines,2024-04-22,15:52,78
SU2508,Azimuth,2024-02-17,02:36,134
SU7614,Red Wings,2024-11-19,17:55,55
SU6809,UTair,2024-08-23,04:34,170
SU458,Aeroflot,2024-12-12,09:23,67
SU4609,Azimuth,2024-11-09,07:03,206
SU6008,S7 Airlines,2024-11-12,09:08,100
SU7860,Nordavia,2024-10-22,01:09,178
SU405,Ural Airlines,2024-08-13,03:36,313
SU506,Ural Airlines,2024-04-14,22:47,240
SU8907,Azimuth,2024-02-13,23:52,93
SU6109,Pobeda,2024-08-17,13:24,316
SU5707,Ural Airlines,2024-06-03,00:43,128
SU3707,Azimuth,2024-05-10,12:54,346
SU4190,Ural Airlines,2024-03-18,06:32,299
SU7473,S7 Airlines,2024-01-19,16:40,71
SU8119,Rossiya,2024-02-26,18:11,98
SU522,Azimuth,2024-08-17,02:24,341
SU4587,Nordavia,2024-04-17,15:53,314
SU7552,S7 Airlines,2024-04-23,19:57,243
SU6614,Rossiya,2024-06-27,10:56,188
SU1097,Aeroflot,2024-10-04,03:05,152
SU3412,S7 Airlines,2024-11-03,14:30,179
SU675,Red Wings,2024-12-01,15:00,289
SU6410,UTair,2024-02-21,17:16,188
SU2011,Red Wings,2024-07-23,22:10,95
SU9113,Yakutia,2024-05-09,23:33,159
SU8897,Red Wings,2024-07-18,14:42,110
SU8044,Azimuth,2024-03-09,15:31,152
SU1956,Yakutia,2024-01-15,03:43,173
SU5025,Nordavia,2024-06-26,13:56,52
SU6400,Yakutia,2024-05-03,00:34,124
SU253,S7 Airlines,2024-02-01,18:41,290
SU4510,Pobeda,2024-11-01,22:02,315
SU1869,Red Wings,2024-01-03,19:04,58
SU5419,Ural Airlines,2024-02-03,01:39,184
SU2554,Rossiya,2024-07-13,03:28,128
SU3899,UTair,2024-10-02,18:32,93
SU1697,Nordavia,2024-06-12,08:23,121
SU182,Aeroflot,2024-02-27,04:45,84
SU4519,Red Wings,2024-02-14,23:52,130
SU6789,Red Wings,2024-08-21,04:17,141
SU8919,Yakutia,2024-05-23,00:13,143
SU2330,Pobeda,2024-12-05,02:27,57
SU6802,Nordavia,2024-10-06,17:27,197
SU9074,Red Wings,2024-02-20,05:55,71
SU6990,Yakutia,2024-04-27,16:32,116
SU9642,Nordavia,2024-03-21,06:11,89
SU2815,Ural Airlines,2024-09-09,14:36,83
SU6025,Azimuth,2024-07-26,23:43,293
SU4530,Ural Airlines,2024-09-03,07:24,296
SU8417,Rossiya,2024-11-01,20:04,96
SU7656,Rossiya,2024-09-22,08:04,85
SU1079,Yakutia,2024-09-02,10:55,234
SU3658,Pobeda,2024-10-01,22:14,58
SU1447,Ural Airlines,2024-06-24,05:47,266
SU5329,Pobeda,2024-01-12,23:10,279
SU9264,Pobeda,2024-08-26,09:37,255
SU4157,Red Wings,2024-07-08,06:49,278
SU8039,Rossiya,2024-12-20,05:21,222
SU4035,Red Wings,2024-05-24,06:04,180
SU5911,Azimuth,2024-08-26,15:54,163
SU5794,UTair,2024-09-15,16:59,101
SU3948,Ural Airlines,2024-06-03,07:23,339
SU2078,Ural Airlines,2024-05-11,06:20,164
SU9000,Azimuth,2024-02-11,15:01,194
SU2151,Azimuth,2024-01-12,03:28,147
SU5264,Red Wings,2024-08-15,23:03,234
SU9568,Rossiya,2024-05-09,01:36,234
SU9829,Pobeda,2024-03-20,10:24,178
SU5564,Rossiya,2024-11-10,02:47,153
SU2955,Pobeda,2024-06-21,05:25,217
SU5680,Yakutia,2024-11-10,11:27,92
SU8045,Azimuth,2024-04-12,08:17,216
SU2648,Azimuth,2024-07-17,02:00,190
SU9562,UTair,2024-10-05,05:47,280
SU6847,Ural Airlines,2024-09-16,10:59,127
SU7791,Ural Airlines,2024-05-20,22:38,195
SU1435,S7 Airlines,2024-02-10,00:45,58
SU4808,Yakutia,2024-07-21,12:34,295
SU5845,Aeroflot,2024-11-25,04:23,136
SU6385,Nordavia,2024-05-09,03:24,64
SU5069,Azimuth,2024-01-16,07:04,117
SU2627,Rossiya,2024-10-08,14:51,173
SU9899,S7 Airlines,2024-03-02,16:32,316
SU6489,Rossiya,2024-07-22,06:16,95
SU9563,Red Wings,2024-05-15,15:39,319
SU3527,Yakutia,2024-11-24,16:43,260
SU4187,S7 Airlines,2024-06-27,07:37,85
SU3871,Yakutia,2024-08-16,22:43,279
SU3032,Pobeda,2024-10-27,11:30,187
SU2684,S7 Airlines,2024-06-14,09:30,343
SU9698,Aeroflot,2024-03-06,18:30,199
SU8389,UTair,2024-09-10,06:34,310
SU7078,Azimuth,2024-06-21,03:28,307
SU9693,UTair,2024-04-22,10:53,300
SU6691,Rossiya,2024-09-13,04:08,197
SU3785,UTair,2024-12-15,00:57,308
SU6470,Ural Airlines,2024-12-05,11:49,170
SU2113,Yakutia,2024-03-16,17:14,158
SU7783,Pobeda,2024-04-23,18:32,91
SU139,Yakutia,2024-06-21,19:40,286
SU1544,Rossiya,2024-06-18,08:14,160
SU7064,Azimuth,2024-03-24,11:09,165
SU1980,S7 Airlines,2024-11-05,16:01,106
SU618,Pobeda,2024-10-03,20:05,185
SU4262,Nordavia,2024-06-21,22:38,322
SU8122,S7 Airlines,2024-10-24,04:52,169
SU8259,Nordavia,2024-02-09,03:25,295
SU7175,Azimuth,2024-11-22,14:02,245
SU770,Nordavia,2024-01-16,14:11,177
SU6591,Pobeda,2024-01-11,18:30,92
SU6327,Pobeda,2024-02-05,09:17,115
SU3730,Azimuth,2024-01-13,11:20,166
SU9078,Pobeda,2024-10-18,12:47,237
SU7567,Azimuth,2024-03-05,04:44,267
SU1261,Rossiya,2024-03-25,03:35,314
SU4212,Pobeda,2024-09-27,09:35,56
SU331,Nordavia,2024-12-13,17:20,159
SU5600,Nordavia,2024-02-16,22:35,148
SU3119,Aeroflot,2024-01-13,22:42,303
SU787,Pobeda,2024-03-28,14:11,79
SU8733,Aeroflot,2024-04-25,12:59,348
SU2334,S7 Airlines,2024-03-02,05:35,242
SU5451,Azimuth,2024-01-19,04:01,52
SU2873,Yakutia,2024-05-13,01:18,67
SU7686,UTair,2024-03-04,18:54,305
SU6878,Azimuth,2024-04-21,14:39,252
SU7252,Red Wings,2024-10-05,20:53,226
SU4488,Azimuth,2024-10-21,17:12,163
SU9097,Red Wings,2024-07-22,01:44,78
SU775,Aeroflot,2024-12-27,20:27,230
SU4563,Yakutia,2024-05-17,23:32,288
SU1886,Red Wings,2024-10-14,00:56,106
SU4233,UTair,2024-06-25,07:16,52
SU6362,Aeroflot,2024-10-08,18:09,215
SU3711,Ural Airlines,2024-12-05,06:30,224
SU3292,Nordavia,2024-02-24,08:51,241
SU1924,Ural Airlines,2024-08-16,20:33,241
SU3569,Nordavia,2024-02-05,16:11,57
SU4498,S7 Airlines,2024-08-08,04:15,346
SU2495,Rossiya,2024-09-03,02:41,127
SU4281,Nordavia,2024-04-19,03:54,238
SU4112,Red Wings,2024-12-17,00:10,238
SU6340,Aeroflot,2024-10-10,16:03,140
SU4522,Ural Airlines,2024-06-26,04:58,270
SU6211,UTair,2024-10-12,13:41,201
SU5359,Azimuth,2024-01-24,08:50,66
SU1469,Ural Airlines,2024-10-13,21:46,218
SU2982,Yakutia,2024-12-06,04:51,59
SU9732,Azimuth,2024-03-02,04:02,166
SU6917,Red Wings,2024-09-12,19:38,94
SU2374,UTair,2024-02-24,19:13,90
SU952,Yakutia,2024-11-22,15:31,107
SU7695,Azimuth,2024-04-13,02:19,183
SU8127,Ural Airlines,2024-08-16,08:41,260
SU6515,UTair,2024-05-12,18:31,318
SU6399,Red Wings,2024-12-21,17:00,276
SU4954,Ural Airlines,2024-12-01,06:02,68
SU5383,Ural Airlines,2024-02-06,07:29,179
SU7585,S7 Airlines,2024-08-24,15:27,291
SU2250,Yakutia,2024-01-13,00:26,334
SU5283,UTair,2024-03-09,09:48,80
SU1076,Ural Airlines,2024-08-04,21:53,188
SU854,Red Wings,2024-03-26,12:19,331
SU8740,Rossiya,2024-07-26,04:29,94
SU6795,Pobeda,2024-11-20,21:38,74
SU1503,UTair,2024-09-11,19:02,349
SU4613,Yakutia,2024-12-09,12:24,109
SU6174,Nordavia,2024-03-03,01:23,213
SU5169,S7 Airlines,2024-08-03,21:22,243
SU7448,Yakutia,2024-03-22,14:04,125
SU5893,UTair,2024-09-02,20:19,70
SU9543,Rossiya,2024-04-28,16:00,139
SU8079,Pobeda,2024-11-10,06:53,201
SU3725,Ural Airlines,2024-04-09,02:16,117
SU2688,Yakutia,2024-06-17,11:40,243
SU9156,Aeroflot,2024-03-11,06:59,248
SU8156,Aeroflot,2024-07-15,10:44,341
SU9921,Azimuth,2024-02-20,20:49,114
SU2330,Aeroflot,2024-03-03,23:50,245
SU8683,Red Wings,2024-04-25,10:14,93
SU9470,Nordavia,2024-05-13,17:21,75
SU7658,Yakutia,2024-03-13,21:11,212
SU6856,Yakutia,2024-07-05,08:35,216
SU4582,S7 Airlines,2024-10-12,01:30,72
SU1839,UTair,2024-07-20,06:12,95
SU5822,Azimuth,2024-07-23,23:44,296
SU588,Rossiya,2024-12-01,06:20,245
SU5947,UTair,2024-04-02,13:26,292
SU4535,Red Wings,2024-01-05,13:48,288
SU701,S7 Airlines,2024-05-07,08:23,341
SU9426,Azimuth,2024-11-21,08:31,239
SU1422,Ural Airlines,2024-02-21,17:06,159
SU490,UTair,2024-06-02,05:26,187
SU1778,Yakutia,2024-06-02,17:52,227
SU1296,Yakutia,2024-01-23,05:53,112
SU5631,Red Wings,2024-04-28,02:35,90
SU3541,Red Wings,2024-11-02,01:59,276
SU2096,Rossiya,2024-11-11,06:48,306
SU3474,Red Wings,2024-12-19,09:10,70
SU9878,S7 Airlines,2024-12-14,08:37,147
SU6279,Pobeda,2024-11-05,13:10,197
SU9245,Pobeda,2024-07-19,21:28,331
SU448,Aeroflot,2024-04-13,17:26,336
SU137,Azimuth,2024-02-05,13:12,160
SU6720,Pobeda,2024-10-13,07:38,98
SU8181,Ural Airlines,2024-12-12,13:24,146
SU9192,Nordavia,2024-12-01,02:36,240
SU9024,Aeroflot,2024-10-08,19:02,347
SU8240,UTair,2024-08-13,20:02,83
SU2409,Aeroflot,2024-01-24,09:51,203
SU3890,Rossiya,2024-02-21,06:02,216
SU9076,Pobeda,2024-12-09,21:45,267
SU1130,Pobeda,2024-04-17,02:12,149
SU6426,Rossiya,2024-05-22,14:22,168
SU1733,Pobeda,2024-12-09,15:20,291
SU7801,Pobeda,2024-09-11,02:20,281
SU7583,Nordavia,2024-11-13,08:38,247
SU1146,S7 Airlines,2024-01-09,05:34,164
SU3046,S7 Airlines,2024-03-24,07:58,298
SU782,S7 Airlines,2024-10-04,16:02,177
SU6538,S7 Airlines,2024-11-12,07:15,283
SU4493,Azimuth,2024-11-25,15:04,251
SU6451,S7 Airlines,2024-06-18,01:39,218
SU7871,S7 Airlines,2024-04-23,13:13,340
SU2618,Yakutia,2024-08-16,21:05,169
SU5169,Rossiya,2024-03-14,16:07,279
SU450,Rossiya,2024-03-09,19:59,217
SU6884,Nordavia,2024-04-28,17:42,203
SU6468,UTair,2024-07-11,16:05,275
SU3515,Nordavia,2024-12-19,09:34,185
SU8757,Red Wings,2024-01-19,02:57,192
SU3182,Yakutia,2024-01-16,14:08,212
SU7608,Aeroflot,2024-12-04,15:30,151
SU3155,Red Wings,2024-02-27,02:32,125
SU4056,Rossiya,2024-04-17,20:41,303
SU8204,Azimuth,2024-10-06,02:52,147
SU8369,Ural Airlines,2024-08-24,04:26,272
SU4519,Red Wings,2024-01-14,21:21,286
SU4482,S7 Airlines,2024-07-08,03:26,234
SU5572,Yakutia,2024-04-24,18:56,115
SU1219,Aeroflot,2024-07-01,20:40,217
SU464,Ural Airlines,2024-09-21,07:31,132
SU8834,Azimuth,2024-08-04,10:09,295
SU6173,UTair,2024-08-05,01:45,127
SU7694,Pobeda,2024-06-17,08:32,268
SU9169,S7 Airlines,2024-03-19,06:48,134
SU7116,Yakutia,2024-10-25,16:54,178
SU336,Ural Airlines,2024-05-22,22:44,262
SU1170,Pobeda,2024-04-07,10:26,339
SU8691,Nordavia,2024-04-02,22:56,62
SU721,Rossiya,2024-03-26,22:53,92
SU6192,Rossiya,2024-11-02,10:51,326
SU8403,Yakutia,2024-06-25,18:25,124
SU7054,Azimuth,2024-05-25,11:42,218
SU7211,Azimuth,2024-06-15,05:17,201
SU8116,Red Wings,2024-03-09,08:33,199
SU4399,Rossiya,2024-08-22,16:37,318
SU9582,Rossiya,2024-10-06,17:49,108
SU7919,Ural Airlines,2024-02-06,18:52,231
SU5025,Yakutia,2024-10-24,19:09,203
SU6905,Ural Airlines,2024-05-24,19:21,200
SU3339,Red Wings,2024-12-06,01:33,244
SU102,Nordavia,2024-06-21,03:43,93
SU4590,S7 Airlines,2024-07-26,20:31,118
SU3994,Yakutia,2024-05-21,12:29,68
SU6427,Pobeda,2024-08-02,11:41,129
SU3663,Pobeda,2024-03-22,17:46,158
SU7572,Ural Airlines,2024-03-16,20:36,70
SU5066,Aeroflot,2024-04-07,05:47,188
SU9745,Rossiya,2024-03-25,13:41,331
SU2115,Red Wings,2024-06-27,03:00,313
SU5736,Azimuth,2024-04-07,10:24,95
SU292,Azimuth,2024-08-25,06:11,90
SU4882,Yakutia,2024-07-21,17:14,237
SU1791,S7 Airlines,2024-09-09,15:38,105
SU5643,Nordavia,2024-05-27,12:39,319
SU714,UTair,2024-07-06,17:24,149
SU1223,Nordavia,2024-04-25,22:00,54
SU3817,UTair,2024-03-20,21:15,215
SU2953,Nordavia,2024-02-14,13:03,138
SU8961,Ural Airlines,2024-04-12,14:41,189
SU7816,S7 Airlines,2024-10-04,16:43,179
SU164,Aeroflot,2024-12-14,05:42,103
SU5316,Pobeda,2024-09-18,09:11,83
SU6837,UTair,2024-09-20,15:45,205
SU7313,UTair,2024-09-02,04:27,169
SU9505,Azimuth,2024-11-18,15:11,247
SU9741,Rossiya,2024-11-15,14:51,57
SU2617,Pobeda,2024-03-11,20:36,60
SU2489,Red Wings,2024-07-28,11:42,211
SU9925,Ural Airlines,2024-09-16,04:20,279
SU1425,UTair,2024-01-16,16:40,135
SU6543,Azimuth,2024-03-17,03:54,69
SU3067,Azimuth,2024-07-07,20:53,226
SU5404,Rossiya,2024-06-19,20:03,118
SU9104,Ural Airlines,2024-06-11,05:29,317
SU3088,S7 Airlines,2024-03-19,18:51,233
SU1516,Red Wings,2024-10-28,23:02,111
SU8715,Azimuth,2024-10-15,11:22,328
SU3643,Red Wings,2024-07-24,03:52,232
SU4405,Yakutia,2024-01-02,22:48,345
SU464,UTair,2024-11-01,23:21,218
SU7375,Rossiya,2024-02-02,18:27,186
SU4149,Yakutia,2024-10-17,22:51,84
SU9431,UTair,2024-11-16,00:27,126
SU6596,Rossiya,2024-10-07,19:50,98
SU911,Azimuth,2024-07-11,15:34,239
SU5609,UTair,2024-11-12,03:11,170
SU4708,S7 Airlines,2024-12-22,08:03,268
SU792,UTair,2024-05-04,02:20,324
SU6776,Rossiya,2024-10-26,16:20,234
SU6602,S7 Airlines,2024-12-13,06:11,210
SU4722,Rossiya,2024-07-15,09:54,147
SU4108,Rossiya,2024-01-16,05:12,153
SU4164,Red Wings,2024-08-02,12:35,343
SU4064,Yakutia,2024-01-02,07:48,278
SU6998,Ural Airlines,2024-10-14,13:58,99
SU258,Aeroflot,2024-03-20,17:05,290
SU7756,UTair,2024-11-06,20:53,186
SU2390,S7 Airlines,2024-09-26,12:12,329
SU6535,Yakutia,2024-09-16,12:40,187
SU6027,Pobeda,2024-04-03,04:50,271
SU2032,Azimuth,2024-01-09,08:00,73
SU2009,Ural Airlines,2024-09-01,14:47,192
SU108,Aeroflot,2024-05-05,13:22,334
SU8094,UTair,2024-03-09,00:35,171
SU9474,Nordavia,2024-08-10,14:04,283
SU9836,Rossiya,2024-01-07,04:01,267
SU6207,Rossiya,2024-02-04,15:51,148
SU2809,Yakutia,2024-03-20,06:58,225
SU2977,Nordavia,2024-12-19,00:59,204
SU4258,Rossiya,2024-05-15,08:10,217
SU7930,Aeroflot,2024-07-12,15:00,150
SU608,UTair,2024-12-18,21:21,340
SU5915,Yakutia,2024-03-06,13:38,196
SU300,Azimuth,2024-04-20,14:09,295
SU7270,Pobeda,2024-11-09,20:44,321
SU3329,Azimuth,2024-11-15,20:17,198
SU2470,UTair,2024-02-03,01:19,198
SU113,Rossiya,2024-01-15,10:47,308
SU2566,Red Wings,2024-07-25,08:43,240
SU8483,UTair,2024-03-03,06:08,103
SU5267,Ural Airlines,2024-05-05,23:08,232
SU5978,S7 Airlines,2024-05-26,11:16,125
SU9939,Azimuth,2024-01-27,02:19,103
SU1685,Pobeda,2024-06-23,17:59,129
SU6849,Pobeda,2024-05-10,11:46,268
SU5059,Red Wings,2024-07-18,09:13,117
SU6827,Nordavia,2024-08-18,13:15,305
SU3967,Aeroflot,2024-04-12,17:36,218
SU8305,Ural Airlines,2024-08-07,10:46,148
SU5878,S7 Airlines,2024-05-12,01:27,220
SU7153,Rossiya,2024-05-20,03:07,211
SU4635,Pobeda,2024-01-13,14:13,217
SU9743,Rossiya,2024-02-11,17:30,134
SU1333,Azimuth,2024-12-08,02:02,288
SU216,S7 Airlines,2024-08-19,17:37,256
SU726,Red Wings,2024-08-07,15:11,304
SU2643,Ural Airlines,2024-02-13,01:18,151
SU2953,Pobeda,2024-02-26,07:25,91
SU7784,Aeroflot,2024-03-23,12:37,125
SU4420,Aeroflot,2024-08-15,21:30,147
SU9304,UTair,2024-11-04,07:56,288
SU5483,Red Wings,2024-03-14,22:16,183
SU8355,Yakutia,2024-10-11,04:49,146
SU5259,Ural Airlines,2024-01-17,05:17,93
SU602,Rossiya,2024-10-06,22:22,52
SU6561,Yakutia,2024-03-17,13:06,155
SU7790,Azimuth,2024-07-12,23:18,173
SU3360,Yakutia,2024-08-13,10:23,263
SU6660,Azimuth,2024-11-16,09:51,296
SU1195,Ural Airlines,2024-12-24,08:27,153
SU4390,Rossiya,2024-03-26,21:52,280
SU6107,UTair,2024-10-27,00:19,273
SU3354,Azimuth,2024-11-13,19:46,89
SU4680,UTair,2024-02-06,16:35,90
SU2937,Red Wings,2024-01-05,22:29,131
SU3714,UTair,2024-10-16,11:01,202
SU9576,Ural Airlines,2024-02-07,02:39,224
SU5556,Red Wings,2024-04-05,18:24,182
SU5165,Yakutia,2024-08-13,18:27,224
SU7174,Nordavia,2024-01-25,01:08,261
SU771,Aeroflot,2024-11-20,14:21,285
SU8461,Ural Airlines,2024-05-22,06:04,207
SU7146,Rossiya,2024-05-15,01:10,184
SU4232,S7 Airlines,2024-11-13,15:33,213
SU4739,Yakutia,2024-09-10,17:13,294
SU5805,Pobeda,2024-07-26,08:57,339
SU4021,Nordavia,2024-10-21,20:49,66
SU3248,Ural Airlines,2024-04-15,01:04,189
SU5942,Nordavia,2024-07-25,00:36,294
SU8913,Aeroflot,2024-02-14,01:01,153
SU8596,Yakutia,2024-04-15,00:05,75
SU5471,UTair,2024-08-06,01:05,294
SU5632,S7 Airlines,2024-12-05,13:10,300
SU7078,Yakutia,2024-03-13,07:03,247
SU338,Azimuth,2024-03-05,22:53,337
SU7909,Nordavia,2024-12-11,01:04,249
SU6766,Ural Airlines,2024-11-04,17:21,195
SU1082,UTair,2024-07-10,06:18,152
SU2896,Pobeda,2024-03-02,17:46,82
SU2808,Pobeda,2024-07-25,11:33,230
SU690,Ural Airlines,2024-08-15,12:41,211
SU1337,Red Wings,2024-08-23,01:09,211
SU7115,Yakutia,2024-01-19,13:48,120
SU6512,Yakutia,2024-03-18,12:36,337
SU1784,Aeroflot,2024-08-21,01:35,151
SU4044,Rossiya,2024-12-19,11:01,283
SU3863,Red Wings,2024-04-09,16:44,205
SU5480,UTair,2024-08-21,08:02,304
SU8438,Rossiya,2024-03-15,20:56,120
SU4756,Nordavia,2024-10-24,21:50,187
SU4162,UTair,2024-04-04,02:41,142
SU4734,Nordavia,2024-10-21,18:48,148
SU4197,Nordavia,2024-06-09,07:36,247
SU7024,Aeroflot,2024-12-27,16:16,221
SU5363,Azimuth,2024-09-26,03:13,265
SU9064,Rossiya,2024-11-11,18:38,133
SU9147,Rossiya,2024-11-02,09:16,339
SU2770,Pobeda,2024-02-14,12:09,247
SU6260,Red Wings,2024-03-06,12:45,77
SU1214,Red Wings,2024-07-13,08:20,230
SU1722,Pobeda,2024-11-16,04:58,287
SU3562,Aeroflot,2024-10-10,05:02,229
SU5939,S7 Airlines,2024-04-03,23:00,153
SU4759,Red Wings,2024-11-20,12:09,72
SU8499,Yakutia,2024-08-22,16:12,196
SU6966,Azimuth,2024-10-23,02:10,318
SU525,Ural Airlines,2024-01-03,17:25,211
SU6908,Rossiya,2024-08-03,10:18,313
SU2287,Ural Airlines,2024-09-03,18:15,199
SU8217,Aeroflot,2024-07-21,17:29,83
SU8609,Red Wings,2024-07-23,17:49,90
SU6302,Nordavia,2024-01-24,17:29,57
SU2997,Pobeda,2024-09-20,14:23,237
SU1289,Aeroflot,2024-12-06,00:08,336
SU4044,UTair,2024-08-26,07:33,226
SU8777,Rossiya,2024-07-04,01:36,146
SU2831,Nordavia,2024-12-22,02:02,218
SU3141,Yakutia,2024-08-20,20:01,194
SU2852,S7 Airlines,2024-04-14,17:05,159
SU2454,Aeroflot,2024-01-11,16:57,307
SU9275,Pobeda,2024-09-23,12:52,311
SU1991,Nordavia,2024-11-17,16:35,67
SU5903,Ural Airlines,2024-04-27,06:53,286
SU4804,Ural Airlines,2024-01-05,09:00,222
SU417,Nordavia,2024-08-20,04:31,326
SU5354,Pobeda,2024-02-17,00:29,149
SU8301,Red Wings,2024-07-25,09:52,82
SU3759,Pobeda,2024-02-01,22:12,333
SU4018,S7 Airlines,2024-05-16,10:38,284
SU1080,Ural Airlines,2024-01-19,03:02,294
SU4271,S7 Airlines,2024-10-23,11:24,243
SU6461,Aeroflot,2024-07-16,23:24,105
SU7336,S7 Airlines,2024-08-02,03:56,237
SU1215,UTair,2024-02-06,22:20,145
SU7975,Ural Airlines,2024-11-11,18:24,116
SU1638,Yakutia,2024-08-11,02:49,131
SU3267,Red Wings,2024-08-18,17:26,190
SU7097,S7 Airlines,2024-09-09,18:18,60
SU434,S7 Airlines,2024-05-04,11:35,178
SU6896,Pobeda,2024-05-14,19:03,152
SU6619,UTair,2024-10-02,15:05,341
SU6940,Red Wings,2024-06-25,18:44,251
SU5762,Aeroflot,2024-06-08,06:17,115
SU4831,Aeroflot,2024-05-09,06:16,328
SU6494,Aeroflot,2024-08-08,12:49,249
SU5725,Rossiya,2024-01-23,17:34,96
SU8788,S7 Airlines,2024-10-06,19:04,75
SU8395,Pobeda,2024-09-27,15:34,148
SU1040,Nordavia,2024-08-01,13:59,347
SU689,Pobeda,2024-09-27,19:07,328
SU8117,S7 Airlines,2024-03-26,13:18,296
SU6536,Red Wings,2024-04-13,18:08,85
SU7370,Nordavia,2024-05-27,17:45,291
SU5780,S7 Airlines,2024-06-15,13:26,111
SU9122,Rossiya,2024-09-15,17:10,293
SU338,Nordavia,2024-01-21,15:54,85
SU1445,Aeroflot,2024-11-04,13:51,309
SU9429,Pobeda,2024-04-19,08:39,204
SU3589,S7 Airlines,2024-12-19,03:33,314
SU2659,S7 Airlines,2024-10-11,05:33,274
SU8391,UTair,2024-10-23,23:21,146
SU112,S7 Airlines,2024-10-07,07:08,93
SU4136,UTair,2024-05-07,08:38,312
SU559,Ural Airlines,2024-09-01,19:27,331
SU9233,Pobeda,2024-06-22,19:53,101
SU4281,Pobeda,2024-08-17,13:57,277
SU4394,Rossiya,2024-05-05,21:24,131
SU5641,Pobeda,2024-01-28,11:25,179
SU3707,Nordavia,2024-02-18,03:08,154
SU2413,Nordavia,2024-05-04,10:30,77
SU5477,S7 Airlines,2024-11-24,16:09,57
SU2220,UTair,2024-03-12,11:31,117
SU6926,Nordavia,2024-09-01,18:24,82
SU1497,Pobeda,2024-05-07,18:31,101
SU9554,Aeroflot,2024-12-07,05:18,53
SU365,S7 Airlines,2024-08-14,02:38,347
SU5697,S7 Airlines,2024-05-14,05:35,328
SU282,Red Wings,2024-03-09,01:21,72
SU3367,UTair,2024-05-10,02:48,335
SU1166,Red Wings,2024-08-13,17:02,209
SU6164,Rossiya,2024-05-23,19:38,138
SU3230,UTair,2024-11-12,01:12,58
SU5530,Aeroflot,2024-10-08,23:59,207
SU4481,UTair,2024-07-16,14:42,311
SU745,Nordavia,2024-03-20,04:41,56
SU331,Yakutia,2024-07-08,23:39,116
SU894,Pobeda,2024-05-28,09:29,181
SU1218,Yakutia,2024-01-19,01:02,175
SU5902,Nordavia,2024-08-15,18:31,256
SU799,Yakutia,2024-06-08,06:20,197
SU5166,UTair,2024-12-21,20:36,235
SU1060,Yakutia,2024-10-06,21:15,336
SU4476,Aeroflot,2024-10-27,17:18,276
SU9982,Aeroflot,2024-07-07,12:00,97
SU4182,Pobeda,2024-09-17,03:53,211
SU6291,Red Wings,2024-02-15,00:18,111
SU2617,UTair,2024-01-22,11:28,162
SU7212,S7 Airlines,2024-10-26,14:45,228
SU9745,S7 Airlines,2024-10-05,14:11,183
SU4578,Yakutia,2024-09-11,23:54,158
SU3987,Pobeda,2024-05-08,08:32,201
SU1533,Pobeda,2024-02-10,00:26,324
SU9683,Nordavia,2024-07-07,13:14,145
SU6914,Yakutia,2024-09-05,19:25,140
SU3933,Pobeda,2024-04-07,02:22,338
SU4550,Pobeda,2024-04-21,17:16,150
SU7186,Azimuth,2024-09-01,22:21,72
SU6724,Red Wings,2024-03-25,15:07,65
SU9756,Nordavia,2024-03-26,02:33,263
SU996,Red Wings,2024-03-26,13:57,119
SU2540,Aeroflot,2024-02-02,15:55,300
SU4781,S7 Airlines,2024-01-28,07:41,162
SU807,Aeroflot,2024-07-16,07:02,191
SU9632,Rossiya,2024-03-23,21:18,137
SU9833,S7 Airlines,2024-11-10,19:56,271
SU1091,Nordavia,2024-06-06,16:50,196
SU796,Yakutia,2024-12-22,17:43,84
SU9250,UTair,2024-09-01,10:45,270
SU5731,Ural Airlines,2024-06-02,23:37,109
SU5439,Pobeda,2024-11-21,07:24,130
SU2850,Pobeda,2024-02-05,00:48,207
SU1180,Pobeda,2024-07-11,05:03,158
SU7937,Ural Airlines,2024-05-21,23:35,127
SU2523,Azimuth,2024-04-02,12:08,156
SU4575,Azimuth,2024-10-15,17:19,322
SU1351,Azimuth,2024-04-17,07:57,311
SU1649,Ural Airlines,2024-05-18,20:33,140
SU1390,Rossiya,2024-12-22,00:58,207
SU4876,Ural Airlines,2024-08-16,03:42,257
SU5502,Pobeda,2024-08-02,23:25,223
SU8459,Nordavia,2024-02-25,15:08,93
SU5349,Aeroflot,2024-10-06,02:48,83
SU6292,UTair,2024-01-13,06:03,182
SU7081,Azimuth,2024-12-19,07:40,286
SU5944,Aeroflot,2024-12-04,12:35,305
SU9618,UTair,2024-09-01,09:31,215
SU4855,S7 Airlines,2024-10-16,11:06,278
SU4694,Pobeda,2024-10-05,17:52,275
SU7985,Yakutia,2024-08-15,10:56,290
SU1487,Azimuth,2024-11-04,13:35,308
SU1339,Yakutia,2024-05-11,23:46,324
SU1093,Azimuth,2024-07-12,01:16,141
SU3003,Azimuth,2024-03-18,02:03,70
SU9510,Aeroflot,2024-12-24,01:24,153
SU514,Pobeda,2024-04-27,02:21,64
SU8203,Aeroflot,2024-07-09,23:36,115
SU5726,S7 Airlines,2024-03-02,03:43,58
SU5573,S7 Airlines,2024-07-07,15:29,239
SU9041,Red Wings,2024-08-20,12:14,75
SU3951,Nordavia,2024-11-28,14:10,138
SU8577,UTair,2024-04-08,01:27,294
SU2286,Red Wings,2024-05-20,08:30,129
SU9294,Red Wings,2024-06-09,08:17,328
SU5345,Azimuth,2024-04-17,19:27,177
SU2807,Ural Airlines,2024-07-03,03:44,131
SU9920,UTair,2024-07-01,02:37,78
SU9283,Aeroflot,2024-02-24,19:05,50
SU1239,Yakutia,2024-07-01,12:41,197
SU8304,Yakutia,2024-12-27,18:59,206
SU303,Azimuth,2024-10-14,13:37,193
SU3410,Nordavia,2024-04-23,14:25,230
SU5789,Nordavia,2024-06-21,01:41,155
SU713,Aeroflot,2024-07-09,07:37,65
SU9376,Ural Airlines,2024-06-11,03:16,197
SU7571,Pobeda,2024-01-16,19:26,176
SU5440,Nordavia,2024-01-22,20:01,191
SU613,Rossiya,2024-08-07,18:25,129
SU1353,Rossiya,2024-04-25,19:28,250
SU2567,Red Wings,2024-04-27,22:21,203
SU8785,Azimuth,2024-02-12,02:35,134
SU9539,Azimuth,2024-01-03,11:13,255
SU4815,Yakutia,2024-07-19,17:28,209
SU7397,Azimuth,2024-01-09,21:34,315
SU6345,UTair,2024-01-07,09:32,119
SU6155,Azimuth,2024-03-05,14:01,172
SU926,Nordavia,2024-05-01,04:22,254
SU2657,Aeroflot,2024-08-08,18:15,317
SU4288,Nordavia,2024-01-12,22:53,162
SU9813,Aeroflot,2024-01-14,03:29,196
SU4344,Pobeda,2024-01-05,08:07,202
SU1405,Nordavia,2024-05-02,01:18,175
SU1990,Ural Airlines,2024-10-12,16:58,175
SU8415,Red Wings,2024-07-19,06:02,116
SU7732,Red Wings,2024-07-19,06:03,56
SU2303,S7 Airlines,2024-10-19,15:46,190
SU3138,Aeroflot,2024-11-16,02:59,128
SU6649,Pobeda,2024-11-27,15:15,345
SU7293,Yakutia,2024-10-16,22:57,314
SU8443,Pobeda,2024-05-27,08:08,321
SU8417,Nordavia,2024-06-14,15:46,260
SU6133,Red Wings,2024-02-28,23:29,96
SU4566,UTair,2024-07-01,03:32,238
SU7008,S7 Airlines,2024-04-19,23:55,113
SU6921,Rossiya,2024-10-06,01:01,123
SU1442,Ural Airlines,2024-01-17,02:40,87
SU3093,Yakutia,2024-11-20,06:38,101
SU159,Aeroflot,2024-03-18,12:08,83
SU3824,Pobeda,2024-10-02,17:15,306
SU575,Ural Airlines,2024-06-13,04:59,158
SU3357,Rossiya,2024-01-17,14:28,320
SU4431,Red Wings,2024-04-14,10:51,82
SU3572,Aeroflot,2024-11-07,06:36,152
SU4353,Red Wings,2024-02-17,20:21,324
SU9429,S7 Airlines,2024-03-23,20:18,134
SU3873,Red Wings,2024-11-24,05:30,213
SU8946,Yakutia,2024-02-21,04:48,313
SU4512,S7 Airlines,2024-08-19,05:24,325
SU6508,Nordavia,2024-02-14,06:11,165
SU8762,Red Wings,2024-09-22,13:13,242
SU1045,S7 Airlines,2024-12-17,03:52,203
SU7028,UTair,2024-11-11,19:46,155
SU2386,S7 Airlines,2024-11-10,13:34,289
SU9674,S7 Airlines,2024-05-15,09:50,126
SU6976,Azimuth,2024-11-21,19:18,87
SU3541,Pobeda,2024-01-08,07:19,130
SU6235,Rossiya,2024-04-03,01:11,323
SU6326,Nordavia,2024-03-05,11:14,144
SU732,S7 Airlines,2024-09-18,07:31,56
SU5617,Red Wings,2024-03-20,21:58,240
SU1003,UTair,2024-08-15,05:44,289
SU3781,Rossiya,2024-04-15,11:31,207
SU6352,Yakutia,2024-09-09,14:24,344
SU6645,Red Wings,2024-11-09,21:57,171
SU868,S7 Airlines,2024-03-26,16:18,205
SU7602,Yakutia,2024-02-20,02:18,171
SU3538,Aeroflot,2024-08-21,10:41,201
SU5764,Aeroflot,2024-11-18,03:24,106
SU7384,Pobeda,2024-03-11,12:17,166
SU805,S7 Airlines,2024-12-08,15:54,227
SU2405,S7 Airlines,2024-12-21,11:43,170
SU808,Red Wings,2024-04-13,17:42,155
SU7145,Aeroflot,2024-09-19,23:58,148
SU9014,UTair,2024-02-25,04:06,107
SU3175,Nordavia,2024-02-28,08:53,312
SU1453,Ural Airlines,2024-04-09,06:06,64
SU3991,S7 Airlines,2024-07-02,11:14,153
SU1494,Ural Airlines,2024-12-03,05:38,134
SU9302,Red Wings,2024-11-14,20:02,75
SU2079,Azimuth,2024-10-11,00:17,263
SU2371,UTair,2024-03-06,09:41,318
SU9005,Aeroflot,2024-02-19,18:48,118
SU7464,Nordavia,2024-11-25,04:15,138
SU4704,Red Wings,2024-09-21,19:11,339
SU5581,Aeroflot,2024-12-20,17:26,160
SU6410,Aeroflot,2024-01-04,21:33,72
SU8896,Pobeda,2024-09-13,18:46,223
SU2878,Yakutia,2024-10-01,15:54,293
SU2955,Red Wings,2024-05-10,16:35,68
SU7135,Azimuth,2024-01-13,12:23,91
SU418,Rossiya,2024-10-25,09:40,217
SU1811,UTair,2024-04-06,00:20,101
SU5236,Ural Airlines,2024-09-02,19:21,83
SU377,Aeroflot,2024-04-25,03:56,79
SU435,Aeroflot,2024-05-05,23:42,174
SU5111,S7 Airlines,2024-06-04,04:02,63
SU3405,Nordavia,2024-01-07,05:50,152
SU6756,Aeroflot,2024-10-01,20:10,341
SU5090,Rossiya,2024-08-08,04:31,217
SU7538,Red Wings,2024-10-20,17:00,61
SU2162,Red Wings,2024-10-03,18:08,242
SU5992,Yakutia,2024-03-09,23:06,191
SU1249,Yakutia,2024-04-03,10:04,286
SU9281,S7 Airlines,2024-09-24,07:26,232
SU5503,Rossiya,2024-03-02,22:19,187
SU7926,Nordavia,2024-07-26,17:00,65
SU6933,S7 Airlines,2024-09-02,18:53,175
SU4027,UTair,2024-10-02,22:56,342
SU546,S7 Airlines,2024-02-10,22:07,165
SU6376,Rossiya,2024-05-14,14:14,114
SU7908,Red Wings,2024-01-23,19:13,229
SU2002,Azimuth,2024-01-08,14:34,279
SU4389,Ural Airlines,2024-02-02,22:14,102
SU2041,Nordavia,2024-01-11,06:43,273
SU1973,S7 Airlines,2024-08-11,12:03,260
SU2596,Yakutia,2024-06-12,15:21,304
SU1665,Rossiya,2024-09-27,22:43,250
SU2660,Rossiya,2024-05-02,16:59,198
SU1039,Aeroflot,2024-12-21,03:40,195
SU165,Nordavia,2024-01-21,21:30,145
SU2664,S7 Airlines,2024-06-04,19:00,255
SU3642,Rossiya,2024-05-17,15:01,78
SU1303,Pobeda,2024-06-13,16:55,331
SU8637,Rossiya,2024-12-27,11:25,170
SU5627,UTair,2024-10-09,06:15,136
SU4815,Yakutia,2024-12-08,14:02,252
SU8079,Rossiya,2024-01-15,11:02,314
SU4635,Yakutia,2024-02-15,17:21,284
SU6428,Rossiya,2024-10-08,03:53,228
SU5809,Azimuth,2024-01-09,05:26,170
SU2157,Yakutia,2024-05-05,05:13,146
SU7003,UTair,2024-01-01,20:00,204
SU4188,Rossiya,2024-09-28,17:29,106
SU9994,Pobeda,2024-02-19,21:29,135
SU6001,Red Wings,2024-02-04,21:40,326
SU9770,Yakutia,2024-08-28,05:55,255
SU4141,Pobeda,2024-12-23,14:09,120
SU5611,Red Wings,2024-04-06,11:40,139
SU5207,Aeroflot,2024-08-25,23:02,199
SU7940,Pobeda,2024-04-24,02:05,265
SU1014,Pobeda,2024-10-01,06:22,275
SU2922,Yakutia,2024-12-19,12:39,85
SU2081,Rossiya,2024-06-04,14:56,94
SU6940,Red Wings,2024-09-09,21:29,198
SU1342,Aeroflot,2024-09-12,09:50,265
SU1941,Red Wings,2024-08-21,20:58,147
SU3246,S7 Airlines,2024-08-23,05:17,308
SU3167,Pobeda,2024-09-06,04:27,217
SU6033,UTair,2024-06-22,01:34,111
SU7812,Nordavia,2024-06-19,17:57,125
SU112,Ural Airlines,2024-09-01,10:20,190
SU2205,Yakutia,2024-03-09,16:59,182
SU3787,S7 Airlines,2024-01-09,11:53,247
SU1542,Azimuth,2024-10-10,23:02,60
SU2246,Rossiya,2024-12-10,21:32,189
SU2196,UTair,2024-09-03,20:37,295
SU7428,S7 Airlines,2024-04-02,19:33,114
SU1285,S7 Airlines,2024-08-10,11:44,175
SU2928,Ural Airlines,2024-09-21,10:15,209
SU3365,Azimuth,2024-06-20,21:31,130
SU2818,Rossiya,2024-05-09,01:30,105
SU3798,Pobeda,2024-10-13,10:07,87
SU4370,UTair,2024-01-07,08:41,53
SU5389,Azimuth,2024-09-22,12:28,241
SU9727,Azimuth,2024-03-04,08:10,310
SU7571,Ural Airlines,2024-08-14,03:32,312
SU3138,Nordavia,2024-03-11,07:53,99
SU8070,Nordavia,2024-10-11,16:07,279
SU4139,UTair,2024-05-13,18:12,165
SU2511,Nordavia,2024-12-22,18:32,133
SU6324,Azimuth,2024-04-04,16:28,197
SU269,Nordavia,2024-01-18,17:11,289
SU764,Aeroflot,2024-06-23,12:23,281
SU8501,Nordavia,2024-04-23,05:57,212
SU1383,Red Wings,2024-03-02,21:23,119
SU206,UTair,2024-01-27,14:04,274
SU6382,Ural Airlines,2024-01-08,02:51,153
SU9222,Rossiya,2024-11-11,08:34,159
SU1111,Nordavia,2024-06-10,00:32,139
SU8204,Nordavia,2024-11-04,07:28,293
SU2190,S7 Airlines,2024-07-22,22:46,211
SU7833,Red Wings,2024-04-13,18:17,232
SU8828,Rossiya,2024-11-04,12:06,340
SU6026,UTair,2024-09-19,11:05,229
SU5596,Yakutia,2024-09-28,19:30,226
SU8264,Ural Airlines,2024-12-24,12:37,138
SU7332,Red Wings,2024-12-13,06:25,232
SU7985,UTair,2024-06-21,04:47,159
SU7513,S7 Airlines,2024-06-13,14:44,218
SU3976,Rossiya,2024-12-04,16:29,268
SU8353,S7 Airlines,2024-06-14,20:32,274
SU3274,Rossiya,2024-01-05,16:27,82
SU7518,UTair,2024-05-06,18:58,318
SU8528,Aeroflot,2024-03-10,00:41,208
SU3552,Pobeda,2024-10-19,19:53,176
SU3004,Pobeda,2024-08-03,14:40,184
SU9467,UTair,2024-06-04,18:53,311
SU1170,UTair,2024-08-13,05:27,266
SU4692,Pobeda,2024-07-18,04:03,342
SU4620,Aeroflot,2024-11-03,07:38,277
SU6542,Ural Airlines,2024-03-21,00:14,86
SU1354,Yakutia,2024-11-04,12:00,281
SU8060,Rossiya,2024-10-08,02:49,343
SU7969,Rossiya,2024-02-18,14:44,157
SU384,Yakutia,2024-05-28,17:22,96
SU5531,Rossiya,2024-04-09,19:20,213
SU3195,Aeroflot,2024-12-14,21:54,78
SU1877,Yakutia,2024-12-24,11:41,234
SU2987,S7 Airlines,2024-09-01,02:36,350
SU9851,Aeroflot,2024-08-28,10:57,53
SU2982,Azimuth,2024-10-07,06:25,76
SU7503,Ural Airlines,2024-04-09,16:23,177
SU5263,UTair,2024-03-21,21:56,169
SU9126,Nordavia,2024-04-21,08:05,314
SU7853,Ural Airlines,2024-05-22,19:06,226
SU2765,S7 Airlines,2024-11-23,07:46,312
SU9892,Rossiya,2024-02-05,00:34,252
SU7860,Pobeda,2024-12-17,02:24,203
SU2889,Yakutia,2024-02-04,00:07,120
SU9682,Rossiya,2024-10-14,18:58,233
SU6679,S7 Airlines,2024-11-21,18:52,318
SU9952,Aeroflot,2024-07-06,13:51,53
SU3253,Red Wings,2024-07-24,05:11,225
SU759,Rossiya,2024-04-17,09:47,172
SU4608,Rossiya,2024-11-27,19:07,205
SU815,UTair,2024-03-07,18:29,56
SU5993,Rossiya,2024-10-24,16:46,285
SU2006,Red Wings,2024-07-12,06:43,196
SU2118,Azimuth,2024-12-11,00:37,83
SU7905,Pobeda,2024-12-19,09:23,222
SU3412,UTair,2024-06-27,16:28,106
SU1391,Rossiya,2024-01-12,01:34,196
SU599,Yakutia,2024-04-15,22:44,178
SU5946,UTair,2024-04-27,12:18,156
SU7792,Rossiya,2024-03-16,11:06,139
SU3823,Pobeda,2024-04-13,23:39,69
SU8373,Red Wings,2024-11-11,23:55,341
SU8889,Yakutia,2024-04-25,15:58,75
SU2087,Red Wings,2024-11-06,15:55,287
SU8431,Yakutia,2024-10-06,22:23,64
SU8700,S7 Airlines,2024-03-06,23:00,159
SU3471,Ural Airlines,2024-04-25,11:57,193
SU9413,Red Wings,2024-09-07,12:16,114
SU2067,Aeroflot,2024-06-01,22:09,66
SU4803,Yakutia,2024-05-06,18:36,257
SU3163,Rossiya,2024-10-13,17:29,216
SU6020,Ural Airlines,2024-06-22,22:47,340
SU7575,Rossiya,2024-09-17,21:04,79
SU2455,Rossiya,2024-10-06,01:40,201
SU1942,UTair,2024-06-28,22:38,230
SU3526,Red Wings,2024-08-23,03:57,107
SU4425,Ural Airlines,2024-09-19,02:24,244
SU7095,UTair,2024-01-16,21:32,141
SU7551,Rossiya,2024-02-18,01:30,212
SU4615,Rossiya,2024-02-27,20:25,68
SU6812,Aeroflot,2024-01-24,06:20,192
SU8825,Yakutia,2024-01-23,12:31,143
SU2530,Aeroflot,2024-06-22,20:40,320
SU6514,Rossiya,2024-01-06,17:01,328
SU6523,Pobeda,2024-10-12,11:38,342
SU1528,Aeroflot,2024-07-21,00:30,327
SU2546,Ural Airlines,2024-08-16,04:39,241
SU1332,Nordavia,2024-12-28,02:22,308
SU1398,S7 Airlines,2024-04-15,16:12,216
SU4029,Yakutia,2024-05-01,07:19,88
SU3872,Pobeda,2024-02-23,15:42,222
SU2937,Nordavia,2024-06-24,04:58,278
SU4911,Ural Airlines,2024-11-18,17:29,79
SU933,Aeroflot,2024-05-26,02:30,118
SU1909,UTair,2024-07-23,14:30,146
SU9761,S7 Airlines,2024-03-25,14:38,338
SU3444,Rossiya,2024-03-19,18:36,133
SU5352,Pobeda,2024-09-03,21:31,58
SU4552,Aeroflot,2024-03-26,05:59,339
SU7289,Yakutia,2024-03-17,18:54,243
SU5428,S7 Airlines,2024-04-04,06:04,59
SU544,Yakutia,2024-10-09,04:28,282
SU5116,Ural Airlines,2024-04-08,10:05,116
SU4915,S7 Airlines,2024-04-03,21:21,277
SU3737,S7 Airlines,2024-10-16,16:31,179
SU5812,Ural Airlines,2024-06-21,20:50,188
SU6672,Aeroflot,2024-11-09,11:07,320
SU9075,Nordavia,2024-12-16,23:19,298
SU1908,Pobeda,2024-11-17,10:33,50
SU7250,Nordavia,2024-08-21,23:39,146
SU2417,Yakutia,2024-03-27,11:53,138
SU4352,Aeroflot,2024-07-19,06:59,273
SU6884,Rossiya,2024-05-25,03:10,82
SU7083,S7 Airlines,2024-06-18,03:41,275
SU8498,Aeroflot,2024-05-25,05:42,158
SU6192,Nordavia,2024-11-26,02:53,56
SU7001,Aeroflot,2024-01-09,09:20,165
SU5153,Azimuth,2024-03-28,13:02,180
SU6235,Azimuth,2024-03-15,04:51,68
SU5840,Ural Airlines,2024-03-10,07:23,250
SU1262,S7 Airlines,2024-06-17,22:54,81
SU9463,S7 Airlines,2024-02-11,04:13,219
SU8676,Azimuth,2024-04-11,16:10,250
SU3293,S7 Airlines,2024-12-16,07:48,54
SU344,UTair,2024-01-08,01:25,101
SU1128,Aeroflot,2024-01-25,21:30,119
SU4427,Red Wings,2024-11-05,02:31,108
SU1036,Pobeda,2024-08-08,07:15,120
SU7836,UTair,2024-02-10,02:25,333
SU2933,Aeroflot,2024-12-27,15:06,206
SU8839,Rossiya,2024-12-08,18:54,69
SU271,UTair,2024-08-28,04:37,102
SU4364,Nordavia,2024-04-21,12:30,96
SU2931,Red Wings,2024-07-16,02:33,140
SU6998,S7 Airlines,2024-08-14,08:56,214
SU7404,UTair,2024-07-28,03:39,167
SU8601,Rossiya,2024-10-02,19:37,98
SU6163,Ural Airlines,2024-07-22,22:58,203
SU7408,Yakutia,2024-03-14,11:56,61
SU9175,Pobeda,2024-10-07,09:24,216
SU4623,Red Wings,2024-04-09,12:06,326
SU9460,Pobeda,2024-02-03,11:35,332
SU5856,Yakutia,2024-03-28,17:05,148
SU6063,Ural Airlines,2024-07-18,06:25,327
SU6979,S7 Airlines,2024-04-22,20:23,251
SU9260,Ural Airlines,2024-11-23,07:03,100
SU5732,Red Wings,2024-09-28,16:07,220
SU9925,Pobeda,2024-07-14,19:10,157
SU4566,UTair,2024-12-04,00:42,350
SU7283,Azimuth,2024-09-20,08:10,148
SU207,S7 Airlines,2024-04-14,07:56,146
SU8047,Pobeda,2024-06-03,22:27,349
SU6063,Yakutia,2024-09-08,07:48,317
SU262,Red Wings,2024-05-05,06:13,160
SU3127,Pobeda,2024-06-23,02:56,292
SU2345,Nordavia,2024-04-26,00:45,83
SU4911,Yakutia,2024-07-01,13:12,337
SU7669,S7 Airlines,2024-01-21,16:51,129
SU9295,Ural Airlines,2024-01-05,17:10,256
SU6057,Azimuth,2024-08-12,11:58,73
SU267,Ural Airlines,2024-01-02,15:15,82
SU9945,Rossiya,2024-01-06,15:27,201
SU783,Rossiya,2024-06-17,17:20,215
SU1547,Ural Airlines,2024-07-06,17:51,186
SU7638,Ural Airlines,2024-07-09,04:51,119
SU893,UTair,2024-10-18,20:52,254
SU8903,Azimuth,2024-06-06,20:48,245
SU6830,Yakutia,2024-09-27,11:55,102
SU6631,Ural Airlines,2024-01-13,03:24,220
SU9356,S7 Airlines,2024-08-20,00:41,168
SU5788,UTair,2024-06-27,09:57,310
SU509,UTair,2024-04-18,09:38,277
SU2172,UTair,2024-12-18,05:17,311
SU2705,UTair,2024-03-15,14:15,315
SU7687,Rossiya,2024-04-21,22:54,121
SU8302,Ural Airlines,2024-11-22,01:45,249
SU3593,Yakutia,2024-11-21,05:30,331
SU632,Aeroflot,2024-06-27,03:54,83
SU7937,UTair,2024-12-01,23:20,103
SU439,UTair,2024-03-12,07:07,272
SU2775,UTair,2024-12-11,04:40,151
SU5838,Aeroflot,2024-07-22,18:49,170
SU3012,Pobeda,2024-06-10,13:47,103
SU5030,Red Wings,2024-12-23,01:42,128
SU3197,Nordavia,2024-04-08,19:56,198
SU3993,Azimuth,2024-02-21,00:04,258
SU8086,Azimuth,2024-01-20,05:00,295
SU4846,Ural Airlines,2024-02-27,18:56,231
SU6645,UTair,2024-03-06,17:30,105
SU9273,Pobeda,2024-02-02,05:57,174
SU4855,Aeroflot,2024-11-04,06:39,190
SU501,Pobeda,2024-11-01,01:36,280
SU9483,Aeroflot,2024-09-15,14:31,126
SU1135,Yakutia,2024-11-14,07:21,211
SU220,Yakutia,2024-12-25,04:58,297
SU6220,Pobeda,2024-01-09,15:42,226
SU6173,UTair,2024-12-10,22:33,223
SU2660,Yakutia,2024-07-03,14:28,300
SU6780,Pobeda,2024-01-09,04:25,136
SU1669,Ural Airlines,2024-04-27,15:40,161
SU544,Nordavia,2024-08-02,21:04,149
SU5545,UTair,2024-04-09,11:50,95
SU3800,Red Wings,2024-11-16,07:34,337
SU6707,Azimuth,2024-06-25,11:05,85
SU3813,Nordavia,2024-09-23,16:04,334
SU8952,UTair,2024-04-27,11:18,278
SU2423,Ural Airlines,2024-03-02,06:01,213
SU1872,Aeroflot,2024-09-26,00:34,268
SU1342,Rossiya,2024-10-21,05:45,299
SU2500,Yakutia,2024-10-26,07:41,73
SU2243,Rossiya,2024-06-09,08:55,250
SU2635,Ural Airlines,2024-08-14,20:02,139
SU7710,Ural Airlines,2024-10-28,12:21,197
SU7270,UTair,2024-12-14,09:04,276
SU7508,Pobeda,2024-03-11,23:39,222
SU9034,Ural Airlines,2024-04-20,07:22,106
SU1173,Ural Airlines,2024-11-21,04:15,253
SU4934,Azimuth,2024-12-12,15:27,192
SU5224,Azimuth,2024-05-11,21:31,130
SU2834,Red Wings,2024-06-27,10:34,165
SU2211,Yakutia,2024-12-20,09:14,297
SU7282,Rossiya,2024-07-16,01:04,334
SU9531,Pobeda,2024-01-18,00:12,261
SU3455,S7 Airlines,2024-04-25,00:31,226
SU6062,Rossiya,2024-08-25,11:50,286
SU5132,UTair,2024-06-01,23:18,207
SU8970,Red Wings,2024-03-27,02:54,283
SU9565,UTair,2024-01-08,14:03,263
SU4576,Nordavia,2024-03-08,15:48,113
SU4761,S7 Airlines,2024-03-17,03:12,190
SU9809,Aeroflot,2024-01-12,14:46,216
SU7593,Red Wings,2024-07-01,13:55,309
SU628,Yakutia,2024-04-09,14:18,210
SU9087,Pobeda,2024-06-19,08:16,110
SU5011,Nordavia,2024-06-16,15:12,181
SU1220,S7 Airlines,2024-04-04,14:21,175
SU7348,Yakutia,2024-04-14,00:04,263
SU8204,UTair,2024-11-15,22:04,309
SU495,UTair,2024-06-02,13:33,134
SU1214,Red Wings,2024-05-27,05:03,242
SU4127,Aeroflot,2024-01-28,16:30,265
SU2864,Azimuth,2024-06-16,06:34,225
SU3247,Pobeda,2024-02-20,13:18,69
SU8852,Rossiya,2024-03-17,15:13,188
SU619,S7 Airlines,2024-02-14,13:11,183
SU8282,Yakutia,2024-04-07,01:31,189
SU5050,Pobeda,2024-10-12,05:48,175
SU5954,Nordavia,2024-02-26,06:33,284
SU4603,Rossiya,2024-07-12,11:55,327
SU3161,Yakutia,2024-02-21,17:42,51
SU1818,UTair,2024-11-12,04:50,267
SU5170,Ural Airlines,2024-10-19,08:49,293
SU7774,Azimuth,2024-08-03,23:08,314
SU4188,Red Wings,2024-07-04,10:18,260
SU3691,Pobeda,2024-10-06,17:11,256
SU8352,UTair,2024-05-19,01:40,289
SU5577,S7 Airlines,2024-06-21,04:51,81
SU9170,Azimuth,2024-12-14,17:27,169
SU3054,Aeroflot,2024-04-10,00:24,155
SU2946,UTair,2024-09-23,17:17,282
SU286,Nordavia,2024-04-10,06:06,337
SU8389,Red Wings,2024-07-14,00:39,64
SU2677,Ural Airlines,2024-01-27,07:19,104
SU3976,UTair,2024-03-15,19:25,81
SU7877,UTair,2024-02-20,05:22,145
SU3801,Pobeda,2024-10-15,02:45,81
SU7113,Yakutia,2024-11-20,09:57,284
SU397,Ural Airlines,2024-07-11,11:20,72
SU824,Azimuth,2024-11-03,02:54,192
SU4069,Red Wings,2024-07-15,16:24,51
SU6751,Aeroflot,2024-02-15,00:39,332
SU8171,Yakutia,2024-10-15,16:51,119
SU7896,Ural Airlines,2024-12-12,13:37,207
SU1921,S7 Airlines,2024-09-02,02:31,194
SU1281,S7 Airlines,2024-07-03,14:46,79
SU9818,Nordavia,2024-03-17,18:23,135
SU5209,UTair,2024-10-01,21:41,300
SU2754,Rossiya,2024-06-12,21:52,349
SU9864,Nordavia,2024-08-13,23:02,154
SU9956,Aeroflot,2024-09-13,05:11,131
SU8938,S7 Airlines,2024-02-28,07:15,183
SU425,Yakutia,2024-03-27,04:57,177
SU9122,Rossiya,2024-08-19,17:51,271
SU5768,UTair,2024-04-25,08:53,198
SU6775,Rossiya,2024-03-04,05:52,55
SU5454,Aeroflot,2024-01-28,18:01,282
SU7106,Pobeda,2024-02-12,04:23,190
SU5866,S7 Airlines,2024-04-26,17:03,62
SU2159,Azimuth,2024-04-12,17:08,336
SU326,Azimuth,2024-11-03,20:12,102
SU5638,Aeroflot,2024-08-28,20:01,84
SU4978,S7 Airlines,2024-04-10,01:53,150
SU294,Nordavia,2024-05-07,02:39,236
SU4622,Nordavia,2024-06-24,04:58,297
SU702,S7 Airlines,2024-01-28,05:13,167
SU3604,Rossiya,2024-01-19,01:53,268
SU356,Azimuth,2024-01-13,09:30,240
SU9957,Yakutia,2024-02-23,18:36,220
SU3959,Yakutia,2024-09-10,22:39,78
SU7283,Rossiya,2024-02-18,01:31,335
SU5340,Aeroflot,2024-11-21,04:08,146
SU3441,Rossiya,2024-01-07,00:25,54
SU4012,UTair,2024-01-17,19:12,206
SU148,Ural Airlines,2024-01-27,21:44,53
SU1128,Red Wings,2024-05-25,05:28,123
SU1189,Yakutia,2024-06-24,02:57,272
SU9242,UTair,2024-09-20,05:11,139
SU7398,Nordavia,2024-03-13,04:35,350
SU3864,UTair,2024-07-25,07:24,113
SU650,Azimuth,2024-09-06,16:06,98
SU475,Pobeda,2024-07-04,17:36,233
SU8189,UTair,2024-03-18,23:39,146
SU1441,Yakutia,2024-07-28,08:55,71
SU9679,Yakutia,2024-12-22,06:33,195
SU9008,Pobeda,2024-05-20,06:00,147
SU5088,Rossiya,2024-06-18,10:21,232
SU4708,Red Wings,2024-02-14,09:13,289
SU5473,Ural Airlines,2024-02-06,20:42,217
SU5550,Nordavia,2024-11-28,08:49,130
SU6626,Pobeda,2024-11-11,13:24,255
SU906,Pobeda,2024-01-05,01:18,130
SU2025,Red Wings,2024-05-08,06:27,126
SU893,S7 Airlines,2024-02-22,07:30,53
SU8760,Azimuth,2024-01-02,21:54,130
SU7624,Azimuth,2024-06-16,02:11,88
SU7184,Nordavia,2024-01-18,01:53,310
SU5471,Yakutia,2024-05-03,00:33,110
SU6183,Ural Airlines,2024-02-25,17:26,199
SU366,S7 Airlines,2024-04-26,03:20,54
SU3014,Nordavia,2024-01-21,09:00,181
SU3149,Ural Airlines,2024-02-24,02:09,139
SU7252,Yakutia,2024-01-08,09:43,310
SU5859,UTair,2024-06-19,10:29,267
SU1864,S7 Airlines,2024-06-15,18:27,216
SU7948,Nordavia,2024-02-08,14:19,323
SU2463,Red Wings,2024-07-04,13:08,329
SU7974,S7 Airlines,2024-09-18,19:31,224
SU4659,Red Wings,2024-12-06,07:47,53
SU4829,UTair,2024-09-05,13:58,210
SU6410,Rossiya,2024-02-16,06:00,179
SU1387,Yakutia,2024-05-19,10:38,73
SU3804,S7 Airlines,2024-11-19,13:45,348
SU9157,Azimuth,2024-10-23,13:47,141
SU7848,Red Wings,2024-02-15,20:38,179
SU1235,Rossiya,2024-09-13,15:58,238
SU3997,Nordavia,2024-02-24,10:27,279
SU2696,Ural Airlines,2024-01-01,19:22,340
SU345,Rossiya,2024-04-03,22:05,316
SU4711,Azimuth,2024-04-23,18:47,280
SU1539,Red Wings,2024-12-11,17:27,138
SU8841,Pobeda,2024-11-27,12:25,232
SU7964,Azimuth,2024-09-19,09:23,88
SU1736,Azimuth,2024-12-06,09:47,86
SU5829,Yakutia,2024-12-16,18:03,343
SU7783,Pobeda,2024-10-16,14:38,173
SU7227,Azimuth,2024-03-08,13:54,168
SU507,Azimuth,2024-01-15,11:24,89
SU7450,UTair,2024-12-08,08:04,315
SU7154,Nordavia,2024-08-10,20:01,79
SU2784,UTair,2024-03-10,19:26,349
SU8507,Rossiya,2024-08-17,09:59,113
SU2925,Red Wings,2024-12-24,09:23,119
SU6137,Nordavia,2024-03-06,01:42,127
SU9087,Ural Airlines,2024-09-11,14:57,317
SU1724,S7 Airlines,2024-02-05,00:34,175
SU8921,Aeroflot,2024-08-23,20:12,318
SU8787,Rossiya,2024-07-10,04:44,57
SU4946,Aeroflot,2024-02-02,23:22,218
SU4546,Ural Airlines,2024-03-07,21:38,150
SU3775,UTair,2024-05-14,10:44,258
SU8859,Rossiya,2024-05-06,12:20,71
SU9648,Red Wings,2024-10-22,10:36,157
SU6128,Pobeda,2024-04-20,07:31,191
SU4347,Red Wings,2024-03-19,03:29,350
SU6905,Aeroflot,2024-10-04,05:45,153
SU6177,S7 Airlines,2024-05-25,23:00,270
SU4401,UTair,2024-09-12,15:43,232
SU736,Red Wings,2024-01-22,04:30,329
SU9523,Azimuth,2024-08-11,12:28,257
SU5803,Pobeda,2024-05-09,13:22,285
SU5563,Aeroflot,2024-10-14,10:48,282
SU7933,Azimuth,2024-03-04,03:39,273
SU8812,Red Wings,2024-08-27,12:33,134
SU5627,Pobeda,2024-12-27,01:18,244
SU1002,Ural Airlines,2024-12-23,12:58,234
SU2016,Aeroflot,2024-09-10,15:20,131
SU6883,Nordavia,2024-02-13,12:46,77
SU5703,Rossiya,2024-08-20,04:55,68
SU9730,S7 Airlines,2024-12-08,21:02,330
SU2350,Red Wings,2024-12-19,13:56,162
SU3994,UTair,2024-12-27,13:01,272
SU1454,Nordavia,2024-03-16,13:40,279
SU4774,Nordavia,2024-04-02,19:43,166
SU6811,UTair,2024-07-01,08:18,237
SU1753,UTair,2024-02-28,10:49,350
SU5082,Yakutia,2024-04-27,18:02,270
SU4886,Aeroflot,2024-01-21,04:17,203
SU3303,Azimuth,2024-05-02,21:43,234
SU7431,Azimuth,2024-01-10,13:29,335
SU9419,Ural Airlines,2024-10-04,02:14,316
SU2691,Yakutia,2024-07-21,00:46,297
SU8903,Ural Airlines,2024-01-24,15:29,122
SU2264,Red Wings,2024-11-16,08:55,205
SU9394,UTair,2024-11-05,22:36,326
SU157,Rossiya,2024-11-04,03:46,83
SU6736,Nordavia,2024-06-05,12:41,212
SU2429,Ural Airlines,2024-02-10,13:19,83
SU7278,Pobeda,2024-05-24,01:48,150
SU7090,Yakutia,2024-06-13,20:09,143
SU9745,S7 Airlines,2024-01-02,08:49,338
SU101,Azimuth,2024-05-24,07:15,226
SU6650,Aeroflot,2024-05-14,00:40,118
SU3763,Nordavia,2024-10-17,19:43,129
SU2856,Rossiya,2024-10-23,04:14,158
SU5357,Red Wings,2024-08-16,02:59,334
SU6283,UTair,2024-10-01,20:26,185
SU7925,S7 Airlines,2024-07-25,15:49,256
SU9756,UTair,2024-07-22,17:37,149
SU6385,Yakutia,2024-12-10,12:30,121
SU8082,Rossiya,2024-09-20,19:24,278
SU216,Pobeda,2024-02-15,20:37,220
SU8091,Ural Airlines,2024-02-26,17:39,141
SU8729,Yakutia,2024-03-24,16:30,189
SU5447,Nordavia,2024-04-27,18:01,142
SU3808,Red Wings,2024-08-02,03:02,169
SU8186,S7 Airlines,2024-01-08,18:08,83
SU4979,Rossiya,2024-02-14,03:27,306
SU6277,Ural Airlines,2024-06-05,16:26,216
SU6842,Pobeda,2024-04-09,14:57,343
SU7531,Aeroflot,2024-08-11,02:26,193
SU7689,Nordavia,2024-05-02,04:34,145
SU1072,Aeroflot,2024-03-15,19:26,273
SU2770,Ural Airlines,2024-02-21,07:02,213
SU9510,Yakutia,2024-10-03,04:23,204
SU7638,Rossiya,2024-03-12,16:13,128
SU4940,Pobeda,2024-11-22,08:44,246
SU8311,Rossiya,2024-12-15,05:00,107
SU6926,S7 Airlines,2024-05-20,07:17,343
SU6324,Nordavia,2024-10-05,13:39,244
SU4784,Nordavia,2024-01-02,02:48,256
SU3839,Aeroflot,2024-04-13,22:19,334
SU5666,Azimuth,2024-07-02,04:51,225
SU9736,UTair,2024-11-15,20:07,90
SU7608,Pobeda,2024-12-14,05:13,106
SU1940,Rossiya,2024-07-26,02:41,240
SU6043,Rossiya,2024-05-20,11:49,195
SU1779,Pobeda,2024-07-24,22:43,143
SU6539,Nordavia,2024-05-08,17:28,263
SU2477,Ural Airlines,2024-01-28,20:12,200
SU6438,Pobeda,2024-08-28,03:23,341
SU7782,Aeroflot,2024-07-14,19:11,58
SU6713,Red Wings,2024-06-02,22:57,121
SU2110,Aeroflot,2024-08-04,22:00,125
SU1040,UTair,2024-12-10,12:17,104
SU531,Yakutia,2024-02-01,11:24,114
SU2768,Azimuth,2024-02-02,18:13,80
SU9633,Aeroflot,2024-11-04,18:22,165
SU1451,UTair,2024-12-17,10:02,272
SU380,S7 Airlines,2024-11-28,02:11,239
SU643,UTair,2024-08-07,21:52,262
SU8068,Rossiya,2024-04-10,00:44,192
SU5450,Azimuth,2024-10-28,23:03,156
SU9463,Ural Airlines,2024-06-16,07:30,279
SU8928,Yakutia,2024-04-03,13:42,264
SU442,Rossiya,2024-02-24,02:10,294
SU8948,UTair,2024-05-22,10:03,280
SU6616,Rossiya,2024-02-10,12:48,203
SU5212,Rossiya,2024-12-01,08:01,139
SU2357,Azimuth,2024-02-13,00:40,74
SU6262,Aeroflot,2024-03-23,02:54,171
SU1874,Rossiya,2024-03-26,18:11,137
SU7203,Ural Airlines,2024-06-08,18:42,222
SU4204,Yakutia,2024-07-01,17:58,255
SU5722,S7 Airlines,2024-08-28,18:17,189
SU7349,Aeroflot,2024-03-25,16:48,318
SU2525,Azimuth,2024-11-04,01:14,340
SU7894,S7 Airlines,2024-01-05,02:14,179
SU4765,Yakutia,2024-04-14,09:37,57
SU1615,Pobeda,2024-06-04,01:29,55
SU8109,UTair,2024-10-26,11:54,301
SU844,Nordavia,2024-12-06,01:00,226
SU6845,Aeroflot,2024-12-14,10:00,252
SU7643,Aeroflot,2024-12-16,13:06,200
SU2388,Rossiya,2024-06-04,10:25,110
SU4317,Nordavia,2024-09-15,17:21,55
SU6114,UTair,2024-10-16,18:54,252
SU9362,Rossiya,2024-08-08,04:08,232
SU7155,Rossiya,2024-04-21,18:17,195
SU3578,Aeroflot,2024-07-28,01:05,211
SU4046,UTair,2024-12-27,16:10,213
SU8288,Nordavia,2024-10-17,17:11,297
SU7369,UTair,2024-10-25,01:28,309
SU7822,Red Wings,2024-11-10,08:00,315
SU3913,Yakutia,2024-11-09,12:13,89
SU8228,Rossiya,2024-07-25,05:40,304
SU1091,Red Wings,2024-02-10,04:38,298
SU5741,Pobeda,2024-12-08,17:21,221
SU2695,Yakutia,2024-01-17,10:57,161
SU5058,Azimuth,2024-10-16,19:56,216
SU9388,Pobeda,2024-08-13,03:42,290
SU7620,Rossiya,2024-09-04,07:12,70
SU3736,S7 Airlines,2024-09-26,01:44,216
SU7264,Yakutia,2024-07-11,20:46,304
SU8201,Red Wings,2024-03-27,23:58,247
SU6643,Pobeda,2024-06-03,00:24,270
SU9012,Ural Airlines,2024-10-15,15:56,59
SU1166,Pobeda,2024-04-14,11:39,88
SU6345,Azimuth,2024-06-22,09:23,100
SU460,Nordavia,2024-06-16,03:35,67
SU8693,Nordavia,2024-11-07,18:10,268
SU4376,Aeroflot,2024-01-14,01:39,83
SU7564,Nordavia,2024-01-18,11:09,239
SU5744,Red Wings,2024-02-05,00:40,213
SU7123,Pobeda,2024-03-16,18:29,84
SU2323,Azimuth,2024-09-28,17:45,69
SU5011,UTair,2024-09-09,07:49,143
SU2718,S7 Airlines,2024-05-04,09:31,233
SU7687,Pobeda,2024-11-26,12:54,179
SU3181,Yakutia,2024-05-16,21:29,146
SU5630,Rossiya,2024-06-18,12:51,188
SU7281,Nordavia,2024-02-18,17:41,183
SU9054,Red Wings,2024-10-05,22:48,235
SU5485,Nordavia,2024-10-11,08:44,165
SU152,Yakutia,2024-03-02,13:44,350
SU7984,Red Wings,2024-04-22,10:19,220
SU4125,Red Wings,2024-06-21,16:14,289
SU8035,UTair,2024-05-20,19:49,332
SU2729,Ural Airlines,2024-06-09,05:47,285
SU6108,Nordavia,2024-06-27,13:47,285
SU5498,Nordavia,2024-08-16,19:58,115
SU3724,Nordavia,2024-03-04,09:41,147
SU4941,UTair,2024-01-19,06:18,204
SU6993,UTair,2024-02-23,05:59,245
SU7704,UTair,2024-08-26,19:41,144
SU6641,Rossiya,2024-11-26,13:23,328
SU2959,Rossiya,2024-12-21,14:32,315
SU6262,Rossiya,2024-10-20,12:02,190
SU7334,Red Wings,2024-07-23,20:21,134
SU5754,Nordavia,2024-03-18,15:59,159
SU9272,Ural Airlines,2024-09-27,07:02,260
SU5248,Red Wings,2024-07-25,03:20,314
SU6692,Azimuth,2024-01-25,18:50,310
SU1872,Rossiya,2024-03-05,14:16,200
SU6050,Pobeda,2024-03-28,16:31,291
SU4558,UTair,2024-10-17,13:27,76
SU5747,Rossiya,2024-03-27,11:34,147
SU396,UTair,2024-12-09,12:05,209
SU3424,S7 Airlines,2024-03-04,07:14,291
SU767,Rossiya,2024-01-06,06:38,108
SU2582,Azimuth,2024-10-01,23:10,197
SU5620,Yakutia,2024-10-05,22:02,201
SU861,Pobeda,2024-05-04,01:27,244
SU3502,Aeroflot,2024-02-25,13:25,212
SU7831,UTair,2024-05-28,06:35,268
SU6079,Nordavia,2024-11-12,12:52,248
SU9718,Ural Airlines,2024-12-23,23:40,188
SU1277,Pobeda,2024-09-19,11:37,86
SU6045,S7 Airlines,2024-03-02,18:37,334
SU606,Red Wings,2024-01-27,08:05,244
SU1196,Red Wings,2024-05-27,13:35,297
SU9935,Yakutia,2024-12-03,11:11,332
SU9570,UTair,2024-02-28,13:10,340
SU6001,Azimuth,2024-05-20,12:51,50
SU5696,Pobeda,2024-09-09,16:18,186
SU5739,Azimuth,2024-02-16,18:15,181
SU3460,Ural Airlines,2024-01-28,09:24,293
SU8680,UTair,2024-07-22,10:28,215
SU7798,UTair,2024-04-07,00:34,223
SU9061,Ural Airlines,2024-01-17,09:54,207
SU7576,Azimuth,2024-03-14,21:00,72
SU4822,Nordavia,2024-09-03,10:47,183
SU7541,S7 Airlines,2024-12-16,13:40,59
SU7985,Red Wings,2024-04-12,07:50,52
SU2391,Ural Airlines,2024-11-15,03:23,203
SU4467,Azimuth,2024-06-14,04:52,231
SU5352,Rossiya,2024-08-13,17:58,320
SU232,Azimuth,2024-10-03,15:04,112
SU5262,Nordavia,2024-03-23,07:03,295
SU3562,Red Wings,2024-09-09,20:32,250
SU8271,Rossiya,2024-02-06,02:41,233
SU7221,Pobeda,2024-03-28,01:40,142
SU7327,Yakutia,2024-09-14,16:02,250
SU4943,Aeroflot,2024-09-07,10:53,197
SU985,Yakutia,2024-09-27,03:16,95
SU9508,Azimuth,2024-01-03,06:06,111
SU2921,S7 Airlines,2024-09-22,21:04,116
SU7514,Nordavia,2024-02-16,12:00,280
SU4119,Pobeda,2024-12-17,23:23,64
SU2311,Rossiya,2024-11-21,08:35,324
SU4236,Rossiya,2024-01-13,23:56,116
SU9590,Pobeda,2024-08-11,09:28,213
SU6341,Ural Airlines,2024-04-16,14:21,170
SU1417,Red Wings,2024-11-27,03:43,105
SU4231,Yakutia,2024-02-19,13:47,181
SU9587,Red Wings,2024-02-12,18:43,85
SU9226,Aeroflot,2024-12-11,17:24,193
SU4915,Yakutia,2024-10-17,12:54,258
SU847,Yakutia,2024-05-11,17:24,118
SU3183,Yakutia,2024-10-01,00:45,189
SU8149,Pobeda,2024-08-11,20:52,322
SU7470,Rossiya,2024-12-11,08:07,350
SU3051,Red Wings,2024-03-07,22:59,59
SU436,Nordavia,2024-02-12,00:42,55
SU342,Aeroflot,2024-06-06,05:38,198
SU9534,Yakutia,2024-04-04,04:11,112
SU9365,Nordavia,2024-04-02,02:12,114
SU8527,Yakutia,2024-07-08,10:47,107
SU4628,Aeroflot,2024-12-06,18:59,214
SU6441,Azimuth,2024-02-07,19:55,327
SU7477,Azimuth,2024-11-18,23:26,275
SU6985,Pobeda,2024-02-02,21:11,326
SU3589,Red Wings,2024-08-10,16:46,282
SU710,Yakutia,2024-10-09,10:21,85
SU4556,Azimuth,2024-02-02,12:44,153
SU8987,Red Wings,2024-10-28,19:01,175
SU4172,Aeroflot,2024-09-06,06:26,290
SU7622,Azimuth,2024-02-12,15:19,149
SU6922,Red Wings,2024-12-10,06:35,157
SU3931,Azimuth,2024-10-28,18:18,86
SU7614,S7 Airlines,2024-06-06,05:11,332
SU634,Ural Airlines,2024-03-24,13:23,196
SU6938,Azimuth,2024-01-02,11:20,295
SU9931,Nordavia,2024-06-06,06:01,323
SU3531,UTair,2024-10-23,10:04,265
SU1410,S7 Airlines,2024-04-18,03:38,130
SU5810,Ural Airlines,2024-03-11,23:39,282
SU531,Azimuth,2024-08-12,20:31,103
SU5939,Pobeda,2024-11-04,19:02,237
SU1914,Pobeda,2024-10-04,19:59,226
SU4320,Rossiya,2024-10-22,12:51,325
SU9721,Azimuth,2024-05-04,02:13,115
SU3520,Azimuth,2024-02-25,01:09,112
SU380,Rossiya,2024-01-03,03:49,143
SU1965,Ural Airlines,2024-05-04,21:49,209
SU6672,Red Wings,2024-12-04,12:14,54
SU7793,Red Wings,2024-01-09,23:16,184
SU8756,Yakutia,2024-10-12,20:41,204
SU7136,Rossiya,2024-12-02,05:39,240
SU6874,Rossiya,2024-03-20,15:59,97
SU8131,Nordavia,2024-04-15,07:16,106
SU9176,Aeroflot,2024-04-14,06:20,324
SU2928,Pobeda,2024-04-15,07:47,57
SU7810,S7 Airlines,2024-02-10,22:23,246
SU3907,Rossiya,2024-02-03,19:45,237
SU3425,Nordavia,2024-09-11,17:57,187
SU4332,Yakutia,2024-04-20,00:25,185
SU8996,Red Wings,2024-11-09,14:02,343
SU2261,Yakutia,2024-04-05,19:02,323
SU6035,Azimuth,2024-05-01,09:26,73
SU2605,Yakutia,2024-10-04,17:22,271
SU6164,Azimuth,2024-07-17,10:33,197
SU1121,UTair,2024-10-08,07:40,147
SU795,Nordavia,2024-12-09,19:53,173
SU4284,Azimuth,2024-04-21,01:12,107
SU8970,S7 Airlines,2024-09-15,14:55,286
SU1497,Yakutia,2024-01-17,01:17,296
SU188,Rossiya,2024-03-22,16:27,225
SU9337,UTair,2024-03-24,14:06,78
SU3700,Nordavia,2024-11-25,01:07,215
SU5044,UTair,2024-06-23,01:56,239
SU1350,Yakutia,2024-10-01,03:05,240
SU8162,S7 Airlines,2024-09-08,01:12,348
SU8800,Azimuth,2024-11-12,15:58,104
SU1148,Rossiya,2024-04-23,05:07,75
SU1906,Aeroflot,2024-08-05,06:40,76
SU6115,Azimuth,2024-01-04,18:16,150
SU2960,Yakutia,2024-05-27,16:06,276
SU1446,Yakutia,2024-01-17,08:35,55
SU458,Rossiya,2024-04-26,06:45,288
SU4677,Rossiya,2024-02-02,17:26,124
SU9537,UTair,2024-03-09,21:43,152
SU4326,Rossiya,2024-10-07,13:10,172
SU2621,Red Wings,2024-06-23,19:20,96
SU4027,Pobeda,2024-10-07,14:13,286
SU4642,Rossiya,2024-01-18,15:42,306
SU6960,Rossiya,2024-04-24,04:12,93
SU5427,S7 Airlines,2024-12-22,16:28,219
SU8896,Yakutia,2024-04-28,01:35,259
SU1898,UTair,2024-10-09,18:09,346
SU191,Pobeda,2024-06-04,23:19,182
SU2680,Nordavia,2024-09-06,23:24,272
SU7599,Azimuth,2024-06-13,11:27,299
SU3164,S7 Airlines,2024-02-12,11:43,314
SU2165,UTair,2024-07-22,17:59,287
SU3933,Aeroflot,2024-01-04,03:06,56
SU1758,Red Wings,2024-11-16,20:00,164
SU8905,Nordavia,2024-07-11,18:53,83
SU8094,Red Wings,2024-08-11,20:11,162
SU6629,S7 Airlines,2024-04-25,14:08,114
SU6928,Aeroflot,2024-03-20,13:53,151
SU8891,UTair,2024-01-25,06:42,91
SU3104,UTair,2024-07-01,16:38,109
SU8406,Pobeda,2024-02-19,15:37,337
SU4178,S7 Airlines,2024-08-12,02:48,172
SU6210,Aeroflot,2024-03-14,18:39,151
SU8822,Azimuth,2024-11-02,04:17,128
SU9157,Azimuth,2024-09-11,15:32,252
SU7567,Ural Airlines,2024-01-24,23:21,116
SU3318,Pobeda,2024-06-18,00:26,298
SU1138,UTair,2024-02-11,15:08,319
SU9087,Yakutia,2024-04-20,15:37,126
SU9580,Red Wings,2024-03-15,12:00,114
SU5556,Aeroflot,2024-03-24,02:32,210
SU9452,Aeroflot,2024-11-12,03:49,263
SU6284,Yakutia,2024-12-26,06:13,232
SU1434,Pobeda,2024-12-20,19:52,74
SU502,Aeroflot,2024-08-18,00:17,205
SU6224,S7 Airlines,2024-11-28,20:19,291
SU9293,Ural Airlines,2024-10-20,18:54,280
SU1999,Yakutia,2024-05-20,19:54,198
SU6514,Ural Airlines,2024-11-07,10:41,342
SU1424,UTair,2024-03-06,09:14,222
SU2181,Nordavia,2024-10-24,09:26,141
SU1007,UTair,2024-11-20,08:35,245
SU8053,S7 Airlines,2024-11-21,17:14,264
SU6822,Ural Airlines,2024-11-18,14:15,239
SU7803,Yakutia,2024-12-14,23:08,71
SU641,Rossiya,2024-08-26,08:07,243
SU1877,Nordavia,2024-02-04,23:40,202
SU2615,Aeroflot,2024-08-17,03:46,142
SU6913,S7 Airlines,2024-10-12,02:07,107
SU8464,Rossiya,2024-07-12,21:23,337
SU3368,Nordavia,2024-12-06,15:46,150
SU2145,Pobeda,2024-03-26,20:55,148
SU6345,S7 Airlines,2024-07-07,17:26,104
SU8056,Red Wings,2024-09-18,17:55,204
SU4129,Nordavia,2024-08-12,10:23,60
SU1372,Azimuth,2024-05-14,15:40,53
SU4944,Red Wings,2024-03-09,17:46,242
SU6342,Yakutia,2024-11-24,17:29,207
SU5636,Ural Airlines,2024-07-09,05:54,305
SU7855,Nordavia,2024-01-26,03:36,121
SU9255,Red Wings,2024-01-02,05:56,165
SU8527,Yakutia,2024-08-26,21:16,72
SU4166,Red Wings,2024-06-08,17:50,321
SU8727,UTair,2024-09-21,12:02,161
SU7659,Ural Airlines,2024-04-27,00:04,217
SU4263,Azimuth,2024-06-14,14:01,200
SU5780,Yakutia,2024-02-24,03:20,266
SU1800,UTair,2024-10-27,16:21,55
SU8357,UTair,2024-08-22,15:09,321
SU7306,Rossiya,2024-02-14,15:41,308
SU9280,S7 Airlines,2024-07-19,17:12,234
SU3516,Yakutia,2024-12-28,13:06,266
SU7305,Yakutia,2024-02-09,04:47,232
SU3474,Pobeda,2024-08-12,00:57,187
SU2102,UTair,2024-01-20,15:37,60
SU3007,Azimuth,2024-11-23,21:48,194
SU2171,Azimuth,2024-05-01,20:35,247
SU6217,Pobeda,2024-02-08,01:46,195
SU9576,Nordavia,2024-04-03,07:31,116
SU8097,Aeroflot,2024-05-03,06:13,218
SU7837,Nordavia,2024-10-12,14:25,223
SU3129,Azimuth,2024-12-17,00:51,134
SU6915,Nordavia,2024-03-28,13:49,62
SU4206,Ural Airlines,2024-10-09,18:34,71
SU5303,UTair,2024-07-26,05:40,90
SU3647,Ural Airlines,2024-12-14,16:01,251
SU5725,Ural Airlines,2024-05-02,12:43,81
SU7482,Ural Airlines,2024-07-19,19:13,275
SU1003,Rossiya,2024-04-06,16:11,194
SU4133,Nordavia,2024-10-06,03:05,238
SU6152,Nordavia,2024-07-07,05:08,100
SU5007,Yakutia,2024-04-16,21:12,107
SU5324,S7 Airlines,2024-08-14,09:21,222
SU3524,Ural Airlines,2024-12-06,06:43,346
SU1516,S7 Airlines,2024-10-28,08:52,184
SU9450,Ural Airlines,2024-05-08,02:16,68
SU6847,Azimuth,2024-08-02,06:22,72
SU6243,Pobeda,2024-08-17,10:02,327
SU8928,Aeroflot,2024-01-03,07:35,321
SU9982,Rossiya,2024-11-04,05:23,178
SU4665,Ural Airlines,2024-10-03,02:42,278
SU9292,Aeroflot,2024-05-25,08:37,274
SU4207,S7 Airlines,2024-05-15,21:49,180
SU5826,Azimuth,2024-12-16,04:34,224
SU8354,Yakutia,2024-08-19,23:16,335
SU108,Aeroflot,2024-06-16,20:20,311
SU4438,Rossiya,2024-05-27,10:08,239
SU697,S7 Airlines,2024-05-01,14:51,278
SU9829,Aeroflot,2024-07-18,12:21,140
SU1923,Aeroflot,2024-12-07,02:13,299
SU5048,Azimuth,2024-12-07,13:25,124
SU3030,Pobeda,2024-03-27,09:01,98
SU5687,Aeroflot,2024-12-26,00:52,319
SU6574,Ural Airlines,2024-03-11,02:31,74
SU4345,Pobeda,2024-11-08,03:44,188
SU9884,Aeroflot,2024-12-06,16:38,90
SU6226,Nordavia,2024-02-16,19:02,321
SU4393,Azimuth,2024-09-23,18:03,330
SU2996,Yakutia,2024-11-05,10:10,295
SU6275,Ural Airlines,2024-09-04,21:39,282
SU6942,S7 Airlines,2024-11-11,12:24,184
SU9834,UTair,2024-05-27,10:08,146
SU289,Pobeda,2024-12-21,05:11,82
SU3117,Ural Airlines,2024-08-22,21:09,132
SU4201,Red Wings,2024-09-23,16:47,167
SU8189,Ural Airlines,2024-12-25,17:11,78
SU8137,Yakutia,2024-11-10,19:23,153
SU8804,Rossiya,2024-02-08,06:00,154
SU4426,Rossiya,2024-07-14,02:54,263
SU766,Aeroflot,2024-06-01,09:37,118
SU7739,Azimuth,2024-03-11,08:33,344
SU5446,Red Wings,2024-12-06,03:02,275
SU4232,Ural Airlines,2024-01-17,18:43,237
SU5759,Nordavia,2024-04-21,12:05,74
SU5997,Rossiya,2024-06-01,05:31,166
SU6412,Rossiya,2024-07-11,02:11,174
SU7131,Azimuth,2024-09-04,07:59,73
SU8796,Nordavia,2024-08-18,13:27,289
SU6860,UTair,2024-08-28,02:52,176
SU2270,Pobeda,2024-02-03,20:44,58
SU3639,Ural Airlines,2024-05-09,12:45,92
SU2832,Nordavia,2024-12-24,23:28,191
SU5296,Red Wings,2024-11-24,23:29,283
SU1368,Azimuth,2024-03-19,16:33,102
SU5770,Red Wings,2024-10-17,20:32,348
SU5042,Nordavia,2024-11-07,23:53,146
SU9493,UTair,2024-08-10,13:20,81
SU682,Yakutia,2024-07-15,13:28,122
SU7159,UTair,2024-11-26,02:02,105
SU468,Ural Airlines,2024-08-26,12:55,342
SU3963,Aeroflot,2024-05-09,12:17,287
SU9920,UTair,2024-07-22,09:55,214
SU4032,Aeroflot,2024-03-20,18:21,316
SU2907,Red Wings,2024-03-16,08:35,216
SU8719,Red Wings,2024-12-11,07:15,295
SU973,Aeroflot,2024-08-28,23:25,261
SU8075,UTair,2024-11-13,12:30,324
SU9346,Ural Airlines,2024-12-03,22:58,112
SU7958,Azimuth,2024-07-27,20:25,163
SU9512,Pobeda,2024-12-07,01:43,139
SU3092,Red Wings,2024-07-01,13:43,86
SU9360,Pobeda,2024-11-13,22:26,228
SU8741,Ural Airlines,2024-03-28,19:49,124
SU6230,Red Wings,2024-05-02,02:10,330
SU1071,Red Wings,2024-03-21,21:50,118
SU281,Nordavia,2024-01-13,17:26,186
SU2665,UTair,2024-07-23,11:40,242
SU1772,Rossiya,2024-08-02,23:36,123
SU9519,Yakutia,2024-08-24,21:31,167
SU5582,S7 Airlines,2024-03-15,05:13,169
SU7915,UTair,2024-10-27,01:26,221
SU963,Azimuth,2024-07-12,16:49,309
SU8625,Red Wings,2024-11-06,07:47,144
SU4286,S7 Airlines,2024-06-09,01:43,331
SU2171,Yakutia,2024-07-12,07:39,76
SU6255,Aeroflot,2024-05-08,09:14,188
SU6250,Pobeda,2024-08-20,19:45,266
SU6251,Azimuth,2024-06-19,14:37,256
SU9472,Rossiya,2024-08-08,22:49,85
SU826,Yakutia,2024-01-24,02:05,65
SU5778,Aeroflot,2024-07-02,14:17,70
SU147,Rossiya,2024-11-05,00:46,149
SU3803,Azimuth,2024-11-13,09:51,95
SU708,Yakutia,2024-07-22,09:53,216
SU7844,Red Wings,2024-02-28,16:02,157
SU919,Nordavia,2024-02-27,23:47,72
SU4076,Yakutia,2024-01-12,18:48,96
SU9206,Aeroflot,2024-11-03,20:15,293
SU371,Ural Airlines,2024-12-25,16:14,80
SU7904,S7 Airlines,2024-09-10,04:40,179
SU3068,Ural Airlines,2024-07-13,13:52,102
SU4219,Aeroflot,2024-12-04,08:17,167
SU2253,Red Wings,2024-05-04,23:38,271
SU7123,Ural Airlines,2024-05-12,10:41,182
SU7836,Yakutia,2024-09-02,14:02,319
SU7697,Yakutia,2024-09-12,11:04,203
SU6250,Aeroflot,2024-08-11,08:41,131
SU5296,Nordavia,2024-04-05,14:55,196
SU9334,Nordavia,2024-11-12,14:15,149
SU811,Red Wings,2024-06-15,22:47,148
SU6982,Nordavia,2024-06-07,04:34,293
SU9006,UTair,2024-03-09,00:48,224
SU8183,S7 Airlines,2024-10-27,08:29,203
SU4839,Nordavia,2024-09-02,09:45,171
SU5983,Nordavia,2024-10-11,05:08,220
SU2856,Red Wings,2024-01-24,21:41,287
SU1872,Rossiya,2024-08-21,08:24,259
SU662,Nordavia,2024-08-17,20:39,197
SU3561,Pobeda,2024-11-09,15:50,313
SU3918,Yakutia,2024-02-23,21:28,342
SU7569,Azimuth,2024-02-08,03:30,112
SU5013,UTair,2024-10-24,06:15,210
SU2789,Aeroflot,2024-04-21,10:14,146
SU6969,UTair,2024-10-14,15:59,203
SU1887,Rossiya,2024-07-01,10:26,339
SU7682,Ural Airlines,2024-12-22,23:19,100
SU9907,UTair,2024-05-23,19:16,200
SU9664,S7 Airlines,2024-02-02,18:08,129
SU2839,Pobeda,2024-12-21,13:09,272
SU3363,Yakutia,2024-09-21,07:07,262
SU9822,Azimuth,2024-06-11,03:42,108
SU5410,Red Wings,2024-06-22,17:59,205
SU6220,Pobeda,2024-07-03,22:37,87
SU2858,Nordavia,2024-10-27,12:37,259
SU794,Rossiya,2024-09-23,01:06,318
SU5953,Yakutia,2024-01-15,09:12,313
SU528,Nordavia,2024-01-01,12:18,255
SU7167,Nordavia,2024-09-20,03:51,283
SU2269,Aeroflot,2024-09-10,13:15,111
SU625,Aeroflot,2024-01-07,04:34,145
SU6727,Nordavia,2024-04-04,02:45,160
SU5668,Rossiya,2024-11-02,03:31,305
SU7824,Pobeda,2024-02-22,03:44,319
SU4386,Nordavia,2024-06-12,02:57,337
SU2506,Red Wings,2024-07-14,12:08,333
SU8192,Pobeda,2024-11-09,14:16,172
SU7601,Red Wings,2024-02-13,06:14,149
SU5831,Pobeda,2024-03-04,11:12,271
SU5964,UTair,2024-06-25,02:42,192
SU2954,Rossiya,2024-12-22,07:11,224
SU6236,Aeroflot,2024-05-23,18:49,149
SU4090,Aeroflot,2024-07-15,20:37,163
SU7440,Ural Airlines,2024-08-06,21:03,187
SU9006,Yakutia,2024-12-03,18:13,335
SU9648,Pobeda,2024-08-04,07:03,94
SU3493,Yakutia,2024-02-11,15:46,245
SU3659,Yakutia,2024-04-13,01:20,89
SU1024,UTair,2024-09-25,05:59,317
SU9969,UTair,2024-07-20,04:54,90
SU6702,Aeroflot,2024-09-03,21:42,79
SU3884,Nordavia,2024-05-23,15:40,162
SU9279,Pobeda,2024-03-14,07:25,99
SU2582,Yakutia,2024-02-20,04:10,181
SU9866,Pobeda,2024-05-14,06:31,168
SU3040,Ural Airlines,2024-03-01,19:26,135
SU5946,Nordavia,2024-02-10,18:08,208
SU2354,Rossiya,2024-04-24,13:55,229
SU7027,Rossiya,2024-02-09,23:14,125
SU9391,Yakutia,2024-06-10,01:52,62
SU3330,Azimuth,2024-06-23,23:18,225
SU7624,Ural Airlines,2024-08-08,09:12,137
SU2689,Red Wings,2024-01-03,22:19,324
SU3787,Red Wings,2024-11-19,07:40,131
SU8377,S7 Airlines,2024-09-22,16:56,108
SU1264,Yakutia,2024-06-07,09:14,305
SU177,Rossiya,2024-05-14,06:41,249
SU4852,Pobeda,2024-10-22,08:10,61
SU6552,S7 Airlines,2024-11-05,03:10,54
SU4019,Aeroflot,2024-10-01,19:59,342
SU1679,Aeroflot,2024-07-10,21:44,222
SU6884,Yakutia,2024-12-24,10:40,238
SU3501,Yakutia,2024-12-04,13:00,68
SU1087,Pobeda,2024-09-18,02:21,313
SU9968,Yakutia,2024-07-16,14:59,281
SU2132,Ural Airlines,2024-08-06,17:00,129
SU6230,Yakutia,2024-09-11,20:13,59
SU3207,Azimuth,2024-11-02,10:17,294
SU6803,Ural Airlines,2024-09-06,14:56,141
SU5404,Rossiya,2024-02-21,11:34,241
SU3500,Red Wings,2024-05-11,20:07,264
SU2098,Rossiya,2024-11-21,22:27,286
SU632,Pobeda,2024-09-01,06:52,123
SU6297,Azimuth,2024-06-13,04:45,206
SU1071,Nordavia,2024-09-18,12:44,112
SU1547,Yakutia,2024-03-01,14:48,310
SU5057,Azimuth,2024-02-09,17:09,290
SU8692,Nordavia,2024-10-17,01:38,166
SU4598,Red Wings,2024-09-20,09:53,162
SU7682,Nordavia,2024-05-05,22:41,302
SU6040,Red Wings,2024-12-22,08:25,162
SU7643,Aeroflot,2024-02-09,03:31,79
SU7174,Red Wings,2024-09-09,22:11,88
SU9015,Pobeda,2024-07-15,23:56,234
SU9073,Nordavia,2024-03-26,10:12,274
SU8175,Pobeda,2024-11-02,20:40,204
SU8651,S7 Airlines,2024-03-03,04:05,230
SU2200,UTair,2024-07-13,19:25,333
SU5245,Azimuth,2024-08-04,09:24,262
SU4302,Pobeda,2024-06-21,22:41,96
SU8485,Nordavia,2024-04-25,02:55,169
SU6687,Yakutia,2024-05-06,07:38,78
SU1167,Yakutia,2024-02-26,12:05,281
SU7945,Ural Airlines,2024-04-07,16:01,262
SU335,Rossiya,2024-02-18,14:19,278
SU2733,Pobeda,2024-10-08,00:20,339
SU8212,UTair,2024-10-22,11:21,111
SU887,Azimuth,2024-06-15,20:34,78
SU2997,Pobeda,2024-04-23,19:56,178
SU1885,Azimuth,2024-09-12,14:07,302
SU2955,Aeroflot,2024-09-24,11:30,327
SU9803,Pobeda,2024-07-25,20:46,145
SU8780,Yakutia,2024-09-24,12:29,102
SU9725,UTair,2024-09-27,10:08,201
SU4420,Pobeda,2024-04-16,03:10,317
SU3920,Red Wings,2024-09-04,06:52,281
SU3783,Pobeda,2024-05-09,05:30,293
SU6443,Azimuth,2024-10-10,03:09,214
SU2533,UTair,2024-09-01,02:15,151
SU1970,UTair,2024-10-27,09:24,90
SU1169,Nordavia,2024-01-28,02:53,307
SU3883,Ural Airlines,2024-10-19,16:54,63
SU1291,UTair,2024-04-12,17:34,182
SU4096,UTair,2024-05-26,01:04,289
SU252,Nordavia,2024-11-22,18:23,267
SU582,Pobeda,2024-11-17,07:49,94
SU509,Ural Airlines,2024-07-20,14:31,140
SU5585,Ural Airlines,2024-06-13,05:50,349
SU6258,S7 Airlines,2024-07-19,23:05,52
SU3974,Aeroflot,2024-02-22,09:58,175
SU3432,Aeroflot,2024-02-16,06:23,62
SU7663,Yakutia,2024-11-17,00:11,205
SU5265,UTair,2024-04-17,10:22,153
SU2641,Aeroflot,2024-04-24,20:55,137
SU1392,S7 Airlines,2024-04-04,05:30,89
SU3223,S7 Airlines,2024-01-17,09:44,140
SU1832,Red Wings,2024-06-28,01:14,213
SU7842,Yakutia,2024-12-23,15:43,276
SU6824,Yakutia,2024-07-20,10:56,262
SU4321,Ural Airlines,2024-03-02,06:06,148
SU2849,S7 Airlines,2024-03-15,21:24,200
SU9605,UTair,2024-01-06,16:25,230
SU8009,UTair,2024-02-22,10:07,111
SU2529,S7 Airlines,2024-06-07,08:06,181
SU5197,S7 Airlines,2024-09-12,18:48,90
SU7424,Red Wings,2024-07-02,02:24,258
SU3192,S7 Airlines,2024-04-25,11:27,229
SU7440,Aeroflot,2024-08-27,07:51,138
SU6395,Yakutia,2024-04-23,16:47,57
SU6874,Red Wings,2024-07-08,02:29,61
SU9476,S7 Airlines,2024-05-14,23:38,156
SU9739,Ural Airlines,2024-01-27,12:18,187
SU7991,Ural Airlines,2024-01-15,03:42,74
SU4641,Pobeda,2024-12-08,02:55,338
SU2231,Yakutia,2024-10-27,10:47,175
SU6264,S7 Airlines,2024-08-24,23:21,334
SU4072,Yakutia,2024-03-25,04:51,301
SU8426,Azimuth,2024-12-11,22:56,170
SU5033,Aeroflot,2024-08-01,04:00,297
SU1150,Pobeda,2024-07-08,18:28,153
SU9700,S7 Airlines,2024-04-04,19:47,77
SU2568,Pobeda,2024-03-19,02:32,147
SU4758,Aeroflot,2024-08-21,17:01,125
SU5107,Pobeda,2024-05-28,17:19,156
SU7869,Aeroflot,2024-04-02,14:33,55
SU748,Nordavia,2024-06-17,01:02,149
SU9843,Ural Airlines,2024-09-06,12:41,323
SU5350,Azimuth,2024-10-14,22:23,205
SU6410,Ural Airlines,2024-04-21,08:20,269
SU2165,Red Wings,2024-05-14,08:04,167
SU4872,Rossiya,2024-12-08,17:13,220
SU2736,Nordavia,2024-05-05,09:30,140
SU4499,Aeroflot,2024-11-12,03:03,52
SU6794,Azimuth,2024-07-08,02:28,333
SU7299,Nordavia,2024-12-03,21:26,232
SU4797,UTair,2024-09-07,17:27,333
SU1263,Yakutia,2024-01-10,19:08,253
SU8525,Yakutia,2024-11-07,15:12,232
SU4882,S7 Airlines,2024-08-28,18:56,129
SU1250,Azimuth,2024-07-22,22:56,337
SU5873,S7 Airlines,2024-07-10,04:41,180
SU6623,Aeroflot,2024-07-14,02:55,181
SU9462,Aeroflot,2024-09-16,19:52,334
SU6000,Pobeda,2024-08-08,18:47,341
SU3303,Rossiya,2024-06-08,01:43,302
SU1757,Yakutia,2024-12-18,19:53,267
SU176,Pobeda,2024-11-22,13:45,62
SU7096,UTair,2024-06-12,20:40,245
SU9155,Red Wings,2024-02-15,10:58,304
SU103,Nordavia,2024-09-21,03:08,174
SU6110,Rossiya,2024-08-13,04:17,200
SU4061,Ural Airlines,2024-08-02,02:23,144
SU2509,Red Wings,2024-02-06,22:55,62
SU6638,Red Wings,2024-06-04,18:42,282
SU9083,Rossiya,2024-12-16,17:33,102
SU6653,Ural Airlines,2024-05-26,21:59,175
SU1545,Nordavia,2024-05-09,22:49,349
SU2241,Ural Airlines,2024-07-27,16:36,69
SU7049,Nordavia,2024-11-13,17:26,244
SU2377,Rossiya,2024-03-13,03:51,88
SU8224,Pobeda,2024-05-25,02:03,145
SU6484,Pobeda,2024-06-08,18:51,223
SU2612,Yakutia,2024-04-04,22:39,68
SU7272,Yakutia,2024-05-04,22:42,169
SU9883,Yakutia,2024-06-03,11:11,295
SU5597,S7 Airlines,2024-12-25,21:38,261
SU7164,Rossiya,2024-08-23,07:51,179
SU2749,Ural Airlines,2024-08-17,22:23,345
SU5091,Aeroflot,2024-07-16,05:33,135
SU7947,UTair,2024-05-17,08:48,173
SU9591,Azimuth,2024-08-06,23:51,57
SU3160,Rossiya,2024-10-12,02:26,297
SU5844,S7 Airlines,2024-04-18,16:51,54
SU9719,Nordavia,2024-09-08,18:59,345
SU8185,UTair,2024-11-22,07:44,150
SU7004,Nordavia,2024-03-12,15:43,350
SU4961,Yakutia,2024-09-04,09:58,253
SU594,Aeroflot,2024-04-13,16:41,224
SU3942,Azimuth,2024-06-06,16:38,126
SU2389,Azimuth,2024-02-07,03:29,199
SU7506,Azimuth,2024-04-12,22:39,344
SU9767,Red Wings,2024-05-19,06:36,271
SU5795,UTair,2024-06-07,15:22,153
SU6700,Red Wings,2024-01-13,03:53,191
SU1490,Yakutia,2024-02-10,06:51,242
SU5890,Aeroflot,2024-04-19,21:55,68
SU2007,Red Wings,2024-07-01,04:05,315
SU4283,Nordavia,2024-05-28,13:53,213
SU5515,Red Wings,2024-06-05,03:39,106
SU7340,Rossiya,2024-10-24,08:02,117
SU1230,Aeroflot,2024-07-25,21:42,286
SU7407,UTair,2024-03-23,10:58,79
SU7572,Rossiya,2024-12-28,18:04,262
SU5122,S7 Airlines,2024-06-19,00:15,263
SU6776,Ural Airlines,2024-08-16,20:22,209
SU981,Aeroflot,2024-10-01,07:30,161
SU5210,Pobeda,2024-02-10,23:49,221
SU7185,Ural Airlines,2024-01-04,00:41,225
SU9228,Azimuth,2024-12-11,21:13,309
SU9881,Nordavia,2024-03-13,03:52,237
SU7979,UTair,2024-08-03,23:57,122
SU2640,S7 Airlines,2024-09-08,05:08,291
SU4025,Nordavia,2024-09-06,23:27,321
SU3177,Ural Airlines,2024-02-13,12:08,347
SU8319,Yakutia,2024-02-27,13:09,300
SU2348,Pobeda,2024-07-09,16:08,100
SU9637,Yakutia,2024-02-27,10:01,155
SU1047,Azimuth,2024-01-14,03:13,74
SU447,Pobeda,2024-06-23,08:48,94
SU7246,S7 Airlines,2024-06-19,12:33,138
SU2184,Azimuth,2024-05-07,10:31,306
SU7695,Ural Airlines,2024-07-22,13:27,113
SU8845,S7 Airlines,2024-09-23,19:14,130
SU4310,Azimuth,2024-11-01,16:21,284
SU3860,Red Wings,2024-01-27,11:37,281
SU3641,UTair,2024-02-17,06:15,268
SU3224,Red Wings,2024-03-14,12:42,196
SU6718,Yakutia,2024-07-17,02:19,256
SU7937,Rossiya,2024-07-03,00:12,289
SU599,Azimuth,2024-08-04,23:01,236
SU3501,Yakutia,2024-04-23,01:50,234
SU5059,S7 Airlines,2024-04-01,09:12,174
SU8087,Nordavia,2024-04-24,19:29,349
SU9087,Aeroflot,2024-12-16,01:20,99
SU4384,Red Wings,2024-05-24,12:14,200
SU9834,Aeroflot,2024-10-21,11:10,148
SU486,Red Wings,2024-04-19,22:13,118
SU7420,Pobeda,2024-01-02,06:20,53
SU7704,S7 Airlines,2024-01-13,01:16,172
SU6639,S7 Airlines,2024-08-28,06:52,331
SU6880,Aeroflot,2024-03-09,20:05,322
SU9485,Nordavia,2024-11-24,15:05,63
SU5279,Aeroflot,2024-09-05,23:09,200
SU4671,Azimuth,2024-06-07,21:56,186
SU5467,Yakutia,2024-08-11,01:15,252
SU6609,Yakutia,2024-06-18,06:47,106
SU3204,Red Wings,2024-09-11,20:07,332
SU2258,Nordavia,2024-10-04,20:52,331
SU5401,Azimuth,2024-08-26,10:14,312
SU8353,Rossiya,2024-08-05,15:34,172
SU662,Rossiya,2024-04-04,07:11,125
SU4401,Azimuth,2024-04-19,14:13,210
SU6027,UTair,2024-07-18,18:48,146
SU4771,Nordavia,2024-09-24,08:50,221
SU8699,Rossiya,2024-02-01,20:06,193
SU4346,Rossiya,2024-08-04,22:09,303
SU4506,UTair,2024-09-05,19:22,290
SU2252,Pobeda,2024-11-22,17:53,91
SU916,Nordavia,2024-07-21,22:30,318
SU1363,S7 Airlines,2024-10-13,01:35,154
SU6663,Aeroflot,2024-04-27,07:50,299
SU908,Nordavia,2024-01-09,13:59,195
SU6184,Yakutia,2024-04-23,14:44,339
SU2973,Nordavia,2024-06-04,10:40,244
SU579,Pobeda,2024-01-18,19:58,283
SU577,Pobeda,2024-04-20,17:35,96
SU8767,Ural Airlines,2024-07-01,18:45,247
SU1081,Azimuth,2024-09-15,14:03,313
SU1283,Azimuth,2024-08-23,09:12,275
SU5298,Red Wings,2024-10-20,17:39,136
SU8098,Azimuth,2024-03-09,16:49,328
SU5710,UTair,2024-05-12,23:15,236
SU2070,Red Wings,2024-09-20,07:01,180
SU2727,Pobeda,2024-10-23,21:36,258
SU9948,Rossiya,2024-07-07,11:29,240
SU9981,Azimuth,2024-05-10,10:42,173
SU6196,Rossiya,2024-03-12,00:07,193
SU4910,UTair,2024-12-02,10:03,313
SU7509,Rossiya,2024-08-01,02:02,294
SU1494,Ural Airlines,2024-09-20,23:18,238
SU2440,Pobeda,2024-09-06,15:55,103
SU4945,Aeroflot,2024-07-15,11:30,298
SU2568,S7 Airlines,2024-03-19,09:30,232
SU7192,Aeroflot,2024-05-06,11:16,143
SU1273,UTair,2024-11-15,09:01,96
SU4837,UTair,2024-03-02,18:31,66
SU1539,Nordavia,2024-12-11,21:30,212
SU2982,Nordavia,2024-01-25,02:58,115
SU845,Rossiya,2024-02-11,18:59,125
SU4676,Rossiya,2024-11-17,06:43,221
SU8929,Azimuth,2024-06-11,20:19,211
SU9271,Rossiya,2024-08-18,19:07,333
SU5927,Aeroflot,2024-03-02,10:33,148
SU5724,Azimuth,2024-09-23,13:02,273
SU2976,Aeroflot,2024-07-18,13:41,165
SU6620,Ural Airlines,2024-11-12,05:38,173
SU1215,Rossiya,2024-09-16,16:01,229
SU3718,Nordavia,2024-04-19,18:11,53
SU9094,Ural Airlines,2024-05-26,12:37,59
SU2976,UTair,2024-01-11,01:18,254
SU4160,Rossiya,2024-01-18,00:58,284
SU7250,Yakutia,2024-04-18,03:24,119
SU623,UTair,2024-07-22,04:24,276
SU7779,Pobeda,2024-09-09,11:37,114
SU1410,UTair,2024-08-17,15:00,261
SU9950,Ural Airlines,2024-05-19,23:13,141
SU7030,Pobeda,2024-11-23,20:32,281
SU3501,Nordavia,2024-08-06,09:28,264
SU8452,S7 Airlines,2024-12-25,07:32,116
SU828,Yakutia,2024-07-17,04:18,223
SU160,S7 Airlines,2024-01-18,00:09,170
SU4307,Red Wings,2024-07-16,09:53,77
SU8575,Pobeda,2024-03-01,19:53,184
SU7938,Ural Airlines,2024-02-11,15:42,158
SU4149,Ural Airlines,2024-12-18,01:51,304
SU1844,Nordavia,2024-08-28,02:45,246
SU2558,Yakutia,2024-02-21,06:03,193
SU2910,Nordavia,2024-12-01,23:14,188
SU5846,Rossiya,2024-10-12,15:22,199
SU1509,Aeroflot,2024-08-20,21:39,284
SU8126,S7 Airlines,2024-02-21,22:46,84
SU5068,Ural Airlines,2024-05-16,18:20,145
SU6758,S7 Airlines,2024-11-12,19:47,293
SU7834,Red Wings,2024-06-06,09:25,206
SU3121,Aeroflot,2024-06-02,15:07,159
SU2012,Nordavia,2024-01-08,15:33,111
SU3153,Aeroflot,2024-01-10,17:42,54
SU8236,Yakutia,2024-12-19,02:37,309
SU8588,UTair,2024-06-04,10:25,210
SU2708,S7 Airlines,2024-02-17,07:14,238
SU4774,Red Wings,2024-09-20,12:51,343
SU8583,Nordavia,2024-09-10,01:01,124
SU290,Yakutia,2024-04-15,20:53,94
SU1351,UTair,2024-02-17,08:16,289
SU9023,UTair,2024-09-25,19:43,76
SU5682,Pobeda,2024-05-28,14:32,66
SU6531,Rossiya,2024-07-24,15:25,164
SU896,Rossiya,2024-08-16,14:10,116
SU9768,Azimuth,2024-07-03,07:07,285
SU898,Pobeda,2024-03-25,09:35,226
SU9328,UTair,2024-12-13,08:45,322
SU7468,S7 Airlines,2024-08-18,01:46,265
SU3282,Rossiya,2024-12-25,21:36,51
SU2841,Aeroflot,2024-04-14,15:44,281
SU7725,S7 Airlines,2024-06-24,08:09,242
SU7986,UTair,2024-07-09,01:14,120
SU9973,S7 Airlines,2024-09-08,02:17,243
SU4986,S7 Airlines,2024-10-27,17:35,159
SU5699,Red Wings,2024-05-18,02:35,107
SU9029,UTair,2024-07-07,18:45,144
SU5463,Aeroflot,2024-11-24,17:13,349
SU6734,UTair,2024-10-03,14:32,209
SU7939,Red Wings,2024-07-20,13:47,251
SU952,UTair,2024-12-16,15:42,220
SU1778,Red Wings,2024-04-23,02:01,94
SU4000,Rossiya,2024-11-03,04:57,186
SU6197,UTair,2024-04-03,13:14,245
SU3366,Aeroflot,2024-09-14,13:43,246
SU4294,UTair,2024-06-07,03:11,181
SU5487,Nordavia,2024-09-20,13:45,166
SU7212,Red Wings,2024-04-03,03:04,299
SU8257,Red Wings,2024-08-20,23:07,121
SU8491,Ural Airlines,2024-03-23,05:15,165
SU554,Rossiya,2024-10-16,07:46,249
SU2890,Yakutia,2024-01-02,09:22,203
SU8592,Ural Airlines,2024-08-06,11:07,167
SU6065,UTair,2024-05-04,00:38,334
SU1746,Ural Airlines,2024-06-09,02:46,72
SU5851,Azimuth,2024-01-04,15:58,337
SU5013,Pobeda,2024-01-11,19:24,179
SU4174,Pobeda,2024-10-14,14:59,56
SU8618,UTair,2024-01-21,06:41,318
SU5332,Pobeda,2024-01-11,13:03,239
SU6445,Yakutia,2024-04-25,05:59,286
SU373,Aeroflot,2024-12-11,16:29,211
SU3217,Pobeda,2024-05-27,06:42,330
SU3493,Nordavia,2024-12-08,06:14,65
SU7667,Aeroflot,2024-10-15,16:02,265
SU6589,Aeroflot,2024-04-01,19:28,55
SU8630,Azimuth,2024-02-15,17:09,306
SU5070,UTair,2024-05-13,00:41,116
SU1697,Pobeda,2024-10-03,20:03,200
SU9209,Aeroflot,2024-01-28,01:09,284
SU560,Yakutia,2024-03-20,20:39,322
SU4368,S7 Airlines,2024-07-21,17:55,287
SU9066,Nordavia,2024-05-15,23:51,334
SU5305,Nordavia,2024-09-16,09:54,51
SU9963,Azimuth,2024-09-22,19:44,66
SU9536,Red Wings,2024-10-05,08:54,233
SU9076,S7 Airlines,2024-05-23,22:38,174
SU8580,Ural Airlines,2024-07-09,12:18,80
SU6533,Nordavia,2024-07-23,19:03,257
SU7404,Ural Airlines,2024-06-26,12:24,315
SU8776,Pobeda,2024-12-26,13:56,75
SU2300,Yakutia,2024-06-24,08:54,284
SU668,Yakutia,2024-03-26,00:19,110
SU3944,Azimuth,2024-09-06,00:31,338
SU8050,S7 Airlines,2024-04-28,22:40,103
SU1561,Ural Airlines,2024-12-05,22:23,254
SU2946,Aeroflot,2024-06-23,03:28,62
SU1480,UTair,2024-03-03,14:44,197
SU5719,Nordavia,2024-01-19,13:12,298
SU8904,S7 Airlines,2024-10-23,09:39,209
SU3759,Aeroflot,2024-10-02,23:51,286
SU3568,Nordavia,2024-09-28,16:44,63
SU8878,Rossiya,2024-10-27,03:44,130
SU4033,Yakutia,2024-06-21,05:48,93
SU6199,Red Wings,2024-01-23,02:39,232
SU6419,Red Wings,2024-08-04,06:15,181
SU5852,S7 Airlines,2024-06-03,06:39,246
SU3624,Yakutia,2024-07-03,13:04,97
SU615,Pobeda,2024-12-01,07:17,57
SU5079,Nordavia,2024-05-20,08:10,227
SU6817,Ural Airlines,2024-04-12,02:39,323
SU9565,Rossiya,2024-09-26,17:06,306
SU8103,Pobeda,2024-05-22,02:06,272
SU5317,Red Wings,2024-08-05,12:23,172
SU9556,Aeroflot,2024-06-01,05:27,272
SU8380,Nordavia,2024-03-02,15:59,266
SU7386,Ural Airlines,2024-10-01,22:59,102
SU1008,Rossiya,2024-11-25,05:02,191
SU708,Ural Airlines,2024-11-01,10:49,300
SU1874,UTair,2024-11-01,22:57,206
SU5299,Yakutia,2024-05-28,19:21,162
SU8289,Red Wings,2024-04-04,19:35,306
SU5689,Azimuth,2024-05-14,10:13,203
SU4062,UTair,2024-12-03,23:30,219
SU653,S7 Airlines,2024-09-07,23:08,297
SU5653,UTair,2024-02-24,06:48,275
SU8956,Aeroflot,2024-08-27,21:21,159
SU157,Nordavia,2024-05-06,09:46,257
SU6638,Ural Airlines,2024-10-09,02:21,157
SU6165,UTair,2024-04-06,15:48,151
SU9430,UTair,2024-08-09,17:08,221
SU1600,S7 Airlines,2024-09-03,17:13,263
SU245,S7 Airlines,2024-02-13,18:48,52
SU4733,Azimuth,2024-11-05,00:00,338
SU5532,S7 Airlines,2024-07-19,02:29,220
SU2166,UTair,2024-10-02,01:20,346
SU2326,Azimuth,2024-07-28,18:01,159
SU5704,Pobeda,2024-05-25,18:27,244
SU339,Rossiya,2024-08-26,00:20,158
SU3000,Ural Airlines,2024-06-26,13:43,228
SU9314,Red Wings,2024-12-10,19:34,118
SU7146,UTair,2024-08-24,00:07,278
SU7518,UTair,2024-06-24,08:45,296
SU1242,Red Wings,2024-11-12,06:39,57
SU1864,S7 Airlines,2024-01-02,08:22,159
SU9219,Nordavia,2024-11-16,00:47,297
SU7154,Red Wings,2024-02-26,01:44,269
SU5854,Rossiya,2024-07-04,16:28,187
SU263,Ural Airlines,2024-01-06,04:19,57
SU8545,Rossiya,2024-02-21,22:50,142
SU4259,Yakutia,2024-07-06,23:00,283
SU4669,Nordavia,2024-12-24,01:06,82
SU8943,Azimuth,2024-05-23,04:53,282
SU3868,Azimuth,2024-05-15,06:58,218
SU8441,Aeroflot,2024-07-26,09:45,335
SU6018,Pobeda,2024-05-02,23:08,277
SU2124,Ural Airlines,2024-01-16,16:14,194
SU8761,UTair,2024-01-28,01:29,319
SU2811,Red Wings,2024-12-04,09:18,247
SU2167,S7 Airlines,2024-01-03,05:40,59
SU3729,Rossiya,2024-12-24,03:39,209
SU1994,UTair,2024-10-17,05:04,283
SU5650,Azimuth,2024-05-18,07:13,251
SU4994,Azimuth,2024-11-04,17:43,83
SU1649,S7 Airlines,2024-09-28,03:39,117
SU7411,Yakutia,2024-10-06,21:30,58
SU3812,Nordavia,2024-12-01,03:44,138
SU5447,UTair,2024-07-19,08:19,294
SU6897,Aeroflot,2024-05-05,03:31,280
SU1597,Nordavia,2024-05-04,08:40,103
SU3367,Nordavia,2024-01-19,22:38,108
SU9726,Rossiya,2024-04-04,16:59,263
SU3160,S7 Airlines,2024-07-12,07:17,188
SU6712,UTair,2024-11-04,23:21,192
SU7562,Yakutia,2024-06-10,19:38,347
SU8348,Ural Airlines,2024-01-22,14:00,191
SU1349,Ural Airlines,2024-03-23,23:00,83
SU6659,Rossiya,2024-10-21,08:16,294
SU3233,UTair,2024-08-22,13:37,231
SU781,Rossiya,2024-02-09,14:09,333
SU6685,S7 Airlines,2024-01-20,12:53,105
SU655,Red Wings,2024-03-11,07:20,158
SU6646,UTair,2024-02-24,13:32,177
SU9609,Yakutia,2024-08-09,10:26,252
SU9568,Yakutia,2024-04-13,06:54,74
SU7791,Ural Airlines,2024-04-17,09:24,278
SU6748,Pobeda,2024-12-20,15:40,157
SU8016,Ural Airlines,2024-03-07,05:45,242
SU2666,Pobeda,2024-05-05,05:45,342
SU271,Nordavia,2024-09-26,04:22,79
SU4804,Nordavia,2024-11-20,16:11,342
SU198,Yakutia,2024-12-06,22:26,105
SU9391,Pobeda,2024-05-26,16:36,87
SU3059,Yakutia,2024-06-08,20:06,196
SU3514,Azimuth,2024-11-04,09:23,235
SU5835,Pobeda,2024-02-11,06:06,91
SU3962,Rossiya,2024-09-20,10:33,117
SU5412,Nordavia,2024-10-05,04:09,267
SU6394,Yakutia,2024-10-01,15:03,148
SU2290,Rossiya,2024-11-16,21:35,298
SU2921,Rossiya,2024-02-15,16:21,274
SU4112,Aeroflot,2024-06-13,06:25,117
SU5667,S7 Airlines,2024-01-04,01:17,260
SU8438,Red Wings,2024-10-13,22:00,261
SU7971,Ural Airlines,2024-01-03,18:01,160
SU1539,UTair,2024-02-14,01:18,247
SU1167,Red Wings,2024-05-01,11:37,298
SU7849,UTair,2024-02-24,22:29,311
SU7368,Yakutia,2024-12-20,13:27,345
SU4019,Rossiya,2024-12-24,15:29,178
SU838,Azimuth,2024-03-02,15:52,187
SU9308,S7 Airlines,2024-08-15,16:13,178
SU8705,Yakutia,2024-05-06,15:05,346
SU1275,Pobeda,2024-08-11,04:44,136
SU3388,Azimuth,2024-05-02,17:36,285
SU8213,Yakutia,2024-09-04,01:02,215
SU8991,Pobeda,2024-01-20,05:37,269
SU7862,Nordavia,2024-10-09,20:33,318
SU9510,Yakutia,2024-03-09,19:24,114
SU664,Aeroflot,2024-01-13,20:30,182
SU2399,Rossiya,2024-03-01,07:08,293
SU1579,Red Wings,2024-10-13,14:43,175
SU9442,Nordavia,2024-11-23,20:32,281
SU9028,Nordavia,2024-05-15,00:37,105
SU8186,Yakutia,2024-02-10,01:54,320
SU2190,Aeroflot,2024-03-23,10:38,126
SU691,Nordavia,2024-03-27,13:28,221
SU4146,Rossiya,2024-07-01,09:24,315
SU9244,UTair,2024-09-15,21:04,279
SU2910,Yakutia,2024-04-24,18:53,118
SU2905,Rossiya,2024-03-03,15:25,247
SU1976,UTair,2024-08-22,23:32,240
SU9142,Pobeda,2024-06-27,20:25,348
SU6292,Nordavia,2024-02-21,16:54,107
SU8576,Ural Airlines,2024-04-03,07:20,260
SU277,Azimuth,2024-12-25,17:08,74
SU5990,Ural Airlines,2024-04-28,23:46,195
SU741,Ural Airlines,2024-03-20,04:42,167
SU5979,Ural Airlines,2024-10-28,20:11,97
SU934,Rossiya,2024-01-20,21:42,64
SU9456,Pobeda,2024-07-06,11:38,241
SU6612,Yakutia,2024-01-26,12:03,157
SU201,UTair,2024-01-07,20:17,319
SU4943,Aeroflot,2024-09-22,16:02,193
SU7487,Red Wings,2024-07-21,11:30,124
SU5508,Aeroflot,2024-12-26,06:33,79
SU3439,Rossiya,2024-06-14,19:30,124
SU2910,UTair,2024-02-06,08:18,229
SU2120,Aeroflot,2024-08-25,18:50,322
SU5569,Rossiya,2024-10-22,19:56,212
SU1468,Ural Airlines,2024-04-19,22:47,331
SU5812,Yakutia,2024-12-18,08:14,283
SU3722,Rossiya,2024-06-02,16:19,128
SU2294,Azimuth,2024-05-08,09:23,317
SU6109,Azimuth,2024-04-17,01:32,350
SU1177,Red Wings,2024-10-23,03:03,162
SU3042,Azimuth,2024-09-26,12:53,211
SU4081,Aeroflot,2024-07-23,05:30,142
SU4721,Ural Airlines,2024-09-02,21:40,76
SU6853,S7 Airlines,2024-08-28,00:41,116
SU5511,Ural Airlines,2024-01-26,16:34,269
SU2230,Aeroflot,2024-01-22,23:06,136
SU6904,Nordavia,2024-03-25,18:25,293
SU7334,Rossiya,2024-06-09,23:38,256
SU1934,Ural Airlines,2024-11-02,16:20,188
SU1260,Yakutia,2024-12-14,12:23,60
SU7965,Ural Airlines,2024-07-01,20:00,102
SU6951,UTair,2024-12-03,13:10,176
SU8757,Azimuth,2024-03-05,23:06,169
SU6537,Azimuth,2024-10-10,00:22,270
SU3713,Red Wings,2024-03-14,13:23,95
SU6776,Aeroflot,2024-08-21,10:51,69
SU551,Ural Airlines,2024-07-27,08:34,214
SU4932,Ural Airlines,2024-03-24,11:29,306
SU982,S7 Airlines,2024-04-01,17:11,66
SU8389,Azimuth,2024-09-22,01:13,57
SU2513,Pobeda,2024-09-02,04:15,88
SU6800,Red Wings,2024-02-21,06:47,211
SU9262,Yakutia,2024-02-19,08:56,309
SU7301,Ural Airlines,2024-12-17,14:37,261
SU6785,Ural Airlines,2024-09-05,22:55,139
SU2526,Aeroflot,2024-12-02,13:39,221
SU8371,S7 Airlines,2024-01-12,19:03,208
SU6871,UTair,2024-07-17,15:16,133
SU8767,Ural Airlines,2024-02-10,22:47,70
SU8686,UTair,2024-10-03,01:57,94
SU3270,Nordavia,2024-10-11,23:02,233
SU1133,UTair,2024-04-12,06:00,350
SU7127,Yakutia,2024-08-06,09:45,91
SU2745,Red Wings,2024-07-10,14:16,272
SU8213,S7 Airlines,2024-05-25,18:49,318
SU7411,Red Wings,2024-02-05,23:31,184
SU8588,S7 Airlines,2024-08-27,13:29,258
SU737,Rossiya,2024-01-15,02:34,69
SU1141,Pobeda,2024-11-17,13:41,69
SU9217,UTair,2024-05-11,17:26,133
SU7819,Rossiya,2024-08-06,00:24,317
SU3912,Aeroflot,2024-12-06,15:34,130
SU4493,Yakutia,2024-10-22,08:42,120
SU325,Red Wings,2024-01-22,10:12,149
SU6412,Red Wings,2024-02-05,10:41,94
SU9677,Yakutia,2024-02-18,11:25,66
SU4799,Ural Airlines,2024-07-10,04:01,137
SU2014,Nordavia,2024-01-22,01:17,209
SU9534,Red Wings,2024-02-12,22:44,266
SU3600,Ural Airlines,2024-10-09,09:53,77
SU3056,Nordavia,2024-11-27,16:41,256
SU3110,Yakutia,2024-11-23,09:17,245
SU6135,Red Wings,2024-03-16,13:35,196
SU2757,Ural Airlines,2024-03-17,20:38,99
SU219,Yakutia,2024-05-03,12:59,124
SU639,Pobeda,2024-11-26,13:08,323
SU6926,Ural Airlines,2024-07-09,15:21,257
SU4271,Nordavia,2024-12-06,18:37,347
SU7662,UTair,2024-09-20,00:41,327
SU3593,Pobeda,2024-07-13,12:01,170
SU4364,Red Wings,2024-02-22,14:56,61
SU8755,UTair,2024-09-27,02:45,258
SU9131,S7 Airlines,2024-10-09,19:37,139
SU8210,Nordavia,2024-12-01,06:06,137
SU8406,Nordavia,2024-09-12,09:14,336
SU4036,Yakutia,2024-06-09,19:13,231
SU1632,Rossiya,2024-01-15,13:42,159
SU6742,Yakutia,2024-10-26,20:06,312
SU5092,Red Wings,2024-09-14,08:21,142
SU9135,S7 Airlines,2024-02-25,00:17,330
SU5840,Ural Airlines,2024-07-23,11:11,248
SU8750,Aeroflot,2024-05-06,08:41,107
SU5886,Rossiya,2024-07-28,22:30,252
SU1243,Yakutia,2024-02-17,20:17,57
SU7184,Rossiya,2024-11-08,08:58,71
SU3001,Rossiya,2024-07-08,05:11,232
SU9459,Yakutia,2024-06-14,19:23,196
SU5918,Aeroflot,2024-07-03,12:21,58
SU3805,S7 Airlines,2024-10-12,09:31,206
SU9827,S7 Airlines,2024-08-19,06:51,73
SU6925,S7 Airlines,2024-02-06,21:39,264
SU4531,S7 Airlines,2024-06-15,19:36,86
SU8593,Rossiya,2024-08-01,21:48,152
SU4322,Nordavia,2024-11-21,23:07,228
SU8614,Nordavia,2024-01-08,06:56,98
SU6294,Yakutia,2024-12-18,11:07,68
SU6561,UTair,2024-05-18,05:04,78
SU5627,Yakutia,2024-12-04,20:34,324
SU8332,UTair,2024-10-01,05:22,327
SU117,Azimuth,2024-07-26,16:01,166
SU3299,Azimuth,2024-06-05,22:16,184
SU5180,Red Wings,2024-01-26,21:54,229
SU8461,Red Wings,2024-10-07,19:54,74
SU1546,Nordavia,2024-11-04,16:35,189
SU6112,Aeroflot,2024-11-26,15:57,187
SU2940,Nordavia,2024-09-14,19:25,249
SU4302,Pobeda,2024-04-08,08:43,72
SU4204,Pobeda,2024-02-15,03:06,135
SU3496,Ural Airlines,2024-04-18,10:48,265
SU717,Pobeda,2024-05-24,06:49,153
SU6250,Ural Airlines,2024-06-14,12:26,309
SU9687,Red Wings,2024-08-08,10:45,223
SU5283,S7 Airlines,2024-01-27,07:42,262
SU5946,Azimuth,2024-06-16,22:47,269
SU2695,Nordavia,2024-09-06,23:32,84
SU1593,Aeroflot,2024-04-22,12:24,330
SU9342,Rossiya,2024-11-28,14:39,245
SU8001,Aeroflot,2024-02-04,23:05,116
SU5111,Azimuth,2024-02-14,22:20,241
SU7665,Rossiya,2024-04-10,20:42,212
SU509,Azimuth,2024-01-07,00:47,275
SU7775,Red Wings,2024-03-22,11:58,142
SU9576,Aeroflot,2024-01-14,10:10,279
SU907,Aeroflot,2024-02-17,11:27,150
SU8259,Nordavia,2024-11-11,16:09,282
SU188,Red Wings,2024-04-21,19:53,206
SU4586,Yakutia,2024-06-09,22:45,297
SU8390,Azimuth,2024-10-15,19:35,322
SU5890,Nordavia,2024-08-17,05:36,304
SU5717,Nordavia,2024-06-15,02:07,50
SU1606,S7 Airlines,2024-12-12,03:23,167
SU821,Yakutia,2024-06-10,11:08,236
SU3351,Azimuth,2024-03-03,16:40,66
SU6893,Azimuth,2024-09-23,17:26,341
SU1673,Red Wings,2024-02-16,07:33,141
SU8930,UTair,2024-12-06,05:33,134
SU9502,Red Wings,2024-04-16,23:44,137
SU5662,Nordavia,2024-01-08,00:26,150
SU1685,Red Wings,2024-02-16,13:34,279
SU8363,Red Wings,2024-08-06,08:22,329
SU5856,Azimuth,2024-11-26,23:53,250
SU4534,Pobeda,2024-12-10,04:57,235
SU8959,Yakutia,2024-12-25,16:05,235
SU1279,Nordavia,2024-01-09,00:37,172
SU8717,Ural Airlines,2024-12-26,21:06,273
SU7576,Nordavia,2024-05-16,14:23,54
SU118,Ural Airlines,2024-07-13,12:26,164
SU9036,Yakutia,2024-12-04,17:10,324
SU6292,Azimuth,2024-01-05,18:25,95
SU9668,Azimuth,2024-02-28,20:11,170
SU5021,S7 Airlines,2024-02-14,04:59,222
SU2149,Rossiya,2024-09-03,03:14,345
SU7497,Nordavia,2024-07-06,17:16,74
SU6197,Azimuth,2024-10-11,06:03,291
SU614,Nordavia,2024-12-03,06:22,255
SU7496,Ural Airlines,2024-02-11,20:04,220
SU2352,Yakutia,2024-08-24,06:22,345
SU6597,UTair,2024-08-14,09:31,264
SU5297,Yakutia,2024-09-25,06:57,53
SU1651,Red Wings,2024-03-21,21:11,243
SU7518,Rossiya,2024-07-05,03:17,318
SU9447,Ural Airlines,2024-09-11,23:14,220
SU1871,Ural Airlines,2024-12-09,19:50,139
SU9730,Nordavia,2024-12-20,04:39,127
SU2620,Aeroflot,2024-12-10,07:02,345
SU2021,Azimuth,2024-01-14,00:05,132
SU8068,UTair,2024-03-04,13:37,105
SU5669,Red Wings,2024-12-07,06:51,318
SU7155,Aeroflot,2024-02-01,02:20,196
SU8524,UTair,2024-09-16,10:28,320
SU8397,Yakutia,2024-06-12,04:56,112
SU156,Azimuth,2024-12-01,07:26,225
SU2719,Aeroflot,2024-03-20,22:58,80
SU2791,Nordavia,2024-04-14,09:53,226
SU5783,Red Wings,2024-09-13,16:05,122
SU4918,Aeroflot,2024-10-11,01:09,202
SU3327,Pobeda,2024-01-24,19:25,250
SU2046,Ural Airlines,2024-10-09,09:22,182
SU4748,Pobeda,2024-04-15,05:10,347
SU3121,Aeroflot,2024-08-17,07:15,180
SU7408,Ural Airlines,2024-08-16,09:23,243
SU1936,Yakutia,2024-11-08,16:42,348
SU3380,Red Wings,2024-10-06,18:12,271
SU2413,Aeroflot,2024-08-02,22:35,82
SU2296,Ural Airlines,2024-11-12,04:17,86
SU6103,Red Wings,2024-01-08,04:15,207
SU6475,Yakutia,2024-11-05,03:50,301
SU9904,UTair,2024-10-21,11:39,63
SU5072,Nordavia,2024-02-11,01:14,162
SU9699,Yakutia,2024-09-13,14:11,223
SU9825,UTair,2024-08-23,10:43,349
SU9877,Pobeda,2024-03-03,15:24,72
SU7635,Nordavia,2024-10-20,15:14,136
SU6075,Pobeda,2024-10-22,01:07,242
SU4885,Azimuth,2024-04-20,23:55,269
SU1100,Azimuth,2024-07-10,19:42,56
SU1927,Red Wings,2024-05-19,11:25,155
SU3741,Nordavia,2024-07-16,09:18,201
SU1738,Ural Airlines,2024-08-12,10:56,189
SU5040,Red Wings,2024-08-04,19:24,210
SU9540,Yakutia,2024-06-20,01:33,70
SU941,Red Wings,2024-02-05,04:20,112
SU3200,UTair,2024-05-04,23:31,326
SU7381,Ural Airlines,2024-12-19,08:17,307
SU1838,Aeroflot,2024-11-24,14:49,101
SU5554,Ural Airlines,2024-03-08,14:22,341
SU3970,Nordavia,2024-06-07,08:16,279
SU3161,Ural Airlines,2024-08-20,05:41,246
SU1497,Rossiya,2024-02-09,04:57,257
SU9094,Pobeda,2024-01-28,09:09,59
SU8215,UTair,2024-07-08,13:50,347
SU9784,Nordavia,2024-01-04,00:21,128
SU8462,Ural Airlines,2024-08-18,12:28,279
SU6209,Nordavia,2024-05-10,08:10,219
SU5069,S7 Airlines,2024-12-28,02:47,101
SU176,Pobeda,2024-11-27,22:22,103
SU6290,Aeroflot,2024-08-01,02:04,154
SU3331,Rossiya,2024-12-23,00:07,188
SU8869,Azimuth,2024-10-14,00:36,162
SU7670,Pobeda,2024-12-24,07:08,170
SU4136,UTair,2024-07-27,21:10,343
SU2451,Azimuth,2024-08-16,00:14,105
SU4733,S7 Airlines,2024-02-25,15:29,135
SU8581,Red Wings,2024-06-22,11:39,225
SU5051,Rossiya,2024-04-04,02:33,197
SU1852,Ural Airlines,2024-06-08,01:26,168
SU3204,Azimuth,2024-04-18,02:39,105
SU5841,Pobeda,2024-06-20,15:14,58
SU8162,UTair,2024-10-01,02:18,309
SU6510,Red Wings,2024-08-08,05:23,182
SU8540,Nordavia,2024-12-02,18:11,221
SU1597,Nordavia,2024-04-01,08:11,118
SU8568,S7 Airlines,2024-12-25,05:14,61
SU385,Yakutia,2024-11-22,21:16,178
SU8559,Aeroflot,2024-06-19,02:48,142
SU757,Azimuth,2024-12-06,12:25,54
SU6858,Rossiya,2024-02-28,21:59,337
SU8943,Yakutia,2024-04-24,21:08,130
SU805,UTair,2024-11-16,22:58,99
SU7962,Aeroflot,2024-01-28,00:02,184
SU2812,Azimuth,2024-04-16,21:18,254
SU3643,Ural Airlines,2024-05-27,10:01,163
SU1232,Nordavia,2024-07-02,01:37,185
SU1050,Red Wings,2024-12-16,03:26,147
SU2441,UTair,2024-02-12,14:03,254
SU6139,Azimuth,2024-01-24,21:28,224
SU2737,Azimuth,2024-11-06,23:18,144
SU2240,Rossiya,2024-06-03,11:18,342
SU443,Red Wings,2024-08-15,17:53,159
SU9846,S7 Airlines,2024-09-16,00:32,199
SU2738,Azimuth,2024-10-27,14:09,129
SU9086,Pobeda,2024-08-22,18:58,144
SU2479,S7 Airlines,2024-02-08,02:51,160
SU9070,UTair,2024-10-11,04:03,321
SU7120,Aeroflot,2024-12-15,10:48,198
SU3990,Rossiya,2024-06-03,02:24,279
SU1602,Pobeda,2024-09-23,06:52,76
SU9609,Rossiya,2024-04-24,21:21,130
SU4784,Pobeda,2024-01-06,10:51,184
SU558,Rossiya,2024-02-11,06:44,194
SU9381,Aeroflot,2024-01-28,07:33,316
SU7262,S7 Airlines,2024-09-12,22:18,54
SU2625,S7 Airlines,2024-05-16,11:46,101
SU9485,Rossiya,2024-07-07,06:57,113
SU7503,Rossiya,2024-09-10,09:18,206
SU2794,Yakutia,2024-10-20,08:41,290
SU4300,Pobeda,2024-11-15,11:21,145
SU6039,Pobeda,2024-08-20,08:26,145
SU1395,Pobeda,2024-03-13,14:07,298
SU750,Azimuth,2024-07-24,10:20,87
SU710,S7 Airlines,2024-09-11,12:17,340
SU4682,S7 Airlines,2024-11-03,11:40,51
SU6541,Aeroflot,2024-02-07,02:06,345
SU7344,Azimuth,2024-06-11,01:36,108
SU6757,UTair,2024-08-19,14:23,66
SU2734,Azimuth,2024-02-21,23:17,226
SU7691,Nordavia,2024-05-09,18:55,62
SU443,UTair,2024-09-19,23:22,259
SU9178,Red Wings,2024-05-09,05:29,208
SU6668,Ural Airlines,2024-04-10,19:12,53
SU4295,Rossiya,2024-08-20,07:39,71
SU9521,Nordavia,2024-12-13,18:52,241
SU1737,Rossiya,2024-09-15,05:59,179
SU8666,S7 Airlines,2024-09-09,21:29,265
SU4787,Ural Airlines,2024-07-23,02:53,73
SU343,Pobeda,2024-02-24,19:46,223
SU7261,Red Wings,2024-11-14,00:57,98
SU8650,Yakutia,2024-03-15,17:19,169
SU939,Red Wings,2024-01-04,19:20,224
SU7716,UTair,2024-09-02,04:26,111
SU8236,Pobeda,2024-07-03,03:43,165
SU2124,Ural Airlines,2024-12-08,22:26,232
SU5977,Rossiya,2024-11-27,18:24,250
SU1100,Rossiya,2024-12-10,07:44,63
SU2007,S7 Airlines,2024-08-18,02:54,88
SU4837,Yakutia,2024-08-03,02:57,132
SU2613,S7 Airlines,2024-06-24,11:22,75
SU9270,Nordavia,2024-08-14,09:35,228
SU2796,Red Wings,2024-11-23,05:18,111
SU9816,Ural Airlines,2024-09-20,16:30,169
SU2874,Nordavia,2024-11-25,07:03,53
SU8490,Yakutia,2024-04-19,08:27,188
SU8186,Yakutia,2024-07-15,08:01,161
SU7206,S7 Airlines,2024-03-20,07:14,144
SU5348,Yakutia,2024-09-08,08:53,51
SU1641,S7 Airlines,2024-03-13,00:29,230
SU2442,Red Wings,2024-05-10,20:47,304
SU1831,S7 Airlines,2024-05-12,04:37,289
SU624,Pobeda,2024-02-01,10:56,297
SU2514,Rossiya,2024-02-15,08:13,226
SU2675,Azimuth,2024-03-27,09:03,257
SU5560,Yakutia,2024-04-24,19:28,171
SU3011,Rossiya,2024-12-14,22:22,281
SU5423,Nordavia,2024-05-11,21:49,75
SU2750,Red Wings,2024-05-16,23:13,72
SU8096,Rossiya,2024-12-08,06:28,275
SU9661,Red Wings,2024-01-05,04:01,184
SU509,Ural Airlines,2024-09-07,07:25,147
SU4543,Aeroflot,2024-02-11,14:37,55
SU6158,Pobeda,2024-09-23,04:36,227
SU4885,Nordavia,2024-09-01,12:06,284
SU6640,Yakutia,2024-02-20,06:38,247
SU6192,Rossiya,2024-07-07,00:35,235
SU5168,Ural Airlines,2024-07-06,15:35,95
SU7580,Nordavia,2024-01-20,00:50,166
SU5758,Rossiya,2024-06-22,11:26,316
SU8044,Pobeda,2024-01-18,16:43,313
SU9779,Nordavia,2024-09-23,23:45,148
SU4765,S7 Airlines,2024-12-24,20:21,280
SU3641,Rossiya,2024-05-23,16:10,268
SU5818,Red Wings,2024-03-25,02:07,81
SU3348,Nordavia,2024-07-09,02:11,225
SU7894,UTair,2024-09-22,03:48,59
SU5904,Rossiya,2024-04-24,07:13,325
SU427,Azimuth,2024-04-09,04:45,293
SU7317,Aeroflot,2024-02-03,17:28,142
SU577,UTair,2024-02-16,01:35,86
SU9823,Azimuth,2024-02-14,17:16,271
SU7334,Aeroflot,2024-10-27,08:15,242
SU1482,Azimuth,2024-07-14,17:16,74
SU3142,Aeroflot,2024-10-20,12:08,296
SU4078,Nordavia,2024-07-03,12:53,225
SU863,Azimuth,2024-05-24,22:47,198
SU1072,S7 Airlines,2024-01-10,04:21,139
SU9972,Red Wings,2024-01-10,02:14,265
SU3772,Red Wings,2024-09-12,17:59,202
SU9734,S7 Airlines,2024-07-05,10:01,167
SU4203,Ural Airlines,2024-09-23,03:52,255
SU396,Rossiya,2024-08-20,22:50,88
SU4271,Red Wings,2024-07-02,00:14,120
SU8113,Aeroflot,2024-03-28,14:45,242
SU874,Aeroflot,2024-08-25,03:31,333
SU370,Red Wings,2024-02-25,06:18,90
SU6888,Pobeda,2024-01-02,11:50,248
SU997,Pobeda,2024-09-11,16:48,180
SU8588,Rossiya,2024-09-27,10:59,328
SU1124,Yakutia,2024-08-19,05:06,90
SU1518,UTair,2024-04-05,21:35,119
SU238,Red Wings,2024-10-09,16:14,56
SU8507,UTair,2024-02-03,03:10,321
SU2967,Pobeda,2024-01-20,10:12,310
SU5724,Aeroflot,2024-08-11,23:40,331
SU3324,UTair,2024-01-10,18:30,312
SU5014,S7 Airlines,2024-04-12,03:47,193
SU5997,Nordavia,2024-02-15,08:52,64
SU1823,Red Wings,2024-08-05,18:15,209
SU5516,Azimuth,2024-10-09,02:08,292
SU7616,Red Wings,2024-05-01,16:55,189
SU2305,Azimuth,2024-12-27,19:45,171
SU8568,Rossiya,2024-05-08,15:15,122
SU826,Azimuth,2024-12-10,12:46,131
SU1890,Aeroflot,2024-06-22,05:32,321
SU7987,Yakutia,2024-05-03,17:34,270
SU9093,S7 Airlines,2024-03-16,08:18,198
SU4928,Red Wings,2024-08-22,21:12,77
SU7577,UTair,2024-01-17,08:42,319
SU2447,Red Wings,2024-11-26,07:53,332
SU7226,Aeroflot,2024-12-15,19:24,211
SU1349,Pobeda,2024-04-14,05:59,170
SU1857,Pobeda,2024-02-20,09:09,236
SU1024,S7 Airlines,2024-08-27,01:47,256
SU5564,Yakutia,2024-04-02,05:35,320
SU4073,S7 Airlines,2024-03-18,06:48,53
SU883,Yakutia,2024-11-07,00:46,137
SU4394,Ural Airlines,2024-04-04,17:06,145
SU261,Nordavia,2024-01-03,01:42,181
SU7465,Rossiya,2024-10-25,00:03,133
SU2407,UTair,2024-02-24,04:50,133
SU1848,UTair,2024-08-15,08:55,244
SU2480,Azimuth,2024-03-17,03:16,325
SU6596,Pobeda,2024-05-27,21:43,311
SU8423,Nordavia,2024-03-27,11:08,238
SU5825,Pobeda,2024-12-08,05:25,292
SU6065,Rossiya,2024-11-11,17:34,160
SU4345,UTair,2024-05-09,15:18,163
SU1572,Nordavia,2024-11-01,02:39,308
SU6250,Azimuth,2024-09-04,02:25,56
SU4127,Rossiya,2024-07-17,03:52,213
SU3335,UTair,2024-07-09,06:38,97
SU153,UTair,2024-02-08,13:06,176
SU6988,Pobeda,2024-11-06,14:44,165
SU3464,Red Wings,2024-08-15,23:35,145
SU5947,S7 Airlines,2024-05-13,04:41,79
SU9005,Red Wings,2024-06-23,12:09,287
SU1020,Rossiya,2024-01-26,20:04,243
SU6154,Red Wings,2024-02-25,00:22,158
SU3168,Ural Airlines,2024-02-21,15:19,184
SU6070,Aeroflot,2024-05-22,04:43,179
SU5366,Azimuth,2024-06-05,20:15,280
SU4936,Red Wings,2024-10-16,18:34,68
SU4553,Aeroflot,2024-07-28,03:18,237
SU4038,S7 Airlines,2024-10-11,08:16,237
SU4443,Pobeda,2024-01-01,02:47,136
SU5990,S7 Airlines,2024-01-10,18:01,254
SU1824,Aeroflot,2024-10-01,23:56,301
SU7448,Aeroflot,2024-09-16,08:36,125
SU8514,Aeroflot,2024-03-23,10:56,150
SU6193,Nordavia,2024-02-26,23:07,178
SU9154,Azimuth,2024-09-05,12:43,251
SU6387,S7 Airlines,2024-02-02,05:59,345
SU1825,S7 Airlines,2024-12-04,18:04,83
SU5078,Yakutia,2024-02-09,09:34,73
SU891,Nordavia,2024-03-03,16:23,229
SU1960,Azimuth,2024-07-12,02:38,326
SU6477,Red Wings,2024-04-28,04:54,299
SU8880,Red Wings,2024-01-03,14:39,94
SU4751,Pobeda,2024-11-04,01:38,192
SU4085,S7 Airlines,2024-03-03,16:14,241
SU1580,UTair,2024-09-22,16:11,221
SU6372,Pobeda,2024-09-17,01:55,91
SU5208,Rossiya,2024-11-09,21:42,348
SU8972,Aeroflot,2024-05-20,11:44,94
SU2143,Yakutia,2024-10-19,15:08,214
SU9816,Red Wings,2024-07-06,06:03,64
SU3816,Azimuth,2024-11-11,00:53,347
SU5418,Nordavia,2024-02-04,10:29,119
SU6178,Yakutia,2024-11-27,23:22,258
SU2517,Ural Airlines,2024-11-13,10:37,317
SU5524,Red Wings,2024-07-11,08:03,249
SU499,UTair,2024-03-23,06:09,178
SU2220,UTair,2024-10-02,20:52,198
SU9081,Pobeda,2024-07-22,14:18,208
SU6592,Nordavia,2024-08-17,12:14,238
SU2442,Yakutia,2024-03-05,08:21,103
SU5210,Rossiya,2024-12-22,20:17,270
SU1959,Ural Airlines,2024-11-04,13:00,290
SU7345,Red Wings,2024-07-16,20:36,122
SU8092,Nordavia,2024-01-28,22:34,344
SU8569,Aeroflot,2024-02-17,10:34,228
SU1082,UTair,2024-04-14,19:50,334
SU7554,Yakutia,2024-04-08,00:19,69
SU4851,Aeroflot,2024-12-10,18:21,265
SU5751,Pobeda,2024-11-19,08:54,169
SU7285,Pobeda,2024-02-20,17:18,337
SU9532,UTair,2024-11-15,00:39,184
SU9982,Ural Airlines,2024-03-07,08:22,61
SU410,Azimuth,2024-03-05,06:22,119
SU8671,Ural Airlines,2024-05-16,08:37,292
SU1840,Yakutia,2024-05-13,11:44,266
SU3399,Pobeda,2024-01-02,20:45,89
SU306,Pobeda,2024-12-06,10:18,276
SU8195,Nordavia,2024-01-08,15:18,139
SU5081,Ural Airlines,2024-05-13,17:24,349
SU8029,Rossiya,2024-09-16,11:39,292
SU4403,Pobeda,2024-12-21,23:41,112
SU1167,Rossiya,2024-08-18,11:22,326
SU8730,Rossiya,2024-04-24,03:50,179
SU2311,Nordavia,2024-02-14,18:05,61
SU4695,Rossiya,2024-02-17,16:28,231
SU7784,Rossiya,2024-11-23,22:39,295
SU7116,Aeroflot,2024-05-25,21:56,258
SU4450,Yakutia,2024-12-06,07:11,58
SU5452,Rossiya,2024-08-03,10:14,91
SU1959,Azimuth,2024-06-07,12:57,105
SU2911,Azimuth,2024-04-15,22:15,217
SU2981,UTair,2024-08-11,00:21,287
SU4968,Azimuth,2024-03-07,00:55,75
SU6700,UTair,2024-08-22,09:11,324
SU5871,Ural Airlines,2024-10-20,21:03,251
SU2003,Pobeda,2024-07-05,02:20,196
SU8951,Pobeda,2024-03-20,12:00,236
SU3992,Pobeda,2024-11-12,17:29,181
SU8141,Yakutia,2024-10-01,10:15,181
SU9990,Red Wings,2024-09-17,08:02,333
SU6184,Azimuth,2024-01-27,14:13,326
SU540,Aeroflot,2024-07-05,14:45,333
SU5745,Azimuth,2024-05-03,19:42,160
SU4432,Ural Airlines,2024-03-22,12:56,181
SU6583,Aeroflot,2024-01-15,12:52,308
SU6162,Nordavia,2024-02-12,13:59,81
SU6611,Ural Airlines,2024-01-21,15:41,154
SU3323,Ural Airlines,2024-12-22,15:42,297
SU8490,S7 Airlines,2024-09-15,01:30,211
SU8133,Azimuth,2024-09-02,19:12,269
SU8842,UTair,2024-10-07,03:30,252
SU1687,S7 Airlines,2024-10-19,16:21,275
SU2310,Pobeda,2024-08-10,05:18,259
SU4668,Red Wings,2024-12-07,10:13,195
SU7042,Yakutia,2024-10-13,05:54,93
SU2642,Aeroflot,2024-01-18,09:42,294
SU2001,Aeroflot,2024-11-17,19:27,76
SU6424,Ural Airlines,2024-03-10,18:40,126
SU8562,Rossiya,2024-03-04,00:32,118
SU2449,Azimuth,2024-06-13,06:15,202
SU9634,Azimuth,2024-01-03,11:16,173
SU5812,Ural Airlines,2024-07-06,20:08,303
SU1068,Pobeda,2024-04-08,01:23,92
SU9048,Nordavia,2024-02-06,13:27,255
SU4150,UTair,2024-09-16,00:11,136
SU5833,S7 Airlines,2024-11-04,20:27,138
SU287,Ural Airlines,2024-04-02,13:57,273
SU6636,Yakutia,2024-05-04,22:23,101
SU7907,Rossiya,2024-12-19,18:11,107
SU4760,Pobeda,2024-05-23,06:40,163
SU355,Azimuth,2024-08-16,23:40,289
SU8288,Rossiya,2024-05-05,19:09,77
SU7329,Red Wings,2024-03-01,18:25,217
SU3404,Azimuth,2024-10-05,05:26,174
SU4925,Rossiya,2024-12-14,06:01,162
SU6539,Ural Airlines,2024-08-06,14:34,77
SU9930,Ural Airlines,2024-05-05,00:03,155
SU8160,Ural Airlines,2024-11-23,10:51,125
SU4703,Nordavia,2024-05-05,15:52,246
SU8220,Azimuth,2024-11-21,14:41,301
SU5079,Rossiya,2024-02-15,19:43,190
SU7087,Ural Airlines,2024-08-25,20:10,169
SU879,Nordavia,2024-04-13,00:06,151
SU2435,Ural Airlines,2024-07-16,19:37,297
SU4492,Yakutia,2024-09-06,14:15,220
SU3182,Azimuth,2024-03-23,14:12,201
SU8291,Pobeda,2024-03-12,20:51,50
SU2694,Ural Airlines,2024-04-27,17:43,271
SU7790,UTair,2024-07-20,09:33,256
SU2560,Nordavia,2024-07-14,02:22,347
SU3209,Red Wings,2024-12-13,15:36,269
SU370,Yakutia,2024-12-18,12:19,321
SU2919,Rossiya,2024-05-04,09:27,187
SU2655,Pobeda,2024-02-18,21:18,112
SU8407,UTair,2024-04-08,02:36,113
SU8415,Rossiya,2024-04-16,20:55,271
SU9046,Aeroflot,2024-04-28,03:37,271
SU3187,Nordavia,2024-05-09,07:24,133
SU8370,Pobeda,2024-01-23,21:02,318
SU7177,Pobeda,2024-06-04,08:26,173
SU5808,S7 Airlines,2024-11-26,20:29,195
SU9661,S7 Airlines,2024-02-11,03:36,178
SU5776,Pobeda,2024-12-04,11:34,301
SU1782,Ural Airlines,2024-09-20,15:15,169
SU1626,Rossiya,2024-11-11,07:00,183
SU4127,Yakutia,2024-09-18,11:06,319
SU1313,Red Wings,2024-01-19,14:05,80
SU6580,Nordavia,2024-01-20,02:17,215
SU7080,Yakutia,2024-07-24,08:48,311
SU9845,Pobeda,2024-01-21,00:38,149
SU9329,UTair,2024-07-17,10:01,333
SU4373,Nordavia,2024-01-08,15:37,79
SU3945,Nordavia,2024-04-21,19:19,144
SU5724,Azimuth,2024-12-17,22:30,85
SU1979,S7 Airlines,2024-05-09,09:28,299
SU2267,Red Wings,2024-06-17,10:13,191
SU6809,Red Wings,2024-03-28,19:52,61
SU7629,Yakutia,2024-04-18,11:43,344
SU5584,Red Wings,2024-12-06,13:46,134
SU6589,Ural Airlines,2024-07-21,12:55,342
SU1371,S7 Airlines,2024-04-10,07:06,287
SU2430,Pobeda,2024-11-28,04:54,104
SU2109,UTair,2024-12-12,06:08,257
SU8105,Azimuth,2024-02-07,06:41,71
SU7447,Ural Airlines,2024-11-09,14:01,283
SU1186,Red Wings,2024-04-05,19:50,178
SU8315,Pobeda,2024-09-03,04:28,167
SU4169,Pobeda,2024-08-15,09:19,64
SU9520,UTair,2024-06-12,11:46,268
SU2497,Red Wings,2024-07-19,18:44,56
SU9163,Pobeda,2024-02-28,02:43,331
SU9285,Pobeda,2024-08-20,10:36,223
SU7106,S7 Airlines,2024-07-27,04:33,228
SU332,Ural Airlines,2024-04-14,07:59,245
SU9857,Yakutia,2024-09-08,02:12,309
SU3316,UTair,2024-05-05,00:23,212
SU5291,Azimuth,2024-05-01,00:33,216
SU6636,Ural Airlines,2024-07-16,22:17,210
SU1948,Aeroflot,2024-03-05,22:26,269
SU9094,Red Wings,2024-07-24,05:45,126
SU4940,Azimuth,2024-08-27,21:24,329
SU2340,Azimuth,2024-12-25,17:28,292
SU7973,Yakutia,2024-09-02,15:19,275
SU7913,Rossiya,2024-06-23,08:18,211
SU3897,Aeroflot,2024-04-24,09:44,79
SU3309,S7 Airlines,2024-07-12,22:21,187
SU4701,Rossiya,2024-07-18,00:51,329
SU2859,Aeroflot,2024-09-11,02:20,138
SU7559,Azimuth,2024-04-27,17:34,197
SU3972,Ural Airlines,2024-01-22,13:58,206
SU9417,Ural Airlines,2024-09-06,16:15,300
SU135,Azimuth,2024-09-04,21:04,195
SU4026,Yakutia,2024-05-15,18:02,94
SU3213,Nordavia,2024-04-04,07:12,188
SU3229,Ural Airlines,2024-04-21,07:30,130
SU1959,Yakutia,2024-07-10,18:40,350
SU3222,Rossiya,2024-08-17,07:12,241
SU7680,Pobeda,2024-11-19,04:49,322
SU1339,Rossiya,2024-05-17,10:21,170
SU3023,UTair,2024-08-28,15:58,249
SU3324,Aeroflot,2024-01-15,19:38,121
SU8973,S7 Airlines,2024-11-07,03:06,299
SU2819,S7 Airlines,2024-09-24,04:34,76
SU5277,Azimuth,2024-07-26,10:07,223
SU7179,Rossiya,2024-03-17,02:19,282
SU5000,UTair,2024-05-14,16:19,204
SU2618,UTair,2024-02-14,22:46,239
SU9264,Red Wings,2024-01-19,04:19,245
SU390,UTair,2024-01-10,05:50,327
SU6780,Rossiya,2024-04-17,06:44,111
SU479,Aeroflot,2024-08-21,07:24,97
SU7249,UTair,2024-10-02,22:23,112
SU4871,Red Wings,2024-12-03,06:11,83
SU1774,Rossiya,2024-11-03,09:19,55
SU4286,Rossiya,2024-06-22,23:05,291
SU5879,S7 Airlines,2024-12-24,14:59,313
SU9304,Aeroflot,2024-05-13,23:01,318
SU1406,Ural Airlines,2024-01-22,21:40,294
SU6124,S7 Airlines,2024-10-11,12:07,223
SU219,Nordavia,2024-06-13,07:00,70
SU2683,Azimuth,2024-07-04,22:32,86
SU818,Nordavia,2024-04-16,11:10,296
SU7797,S7 Airlines,2024-08-21,17:40,309
SU2676,Aeroflot,2024-11-08,23:42,98
SU6772,S7 Airlines,2024-11-22,04:45,249
SU6928,S7 Airlines,2024-04-05,08:43,326
SU488,Yakutia,2024-06-22,12:03,186
SU2512,Ural Airlines,2024-01-07,22:27,243
SU5974,Rossiya,2024-03-17,10:37,259
SU3099,Nordavia,2024-10-17,04:56,117
SU5674,UTair,2024-10-11,20:33,263
SU7423,Pobeda,2024-05-20,22:33,118
SU8080,Yakutia,2024-10-03,02:17,335
SU1575,Azimuth,2024-03-24,15:50,240
SU4747,Yakutia,2024-10-01,15:34,69
SU7710,Red Wings,2024-10-25,08:47,151
SU7275,Aeroflot,2024-01-07,21:56,242
SU9918,Pobeda,2024-04-04,02:50,255
SU3476,Red Wings,2024-05-09,00:18,109
SU8328,Red Wings,2024-08-25,07:01,264
SU5342,Rossiya,2024-11-20,02:09,222
SU7370,Rossiya,2024-08-21,09:06,80
SU788,Aeroflot,2024-01-19,08:14,325
SU522,Nordavia,2024-11-08,15:52,271
SU321,Rossiya,2024-07-11,00:11,159
SU8782,Rossiya,2024-03-04,14:29,157
SU3849,Red Wings,2024-04-23,06:59,314
SU8451,Aeroflot,2024-08-20,15:32,247
SU4166,S7 Airlines,2024-05-28,12:53,119
SU5912,Red Wings,2024-10-20,21:02,193
SU3707,Pobeda,2024-03-22,23:13,246
SU5676,S7 Airlines,2024-05-02,21:33,326
SU3406,Pobeda,2024-07-18,04:59,235
SU8417,Pobeda,2024-02-05,07:43,237
SU8569,Aeroflot,2024-08-23,23:04,271
SU8796,Pobeda,2024-11-02,00:45,311
SU8244,S7 Airlines,2024-03-01,07:17,55
SU6667,UTair,2024-03-12,03:55,264
SU2748,UTair,2024-07-04,23:46,210
SU5922,Yakutia,2024-01-14,23:34,182
SU9485,Azimuth,2024-01-08,15:22,225
SU7354,Nordavia,2024-12-28,10:36,82
SU1250,Ural Airlines,2024-02-25,05:33,311
SU3220,S7 Airlines,2024-12-24,05:35,241
SU9208,S7 Airlines,2024-02-24,12:51,172
SU8939,Azimuth,2024-12-15,10:34,349
SU3434,Azimuth,2024-02-21,19:57,73
SU1628,Red Wings,2024-04-25,22:11,257
SU5544,Azimuth,2024-10-07,22:56,221
SU9732,Pobeda,2024-08-04,04:25,284
SU3594,Aeroflot,2024-09-19,08:44,144
SU8780,Ural Airlines,2024-01-14,12:16,227
SU830,Rossiya,2024-07-27,03:19,311
SU392,Pobeda,2024-10-26,18:09,232
SU5190,UTair,2024-12-18,16:52,215
SU5562,S7 Airlines,2024-02-25,15:54,342
SU9358,Red Wings,2024-09-14,17:41,302
SU6837,Rossiya,2024-11-03,21:39,320
SU3769,Azimuth,2024-10-10,19:08,200
SU3689,UTair,2024-05-06,14:03,185
SU549,Ural Airlines,2024-08-03,10:17,309
SU5292,S7 Airlines,2024-09-20,20:09,170
SU2635,Azimuth,2024-11-16,10:18,305
SU103,Nordavia,2024-10-26,06:10,252
SU7618,Aeroflot,2024-02-17,02:58,96
SU2317,Red Wings,2024-09-03,16:26,346
SU6269,Red Wings,2024-08-18,22:07,237
SU9262,Yakutia,2024-05-26,21:56,86
SU7562,Aeroflot,2024-10-24,23:22,234
SU5333,Azimuth,2024-10-23,18:03,58
SU2228,Pobeda,2024-10-27,01:38,307
SU3755,Red Wings,2024-10-17,19:17,206
SU936,Yakutia,2024-12-14,21:20,264
SU6407,Azimuth,2024-09-14,14:09,147
SU3834,Rossiya,2024-07-21,15:27,257
SU7850,Pobeda,2024-10-16,21:31,65
SU1722,Nordavia,2024-04-28,14:09,141
SU5650,Nordavia,2024-12-26,16:49,207
SU6759,S7 Airlines,2024-08-18,22:31,121
SU6087,Nordavia,2024-06-18,17:28,218
SU2332,Pobeda,2024-01-26,21:47,253
SU9526,Rossiya,2024-05-23,01:36,315
SU3356,Yakutia,2024-12-12,06:55,208
SU2642,S7 Airlines,2024-09-23,02:46,53
SU2438,Yakutia,2024-05-06,02:58,244
SU7112,Azimuth,2024-05-19,13:44,262
SU223,Red Wings,2024-03-18,02:40,279
SU239,Pobeda,2024-09-22,15:00,183
SU1916,UTair,2024-07-25,03:32,300
SU2690,S7 Airlines,2024-01-21,10:34,347
SU5746,S7 Airlines,2024-05-23,00:26,299
SU3284,Aeroflot,2024-05-05,23:41,199
SU6659,Aeroflot,2024-05-07,02:57,132
SU6350,S7 Airlines,2024-03-18,07:47,147
SU2935,Azimuth,2024-06-18,12:33,304
SU4127,Rossiya,2024-01-28,19:06,168
SU5236,Red Wings,2024-03-24,06:58,77
SU8500,Azimuth,2024-08-15,20:09,225
SU3274,UTair,2024-06-20,08:19,181
SU2695,Aeroflot,2024-02-26,15:44,55
SU4283,Rossiya,2024-03-18,21:03,280
SU8522,Red Wings,2024-12-16,05:27,69
SU4736,Pobeda,2024-04-05,11:18,225
SU7213,Pobeda,2024-08-04,08:51,271
SU4949,S7 Airlines,2024-04-20,11:18,127
SU6411,Rossiya,2024-03-24,11:48,220
SU9597,Rossiya,2024-04-26,17:11,192
SU5099,Ural Airlines,2024-12-14,09:59,155
SU1204,UTair,2024-09-03,18:41,232
SU1463,Aeroflot,2024-10-20,22:53,65
SU3496,Rossiya,2024-11-28,00:43,70
SU5655,Yakutia,2024-07-22,19:44,198
SU5638,Yakutia,2024-07-08,17:10,180
SU4454,Nordavia,2024-05-14,18:26,212
SU357,Pobeda,2024-07-18,19:26,193
SU8278,Yakutia,2024-03-28,08:34,233
SU4902,Azimuth,2024-12-10,22:09,123
SU2577,Pobeda,2024-01-28,07:26,186
SU978,Yakutia,2024-08-05,12:56,297
SU4690,Aeroflot,2024-08-23,19:05,301
SU2235,Pobeda,2024-07-18,04:41,151
SU6488,UTair,2024-11-04,21:38,169
SU3996,UTair,2024-03-28,19:51,92
SU5688,Red Wings,2024-11-10,14:38,258
SU9993,Pobeda,2024-11-11,06:28,336
SU2730,Red Wings,2024-02-20,05:12,111
SU4021,Aeroflot,2024-05-10,22:17,93
SU4131,Yakutia,2024-06-13,09:39,201
SU1943,Rossiya,2024-08-13,00:55,276
SU9158,Azimuth,2024-12-21,08:04,177
SU6236,Red Wings,2024-09-28,08:25,321
SU7472,UTair,2024-10-15,01:30,219
SU550,Red Wings,2024-08-06,06:34,86
SU9494,UTair,2024-12-17,19:08,330
SU4781,Yakutia,2024-12-14,17:33,156
SU5790,Azimuth,2024-12-06,16:55,262
SU8985,Pobeda,2024-03-19,12:40,79
SU7421,Aeroflot,2024-08-19,21:43,110
SU2810,Aeroflot,2024-07-15,00:22,265
SU4703,Aeroflot,2024-02-09,04:36,225
SU3065,Yakutia,2024-11-22,14:41,88
SU5274,Azimuth,2024-05-07,18:30,272
SU4216,Rossiya,2024-09-15,16:56,109
SU887,Pobeda,2024-03-21,20:38,136
SU2184,Nordavia,2024-08-26,05:07,176
SU5625,Aeroflot,2024-03-10,19:28,69
SU1654,Pobeda,2024-12-09,04:12,110
SU6799,Rossiya,2024-07-24,20:04,257
SU9134,Pobeda,2024-03-27,15:55,261
SU2621,UTair,2024-11-13,17:45,320
SU6938,Yakutia,2024-03-11,15:22,308
SU4385,UTair,2024-12-09,11:20,130
SU2600,Rossiya,2024-04-01,13:14,279
SU4721,Pobeda,2024-02-26,11:05,338
SU2675,Ural Airlines,2024-09-27,02:59,65
SU5045,Pobeda,2024-03-01,22:12,277
SU5795,Ural Airlines,2024-07-05,00:12,227
SU2239,Pobeda,2024-09-21,08:27,177
SU3008,Red Wings,2024-03-19,18:03,254
SU5709,Red Wings,2024-10-19,06:56,240
SU1190,UTair,2024-02-28,15:26,227
SU9594,Aeroflot,2024-07-05,05:13,185
SU5579,Ural Airlines,2024-07-07,13:11,81
SU2170,S7 Airlines,2024-11-10,01:18,237
SU5555,Red Wings,2024-10-13,08:47,119
SU3990,Pobeda,2024-11-14,20:47,67
SU5667,UTair,2024-02-23,16:03,311
SU4701,Aeroflot,2024-10-03,04:03,247
SU9970,Aeroflot,2024-09-04,20:26,185
SU2093,Rossiya,2024-11-08,09:44,179
SU1545,S7 Airlines,2024-01-25,13:55,242
SU7617,Pobeda,2024-05-04,21:28,51
SU111,Nordavia,2024-02-21,11:00,179
SU8968,UTair,2024-02-09,09:59,218
SU4176,Ural Airlines,2024-07-23,12:50,127
SU8067,Nordavia,2024-03-20,06:21,313
SU1636,Pobeda,2024-07-17,20:43,247
SU8063,Ural Airlines,2024-08-08,18:02,258
SU7849,Ural Airlines,2024-01-05,16:11,51
SU2523,Aeroflot,2024-05-12,20:39,97
SU6943,Pobeda,2024-04-22,10:22,110
SU771,Red Wings,2024-01-02,16:59,85
SU8349,Yakutia,2024-09-09,20:12,304
SU954,Azimuth,2024-09-02,17:47,142
SU5623,Yakutia,2024-06-24,03:51,99
SU9716,Azimuth,2024-12-14,05:19,217
SU9110,Nordavia,2024-12-26,12:06,274
SU5056,Ural Airlines,2024-02-24,13:29,141
SU3248,Ural Airlines,2024-02-13,07:11,76
SU2063,Ural Airlines,2024-03-19,21:23,324
SU930,Nordavia,2024-04-09,20:24,290
SU8262,Pobeda,2024-12-02,05:04,208
SU7548,Aeroflot,2024-12-05,12:29,106
SU9176,UTair,2024-11-16,17:51,337
SU8513,UTair,2024-06-13,02:49,190
SU1318,Ural Airlines,2024-02-19,07:34,115
SU5423,S7 Airlines,2024-07-24,20:13,57
SU332,Nordavia,2024-01-04,20:57,94
SU8910,Ural Airlines,2024-06-06,06:23,264
SU3159,Red Wings,2024-09-12,15:16,261
SU4620,Nordavia,2024-09-02,07:41,151
SU2400,Ural Airlines,2024-04-25,08:59,84
SU5841,Nordavia,2024-11-19,11:00,115
SU3582,Pobeda,2024-05-11,06:01,74
SU2187,UTair,2024-04-18,13:51,322
SU3902,S7 Airlines,2024-01-19,10:33,90
SU1581,Aeroflot,2024-02-12,06:58,195
SU2504,Aeroflot,2024-11-22,21:08,214
SU9385,UTair,2024-09-02,15:27,148
SU7658,UTair,2024-10-15,04:50,63
SU1929,Red Wings,2024-03-05,09:50,127
SU7360,Rossiya,2024-02-27,01:21,205
SU5660,Azimuth,2024-10-09,15:17,289
SU4140,Nordavia,2024-07-10,19:12,102
SU1376,Ural Airlines,2024-06-14,14:14,292
SU829,S7 Airlines,2024-12-19,22:47,163
SU989,Aeroflot,2024-03-17,01:44,237
SU4677,Nordavia,2024-02-16,01:21,329
SU7687,Red Wings,2024-09-02,18:30,72
SU2228,Rossiya,2024-05-13,10:11,196
SU3420,Ural Airlines,2024-06-16,00:13,111
SU3208,Azimuth,2024-04-27,16:11,80
SU5818,Aeroflot,2024-11-14,20:54,144
SU4109,Nordavia,2024-05-13,21:00,131
SU7903,Rossiya,2024-02-26,17:57,324
SU3081,Azimuth,2024-12-07,04:03,86
SU5463,Ural Airlines,2024-08-19,23:21,154
SU5640,Yakutia,2024-08-17,12:06,333
SU2020,UTair,2024-01-26,15:29,289
SU4761,S7 Airlines,2024-09-06,18:35,301
SU3983,Nordavia,2024-10-05,08:25,268
SU2189,UTair,2024-01-09,00:30,304
SU4568,Pobeda,2024-10-20,06:04,52
SU5997,Azimuth,2024-09-24,11:20,347
SU3007,S7 Airlines,2024-02-05,08:24,80
SU5849,Rossiya,2024-07-01,15:16,164
SU9739,Red Wings,2024-06-28,07:36,312
SU3934,Yakutia,2024-09-09,19:23,109
SU2909,Rossiya,2024-04-28,23:18,212
SU3994,Nordavia,2024-05-05,09:16,207
SU8784,Aeroflot,2024-01-20,03:44,81
SU4112,Pobeda,2024-09-06,12:48,231
SU7929,Rossiya,2024-03-22,16:40,212
SU1392,Ural Airlines,2024-11-23,12:42,139
SU9375,UTair,2024-05-28,11:54,280
SU3870,Aeroflot,2024-09-02,18:46,79
SU7448,S7 Airlines,2024-06-13,21:40,303
SU2748,Ural Airlines,2024-02-21,09:43,104
SU2431,Yakutia,2024-05-13,19:19,112
SU7475,Ural Airlines,2024-01-16,05:59,88
SU2804,S7 Airlines,2024-12-26,00:22,210
SU408,Nordavia,2024-12-26,06:26,251
SU7812,Red Wings,2024-03-04,11:52,108
SU3989,Ural Airlines,2024-10-12,12:08,304
SU4534,Yakutia,2024-07-05,19:27,82
SU823,Nordavia,2024-08-14,10:56,225
SU9542,UTair,2024-07-25,23:36,132
SU2091,Azimuth,2024-04-16,08:40,273
SU3810,S7 Airlines,2024-08-17,16:28,77
SU3368,UTair,2024-03-14,02:17,63
SU4798,Ural Airlines,2024-02-17,01:56,93
SU4703,S7 Airlines,2024-02-09,16:07,340
SU960,Azimuth,2024-09-04,21:34,159
SU3655,Ural Airlines,2024-12-09,22:02,171
SU2859,UTair,2024-12-03,20:49,265
SU2743,Nordavia,2024-08-19,10:27,290
SU9266,Rossiya,2024-04-25,01:18,54
SU9148,Aeroflot,2024-10-12,15:37,154
SU3889,Aeroflot,2024-09-23,00:22,60
SU7967,Rossiya,2024-03-08,03:52,234
SU4922,S7 Airlines,2024-01-24,01:14,340
SU8117,Azimuth,2024-05-28,12:20,314
SU5228,Azimuth,2024-02-11,17:34,155
SU2083,Red Wings,2024-04-12,18:33,112
SU162,Azimuth,2024-04-01,12:11,64
SU2737,Azimuth,2024-07-16,03:45,135
SU6074,UTair,2024-10-07,12:46,187
SU8348,Red Wings,2024-03-14,10:57,96
SU7725,Red Wings,2024-01-26,11:29,56
SU1286,Rossiya,2024-02-22,10:37,279
SU4128,Rossiya,2024-09-21,19:42,188
SU1008,S7 Airlines,2024-02-22,23:49,137
SU2139,UTair,2024-09-14,22:50,181
SU2957,Aeroflot,2024-03-03,08:31,276
SU2328,Pobeda,2024-06-17,09:17,215
SU969,Rossiya,2024-07-25,16:31,110
SU6688,Yakutia,2024-02-20,20:25,218
SU1629,UTair,2024-11-24,03:06,236
SU3050,Red Wings,2024-01-18,17:07,228
SU7483,Ural Airlines,2024-07-13,09:18,313
SU170,Azimuth,2024-04-20,05:35,269
SU7243,Yakutia,2024-10-01,20:18,222
SU9834,Red Wings,2024-02-14,09:33,129
SU4717,Aeroflot,2024-12-07,12:28,63
SU2502,Red Wings,2024-01-23,17:50,225
SU9314,Nordavia,2024-01-03,21:02,302
SU3633,Aeroflot,2024-07-25,18:33,313
SU9611,Azimuth,2024-05-03,03:41,289
SU9947,Nordavia,2024-07-04,14:22,268
SU3719,Red Wings,2024-11-17,08:41,328
SU7416,Ural Airlines,2024-04-21,20:08,69
SU5835,Ural Airlines,2024-10-03,07:38,284
SU2269,Red Wings,2024-08-01,01:28,305
SU7455,Yakutia,2024-05-05,01:13,228
SU4991,Yakutia,2024-12-18,03:02,248
SU9387,Rossiya,2024-03-21,14:55,52
SU6730,Aeroflot,2024-08-01,18:59,209
SU5885,Pobeda,2024-09-16,22:44,163
SU7521,Rossiya,2024-07-03,13:36,170
SU2457,Ural Airlines,2024-08-12,07:40,73
SU8744,Rossiya,2024-02-16,10:45,54
SU9212,Ural Airlines,2024-06-27,21:15,189
SU2046,Aeroflot,2024-04-23,08:43,173
SU941,Rossiya,2024-06-11,06:53,334
SU5809,Azimuth,2024-08-24,06:15,252
SU4453,Red Wings,2024-10-27,08:55,120
SU6629,Pobeda,2024-06-15,13:15,275
SU6234,Azimuth,2024-07-18,13:34,106
SU5362,Yakutia,2024-06-01,09:09,255
SU3639,Red Wings,2024-05-13,09:55,192
SU3854,UTair,2024-02-05,03:15,199
SU6039,S7 Airlines,2024-07-19,18:44,118
SU4935,Ural Airlines,2024-02-07,15:48,148
SU9583,Nordavia,2024-05-21,16:09,96
SU5178,Ural Airlines,2024-10-20,08:36,167
SU6755,Red Wings,2024-11-28,17:14,214
SU9187,Aeroflot,2024-10-15,08:45,60
SU8897,Red Wings,2024-09-25,10:42,155
SU5633,Ural Airlines,2024-12-26,21:50,329
SU5579,Aeroflot,2024-01-17,06:32,132
SU443,Pobeda,2024-03-12,12:40,284
SU9078,S7 Airlines,2024-05-15,07:06,109
SU1815,Ural Airlines,2024-08-12,14:07,50
SU4588,Yakutia,2024-09-05,22:06,153
SU2192,Red Wings,2024-07-10,05:41,50
SU9245,Nordavia,2024-12-23,00:54,111
SU530,Aeroflot,2024-01-23,23:28,104
SU1501,Rossiya,2024-02-27,03:20,99
SU9237,Red Wings,2024-12-12,01:02,279
SU2167,Rossiya,2024-05-13,14:07,81
SU1738,S7 Airlines,2024-08-12,15:12,162
SU4706,Rossiya,2024-05-08,00:42,135
SU1578,S7 Airlines,2024-11-08,15:14,152
SU9427,Rossiya,2024-10-20,08:22,315
SU484,Yakutia,2024-05-09,14:11,131
SU4745,Yakutia,2024-01-17,07:56,240
SU5468,Azimuth,2024-02-09,13:21,230
SU1750,Yakutia,2024-05-09,11:01,144
SU2175,Azimuth,2024-10-01,22:21,310
SU2334,Rossiya,2024-08-01,02:49,190
SU7678,Nordavia,2024-03-12,07:44,126
SU7663,S7 Airlines,2024-11-25,19:01,179
SU1854,Red Wings,2024-02-11,10:20,221
SU4914,UTair,2024-05-05,19:28,160
SU5141,Aeroflot,2024-06-20,19:26,249
SU5152,UTair,2024-07-15,20:19,94
SU4166,Aeroflot,2024-01-03,12:34,98
SU6607,Pobeda,2024-08-19,06:58,317
SU2992,Rossiya,2024-10-20,10:52,161
SU8937,Aeroflot,2024-08-06,19:43,103
SU6882,Aeroflot,2024-04-05,01:59,227
SU5811,Ural Airlines,2024-09-06,01:15,328
SU8158,Pobeda,2024-08-03,19:29,320
SU9353,Yakutia,2024-06-28,09:18,262
SU641,UTair,2024-01-21,10:55,59
SU4144,Rossiya,2024-06-03,23:46,172
SU6295,Nordavia,2024-02-18,06:29,58
SU8653,Rossiya,2024-05-19,00:06,77
SU409,Nordavia,2024-06-24,17:49,146
SU1263,Red Wings,2024-06-01,17:58,121
SU5366,Ural Airlines,2024-03-02,11:43,265
SU5897,UTair,2024-11-02,12:50,106
SU7916,UTair,2024-03-11,15:04,229
SU181,Yakutia,2024-07-02,15:56,215
SU3725,Nordavia,2024-03-04,06:48,130
SU8732,Rossiya,2024-11-06,23:08,345
SU5850,Aeroflot,2024-06-07,03:52,259
SU2498,Rossiya,2024-10-12,21:59,112
SU9334,Nordavia,2024-02-20,16:52,178
SU8648,Aeroflot,2024-11-04,12:35,320
SU8978,UTair,2024-07-23,09:40,142
SU7937,Rossiya,2024-01-14,11:56,140
SU3113,Nordavia,2024-02-22,13:19,345
SU2349,Nordavia,2024-02-06,09:22,163
SU2226,Ural Airlines,2024-02-06,07:35,327
SU2438,Ural Airlines,2024-01-28,10:09,295
SU9733,S7 Airlines,2024-07-14,04:20,58
SU8003,UTair,2024-04-03,19:40,76
SU6678,Yakutia,2024-10-08,02:07,265
SU9788,Azimuth,2024-06-17,05:56,71
SU2664,Rossiya,2024-03-21,21:04,304
SU3569,Nordavia,2024-04-02,11:16,252
SU242,Ural Airlines,2024-12-06,15:50,85
SU2396,UTair,2024-08-13,16:56,166
SU387,Rossiya,2024-05-27,14:44,320
SU3263,Nordavia,2024-10-20,22:20,196
SU4649,Nordavia,2024-05-24,10:35,350
SU8684,Ural Airlines,2024-10-02,20:55,185
SU5560,Pobeda,2024-05-06,02:47,349
SU501,Pobeda,2024-04-15,01:13,80
SU5072,S7 Airlines,2024-04-07,00:59,348
SU695,Red Wings,2024-11-04,14:05,217
SU5491,Azimuth,2024-06-04,13:06,103
SU7378,Rossiya,2024-04-21,17:53,236
SU8098,Azimuth,2024-02-21,16:29,299
SU6808,Rossiya,2024-07-07,01:52,244
SU7796,Yakutia,2024-04-01,18:48,286
SU6260,Pobeda,2024-10-22,00:18,295
SU6578,Rossiya,2024-08-14,00:41,229
SU5334,Red Wings,2024-11-21,21:58,305
SU5123,Azimuth,2024-03-10,23:42,197
SU9243,Aeroflot,2024-07-14,10:35,203
SU8721,Yakutia,2024-10-22,05:05,198
SU3104,S7 Airlines,2024-01-25,15:50,322
SU2835,Ural Airlines,2024-04-12,11:34,165
SU8586,UTair,2024-02-08,14:57,342
SU6931,Nordavia,2024-08-23,17:58,203
SU2229,Red Wings,2024-03-08,17:53,260
SU2118,Pobeda,2024-12-05,10:42,115
SU5368,Azimuth,2024-06-04,02:35,106
SU5415,S7 Airlines,2024-07-23,04:57,151
SU4151,UTair,2024-01-23,17:48,240
SU3562,Yakutia,2024-06-03,06:05,97
SU8118,Aeroflot,2024-11-09,21:37,331
SU921,UTair,2024-09-16,23:21,169
SU1120,Yakutia,2024-02-04,23:01,129
SU4932,Rossiya,2024-11-23,15:51,237
SU5603,Ural Airlines,2024-06-12,19:24,205
SU2148,S7 Airlines,2024-11-18,03:49,216
SU248,Rossiya,2024-11-16,18:15,294
SU283,Rossiya,2024-06-27,19:46,227
SU9633,Pobeda,2024-12-25,09:00,57
SU8306,Yakutia,2024-12-25,17:11,285
SU6579,Yakutia,2024-02-09,09:31,206
SU4229,Red Wings,2024-01-27,16:29,310
SU1356,Red Wings,2024-11-25,21:15,121
SU4797,S7 Airlines,2024-06-20,22:38,312
SU9734,Red Wings,2024-06-16,00:09,94
SU285,Nordavia,2024-11-10,06:21,97
SU9471,Aeroflot,2024-09-09,06:52,122
SU2896,Ural Airlines,2024-02-20,15:34,154
SU7391,Ural Airlines,2024-04-27,04:34,140
SU7689,UTair,2024-07-17,01:01,219
SU6594,Ural Airlines,2024-02-01,04:17,230
SU4997,UTair,2024-02-10,13:19,224
SU6478,Red Wings,2024-04-09,09:47,233
SU5476,Azimuth,2024-02-17,01:24,262
SU1691,Red Wings,2024-05-08,06:14,232
SU2777,Aeroflot,2024-01-07,21:13,164
SU7304,Nordavia,2024-04-21,07:44,133
SU2810,Rossiya,2024-10-27,02:41,50
SU7693,Pobeda,2024-05-27,04:56,119
SU6096,S7 Airlines,2024-04-07,21:31,196
SU1725,Rossiya,2024-09-09,11:40,305
SU8211,Aeroflot,2024-12-17,08:05,145
SU1139,Pobeda,2024-07-03,02:57,67
SU4816,Azimuth,2024-04-08,06:56,172
SU1010,S7 Airlines,2024-08-09,19:18,88
SU7435,S7 Airlines,2024-11-22,07:53,76
SU2016,Ural Airlines,2024-07-25,14:51,107
SU2660,Yakutia,2024-01-11,12:40,138
SU7437,S7 Airlines,2024-12-01,08:29,234
SU3319,Aeroflot,2024-01-15,15:18,134
SU4903,UTair,2024-11-09,04:04,236
SU5144,Rossiya,2024-06-14,14:17,84
SU4705,Aeroflot,2024-01-04,01:45,282
SU8362,S7 Airlines,2024-05-19,12:15,163
SU7623,Ural Airlines,2024-10-09,08:07,301
SU284,Red Wings,2024-12-24,00:29,130
SU2232,S7 Airlines,2024-05-17,11:52,122
SU7351,Aeroflot,2024-08-24,14:54,248
SU5152,Rossiya,2024-08-27,14:48,121
SU1897,Pobeda,2024-12-10,23:38,105
SU9306,Ural Airlines,2024-12-09,15:13,225
SU8708,Yakutia,2024-09-18,10:40,282
SU4397,Pobeda,2024-02-08,03:02,138
SU2368,Azimuth,2024-05-25,21:22,324
SU9492,Pobeda,2024-01-22,14:27,207
SU4910,Azimuth,2024-02-03,02:12,92
SU9417,Azimuth,2024-10-27,18:11,54
SU8930,S7 Airlines,2024-12-20,08:09,140
SU2171,Pobeda,2024-06-24,17:34,236
SU5521,Aeroflot,2024-05-21,11:32,202
SU2743,Red Wings,2024-04-20,20:10,99
SU9817,Ural Airlines,2024-12-23,03:35,189
SU7362,Ural Airlines,2024-09-28,03:36,105
SU3103,Ural Airlines,2024-11-16,11:49,271
SU5484,S7 Airlines,2024-11-18,23:39,233
SU3803,Yakutia,2024-12-09,13:16,241
SU361,Red Wings,2024-03-09,08:30,252
SU8656,Azimuth,2024-05-07,05:31,253
SU4502,Nordavia,2024-01-11,00:04,194
SU355,UTair,2024-04-06,09:56,341
SU6435,Ural Airlines,2024-09-17,23:52,54
SU856,Nordavia,2024-04-23,17:28,133
SU4846,Nordavia,2024-10-14,21:16,155
SU9806,Rossiya,2024-04-21,02:59,271
SU9062,S7 Airlines,2024-04-25,14:08,232
SU8531,Rossiya,2024-03-06,06:44,84
SU9227,Red Wings,2024-02-22,16:28,146
SU1586,S7 Airlines,2024-11-15,22:00,280
SU8236,Ural Airlines,2024-11-27,17:27,62
SU729,S7 Airlines,2024-03-11,12:56,242
SU4143,Red Wings,2024-07-05,15:46,106
SU4929,Aeroflot,2024-05-08,23:29,164
SU5082,Nordavia,2024-02-08,02:13,158
SU7324,Rossiya,2024-04-27,04:49,182
SU5498,S7 Airlines,2024-06-13,22:40,134
SU6031,Pobeda,2024-04-21,02:17,151
SU3750,Rossiya,2024-06-05,17:30,112
SU4647,Red Wings,2024-08-11,17:03,276
SU6055,Azimuth,2024-07-07,05:37,86
SU5976,Pobeda,2024-04-13,22:11,264
SU3271,Aeroflot,2024-01-27,22:16,102
SU2394,S7 Airlines,2024-12-27,04:37,343
SU6566,Nordavia,2024-03-16,19:13,263
SU3897,Nordavia,2024-04-26,14:41,231
SU2511,Azimuth,2024-05-05,00:56,118
SU5936,Aeroflot,2024-11-27,14:36,171
SU3130,Pobeda,2024-03-17,14:21,188
SU4990,Rossiya,2024-01-06,17:46,238
SU6918,Ural Airlines,2024-04-22,09:54,75
SU2407,Ural Airlines,2024-04-20,01:24,158
SU4065,Yakutia,2024-11-11,09:41,295
SU9929,Yakutia,2024-07-26,05:14,316
SU6755,Rossiya,2024-03-11,06:58,273
SU7403,Nordavia,2024-11-06,21:14,246
SU2054,UTair,2024-01-05,11:00,181
SU7446,Rossiya,2024-09-25,06:54,80
SU3143,Azimuth,2024-02-16,10:20,99
SU6161,Pobeda,2024-11-22,00:32,306
SU5326,Azimuth,2024-03-03,16:07,183
SU4785,Rossiya,2024-06-24,08:30,346
SU9729,Yakutia,2024-04-19,17:24,192
SU5835,Rossiya,2024-10-04,16:40,346
SU9111,Azimuth,2024-05-10,09:15,66
SU9278,UTair,2024-06-21,21:04,209
SU2942,Red Wings,2024-09-27,03:28,94
SU9403,Rossiya,2024-08-17,05:29,256
SU6529,Yakutia,2024-02-17,05:21,253
SU3801,Red Wings,2024-12-05,20:22,349
SU2475,Azimuth,2024-03-22,13:38,166
SU4566,Aeroflot,2024-05-06,18:08,214
SU1545,Pobeda,2024-04-24,01:43,231
SU4676,Nordavia,2024-08-02,12:39,258
SU8130,Ural Airlines,2024-09-24,11:18,268
SU5670,Rossiya,2024-10-17,22:15,142
SU2099,Pobeda,2024-12-18,13:38,198
SU8622,S7 Airlines,2024-12-17,16:46,141
SU3703,Red Wings,2024-06-18,22:13,51
SU2872,Red Wings,2024-12-25,01:55,192
SU1632,Yakutia,2024-09-28,09:12,118
SU5983,Nordavia,2024-03-18,03:48,58
SU6620,Azimuth,2024-10-20,22:52,56
SU1874,Ural Airlines,2024-01-22,08:30,344
SU998,Rossiya,2024-03-02,10:19,94
SU2644,Yakutia,2024-07-26,05:30,185
SU5985,S7 Airlines,2024-02-26,14:15,104
SU2549,Nordavia,2024-05-12,14:16,316
SU2536,Rossiya,2024-09-03,02:45,76
SU3743,Azimuth,2024-07-23,09:41,256
SU9414,Azimuth,2024-04-17,04:32,124
SU527,Red Wings,2024-07-09,23:57,230
SU3034,Azimuth,2024-01-08,17:56,70
SU6949,S7 Airlines,2024-09-26,17:32,55
SU3442,Yakutia,2024-08-20,14:40,124
SU1821,Yakutia,2024-03-10,05:11,135
SU2736,Azimuth,2024-05-07,21:26,347
SU2168,Red Wings,2024-04-28,11:49,286
SU7853,Ural Airlines,2024-05-27,05:56,75
SU925,Rossiya,2024-02-11,09:04,271
SU3467,Pobeda,2024-12-18,16:07,109
SU5407,Yakutia,2024-01-02,00:41,264
SU1036,Yakutia,2024-02-03,22:34,144
SU8235,UTair,2024-05-26,23:50,308
SU9998,Azimuth,2024-10-24,14:30,55
SU169,Aeroflot,2024-10-13,03:57,78
SU4935,Yakutia,2024-10-11,10:55,256
SU4073,Red Wings,2024-03-02,16:10,197
SU2448,S7 Airlines,2024-10-10,14:23,192
SU5902,Azimuth,2024-01-26,16:10,230
SU7172,Red Wings,2024-03-25,20:20,183
SU374,Ural Airlines,2024-01-16,10:15,155
SU1090,Ural Airlines,2024-05-11,15:39,166
SU7690,Yakutia,2024-01-26,17:35,238
SU7090,Ural Airlines,2024-04-25,06:22,182
SU9331,Nordavia,2024-05-21,08:22,192
SU247,Aeroflot,2024-11-15,12:45,280
SU7608,Nordavia,2024-09-05,06:44,145
SU3770,Azimuth,2024-06-26,11:21,221
SU2094,Rossiya,2024-10-05,00:32,184
SU3185,Azimuth,2024-08-21,16:03,337
SU7503,Rossiya,2024-01-26,01:07,98
SU7181,Red Wings,2024-02-20,14:31,126
SU9337,Rossiya,2024-03-19,15:55,92
SU5639,Nordavia,2024-11-05,23:54,170
SU8462,Yakutia,2024-02-11,12:59,149
SU2956,Aeroflot,2024-10-06,05:01,96
SU788,Ural Airlines,2024-03-22,10:26,172
SU7375,Azimuth,2024-10-01,15:35,71
SU4682,UTair,2024-01-18,05:35,78
SU2844,UTair,2024-03-23,22:15,203
SU1719,Aeroflot,2024-09-18,16:46,129
SU6858,UTair,2024-10-24,00:35,108
SU1010,S7 Airlines,2024-07-16,03:45,83
SU763,Red Wings,2024-07-03,03:52,74
SU3221,Ural Airlines,2024-02-02,03:50,215
SU160,Rossiya,2024-01-28,08:10,312
SU295,UTair,2024-02-07,00:03,139
SU7279,Yakutia,2024-08-16,20:47,246
SU8601,Rossiya,2024-08-09,05:46,246
SU421,Azimuth,2024-01-10,18:09,132
SU3731,Rossiya,2024-04-26,00:37,242
SU3816,Rossiya,2024-02-19,08:49,112
SU1484,Ural Airlines,2024-06-16,11:59,158
SU6431,S7 Airlines,2024-06-20,19:56,206
SU8811,Azimuth,2024-07-07,20:57,230
SU1020,Red Wings,2024-05-07,09:39,295
SU4323,S7 Airlines,2024-08-04,17:25,307
SU5003,Nordavia,2024-05-22,20:40,121
SU3960,Nordavia,2024-05-20,15:10,126
SU6355,Pobeda,2024-08-13,12:44,327
SU8562,Ural Airlines,2024-11-07,04:13,234
SU4595,Yakutia,2024-12-06,08:32,123
SU3399,Rossiya,2024-10-22,01:47,186
SU9875,Rossiya,2024-03-14,21:07,138
SU7392,Red Wings,2024-02-10,12:42,136
SU9099,S7 Airlines,2024-05-27,08:48,240
SU1901,S7 Airlines,2024-01-24,06:44,111
SU4939,UTair,2024-09-14,09:41,78
SU190,Rossiya,2024-02-02,04:16,149
SU134,Rossiya,2024-11-28,09:22,82
SU6821,Yakutia,2024-08-09,09:48,226
SU309,UTair,2024-11-23,05:06,220
SU1010,UTair,2024-05-04,19:12,259
SU5111,Azimuth,2024-10-10,10:53,227
SU5648,UTair,2024-02-19,14:11,102
SU8360,Nordavia,2024-02-15,04:26,275
SU717,Yakutia,2024-07-03,18:50,213
SU5927,S7 Airlines,2024-12-28,09:06,257
SU2515,UTair,2024-11-03,16:31,181
SU2989,Rossiya,2024-12-12,15:04,280
SU4222,UTair,2024-10-17,17:28,110
SU3122,Rossiya,2024-06-23,19:44,180
SU5837,Yakutia,2024-08-11,08:14,187
SU8236,UTair,2024-04-28,23:35,185
SU7990,Aeroflot,2024-12-05,02:22,175
SU731,Red Wings,2024-07-06,10:40,221
SU8237,Yakutia,2024-09-03,01:46,218
SU1055,Yakutia,2024-08-02,05:57,330
SU4556,Nordavia,2024-10-21,15:51,62
SU4438,Ural Airlines,2024-11-26,20:44,87
SU8330,UTair,2024-12-21,09:29,126
SU9953,Pobeda,2024-10-18,10:36,137
SU8270,UTair,2024-12-04,01:12,335
SU4857,Azimuth,2024-07-17,09:53,314
SU7493,Yakutia,2024-06-14,21:48,60
SU2306,Azimuth,2024-06-08,11:39,293
SU5524,UTair,2024-09-01,17:16,274
SU1182,Pobeda,2024-08-08,01:06,139
SU4973,S7 Airlines,2024-07-16,15:44,96
SU4814,Pobeda,2024-06-14,21:26,168
SU2285,Pobeda,2024-09-17,04:09,164
SU6962,Aeroflot,2024-11-19,13:41,157
SU8187,Rossiya,2024-01-17,17:14,50
SU6475,UTair,2024-06-28,14:00,199
SU1768,Ural Airlines,2024-03-22,06:17,114
SU7424,Rossiya,2024-09-16,17:03,81
SU670,Aeroflot,2024-09-21,08:45,205
SU1248,Aeroflot,2024-11-17,08:08,96
SU192,Red Wings,2024-12-02,15:27,113
SU9265,Ural Airlines,2024-02-12,06:20,300
SU8770,Rossiya,2024-02-10,19:34,114
SU9775,Ural Airlines,2024-10-21,16:37,295
SU8943,Aeroflot,2024-04-27,01:52,74
SU5659,Yakutia,2024-08-16,09:23,283
SU8689,UTair,2024-03-21,10:59,350
SU9319,Aeroflot,2024-10-10,17:55,169
SU5747,Azimuth,2024-12-08,11:00,120
SU8633,Azimuth,2024-12-06,07:46,336
SU4510,S7 Airlines,2024-12-26,23:07,277
SU2250,Red Wings,2024-12-02,12:00,269
SU8785,Azimuth,2024-04-13,16:41,343
SU830,Ural Airlines,2024-06-21,03:46,212
SU739,Aeroflot,2024-10-22,14:43,215
SU6649,Pobeda,2024-03-14,15:11,183
SU3470,Nordavia,2024-12-06,11:56,345
SU7608,Yakutia,2024-04-04,13:20,198
SU3181,Aeroflot,2024-12-01,21:39,315
SU3654,Azimuth,2024-12-08,13:26,125
SU4947,Nordavia,2024-10-25,10:44,350
SU5016,Ural Airlines,2024-05-06,07:34,177
SU2844,Yakutia,2024-11-09,22:05,118
SU3115,S7 Airlines,2024-11-05,05:37,71
SU3921,Ural Airlines,2024-02-10,20:29,53
SU8974,Ural Airlines,2024-12-15,02:07,246
SU2917,Pobeda,2024-09-02,10:47,142
SU5466,Azimuth,2024-11-11,04:07,178
SU7107,S7 Airlines,2024-12-25,00:08,259
SU1650,Aeroflot,2024-10-05,08:30,180
SU970,Ural Airlines,2024-07-11,06:40,184
SU1834,Ural Airlines,2024-04-26,17:17,229
SU9667,Ural Airlines,2024-05-20,11:24,229
SU6498,Aeroflot,2024-08-21,01:09,166
SU5522,Yakutia,2024-02-14,15:49,289
SU4651,UTair,2024-02-04,09:52,145
SU9475,Pobeda,2024-08-12,03:05,186
SU8584,Aeroflot,2024-03-14,19:25,227
SU627,Aeroflot,2024-09-12,00:22,209
SU3213,Ural Airlines,2024-01-13,12:32,301
SU1905,Azimuth,2024-01-13,07:01,285
SU9538,Yakutia,2024-08-02,18:56,283
SU3939,UTair,2024-02-19,04:14,206
SU2093,Azimuth,2024-04-12,23:23,300
SU3475,S7 Airlines,2024-08-17,07:31,215
SU2589,UTair,2024-03-25,20:56,73
SU8589,UTair,2024-12-20,13:50,199
SU602,Aeroflot,2024-09-17,07:38,121
SU1502,UTair,2024-03-14,18:43,202
SU183,S7 Airlines,2024-08-18,02:48,130
SU7988,UTair,2024-02-27,16:54,283
SU8758,Pobeda,2024-10-08,17:04,338
SU358,Azimuth,2024-10-20,21:30,156
SU5216,Ural Airlines,2024-01-19,05:51,61
SU5194,UTair,2024-05-06,05:23,257
SU3850,UTair,2024-10-07,14:56,223
SU5805,Azimuth,2024-04-16,05:52,276
SU283,Nordavia,2024-05-03,22:38,287
SU5498,Aeroflot,2024-08-05,06:10,133
SU6126,UTair,2024-01-12,14:36,60
SU3944,Azimuth,2024-10-23,11:13,116
SU3573,S7 Airlines,2024-05-07,01:38,61
SU1161,S7 Airlines,2024-11-01,21:38,229
SU8435,Nordavia,2024-06-03,09:29,153
SU7702,Rossiya,2024-11-27,17:49,181
SU2264,Nordavia,2024-03-25,23:18,269
SU414,Azimuth,2024-03-06,12:33,259
SU9126,Pobeda,2024-02-18,22:03,336
SU8032,S7 Airlines,2024-03-13,15:35,335
SU4793,Pobeda,2024-05-22,12:06,136
SU7874,UTair,2024-08-15,07:20,271
SU3888,Azimuth,2024-03-02,17:09,70
SU3728,S7 Airlines,2024-02-17,10:47,132
SU4317,Yakutia,2024-01-12,17:36,338
SU7472,Red Wings,2024-06-27,11:52,179
SU757,Aeroflot,2024-06-22,14:56,248
SU4896,Pobeda,2024-11-13,01:58,167
SU8644,Azimuth,2024-02-11,10:30,53
SU8298,Ural Airlines,2024-08-15,17:17,226
SU2055,Aeroflot,2024-06-02,06:11,175
SU477,Nordavia,2024-04-15,08:13,246
SU9877,S7 Airlines,2024-10-25,16:56,100
SU6187,Pobeda,2024-04-08,23:52,122
SU5383,UTair,2024-03-05,09:42,205
SU4678,Yakutia,2024-04-27,14:58,257
SU6865,Aeroflot,2024-11-12,07:18,166
SU3906,Yakutia,2024-09-08,06:24,346
SU5123,Yakutia,2024-04-23,00:46,227
SU3037,Ural Airlines,2024-08-18,04:32,185
SU2937,S7 Airlines,2024-05-08,18:12,56
SU7500,Nordavia,2024-04-10,10:58,127
SU5025,Rossiya,2024-11-13,12:41,119
SU3735,Nordavia,2024-06-04,21:35,145
SU5943,Yakutia,2024-01-28,04:48,55
SU1561,Aeroflot,2024-08-21,01:32,180
SU1246,Azimuth,2024-01-15,06:15,131
SU1235,Pobeda,2024-05-01,02:57,140
SU2504,Red Wings,2024-03-01,08:58,348
SU7890,S7 Airlines,2024-02-26,15:51,200
SU3041,Yakutia,2024-06-23,02:58,346
SU5218,Nordavia,2024-12-07,10:22,114
SU4830,Ural Airlines,2024-11-21,14:06,280
SU316,Pobeda,2024-01-11,07:09,311
SU4605,Ural Airlines,2024-08-17,20:26,335
SU9746,Ural Airlines,2024-06-03,17:35,220
SU4588,UTair,2024-06-23,05:21,220
SU2574,Red Wings,2024-10-04,10:43,216
SU185,Red Wings,2024-08-09,11:59,79
SU4633,Nordavia,2024-09-15,19:54,210
SU730,Ural Airlines,2024-01-14,13:37,284
SU6495,Yakutia,2024-09-05,22:40,258
SU8994,S7 Airlines,2024-09-24,10:28,290
SU7612,Nordavia,2024-10-28,08:37,339
SU7421,Pobeda,2024-08-09,01:44,345
SU5050,Pobeda,2024-01-24,11:33,89
SU2351,UTair,2024-05-24,02:46,53
SU4162,Ural Airlines,2024-10-14,09:19,289
SU4403,UTair,2024-10-10,10:43,292
SU9406,Azimuth,2024-07-07,02:13,103
SU920,Aeroflot,2024-08-18,12:04,81
SU1546,Yakutia,2024-05-08,12:38,223
SU7714,Ural Airlines,2024-03-11,10:50,303
SU9168,UTair,2024-04-04,10:19,149
SU3068,S7 Airlines,2024-03-22,12:47,236
SU5605,Azimuth,2024-03-02,03:31,101
SU4810,Rossiya,2024-12-09,20:47,234
SU9303,Rossiya,2024-06-08,20:36,90
SU5265,Pobeda,2024-08-02,07:16,73
SU8957,Aeroflot,2024-06-01,23:19,205
SU1333,Aeroflot,2024-08-24,00:55,261
SU5742,Aeroflot,2024-08-03,03:13,327
SU8230,S7 Airlines,2024-06-04,16:09,70
SU6351,UTair,2024-08-11,07:24,58
SU5349,Nordavia,2024-05-05,05:11,120
SU1544,Rossiya,2024-03-09,01:31,153
SU7194,S7 Airlines,2024-03-23,21:42,128
SU458,Red Wings,2024-01-13,07:12,190
SU9779,Aeroflot,2024-05-19,21:54,181
SU9854,Yakutia,2024-07-23,07:11,179
SU2128,UTair,2024-10-20,11:02,233
SU2169,Nordavia,2024-07-22,13:21,147
SU7059,Ural Airlines,2024-11-09,19:33,112
SU7979,Aeroflot,2024-11-17,06:30,255
SU6342,Aeroflot,2024-05-05,03:08,321
SU3586,Azimuth,2024-03-19,08:55,267
SU5126,Azimuth,2024-02-07,04:26,221
SU9693,Pobeda,2024-05-02,01:28,233
SU9744,Nordavia,2024-07-14,08:38,106
SU351,Yakutia,2024-05-09,15:35,173
SU3821,Nordavia,2024-03-18,03:05,99
SU7178,Red Wings,2024-06-25,04:28,173
SU414,Ural Airlines,2024-09-14,08:11,313
SU9047,UTair,2024-10-25,16:33,202
SU2345,Ural Airlines,2024-08-16,07:34,322
SU7753,UTair,2024-03-09,04:21,113
SU9089,Ural Airlines,2024-12-18,20:06,73
SU9997,Rossiya,2024-10-23,12:48,54
SU7011,Rossiya,2024-06-20,03:04,340
SU2708,Azimuth,2024-11-18,04:25,99
SU5330,Ural Airlines,2024-01-08,14:28,281
SU8645,S7 Airlines,2024-05-23,17:37,134
SU3696,Azimuth,2024-06-12,23:09,59
SU4399,Ural Airlines,2024-04-14,11:25,235
SU5980,Red Wings,2024-09-08,10:08,152
SU7699,Rossiya,2024-06-06,06:17,252
SU9877,Aeroflot,2024-07-18,08:46,271
SU3395,S7 Airlines,2024-07-21,16:26,275
SU6545,UTair,2024-02-07,03:16,346
SU9057,Ural Airlines,2024-07-02,00:18,271
SU2051,S7 Airlines,2024-08-02,15:02,331
SU206,Aeroflot,2024-08-18,12:43,329
SU1911,UTair,2024-01-17,07:04,304
SU6070,Red Wings,2024-08-25,22:52,120
SU2584,S7 Airlines,2024-05-07,18:17,239
SU732,Red Wings,2024-12-18,08:29,325
SU3787,Yakutia,2024-04-20,02:15,234
SU7379,Aeroflot,2024-05-04,18:57,320
SU2024,Pobeda,2024-04-21,02:53,213
SU3544,S7 Airlines,2024-02-16,07:58,61
SU732,Nordavia,2024-03-18,14:26,280
SU9163,Aeroflot,2024-07-20,20:49,319
SU2762,S7 Airlines,2024-12-21,18:30,71
SU8071,Nordavia,2024-04-19,17:26,117
SU2831,Yakutia,2024-06-13,09:08,305
SU7027,UTair,2024-01-23,14:07,325
SU4486,S7 Airlines,2024-12-27,21:15,281
SU1013,Red Wings,2024-07-05,14:24,222
SU8711,Aeroflot,2024-11-06,06:56,264
SU1508,Yakutia,2024-12-20,22:10,82
SU5446,Pobeda,2024-11-14,03:19,68
SU1216,Yakutia,2024-08-17,21:10,67
SU9621,Yakutia,2024-09-15,20:43,145
SU3833,Red Wings,2024-11-15,02:43,168
SU442,Rossiya,2024-03-23,15:14,343
SU6202,Rossiya,2024-03-07,23:43,210
SU2357,Red Wings,2024-06-10,15:09,63
SU8998,S7 Airlines,2024-11-09,05:32,190
SU4368,Red Wings,2024-03-11,02:32,311
SU7469,UTair,2024-03-11,14:46,198
SU7132,Red Wings,2024-05-16,06:23,296
SU7492,Ural Airlines,2024-11-15,22:24,61
SU7763,Yakutia,2024-12-14,00:39,274
SU5564,Ural Airlines,2024-11-09,01:28,338
SU8883,Ural Airlines,2024-07-01,13:13,282
SU5817,Aeroflot,2024-02-27,21:56,132
SU206,S7 Airlines,2024-12-03,21:04,246
SU9568,Red Wings,2024-07-17,08:52,309
SU9950,Pobeda,2024-09-21,07:07,135
SU632,Yakutia,2024-10-17,23:21,228
SU2095,Yakutia,2024-08-14,09:44,213
SU7329,Red Wings,2024-03-07,05:49,341
SU4616,S7 Airlines,2024-09-09,00:43,155
SU7572,Ural Airlines,2024-11-24,19:40,256
SU5337,Aeroflot,2024-05-10,20:40,200
SU833,UTair,2024-09-20,03:56,288
SU953,Azimuth,2024-12-02,23:35,278
SU7647,Ural Airlines,2024-05-15,06:42,120
SU1996,Pobeda,2024-05-04,05:18,84
SU9463,S7 Airlines,2024-01-24,02:16,224
SU7572,Nordavia,2024-04-03,21:38,218
SU3468,S7 Airlines,2024-06-13,23:40,84
SU1417,Rossiya,2024-10-10,04:33,108
SU7798,Rossiya,2024-03-06,10:29,293
SU847,Rossiya,2024-11-20,08:55,196
SU9217,Nordavia,2024-06-05,07:38,99
SU9864,Yakutia,2024-08-17,00:30,170
SU5608,Red Wings,2024-02-01,12:35,190
SU1795,Azimuth,2024-11-24,21:36,249
SU3177,Aeroflot,2024-04-28,07:14,181
SU3122,Rossiya,2024-08-27,02:47,239
SU6293,Yakutia,2024-02-16,02:57,160
SU910,Rossiya,2024-04-15,05:20,239
SU2309,Red Wings,2024-02-11,06:26,283
SU3474,Pobeda,2024-04-28,09:46,167
SU8262,Ural Airlines,2024-08-14,03:41,205
SU5458,Azimuth,2024-02-13,15:45,310
SU9778,Nordavia,2024-05-28,14:42,263
SU8319,Red Wings,2024-11-07,22:07,228
SU1610,S7 Airlines,2024-11-01,02:16,85
SU3896,S7 Airlines,2024-05-06,04:15,227
SU176,Pobeda,2024-07-24,08:00,310
SU6694,Pobeda,2024-04-23,06:34,221
SU2130,Yakutia,2024-05-01,01:55,297
SU8632,Red Wings,2024-07-22,09:05,102
SU761,Azimuth,2024-02-23,15:04,212
SU3135,Ural Airlines,2024-04-16,13:50,190
SU6603,Aeroflot,2024-06-20,23:31,160
SU9696,Rossiya,2024-04-12,09:13,339
SU2409,Rossiya,2024-05-19,21:16,62
SU4744,Ural Airlines,2024-07-17,09:20,266
SU2051,Pobeda,2024-06-11,20:14,216
SU9668,Ural Airlines,2024-11-08,21:38,65
SU5763,Azimuth,2024-04-11,09:10,177
SU3411,Rossiya,2024-07-24,04:00,224
SU1679,Azimuth,2024-08-20,16:06,345
SU729,Red Wings,2024-02-26,05:15,270
SU8716,Yakutia,2024-12-25,09:53,334
SU6607,Ural Airlines,2024-11-22,01:19,253
SU5458,Ural Airlines,2024-03-21,16:15,187
SU7332,Azimuth,2024-12-11,01:39,297
SU1874,Rossiya,2024-12-24,17:46,61
SU7469,UTair,2024-11-19,19:17,222
SU7569,UTair,2024-02-16,19:00,126
SU6590,UTair,2024-06-08,14:41,57
SU8736,UTair,2024-01-26,07:23,187
SU6322,Azimuth,2024-01-06,16:57,61
SU1343,Pobeda,2024-12-02,02:06,136
SU4635,Rossiya,2024-06-27,04:37,145
SU8705,Aeroflot,2024-05-15,19:28,323
SU1165,Pobeda,2024-04-27,12:34,313
SU7715,Rossiya,2024-06-10,07:19,278
SU6605,Red Wings,2024-08-11,23:01,132
SU5032,Yakutia,2024-12-09,13:11,254
SU4706,Aeroflot,2024-10-13,22:42,260
SU1312,Nordavia,2024-03-03,10:23,339
SU3863,Nordavia,2024-03-22,13:06,120
SU8415,Rossiya,2024-08-16,02:50,224
SU4111,S7 Airlines,2024-01-27,10:58,104
SU3413,Rossiya,2024-02-25,15:43,196
SU7120,Yakutia,2024-11-26,08:32,170
SU4253,Red Wings,2024-01-15,15:57,181
SU1395,Ural Airlines,2024-11-09,05:32,217
SU9920,Azimuth,2024-09-25,05:53,339
SU3836,Aeroflot,2024-11-19,03:32,325
SU1194,Rossiya,2024-11-11,02:33,103
SU9228,UTair,2024-12-12,16:54,236
SU8558,Ural Airlines,2024-04-02,19:39,292
SU6893,S7 Airlines,2024-10-15,15:45,179
SU1926,Ural Airlines,2024-08-26,00:04,254
SU3469,Yakutia,2024-05-10,03:02,185
SU1158,Aeroflot,2024-12-11,06:48,62
SU7843,UTair,2024-05-16,22:35,122
SU1842,Pobeda,2024-01-09,03:59,70
SU9606,Red Wings,2024-11-23,01:53,123
SU8701,Yakutia,2024-09-19,10:56,190
SU8248,Nordavia,2024-09-04,12:07,334
SU8798,S7 Airlines,2024-10-02,19:31,140
SU445,Ural Airlines,2024-02-21,04:15,299
SU1256,Nordavia,2024-11-24,22:44,334
SU7591,Aeroflot,2024-04-04,02:56,140
SU4589,Aeroflot,2024-01-14,21:36,327
SU6329,Azimuth,2024-04-16,14:10,313
SU4328,UTair,2024-01-11,03:13,153
SU7836,UTair,2024-08-18,11:12,339
SU6689,Nordavia,2024-04-26,08:56,79
SU5108,Ural Airlines,2024-12-22,13:29,109
SU7223,Ural Airlines,2024-05-26,03:45,117
SU5702,Azimuth,2024-02-11,08:47,308
SU7302,Nordavia,2024-06-11,05:38,119
SU991,Pobeda,2024-12-20,22:22,172
SU1267,S7 Airlines,2024-03-25,04:08,70
SU154,Nordavia,2024-05-04,20:55,139
SU4168,Rossiya,2024-10-12,16:08,113
SU713,Pobeda,2024-02-02,16:27,171
SU2365,S7 Airlines,2024-06-13,20:20,53
SU339,Ural Airlines,2024-07-19,22:26,241
SU5445,S7 Airlines,2024-11-25,14:43,335
SU3835,S7 Airlines,2024-08-19,22:42,262
SU4978,UTair,2024-10-19,17:04,339
SU8245,S7 Airlines,2024-09-24,23:54,297
SU3684,S7 Airlines,2024-06-09,07:36,104
SU4504,Rossiya,2024-09-19,23:36,310
SU7011,Pobeda,2024-01-15,02:24,275
SU3271,Nordavia,2024-12-26,20:08,61
SU1801,Pobeda,2024-04-13,00:21,221
SU7721,Red Wings,2024-01-22,14:31,99
SU5812,Red Wings,2024-06-26,22:03,145
SU9102,Pobeda,2024-08-05,00:58,338
SU3086,Ural Airlines,2024-06-28,07:52,168
SU406,Pobeda,2024-02-21,01:18,217
SU8402,Aeroflot,2024-03-28,09:38,89
SU7549,Azimuth,2024-11-21,00:25,292
SU8315,Aeroflot,2024-09-06,08:19,92
SU6626,UTair,2024-02-16,18:29,130
SU4882,Yakutia,2024-10-08,06:59,67
SU5012,Rossiya,2024-04-25,12:12,76
SU3046,Ural Airlines,2024-10-26,12:13,224
SU3294,Ural Airlines,2024-07-11,05:41,107
SU3222,Azimuth,2024-04-03,18:50,62
SU2925,Yakutia,2024-07-16,03:05,203
SU719,S7 Airlines,2024-05-26,08:09,183
SU5535,Nordavia,2024-05-11,13:57,102
SU5361,Aeroflot,2024-05-03,15:48,227
SU8436,Azimuth,2024-03-21,14:44,110
SU9995,Yakutia,2024-11-07,11:35,251
SU8859,Azimuth,2024-07-17,07:24,69
SU5102,Pobeda,2024-09-23,20:35,345
SU3599,Aeroflot,2024-09-02,22:41,343
SU5254,Azimuth,2024-06-17,23:23,57
SU330,Aeroflot,2024-07-23,00:06,102
SU6186,UTair,2024-02-18,04:06,183
SU3905,Rossiya,2024-10-12,04:55,214
SU2413,Yakutia,2024-07-01,02:12,348
SU5003,Aeroflot,2024-02-02,03:08,163
SU6928,Nordavia,2024-09-28,02:04,273
SU1255,S7 Airlines,2024-07-11,20:31,319
SU3658,Azimuth,2024-12-22,16:01,163
SU905,Rossiya,2024-07-18,16:36,93
SU8632,Nordavia,2024-09-09,05:50,105
SU7396,Azimuth,2024-12-26,08:11,247
SU1088,Yakutia,2024-02-17,17:50,220
SU8027,Aeroflot,2024-06-24,06:02,266
SU3871,Aeroflot,2024-06-05,06:15,340
SU1204,Yakutia,2024-03-03,06:05,323
SU165,Aeroflot,2024-04-25,07:20,50
SU8458,UTair,2024-12-17,21:14,81
SU9339,Yakutia,2024-07-24,17:16,247
SU5882,Aeroflot,2024-10-24,16:38,154
SU7360,Pobeda,2024-07-10,12:48,321
SU2321,Pobeda,2024-08-28,07:23,283
SU4542,Ural Airlines,2024-04-17,19:40,77
SU7534,Pobeda,2024-03-17,22:52,341
SU4874,Red Wings,2024-06-11,00:02,319
SU5399,S7 Airlines,2024-12-10,04:57,56
SU7664,Red Wings,2024-02-22,05:00,187
SU6927,Azimuth,2024-07-20,05:45,349
SU1199,Yakutia,2024-01-20,05:02,178
SU4107,Nordavia,2024-02-20,13:07,51
SU8217,Azimuth,2024-06-24,06:42,235
SU5580,Rossiya,2024-04-01,11:11,111
SU5047,Azimuth,2024-10-12,03:34,346
SU2772,Red Wings,2024-11-28,16:08,142
SU3836,Ural Airlines,2024-07-06,10:08,123
SU907,Pobeda,2024-08-28,18:52,318
SU2328,UTair,2024-05-13,18:01,285
SU8925,Rossiya,2024-09-14,23:18,226
SU8359,Azimuth,2024-06-22,16:48,209
SU6742,S7 Airlines,2024-09-18,19:03,225
SU594,Azimuth,2024-02-17,12:39,202
SU8409,Red Wings,2024-07-24,01:27,68
SU4396,Ural Airlines,2024-12-07,06:09,341
SU3687,Rossiya,2024-09-19,06:00,117
SU4636,UTair,2024-04-14,23:48,134
SU3747,Pobeda,2024-04-12,15:23,130
SU5148,Rossiya,2024-05-17,02:21,145
SU7879,Rossiya,2024-02-21,14:12,341
SU6469,Ural Airlines,2024-10-11,19:28,89
SU2830,Pobeda,2024-01-05,21:51,245
SU7244,Yakutia,2024-01-19,14:04,272
SU9747,Pobeda,2024-01-02,20:39,238
SU2502,Nordavia,2024-12-05,12:45,271
SU4213,Yakutia,2024-10-05,21:32,264
SU7006,Azimuth,2024-04-01,12:03,76
SU2291,Ural Airlines,2024-11-13,14:43,301
SU2290,Ural Airlines,2024-02-17,16:12,204
SU2260,Ural Airlines,2024-06-23,09:48,161
SU3567,Yakutia,2024-11-16,06:39,249
SU3860,Red Wings,2024-11-17,21:35,63
SU1552,Aeroflot,2024-06-14,19:35,316
SU9837,Ural Airlines,2024-03-17,23:15,135
SU9888,Aeroflot,2024-05-25,00:15,246
SU9461,Aeroflot,2024-08-09,08:29,268
SU4580,Ural Airlines,2024-09-19,03:29,320
SU8045,S7 Airlines,2024-01-27,21:16,144
SU4466,Azimuth,2024-03-19,16:02,203
SU1499,Rossiya,2024-09-26,12:38,92
SU949,UTair,2024-01-03,20:14,108
SU4750,UTair,2024-08-28,03:06,213
SU295,S7 Airlines,2024-11-23,14:41,185
SU8099,Rossiya,2024-10-12,17:36,299
SU601,Pobeda,2024-09-06,21:28,292
SU3759,UTair,2024-12-01,08:39,93
SU4487,Pobeda,2024-03-05,08:59,316
SU4711,Red Wings,2024-08-04,11:28,98
SU8379,Red Wings,2024-09-23,06:10,90
SU1176,Aeroflot,2024-03-14,19:34,198
SU8457,UTair,2024-04-23,09:39,168
SU5138,Pobeda,2024-05-20,01:50,274
SU5714,Ural Airlines,2024-09-25,09:34,218
SU3946,Ural Airlines,2024-08-15,06:10,178
SU8384,Ural Airlines,2024-04-04,08:01,69
SU1850,UTair,2024-12-09,09:44,242
SU1686,Pobeda,2024-08-08,17:19,184
SU9823,Pobeda,2024-10-24,02:03,195
SU2414,Rossiya,2024-12-20,00:04,231
SU3944,Azimuth,2024-05-08,15:56,293
SU7350,Ural Airlines,2024-09-05,22:17,324
SU2385,Ural Airlines,2024-09-12,08:49,292
SU421,Red Wings,2024-09-23,05:06,238
SU8921,Yakutia,2024-07-23,00:07,226
SU8269,Yakutia,2024-01-13,12:58,152
SU8551,Rossiya,2024-10-03,00:46,294
SU9897,Pobeda,2024-12-18,20:04,323
SU4046,UTair,2024-02-24,07:38,141
SU4037,Pobeda,2024-08-07,14:39,282
SU8734,Pobeda,2024-03-12,08:47,308
SU2325,S7 Airlines,2024-11-16,01:41,334
SU6882,Red Wings,2024-04-22,04:48,231
SU4295,Aeroflot,2024-08-28,20:15,61
SU7062,Rossiya,2024-10-03,19:30,166
SU6874,Nordavia,2024-09-06,20:28,198
SU9312,Red Wings,2024-01-25,00:54,263
SU7065,Red Wings,2024-02-17,22:22,342
SU1378,Pobeda,2024-01-14,01:03,134
SU2705,Red Wings,2024-04-07,08:04,311
SU9709,Ural Airlines,2024-09-12,15:51,192
SU2011,Ural Airlines,2024-04-09,18:16,272
SU3838,Rossiya,2024-05-07,20:22,239
SU4657,Aeroflot,2024-03-01,19:29,144
SU4479,Ural Airlines,2024-10-14,15:54,134
SU1279,Rossiya,2024-11-25,20:29,237
SU877,S7 Airlines,2024-05-04,14:21,240
SU5658,Yakutia,2024-04-23,13:24,224
SU9379,UTair,2024-07-06,21:03,141
SU7993,Red Wings,2024-01-13,07:59,318
SU5483,Nordavia,2024-01-08,15:01,284
SU7627,Aeroflot,2024-12-10,09:07,63
SU8219,Ural Airlines,2024-02-26,14:46,67
SU7536,Azimuth,2024-05-01,19:52,136
SU3820,S7 Airlines,2024-04-26,20:50,176
SU9888,UTair,2024-01-15,08:21,304
SU1791,S7 Airlines,2024-03-19,18:43,91
SU8855,Pobeda,2024-08-26,02:28,342
SU7686,UTair,2024-07-10,08:26,332
SU2518,Azimuth,2024-08-13,20:24,152
SU956,UTair,2024-01-22,08:53,347
SU1948,Nordavia,2024-04-02,19:23,122
SU9882,Ural Airlines,2024-06-24,04:28,306
SU2206,Ural Airlines,2024-06-18,14:05,179
SU4110,Rossiya,2024-07-09,18:36,162
SU7891,Nordavia,2024-03-10,09:17,311
SU624,Red Wings,2024-08-03,10:29,170
SU3240,Yakutia,2024-12-18,20:14,101
SU5876,Yakutia,2024-12-12,09:56,222
SU9953,S7 Airlines,2024-10-11,10:48,160
SU2962,S7 Airlines,2024-08-27,18:14,92
SU544,S7 Airlines,2024-01-26,20:01,233
SU1100,Red Wings,2024-12-07,22:05,132
SU1779,Yakutia,2024-06-13,15:31,326
SU7296,Red Wings,2024-06-04,10:10,206
SU504,Aeroflot,2024-12-14,05:17,193
SU8903,UTair,2024-04-10,06:12,176
SU2330,Pobeda,2024-11-11,07:27,265
SU8685,S7 Airlines,2024-01-17,22:52,63
SU1363,Red Wings,2024-05-19,07:51,204
SU4605,Yakutia,2024-07-12,20:42,196
SU4763,Red Wings,2024-11-15,18:14,327
SU8342,Ural Airlines,2024-08-19,13:33,247
SU7452,S7 Airlines,2024-08-13,16:58,84
SU105,UTair,2024-04-23,14:58,202
SU8078,Rossiya,2024-12-23,15:52,172
SU9392,Ural Airlines,2024-02-26,19:28,177
SU9210,Red Wings,2024-09-19,23:44,129
SU1926,Ural Airlines,2024-08-17,07:17,320
SU1030,UTair,2024-11-11,14:46,286
SU306,Red Wings,2024-06-10,13:08,347
SU9207,Rossiya,2024-12-03,02:38,278
SU6658,S7 Airlines,2024-05-14,20:20,137
SU8233,Nordavia,2024-03-08,20:57,258
SU6000,Yakutia,2024-03-23,23:41,291
SU5988,Pobeda,2024-01-08,01:32,102
SU8429,Pobeda,2024-03-26,06:55,186
SU654,UTair,2024-05-14,20:06,236
SU8939,UTair,2024-11-03,05:46,251
SU8391,Nordavia,2024-10-26,00:35,324
SU4574,Red Wings,2024-06-28,00:36,82
SU3657,Yakutia,2024-06-21,10:53,92
SU8392,UTair,2024-07-07,08:47,329
SU7538,S7 Airlines,2024-02-02,10:27,316
SU181,Red Wings,2024-08-21,19:46,199
SU2479,S7 Airlines,2024-01-04,15:56,57
SU5373,UTair,2024-12-01,13:49,333
SU583,UTair,2024-05-12,19:10,157
SU4824,Pobeda,2024-06-07,16:25,118
SU6048,Pobeda,2024-10-07,00:51,93
SU4354,Yakutia,2024-04-02,19:36,87
SU3661,Yakutia,2024-07-18,15:44,245
SU4371,Red Wings,2024-05-17,03:04,220
SU4424,UTair,2024-10-19,16:18,241
SU818,Rossiya,2024-09-15,14:30,246
SU2977,Azimuth,2024-03-03,14:56,345
SU915,S7 Airlines,2024-04-23,21:03,89
SU5192,S7 Airlines,2024-10-16,00:18,255
SU7118,Rossiya,2024-04-06,04:18,281
SU5545,Pobeda,2024-10-15,02:38,303
SU7887,Ural Airlines,2024-03-23,19:00,274
SU7552,Rossiya,2024-04-19,01:56,168
SU1893,Ural Airlines,2024-08-16,04:05,52
SU429,Aeroflot,2024-01-15,08:35,233
SU5714,Pobeda,2024-10-09,10:23,108
SU6282,Pobeda,2024-08-07,12:15,138
SU8304,Aeroflot,2024-07-19,07:48,168
SU7395,Red Wings,2024-10-06,16:36,249
SU8408,S7 Airlines,2024-04-18,23:12,85
SU5314,UTair,2024-04-07,10:12,229
SU4536,Red Wings,2024-06-19,20:12,317
SU1357,S7 Airlines,2024-02-04,14:43,68
SU2894,Nordavia,2024-10-11,18:58,244
SU2385,Yakutia,2024-09-25,02:31,298
SU9632,Pobeda,2024-11-18,10:20,93
SU3478,Red Wings,2024-12-17,14:55,335
SU7449,Nordavia,2024-05-25,20:47,336
SU9230,Yakutia,2024-03-03,09:21,99
SU4975,UTair,2024-04-01,20:13,301
SU3452,UTair,2024-01-17,16:18,200
SU7255,S7 Airlines,2024-06-11,10:45,219
SU6585,Red Wings,2024-03-03,08:31,297
SU7424,Azimuth,2024-04-23,19:02,129
SU4645,S7 Airlines,2024-01-05,05:18,61
SU2813,Nordavia,2024-12-01,17:18,284
SU5820,Rossiya,2024-08-10,02:56,347
SU6210,Ural Airlines,2024-11-11,20:29,161
SU1820,UTair,2024-09-26,23:08,148
SU7718,Aeroflot,2024-07-05,11:40,158
SU9297,UTair,2024-12-04,13:18,112
SU1773,Ural Airlines,2024-06-06,11:28,197
SU7457,S7 Airlines,2024-07-24,07:33,98
SU8925,Azimuth,2024-02-07,04:21,77
SU4728,Azimuth,2024-04-01,21:49,256
SU754,Ural Airlines,2024-06-18,12:14,253
SU9979,Nordavia,2024-03-17,13:18,216
SU8935,Nordavia,2024-06-17,06:38,257
SU4512,Nordavia,2024-06-12,05:31,193
SU9075,Ural Airlines,2024-08-08,03:32,340
SU5222,UTair,2024-01-18,17:44,185
SU616,Red Wings,2024-05-22,03:48,85
SU388,Azimuth,2024-09-06,13:27,253
SU2070,Aeroflot,2024-07-13,16:11,73
SU7139,Nordavia,2024-02-11,10:25,90
SU6887,Rossiya,2024-01-09,18:37,51
SU1445,Azimuth,2024-04-05,11:53,154
SU4317,Azimuth,2024-03-28,09:23,183
SU3051,Nordavia,2024-08-24,10:53,149
SU7609,Azimuth,2024-04-18,14:59,129
SU4594,Aeroflot,2024-04-21,22:46,118
SU9678,Yakutia,2024-10-11,00:33,78
SU328,Red Wings,2024-09-22,09:54,342
SU3600,UTair,2024-05-23,23:43,114
SU5545,UTair,2024-11-22,04:50,233
SU3178,Yakutia,2024-01-14,13:18,64
SU2357,Azimuth,2024-04-05,02:18,126
SU8153,S7 Airlines,2024-06-27,11:56,130
SU813,Yakutia,2024-11-19,09:57,160
SU6384,Nordavia,2024-05-17,06:12,90
SU2276,Red Wings,2024-01-01,05:34,315
SU4177,Aeroflot,2024-02-10,05:12,110
SU5831,Pobeda,2024-01-13,00:29,197
SU3662,Nordavia,2024-08-28,05:36,96
SU229,Pobeda,2024-06-10,00:30,115
SU3522,Rossiya,2024-09-09,17:35,153
SU973,S7 Airlines,2024-08-26,04:26,91
SU4006,Nordavia,2024-01-28,08:36,284
SU8095,Ural Airlines,2024-07-08,06:15,226
SU6798,Ural Airlines,2024-06-04,10:41,319
SU5348,UTair,2024-01-15,07:17,285
SU6580,Azimuth,2024-04-12,23:31,82
SU6721,Yakutia,2024-09-06,17:42,129
SU6783,UTair,2024-04-03,05:17,118
SU4929,Yakutia,2024-02-13,12:18,321
SU5510,UTair,2024-05-19,04:02,85
SU1988,Red Wings,2024-01-05,15:06,92
SU6167,Nordavia,2024-08-03,23:46,104
SU261,Azimuth,2024-09-20,09:51,240
SU7664,Red Wings,2024-02-15,13:52,168
SU7255,Pobeda,2024-07-14,08:31,312
SU1105,Red Wings,2024-09-12,23:15,277
SU7650,Ural Airlines,2024-12-19,06:03,85
SU7273,Red Wings,2024-05-26,05:52,130
SU514,S7 Airlines,2024-10-19,18:40,164
SU5769,UTair,2024-06-09,02:09,293
SU1967,S7 Airlines,2024-12-26,23:46,67
SU9142,S7 Airlines,2024-02-10,06:56,218
SU1325,UTair,2024-10-07,23:27,95
SU1427,Red Wings,2024-04-19,00:58,333
SU4476,S7 Airlines,2024-08-03,03:10,127
SU474,Ural Airlines,2024-07-21,23:28,299
SU5773,Nordavia,2024-04-14,23:28,297
SU5318,Pobeda,2024-03-17,01:01,153
SU5641,Yakutia,2024-10-24,02:57,229
SU5226,Yakutia,2024-11-15,18:59,194
SU3429,Red Wings,2024-11-20,18:53,165
SU9678,Red Wings,2024-12-23,16:51,332
SU6590,UTair,2024-05-01,10:00,316
SU1941,S7 Airlines,2024-08-10,17:44,55
SU6137,Rossiya,2024-09-22,00:00,280
SU7182,Aeroflot,2024-04-11,11:26,341
SU6671,Azimuth,2024-04-11,11:51,223
SU1598,Yakutia,2024-09-06,17:10,343
SU1911,Nordavia,2024-11-03,08:13,79
SU2852,Pobeda,2024-12-27,09:51,215
SU4461,Red Wings,2024-09-06,09:44,60
SU8683,Pobeda,2024-03-20,07:41,293
SU2791,Azimuth,2024-02-01,14:46,178
SU4077,Ural Airlines,2024-12-01,03:05,143
SU6056,Yakutia,2024-01-03,19:38,224
SU7239,S7 Airlines,2024-11-25,05:00,264
SU417,Rossiya,2024-06-19,13:37,302
SU3430,Nordavia,2024-08-15,17:38,112
SU3177,Red Wings,2024-10-02,16:42,309
SU3394,Ural Airlines,2024-07-04,10:22,337
SU2074,Ural Airlines,2024-09-19,03:34,213
SU5418,Rossiya,2024-04-09,19:54,202
SU6907,Ural Airlines,2024-03-01,11:42,198
SU1483,Ural Airlines,2024-09-17,21:15,178
SU8030,Nordavia,2024-09-18,14:52,324
SU5681,Red Wings,2024-01-24,02:10,319
SU445,Red Wings,2024-09-12,08:42,79
SU4701,UTair,2024-01-16,11:10,156
SU1301,Red Wings,2024-01-15,15:31,208
SU3846,Red Wings,2024-06-06,00:19,223
SU7607,Rossiya,2024-03-10,17:13,255
SU9147,Rossiya,2024-07-22,14:24,271
SU9499,Red Wings,2024-09-17,02:14,197
SU7336,Yakutia,2024-02-06,21:41,335
SU8785,Aeroflot,2024-12-18,22:31,188
SU177,Ural Airlines,2024-12-28,13:33,137
SU5333,Azimuth,2024-08-28,20:27,100
SU1339,Nordavia,2024-08-04,20:21,290
SU9479,Aeroflot,2024-11-03,20:13,323
SU2817,Azimuth,2024-06-07,04:04,115
SU6916,Aeroflot,2024-03-25,05:14,149
SU5078,Azimuth,2024-11-17,13:57,178
SU1489,Azimuth,2024-03-18,17:38,211
SU8452,Yakutia,2024-08-02,13:39,237
SU3970,UTair,2024-12-19,05:12,278
SU3782,Pobeda,2024-04-24,22:43,237
SU3434,Red Wings,2024-02-21,08:31,264
SU3219,Nordavia,2024-08-21,04:12,282
SU2746,Pobeda,2024-12-17,02:36,227
SU3012,Nordavia,2024-11-10,13:54,104
SU2166,Rossiya,2024-12-07,07:19,334
SU8637,Yakutia,2024-02-16,18:47,102
SU8177,Rossiya,2024-08-10,23:32,54
SU9882,Nordavia,2024-08-25,04:51,138
SU2923,UTair,2024-10-28,13:38,286
SU2952,Nordavia,2024-06-05,10:15,236
SU9173,Rossiya,2024-08-14,17:24,340
SU3995,Pobeda,2024-04-06,02:21,247
SU7482,Yakutia,2024-01-11,08:09,337
SU8988,Yakutia,2024-06-02,16:32,95
SU8846,Azimuth,2024-10-04,13:41,347
SU7404,Ural Airlines,2024-04-03,20:34,226
SU8208,Aeroflot,2024-10-17,07:16,74
SU9766,Rossiya,2024-09-09,19:12,75
SU2910,UTair,2024-12-14,13:55,161
SU5767,S7 Airlines,2024-08-03,02:35,240
SU7552,Azimuth,2024-11-25,15:06,283
SU1540,Aeroflot,2024-10-24,18:24,152
SU3871,Red Wings,2024-06-23,19:48,299
SU7834,Rossiya,2024-02-21,08:52,115
SU6748,S7 Airlines,2024-12-28,11:29,79
SU4816,UTair,2024-05-07,09:52,105
SU931,Pobeda,2024-01-06,21:47,152
SU4118,Pobeda,2024-04-16,11:18,133
SU1334,Nordavia,2024-03-06,04:33,121
SU3031,Azimuth,2024-10-28,03:46,67
SU649,UTair,2024-09-27,08:05,111
SU9388,Azimuth,2024-02-19,14:59,293
SU298,Ural Airlines,2024-10-03,17:20,130
SU3553,UTair,2024-05-03,23:36,309
SU8047,Nordavia,2024-10-06,20:50,211
SU3730,Yakutia,2024-12-20,11:23,94
SU4251,Ural Airlines,2024-04-17,14:17,153
SU7171,Pobeda,2024-07-19,13:56,178
SU5324,Yakutia,2024-04-18,19:59,211
SU385,Azimuth,2024-06-01,14:45,206
SU8947,Nordavia,2024-07-08,11:20,321
SU1891,Azimuth,2024-02-12,03:21,299
SU4767,UTair,2024-01-01,22:12,283
SU3575,UTair,2024-11-14,19:15,321
SU7659,Pobeda,2024-02-08,08:38,90
SU4236,Ural Airlines,2024-10-15,20:42,127
SU3733,Yakutia,2024-11-18,23:01,180
SU9969,Rossiya,2024-09-06,05:55,329
SU967,UTair,2024-09-23,21:14,147
SU9913,S7 Airlines,2024-12-24,03:39,310
SU6848,Aeroflot,2024-06-17,01:48,200
SU8074,Ural Airlines,2024-09-17,06:06,81
SU7397,UTair,2024-04-17,15:33,65
SU5703,Red Wings,2024-03-17,06:14,350
SU5859,S7 Airlines,2024-03-24,02:37,104
SU9298,Aeroflot,2024-12-12,22:17,191
SU8756,Azimuth,2024-11-04,06:49,193
SU9374,UTair,2024-03-26,03:32,117
SU2363,Rossiya,2024-10-17,04:34,295
SU2705,Aeroflot,2024-02-28,22:08,113
SU6722,Nordavia,2024-07-14,14:27,109
SU9975,Yakutia,2024-10-27,12:49,177
SU2000,S7 Airlines,2024-11-17,12:41,54
SU1280,S7 Airlines,2024-03-04,05:34,312
SU7732,UTair,2024-07-15,02:29,82
SU3090,Red Wings,2024-04-24,22:01,316
SU8942,Aeroflot,2024-07-22,00:28,214
SU4516,Nordavia,2024-01-04,23:20,99
SU8668,Red Wings,2024-02-12,09:19,257
SU7639,Azimuth,2024-04-01,05:55,71
SU7710,Red Wings,2024-10-04,05:28,348
SU3156,Yakutia,2024-12-13,14:42,56
SU6833,S7 Airlines,2024-05-10,23:16,155
SU9155,S7 Airlines,2024-11-22,08:01,256
SU2744,Aeroflot,2024-04-09,22:25,280
SU7308,Yakutia,2024-10-14,20:17,64
SU8676,Azimuth,2024-03-03,20:53,102
SU834,S7 Airlines,2024-12-01,18:43,243
SU6472,Ural Airlines,2024-06-16,19:54,231
SU7610,Azimuth,2024-03-10,10:42,340
SU4701,UTair,2024-08-23,21:19,350
SU7955,Red Wings,2024-10-22,06:59,291
SU3120,Rossiya,2024-11-04,05:49,133
SU4539,Ural Airlines,2024-01-05,19:05,215
SU9259,Azimuth,2024-07-02,21:20,161
SU7854,UTair,2024-02-14,18:22,105
SU4895,Red Wings,2024-10-09,20:26,281
SU7306,Red Wings,2024-09-23,00:31,289
SU1281,Yakutia,2024-04-11,01:55,214
SU6789,Rossiya,2024-07-07,12:01,163
SU5768,Aeroflot,2024-05-13,02:22,92
SU773,Pobeda,2024-12-11,09:04,90
SU6870,Pobeda,2024-01-12,07:40,292
SU8392,S7 Airlines,2024-04-20,14:40,293
SU8137,Rossiya,2024-09-03,00:27,203
SU7554,S7 Airlines,2024-02-13,10:11,69
SU7560,Aeroflot,2024-03-22,12:41,70
SU5064,Ural Airlines,2024-10-11,03:54,52
SU1295,Pobeda,2024-02-03,06:43,63
SU7350,S7 Airlines,2024-04-09,19:54,160
SU1494,Pobeda,2024-10-22,20:54,150
SU1597,Nordavia,2024-02-27,22:42,150
SU4364,Nordavia,2024-04-25,00:13,251
SU4701,Pobeda,2024-03-23,02:44,111
SU2834,Nordavia,2024-06-12,06:26,140
SU8025,Nordavia,2024-04-22,00:29,209
SU4041,S7 Airlines,2024-12-21,19:12,101
SU9910,Aeroflot,2024-03-12,00:02,201
SU7237,Rossiya,2024-07-08,15:12,221
SU6824,Yakutia,2024-03-04,19:56,309
SU7956,Azimuth,2024-08-28,19:30,155
SU3424,Yakutia,2024-01-10,19:19,167
SU2045,Red Wings,2024-11-23,03:47,250
SU5643,Ural Airlines,2024-06-22,13:34,195
SU5402,Ural Airlines,2024-08-08,10:04,156
SU5144,Nordavia,2024-10-15,09:55,209
SU5999,Nordavia,2024-12-20,21:15,168
SU2497,Aeroflot,2024-06-02,11:03,281
SU8121,Azimuth,2024-07-23,23:12,73
SU7986,Red Wings,2024-02-12,17:37,220
SU3929,Red Wings,2024-09-05,11:31,266
SU9836,Aeroflot,2024-11-17,10:54,301
SU2407,Ural Airlines,2024-08-05,06:40,327
SU6582,Red Wings,2024-07-15,11:01,198
SU9559,Pobeda,2024-05-11,16:33,338
SU4260,Aeroflot,2024-06-11,12:02,305
SU3825,Nordavia,2024-01-06,10:59,330
SU4161,Ural Airlines,2024-12-05,17:41,322
SU8783,Red Wings,2024-12-17,00:08,123
SU6588,Nordavia,2024-12-17,13:22,110
SU3750,Azimuth,2024-02-10,17:38,75
SU598,Nordavia,2024-10-08,04:31,129
SU1012,Rossiya,2024-04-26,19:57,106
SU834,Ural Airlines,2024-04-22,12:04,269
SU5039,S7 Airlines,2024-05-09,17:06,194
SU5666,Aeroflot,2024-02-17,01:38,203
SU5350,Aeroflot,2024-03-27,09:37,158
SU209,Aeroflot,2024-01-02,23:13,320
SU7922,Nordavia,2024-05-09,06:44,200
SU1652,S7 Airlines,2024-04-07,07:59,339
SU7869,UTair,2024-12-01,15:13,143
SU2923,Ural Airlines,2024-02-23,11:20,148
SU4483,Red Wings,2024-06-23,01:13,323
SU1883,Nordavia,2024-12-06,06:22,311
SU4185,Ural Airlines,2024-04-10,09:33,129
SU9151,Pobeda,2024-12-19,14:44,77
SU1043,Yakutia,2024-11-21,18:04,67
SU970,UTair,2024-09-08,22:41,281
SU2597,Nordavia,2024-02-10,12:19,272
SU1063,Red Wings,2024-06-20,08:13,151
SU2354,Pobeda,2024-09-19,14:06,282
SU3026,UTair,2024-02-18,14:15,113
SU9334,Red Wings,2024-04-28,18:17,339
SU2145,Azimuth,2024-01-23,11:28,160
SU4254,Yakutia,2024-12-11,19:44,264
SU8700,Azimuth,2024-06-27,02:36,255
SU2533,S7 Airlines,2024-01-23,08:44,178
SU5108,UTair,2024-05-18,03:45,209
SU8296,Yakutia,2024-02-25,18:27,195
SU7600,Aeroflot,2024-08-10,15:59,232
SU8957,Nordavia,2024-12-17,13:33,275
SU9189,Red Wings,2024-09-18,08:17,265
SU2467,Ural Airlines,2024-11-01,06:30,120
SU7012,Nordavia,2024-04-04,19:55,298
SU6360,Yakutia,2024-10-22,05:25,127
SU4568,Yakutia,2024-12-18,05:43,132
SU5682,UTair,2024-12-02,18:23,116
SU9763,Nordavia,2024-09-21,05:41,259
SU9284,Ural Airlines,2024-07-04,10:56,60
SU6940,Aeroflot,2024-03-19,03:52,216
SU1482,Nordavia,2024-07-18,19:41,57
SU4734,Aeroflot,2024-07-15,20:40,202
SU2421,Aeroflot,2024-09-23,11:30,93
SU1353,Azimuth,2024-08-16,05:25,149
SU7163,Ural Airlines,2024-09-16,06:57,194
SU3743,Aeroflot,2024-05-05,22:16,51
SU4976,S7 Airlines,2024-02-22,09:46,99
SU7007,Yakutia,2024-04-06,15:03,349
SU3840,Red Wings,2024-08-16,06:00,158
SU6941,S7 Airlines,2024-08-09,06:48,114
SU9760,Yakutia,2024-02-14,23:24,336
SU5216,Aeroflot,2024-05-01,23:52,297
SU9743,Nordavia,2024-09-02,14:45,78
SU4113,Red Wings,2024-04-14,10:27,293
SU5938,Azimuth,2024-03-16,20:37,72
SU5779,Aeroflot,2024-11-11,09:30,308
SU1122,Pobeda,2024-01-10,02:42,82
SU3237,Azimuth,2024-08-09,05:00,247
SU5649,Yakutia,2024-07-19,16:50,219
SU112,Pobeda,2024-10-05,19:19,188
SU8730,Rossiya,2024-03-23,03:52,187
SU8451,Red Wings,2024-06-04,11:29,164
SU419,S7 Airlines,2024-02-26,20:35,246
SU9775,Rossiya,2024-01-22,17:56,225
SU3177,S7 Airlines,2024-05-05,23:13,320
SU7234,Nordavia,2024-09-23,11:29,206
SU4975,Yakutia,2024-12-26,12:07,306
SU2223,Pobeda,2024-08-10,07:13,108
SU1818,Yakutia,2024-02-25,16:18,135
SU5351,Yakutia,2024-03-21,22:29,270
SU2359,Aeroflot,2024-11-15,06:22,161
SU2046,S7 Airlines,2024-11-10,12:57,199
SU5147,Azimuth,2024-04-22,21:49,155
SU5937,Ural Airlines,2024-12-20,04:22,288
SU6980,Yakutia,2024-04-16,10:03,158
SU2733,Azimuth,2024-06-16,11:44,301
SU678,Azimuth,2024-10-14,00:43,88
SU1418,UTair,2024-03-23,20:34,343
SU6233,Yakutia,2024-12-01,22:39,293
SU8766,Pobeda,2024-05-23,08:10,339
SU3102,Yakutia,2024-02-22,21:21,203
SU5715,Aeroflot,2024-10-08,05:19,95
SU8072,Aeroflot,2024-02-18,08:53,212
SU2389,Azimuth,2024-12-05,17:49,290
SU4094,Yakutia,2024-11-22,11:12,225
SU2763,UTair,2024-01-06,19:44,175
SU4562,Aeroflot,2024-09-27,01:24,137
SU6688,Nordavia,2024-03-08,06:49,224
SU7259,Nordavia,2024-09-05,04:44,60
SU1299,UTair,2024-11-20,03:06,118
SU1672,Rossiya,2024-09-22,01:51,100
SU2793,Ural Airlines,2024-07-27,19:40,283
SU1903,UTair,2024-10-13,07:47,273
SU875,Pobeda,2024-08-04,11:27,79
SU8664,Red Wings,2024-09-24,05:08,119
SU6396,Rossiya,2024-04-23,11:59,197
SU7076,Azimuth,2024-05-08,19:53,133
SU6631,Ural Airlines,2024-06-27,10:41,248
SU1981,Rossiya,2024-05-05,19:35,234
SU1030,Red Wings,2024-06-10,05:48,152
SU2516,S7 Airlines,2024-06-18,03:45,121
SU9861,Ural Airlines,2024-08-26,21:31,119
SU513,UTair,2024-06-01,08:14,181
SU8774,S7 Airlines,2024-10-10,01:21,89
SU2236,Red Wings,2024-02-23,21:32,231
SU197,Pobeda,2024-10-02,05:48,139
SU2327,S7 Airlines,2024-12-08,00:25,309
SU1469,S7 Airlines,2024-10-04,01:20,96
SU925,Azimuth,2024-05-18,20:16,315
SU7943,Yakutia,2024-12-04,10:40,155
SU4752,Rossiya,2024-05-01,22:48,271
SU1968,Nordavia,2024-02-11,12:33,280
SU4101,Pobeda,2024-07-01,11:15,61
SU2657,UTair,2024-08-21,15:44,331
SU6062,Yakutia,2024-03-25,01:39,58
SU6149,Ural Airlines,2024-07-21,19:00,168
SU4438,Red Wings,2024-07-17,06:30,211
SU4430,S7 Airlines,2024-08-22,18:46,189
SU1815,Yakutia,2024-06-03,10:11,236
SU3191,Yakutia,2024-09-07,01:22,53
SU9536,Red Wings,2024-11-10,14:43,86
SU5800,Pobeda,2024-06-12,14:23,328
SU4340,Nordavia,2024-11-17,22:52,337
SU9806,Aeroflot,2024-08-07,09:06,279
SU324,Nordavia,2024-09-05,22:02,191
SU3887,Red Wings,2024-07-09,00:57,138
SU4992,S7 Airlines,2024-10-09,21:06,191
SU238,Aeroflot,2024-10-05,19:27,98
SU9002,Aeroflot,2024-08-24,01:14,256
SU2325,UTair,2024-12-08,10:35,296
SU7953,Yakutia,2024-03-20,07:13,274
SU2332,Aeroflot,2024-06-16,22:03,340
SU378,Aeroflot,2024-04-04,14:57,177
SU629,Azimuth,2024-03-26,05:20,273
SU2060,Nordavia,2024-08-11,21:28,274
SU459,Yakutia,2024-09-13,18:30,173
SU5658,UTair,2024-07-14,01:03,236
SU8144,Ural Airlines,2024-06-08,18:56,331
SU4006,S7 Airlines,2024-12-10,20:11,286
SU5107,Nordavia,2024-04-09,18:27,181
SU5633,Yakutia,2024-08-20,06:01,106
SU1211,Rossiya,2024-04-20,12:20,341
SU6400,Ural Airlines,2024-03-21,18:13,133
SU5988,Azimuth,2024-08-22,02:23,208
SU5009,Nordavia,2024-06-04,12:49,253
SU2396,Nordavia,2024-07-10,17:08,137
SU6872,Red Wings,2024-09-22,11:54,106
SU5467,Pobeda,2024-08-09,05:26,210
SU5158,Red Wings,2024-11-15,11:49,70
SU6943,Azimuth,2024-05-17,16:46,268
SU6866,UTair,2024-03-17,23:54,65
SU410,UTair,2024-08-21,07:06,275
SU6500,Yakutia,2024-08-03,19:31,153
SU2858,UTair,2024-12-02,00:10,228
SU7541,Rossiya,2024-09-22,11:42,195
SU4626,Ural Airlines,2024-10-22,02:37,212
SU5828,Aeroflot,2024-05-28,17:06,308
SU3831,Pobeda,2024-08-02,00:41,213
SU4406,Rossiya,2024-02-05,11:27,97
SU9176,Ural Airlines,2024-10-28,19:53,138
SU9954,Yakutia,2024-01-15,02:25,61
SU8579,UTair,2024-02-13,01:32,79
SU2921,UTair,2024-04-27,16:14,114
SU9974,S7 Airlines,2024-02-08,18:46,91
SU497,Ural Airlines,2024-11-27,04:35,285
SU8817,Nordavia,2024-10-19,20:32,279
SU3222,Ural Airlines,2024-12-26,15:01,274
SU2695,Yakutia,2024-03-02,09:19,179
SU8585,Yakutia,2024-08-19,08:43,313
SU8620,Red Wings,2024-10-28,15:20,50
SU526,Nordavia,2024-03-28,22:47,299
SU313,Rossiya,2024-02-03,14:53,87
SU6638,Aeroflot,2024-01-28,16:46,72
SU8653,Yakutia,2024-10-18,06:07,109
SU9787,Rossiya,2024-07-09,06:32,157
SU6500,Aeroflot,2024-12-20,09:35,89
SU8259,Aeroflot,2024-04-11,23:50,131
SU8831,Yakutia,2024-08-19,02:04,79
SU1949,Ural Airlines,2024-12-12,06:13,332
SU5229,S7 Airlines,2024-05-04,02:12,164
SU3330,Ural Airlines,2024-11-09,04:03,320
SU2471,Ural Airlines,2024-10-08,01:25,89
SU1313,Nordavia,2024-05-22,19:40,221
SU9889,UTair,2024-01-24,08:21,269
SU7357,Aeroflot,2024-04-06,16:50,254
SU4213,Aeroflot,2024-09-12,15:16,171
SU1738,Pobeda,2024-09-08,08:49,317
SU3738,UTair,2024-02-08,02:45,120
SU8408,Azimuth,2024-08-16,01:17,253
SU4700,Azimuth,2024-03-28,08:57,254
SU2345,Ural Airlines,2024-05-24,18:19,339
SU7507,Rossiya,2024-01-02,08:08,316
SU3940,UTair,2024-09-04,07:20,281
SU1770,Red Wings,2024-10-12,22:12,250
SU4003,Yakutia,2024-12-05,11:38,89
SU8446,Pobeda,2024-01-20,13:31,130
SU8088,Ural Airlines,2024-10-09,06:02,82
SU5108,UTair,2024-03-12,10:15,85
SU1360,Red Wings,2024-11-10,03:48,239
SU1867,S7 Airlines,2024-12-12,10:50,69
SU293,UTair,2024-07-02,22:45,90
SU1778,Yakutia,2024-02-01,20:29,243
SU537,Nordavia,2024-02-14,15:12,218
SU2951,Pobeda,2024-05-19,00:17,168
SU2539,Ural Airlines,2024-05-27,21:40,289
SU4418,Azimuth,2024-05-11,09:20,176
SU9826,Azimuth,2024-07-15,22:56,219
SU8308,Aeroflot,2024-02-24,19:29,240
SU6885,Aeroflot,2024-11-05,03:58,166
SU7052,Azimuth,2024-04-05,10:59,85
SU8402,Ural Airlines,2024-11-11,19:33,135
SU8786,Pobeda,2024-08-14,22:59,143
SU8406,UTair,2024-03-19,17:41,56
SU1179,Nordavia,2024-01-14,14:52,77
SU1726,Pobeda,2024-09-04,01:51,340
SU5505,S7 Airlines,2024-02-02,01:40,281
SU9181,Ural Airlines,2024-01-16,14:25,121
SU2470,Azimuth,2024-01-24,13:18,75
SU529,Rossiya,2024-11-03,03:49,275
SU8537,UTair,2024-04-15,19:46,211
SU7679,S7 Airlines,2024-12-27,02:44,204
SU5896,UTair,2024-01-06,17:52,274
SU9787,Red Wings,2024-04-23,13:25,335
SU1536,Ural Airlines,2024-01-06,20:16,212
SU1030,Aeroflot,2024-11-17,10:30,330
SU9344,Pobeda,2024-04-03,04:30,232
SU3583,Azimuth,2024-01-17,18:26,50
SU5555,Aeroflot,2024-04-02,10:07,289
SU8508,Azimuth,2024-05-12,10:31,184
SU1746,Pobeda,2024-03-10,02:09,230
SU3051,Azimuth,2024-09-14,13:45,122
SU9956,UTair,2024-04-23,13:58,324
SU6421,UTair,2024-11-28,10:46,88
SU2137,Azimuth,2024-03-26,03:43,264
SU9020,Aeroflot,2024-06-27,07:33,87
SU5200,Pobeda,2024-10-10,00:21,63
SU693,Nordavia,2024-01-07,00:38,226
SU3420,UTair,2024-10-12,04:17,235
SU936,Nordavia,2024-04-26,21:53,205
SU7731,UTair,2024-04-16,10:13,309
SU6824,Yakutia,2024-01-11,07:14,272
SU8405,Aeroflot,2024-05-02,15:02,69
SU7150,Azimuth,2024-02-25,12:05,101
SU4491,Nordavia,2024-04-19,20:46,321
SU4993,Aeroflot,2024-06-06,01:06,103
SU8239,S7 Airlines,2024-07-16,12:00,174
SU4087,Azimuth,2024-02-17,07:47,158
SU196,UTair,2024-06-13,15:55,183
SU7653,Azimuth,2024-02-13,12:17,124
SU5692,Yakutia,2024-12-01,17:40,144
SU9003,Azimuth,2024-09-16,23:34,298
SU8393,Red Wings,2024-05-08,23:27,326
SU6347,S7 Airlines,2024-12-21,11:36,236
SU4657,Ural Airlines,2024-12-10,22:12,197
SU2473,Rossiya,2024-02-08,22:15,103
SU2679,Nordavia,2024-02-10,19:19,260
SU2898,Yakutia,2024-05-24,19:57,309
SU2401,Red Wings,2024-09-09,02:19,112
SU2472,S7 Airlines,2024-01-26,18:21,198
SU5196,S7 Airlines,2024-09-27,04:45,176
SU9532,Ural Airlines,2024-07-26,05:45,233
SU4704,Nordavia,2024-01-20,04:13,290
SU2000,Ural Airlines,2024-06-01,21:47,286
SU6736,UTair,2024-09-10,00:39,57
SU1572,Azimuth,2024-12-16,09:38,254
SU4865,Red Wings,2024-05-14,20:19,348
SU9160,Ural Airlines,2024-08-02,09:40,341
SU5956,Rossiya,2024-05-05,11:29,123
SU9013,Rossiya,2024-06-13,15:40,192
SU5333,Nordavia,2024-05-13,02:56,205
SU9823,Yakutia,2024-08-26,22:17,142
SU904,Rossiya,2024-09-06,20:56,313
SU9192,Yakutia,2024-07-28,04:24,176
SU7177,Rossiya,2024-11-11,22:15,117
SU3198,Pobeda,2024-11-18,13:12,251
SU9671,Aeroflot,2024-02-22,13:37,291
SU381,UTair,2024-03-20,09:33,67
SU4562,Red Wings,2024-03-22,21:25,138
SU7129,Aeroflot,2024-06-15,11:28,182
SU4408,UTair,2024-07-18,12:27,271
SU412,Red Wings,2024-12-28,07:30,52
SU1635,UTair,2024-10-18,15:22,106
SU5266,S7 Airlines,2024-12-09,10:10,130
SU4619,Aeroflot,2024-04-24,01:41,55
SU2027,Yakutia,2024-09-04,06:24,199
SU8415,Nordavia,2024-03-15,21:41,240
SU2572,Red Wings,2024-09-05,07:17,194
SU9047,UTair,2024-09-23,02:46,290
SU806,Yakutia,2024-12-18,02:20,251
SU238,Aeroflot,2024-02-28,17:12,298
SU5385,S7 Airlines,2024-06-05,02:47,147
SU6012,UTair,2024-12-03,21:10,341
SU7122,Yakutia,2024-12-13,06:57,128
SU1441,Rossiya,2024-02-14,00:37,156
SU4923,Red Wings,2024-07-28,01:29,247
SU7100,Rossiya,2024-05-02,18:50,219
SU2331,Aeroflot,2024-09-07,21:25,168
SU5518,Aeroflot,2024-12-27,06:04,188
SU2530,Azimuth,2024-02-12,07:32,72
SU834,Red Wings,2024-03-15,06:50,73
SU154,Azimuth,2024-07-23,20:20,55
SU9827,Pobeda,2024-02-12,10:44,111
SU1288,Aeroflot,2024-11-02,21:40,271
SU7202,Aeroflot,2024-08-01,12:01,303
SU9233,UTair,2024-06-09,05:45,310
SU6614,UTair,2024-10-02,11:53,300
SU4067,UTair,2024-07-21,23:03,321
SU7421,Red Wings,2024-11-26,08:40,341
SU245,Pobeda,2024-10-20,08:10,97
SU3359,UTair,2024-02-04,23:55,274
SU3076,Nordavia,2024-06-24,14:21,92
SU4645,Nordavia,2024-02-09,14:06,225
SU6418,Ural Airlines,2024-08-03,08:11,91
SU101,Nordavia,2024-09-23,16:56,284
SU3273,UTair,2024-12-25,15:40,130
SU7743,Rossiya,2024-12-05,12:37,215
SU8217,Pobeda,2024-08-20,18:36,170
SU3108,UTair,2024-11-17,19:36,91
SU984,Rossiya,2024-03-23,19:09,282
SU7459,UTair,2024-01-27,17:00,188
SU3120,Pobeda,2024-11-15,20:44,152
SU6135,Aeroflot,2024-09-06,03:40,313
SU1216,S7 Airlines,2024-02-26,10:56,56
SU5625,Yakutia,2024-01-20,03:13,305
SU1632,S7 Airlines,2024-04-10,05:03,344
SU5662,Azimuth,2024-06-16,12:57,296
SU886,Rossiya,2024-02-22,14:15,127
SU6251,Rossiya,2024-12-02,06:10,70
SU3967,S7 Airlines,2024-12-19,19:01,214
SU2776,S7 Airlines,2024-08-11,11:26,108
SU4986,Pobeda,2024-07-11,14:46,283
SU3236,Rossiya,2024-09-24,13:04,94
SU614,Aeroflot,2024-02-11,13:41,306
SU8291,Azimuth,2024-03-20,07:17,250
SU6541,Aeroflot,2024-02-04,02:13,269
SU3339,Azimuth,2024-09-26,00:57,307
SU3072,Pobeda,2024-03-15,07:36,179
SU9097,UTair,2024-08-12,01:39,349
SU2631,Aeroflot,2024-11-26,07:31,186
SU4145,Red Wings,2024-10-25,01:30,332
SU4771,Rossiya,2024-11-19,09:00,172
SU5450,UTair,2024-08-11,13:53,321
SU884,Pobeda,2024-06-25,05:13,160
SU6679,Red Wings,2024-12-14,07:13,309
SU9767,Yakutia,2024-12-27,05:22,230
SU7187,Rossiya,2024-10-25,03:13,118
SU6461,UTair,2024-09-06,00:48,157
SU5741,Rossiya,2024-08-28,07:38,261
SU8100,Ural Airlines,2024-07-13,03:42,106
SU9248,Nordavia,2024-06-13,10:32,125
SU1590,Nordavia,2024-04-19,19:45,241
SU3455,Aeroflot,2024-08-04,07:16,86
SU6857,Red Wings,2024-07-15,11:13,195
SU4995,Azimuth,2024-11-13,14:06,95
SU509,Red Wings,2024-04-05,17:37,190
SU9493,Yakutia,2024-04-23,23:51,317
SU8193,Nordavia,2024-12-22,02:09,87
SU8609,Yakutia,2024-05-02,05:53,83
SU4394,Aeroflot,2024-11-20,15:46,148
SU8051,Pobeda,2024-04-28,04:51,343
SU2884,Red Wings,2024-09-17,03:10,131
SU7743,Nordavia,2024-03-28,15:38,188
SU6654,Pobeda,2024-08-13,17:19,194
SU405,UTair,2024-01-06,23:16,308
SU6447,Aeroflot,2024-08-20,21:59,148
SU3320,Aeroflot,2024-11-06,18:37,61
SU5449,UTair,2024-05-13,06:59,202
SU4781,Yakutia,2024-10-12,21:09,229
SU6567,UTair,2024-02-27,10:00,339
SU254,Aeroflot,2024-02-12,19:29,81
SU620,Yakutia,2024-11-07,05:15,186
SU3143,S7 Airlines,2024-03-19,05:40,287
SU6041,Yakutia,2024-10-14,00:22,287
SU7604,Pobeda,2024-06-24,13:41,138
SU3031,Nordavia,2024-03-14,07:21,211
SU4675,Nordavia,2024-01-07,22:19,157
SU5783,Yakutia,2024-07-10,01:14,340
SU7890,Ural Airlines,2024-10-18,06:19,124
SU9235,Yakutia,2024-12-03,00:02,201
SU1417,Nordavia,2024-04-08,11:43,306
SU7309,Rossiya,2024-05-23,22:45,250
SU3108,UTair,2024-08-20,04:06,117
SU6546,Azimuth,2024-05-16,00:40,178
SU2830,Pobeda,2024-05-25,21:17,248
SU471,Nordavia,2024-06-19,19:03,133
SU7118,Ural Airlines,2024-12-28,20:23,244
SU5524,Nordavia,2024-01-11,00:44,119
SU4961,Pobeda,2024-08-13,06:09,347
SU6193,Aeroflot,2024-01-24,07:58,230
SU1065,Rossiya,2024-11-16,21:33,63
SU8874,Nordavia,2024-12-21,05:59,269
SU7463,Rossiya,2024-05-16,07:29,174
SU8991,UTair,2024-11-20,02:29,236
SU9738,Pobeda,2024-05-20,12:25,232
SU7736,Rossiya,2024-05-28,11:21,101
SU5999,UTair,2024-02-25,17:05,284
SU3617,S7 Airlines,2024-04-01,14:47,118
SU5841,Ural Airlines,2024-09-15,06:52,277
SU4394,Pobeda,2024-06-27,17:41,191
SU255,UTair,2024-05-28,00:41,238
SU7388,Rossiya,2024-05-16,08:39,215
SU5659,UTair,2024-06-22,00:54,55
SU2635,Nordavia,2024-07-24,20:35,195
SU2070,Nordavia,2024-02-23,14:17,255
SU4582,Pobeda,2024-04-10,16:59,186
SU601,Azimuth,2024-04-27,17:54,75
SU165,Nordavia,2024-06-10,02:33,320
SU1308,Aeroflot,2024-04-28,14:26,144
SU5118,Aeroflot,2024-09-20,07:48,345
SU9406,S7 Airlines,2024-03-02,15:16,102
SU6327,Azimuth,2024-11-10,12:16,79
SU2994,Yakutia,2024-10-28,08:35,230
SU9399,Aeroflot,2024-12-05,18:41,275
SU8462,Yakutia,2024-11-18,18:09,242
SU6123,Aeroflot,2024-12-09,16:55,282
SU4284,S7 Airlines,2024-01-24,20:05,315
SU7016,Rossiya,2024-09-10,12:36,170
SU8733,Red Wings,2024-03-19,14:58,126
SU4850,Azimuth,2024-05-28,17:34,115
SU2038,Rossiya,2024-04-05,19:40,178
SU9838,Azimuth,2024-12-27,06:48,333
SU9605,Azimuth,2024-08-22,03:44,111
SU9213,Aeroflot,2024-05-26,16:17,281
SU9854,Azimuth,2024-05-26,08:03,327
SU8200,Yakutia,2024-11-24,03:06,51
SU6803,S7 Airlines,2024-01-20,14:27,301
SU9875,S7 Airlines,2024-02-10,13:37,165
SU7502,Pobeda,2024-05-12,17:39,183
SU2490,UTair,2024-06-11,20:55,143
SU9875,Pobeda,2024-11-16,18:27,124
SU7935,Aeroflot,2024-08-21,16:33,269
SU6356,Yakutia,2024-11-24,14:11,282
SU7189,Rossiya,2024-02-01,13:33,172
SU6466,Red Wings,2024-07-25,23:10,189
SU7471,Nordavia,2024-03-17,00:40,219
SU9075,Red Wings,2024-07-12,09:46,151
SU8248,Azimuth,2024-11-06,18:03,84
SU9419,Nordavia,2024-04-22,15:11,171
SU9881,Azimuth,2024-12-01,05:21,314
SU7656,S7 Airlines,2024-01-17,06:31,348
SU1777,Rossiya,2024-12-14,09:44,172
SU7540,Yakutia,2024-11-20,10:11,322
SU6281,Pobeda,2024-09-24,13:19,303
SU3000,UTair,2024-03-22,15:34,347
SU3305,Aeroflot,2024-02-14,03:01,97
SU1917,Aeroflot,2024-03-08,12:32,333
SU5042,Pobeda,2024-08-14,20:49,319
SU8089,Nordavia,2024-09-20,10:39,299
SU5215,Nordavia,2024-08-14,09:18,105
SU9063,Aeroflot,2024-04-12,18:25,234
SU7706,Aeroflot,2024-04-11,02:06,130
SU4329,Rossiya,2024-06-05,21:52,214
SU698,Azimuth,2024-08-25,11:53,175
SU7216,Nordavia,2024-10-28,12:27,302
SU4547,Pobeda,2024-10-04,06:26,346
SU4346,UTair,2024-01-01,02:54,339
SU8359,Red Wings,2024-07-13,10:09,205
SU4515,Rossiya,2024-02-06,09:48,63
SU4335,Aeroflot,2024-02-03,15:30,331
SU2574,Rossiya,2024-12-28,18:26,156
SU8472,Azimuth,2024-09-16,10:25,277
SU9782,UTair,2024-06-28,13:42,347
SU3485,UTair,2024-05-23,08:07,178
SU3106,Nordavia,2024-05-16,11:09,192
SU9391,S7 Airlines,2024-03-23,06:52,325
SU6822,Ural Airlines,2024-07-21,00:32,185
SU4435,Azimuth,2024-03-12,22:36,152
SU4836,Ural Airlines,2024-05-04,11:09,213
SU3522,Pobeda,2024-03-20,15:30,249
SU5352,Azimuth,2024-03-20,07:30,333
SU9937,S7 Airlines,2024-09-02,05:21,109
SU9787,Rossiya,2024-02-15,20:10,205
SU6774,Yakutia,2024-10-27,03:09,230
SU5100,Nordavia,2024-11-05,23:25,159
SU7725,Rossiya,2024-03-05,03:39,282
SU4627,S7 Airlines,2024-12-25,13:48,251
SU1390,S7 Airlines,2024-03-03,20:28,197
SU6365,Azimuth,2024-02-22,23:31,326
SU5600,Ural Airlines,2024-02-23,22:22,159
SU6986,Azimuth,2024-03-06,19:53,324
SU3934,Nordavia,2024-05-22,08:09,83
SU3020,Rossiya,2024-03-22,17:42,67
SU1282,UTair,2024-04-25,06:07,146
SU9928,Azimuth,2024-06-12,17:54,90
SU6151,Rossiya,2024-05-14,20:22,221
SU9874,Yakutia,2024-04-05,02:42,94
SU6165,Ural Airlines,2024-04-25,14:08,180
SU3296,Pobeda,2024-10-27,03:05,330
SU2877,Ural Airlines,2024-11-13,18:23,225
SU3071,Pobeda,2024-11-12,06:19,210
SU6994,Azimuth,2024-05-01,20:41,164
SU1797,Rossiya,2024-02-17,14:04,288
SU8569,S7 Airlines,2024-07-25,12:40,76
SU5891,S7 Airlines,2024-04-16,10:30,159
SU1818,Yakutia,2024-03-22,14:38,72
SU4793,Nordavia,2024-06-18,20:43,272
SU4994,Azimuth,2024-04-19,04:22,283
SU6507,Azimuth,2024-06-21,02:37,100
SU6916,Azimuth,2024-09-05,08:38,339
SU2665,UTair,2024-10-22,05:43,163
SU4009,Red Wings,2024-11-01,05:49,219
SU9531,Nordavia,2024-11-25,18:30,343
SU3918,Aeroflot,2024-05-20,04:12,60
SU4634,Azimuth,2024-09-15,13:08,326
SU4865,Yakutia,2024-04-14,19:20,274
SU451,Aeroflot,2024-04-26,15:54,319
SU6240,Rossiya,2024-10-21,16:24,286
SU4237,Pobeda,2024-11-20,02:28,190
SU667,Azimuth,2024-06-14,15:55,332
SU7396,Rossiya,2024-04-08,11:07,163
SU4853,Pobeda,2024-06-15,03:01,151
SU1029,Azimuth,2024-12-19,18:30,73
SU1517,Aeroflot,2024-11-06,08:49,54
SU9022,Nordavia,2024-07-12,05:53,237
SU9179,UTair,2024-02-07,09:21,221
SU2596,Azimuth,2024-10-13,11:46,127
SU3187,Aeroflot,2024-06-27,21:16,107
SU1726,Azimuth,2024-06-20,21:45,65
SU9191,Nordavia,2024-12-01,22:59,225
SU1164,Aeroflot,2024-10-09,21:59,160
SU6370,UTair,2024-04-13,09:44,308
SU982,Aeroflot,2024-03-03,21:45,161
SU7011,Nordavia,2024-04-13,03:47,307
SU8549,Rossiya,2024-06-21,05:37,90
SU3970,Pobeda,2024-09-06,17:01,163
SU4585,Rossiya,2024-04-08,08:13,180
SU2926,S7 Airlines,2024-07-07,16:37,331
SU9641,Aeroflot,2024-12-25,06:59,292
SU8580,Red Wings,2024-02-07,21:17,226
SU4725,Nordavia,2024-11-17,22:08,65
SU7390,Pobeda,2024-12-16,14:12,286
SU5791,Yakutia,2024-08-18,18:19,108
SU4379,Yakutia,2024-05-20,06:21,349
SU6142,Red Wings,2024-07-01,19:10,190
SU4463,Aeroflot,2024-06-12,14:30,174
SU5860,Pobeda,2024-11-11,21:49,266
SU7047,UTair,2024-03-27,16:25,331
SU6046,Nordavia,2024-05-06,00:02,153
SU6123,Red Wings,2024-11-12,08:06,84
SU6295,Nordavia,2024-12-03,10:49,339
SU8210,Red Wings,2024-04-07,06:54,72
SU4376,Rossiya,2024-06-22,18:27,329
SU8544,Pobeda,2024-08-06,07:57,161
SU745,Azimuth,2024-12-05,13:50,62
SU5901,Yakutia,2024-04-20,12:19,279
SU8310,Rossiya,2024-10-20,10:17,83
SU6510,Aeroflot,2024-11-05,20:00,138
SU5912,Ural Airlines,2024-01-12,03:02,321
SU5125,S7 Airlines,2024-12-15,23:39,229
SU9888,Rossiya,2024-01-28,09:59,204
SU8108,Red Wings,2024-09-14,22:41,217
SU4302,Aeroflot,2024-10-04,22:47,329
SU6962,Azimuth,2024-02-10,03:15,273
SU4847,Pobeda,2024-08-11,15:53,347
SU8222,Azimuth,2024-06-12,20:28,221
SU7610,Aeroflot,2024-10-27,19:16,343
SU6001,Yakutia,2024-08-23,21:03,57
SU7248,Pobeda,2024-04-15,06:25,119
SU2475,Rossiya,2024-05-15,00:40,236
SU1783,Aeroflot,2024-12-01,02:41,78
SU237,Rossiya,2024-10-18,18:00,124
SU346,Rossiya,2024-10-23,16:25,319
SU8350,Aeroflot,2024-02-13,01:07,191
SU6291,UTair,2024-05-20,06:49,293
SU270,Pobeda,2024-07-09,00:59,320
SU8621,Yakutia,2024-08-06,08:29,100
SU9939,Yakutia,2024-01-25,06:19,175
SU8539,Rossiya,2024-12-16,14:49,179
SU183,Red Wings,2024-08-25,19:30,334
SU1698,Red Wings,2024-08-09,05:28,288
SU170,Rossiya,2024-02-15,16:14,78
SU7814,Aeroflot,2024-04-28,13:41,206
SU5436,UTair,2024-12-12,18:45,112
SU3140,Pobeda,2024-06-20,07:37,184
SU2039,Pobeda,2024-08-20,09:00,177
SU4392,S7 Airlines,2024-01-02,17:33,147
SU4171,Azimuth,2024-08-07,10:10,91
SU1636,Red Wings,2024-01-26,14:13,294
SU4545,Ural Airlines,2024-01-02,15:47,264
SU3627,Red Wings,2024-03-09,01:09,192
SU5376,Ural Airlines,2024-11-01,10:18,99
SU4551,Yakutia,2024-08-10,12:32,311
SU8856,Ural Airlines,2024-10-21,23:29,223
SU8973,S7 Airlines,2024-05-16,14:07,349
SU6000,S7 Airlines,2024-07-17,13:47,116
SU9953,Azimuth,2024-10-10,12:52,217
SU658,Aeroflot,2024-09-21,00:58,301
SU4249,Azimuth,2024-06-04,15:41,264
SU8663,Nordavia,2024-10-01,20:41,54
SU5106,Pobeda,2024-11-13,12:52,143
SU836,Rossiya,2024-05-23,11:03,266
SU4080,Rossiya,2024-03-28,06:29,269
SU503,Aeroflot,2024-12-22,22:21,65
SU3175,Pobeda,2024-07-09,14:55,127
SU2543,Aeroflot,2024-08-20,14:12,195
SU1840,UTair,2024-10-21,12:10,157
SU1915,Rossiya,2024-07-19,17:11,200
SU9334,Red Wings,2024-08-12,06:49,317
SU1234,UTair,2024-10-02,14:18,51
SU7360,Red Wings,2024-02-06,18:21,160
SU4531,Red Wings,2024-10-18,14:24,283
SU5762,UTair,2024-08-19,19:21,221
SU5940,Yakutia,2024-04-27,04:32,203
SU6662,Red Wings,2024-10-16,01:40,178
SU2582,Red Wings,2024-03-28,16:27,294
SU7066,Yakutia,2024-01-15,04:53,53
SU7237,Nordavia,2024-06-04,22:21,331
SU280,Rossiya,2024-01-11,16:21,172
SU8333,Ural Airlines,2024-06-02,10:51,98
SU5585,UTair,2024-12-18,15:48,348
SU8763,Yakutia,2024-06-05,03:31,219
SU2639,Nordavia,2024-12-06,13:32,88
SU7624,Nordavia,2024-06-04,04:16,336
SU9807,Aeroflot,2024-06-06,00:45,213
SU6308,Rossiya,2024-08-26,22:13,336
SU1667,Red Wings,2024-10-05,07:52,305
SU4721,Nordavia,2024-04-24,14:57,70
SU5390,S7 Airlines,2024-09-11,11:37,51
SU5824,Pobeda,2024-10-21,09:48,233
SU8533,Yakutia,2024-08-25,11:55,139
SU5961,Nordavia,2024-10-10,23:37,68
SU5991,Red Wings,2024-01-17,05:20,132
SU1716,Nordavia,2024-12-14,04:32,153
SU1737,Aeroflot,2024-04-22,12:01,245
SU8598,Red Wings,2024-08-17,00:22,295
SU3949,UTair,2024-10-04,23:18,108
SU3863,Rossiya,2024-06-03,20:53,185
SU8877,Aeroflot,2024-11-24,05:48,254
SU5534,Pobeda,2024-07-28,10:28,203
SU9189,Red Wings,2024-05-10,16:46,88
SU8291,Red Wings,2024-04-24,13:33,111
SU4061,Pobeda,2024-10-03,01:37,68
SU5635,Azimuth,2024-11-12,02:39,227
SU3228,S7 Airlines,2024-10-26,15:42,253
SU8818,Rossiya,2024-11-08,10:26,233
SU7026,Azimuth,2024-05-28,11:27,128
SU5243,S7 Airlines,2024-06-12,07:20,245
SU8756,Nordavia,2024-08-15,10:37,269
SU247,UTair,2024-07-26,10:48,114
SU8346,Aeroflot,2024-01-03,15:02,305
SU6372,Pobeda,2024-12-23,23:11,62
SU4740,Aeroflot,2024-12-06,14:49,78
SU135,Nordavia,2024-03-18,09:35,202
SU988,Pobeda,2024-03-19,10:30,76
SU4689,Pobeda,2024-12-23,22:51,337
SU9185,Red Wings,2024-07-05,21:22,159
SU2092,UTair,2024-12-25,07:59,337
SU374,Aeroflot,2024-12-01,21:58,260
SU9332,Azimuth,2024-02-07,15:40,324
SU7524,Aeroflot,2024-08-04,02:37,333
SU6342,UTair,2024-02-11,22:28,284
SU3733,Red Wings,2024-05-28,01:39,239
SU9550,Azimuth,2024-10-10,09:05,57
SU7958,S7 Airlines,2024-12-22,14:06,181
SU2671,Aeroflot,2024-11-06,21:06,70
SU3497,Rossiya,2024-04-15,21:21,81
SU7915,Yakutia,2024-03-21,19:52,212
SU6685,Pobeda,2024-09-02,16:21,52
SU5872,Yakutia,2024-07-11,03:57,278
SU4979,Yakutia,2024-05-11,01:33,312
SU3528,Pobeda,2024-07-22,22:24,119
SU1373,S7 Airlines,2024-11-25,19:53,276
SU7918,UTair,2024-05-07,09:39,88
SU4810,Rossiya,2024-04-13,20:01,186
SU9121,Aeroflot,2024-08-24,09:00,200
SU565,Aeroflot,2024-02-14,12:37,308
SU965,Nordavia,2024-05-03,18:18,119
SU676,UTair,2024-01-20,05:34,183
SU4389,UTair,2024-10-25,14:25,107
SU2959,Aeroflot,2024-10-27,01:13,144
SU6401,Yakutia,2024-10-27,05:41,326
SU2532,Ural Airlines,2024-08-21,09:53,150
SU1539,Pobeda,2024-12-22,08:34,295
SU1063,UTair,2024-08-07,16:20,247
SU9997,S7 Airlines,2024-12-01,04:49,171
SU172,S7 Airlines,2024-07-07,04:49,333
SU7464,Rossiya,2024-02-05,08:39,104
SU6090,S7 Airlines,2024-10-15,21:38,327
SU5312,Pobeda,2024-08-12,17:23,68
SU3684,Nordavia,2024-01-24,07:17,290
SU7353,Rossiya,2024-03-02,12:00,293
SU9269,Azimuth,2024-10-02,00:04,320
SU1367,Red Wings,2024-01-22,18:08,261
SU422,Nordavia,2024-04-17,14:16,157
SU7763,Pobeda,2024-03-14,15:23,308
SU1329,Ural Airlines,2024-03-20,02:39,136
SU3148,Yakutia,2024-09-14,00:59,71
SU9096,S7 Airlines,2024-05-03,04:16,247
SU3781,Red Wings,2024-07-11,12:25,109
SU8598,UTair,2024-07-15,20:25,167
SU6472,UTair,2024-05-07,14:31,120
SU853,S7 Airlines,2024-09-23,23:12,78
SU9242,Pobeda,2024-04-03,20:03,327
SU9384,Ural Airlines,2024-01-11,10:52,169
SU1673,Nordavia,2024-08-22,19:59,128
SU277,Rossiya,2024-09-20,20:34,194
SU8857,Red Wings,2024-03-20,20:35,66
SU3202,Yakutia,2024-12-19,23:51,258
SU5106,UTair,2024-04-03,00:23,108
SU9115,Pobeda,2024-01-08,11:51,323
SU4718,Yakutia,2024-10-27,03:53,288
SU1202,Aeroflot,2024-12-05,12:37,314
SU8069,Rossiya,2024-11-25,18:11,85
SU3015,Azimuth,2024-03-01,21:07,158
SU7965,Aeroflot,2024-08-14,11:18,111
SU8373,Nordavia,2024-06-18,20:26,290
SU692,Rossiya,2024-12-14,21:06,253
SU7483,Yakutia,2024-08-17,14:20,248
SU8423,Azimuth,2024-01-22,11:13,220
SU4525,Red Wings,2024-12-07,03:18,147
SU8001,Azimuth,2024-09-26,23:16,104
SU5247,Ural Airlines,2024-05-19,20:14,213
SU6835,Yakutia,2024-02-03,17:34,304
SU5278,UTair,2024-01-08,06:10,287
SU2642,Aeroflot,2024-05-15,15:07,145
SU1749,Aeroflot,2024-05-06,21:35,265
SU260,Aeroflot,2024-06-04,10:57,290
SU4631,Red Wings,2024-09-15,11:45,296
SU1876,Ural Airlines,2024-07-13,11:13,181
SU7953,UTair,2024-07-13,16:41,55
SU5530,Aeroflot,2024-08-19,11:25,116
SU1642,S7 Airlines,2024-11-01,08:45,269
SU1391,UTair,2024-09-11,13:22,222
SU3137,Nordavia,2024-01-20,06:49,136
SU2090,Yakutia,2024-04-14,10:27,121
SU9631,Ural Airlines,2024-05-10,13:42,262
SU7793,Azimuth,2024-09-05,02:04,220
SU816,Aeroflot,2024-08-03,13:23,145
SU8730,Pobeda,2024-04-17,12:18,114
SU5913,Rossiya,2024-06-11,06:18,164
SU2871,UTair,2024-07-15,05:33,195
SU9931,S7 Airlines,2024-04-20,16:44,199
SU5677,Yakutia,2024-10-28,15:07,331
SU7438,Ural Airlines,2024-11-25,01:04,123
SU2212,Red Wings,2024-03-17,09:12,329
SU6537,Ural Airlines,2024-09-21,09:12,158
SU9569,Ural Airlines,2024-08-11,06:37,113
SU5874,Yakutia,2024-08-08,14:51,254
SU2307,Nordavia,2024-10-11,03:38,196
SU6062,Red Wings,2024-04-20,19:09,187
SU944,Pobeda,2024-09-22,07:49,322
SU9031,Ural Airlines,2024-11-20,07:57,121
SU4356,Ural Airlines,2024-02-06,20:11,344
SU1028,Nordavia,2024-08-14,05:22,334
SU436,Pobeda,2024-08-04,14:27,279
SU3976,S7 Airlines,2024-06-23,19:46,231
SU5474,Rossiya,2024-06-27,05:46,259
SU9660,Azimuth,2024-01-23,19:17,294
SU6038,Aeroflot,2024-09-04,09:51,51
SU8338,Red Wings,2024-12-11,04:32,136
SU718,UTair,2024-09-21,07:48,290
SU1283,S7 Airlines,2024-06-11,12:07,210
SU1146,UTair,2024-06-10,21:54,337
SU2765,Azimuth,2024-03-25,07:41,325
SU3695,Nordavia,2024-10-16,07:24,123
SU6152,Aeroflot,2024-10-05,19:34,350
SU5692,Rossiya,2024-09-21,19:30,152
SU2645,Pobeda,2024-02-16,03:08,164
SU8689,S7 Airlines,2024-12-08,09:59,61
SU8071,Azimuth,2024-08-24,01:41,157
SU4086,Aeroflot,2024-06-15,17:07,159
SU3593,UTair,2024-05-14,18:57,169
SU3577,UTair,2024-04-11,19:13,104
SU9478,Aeroflot,2024-09-03,10:07,232
SU9205,Yakutia,2024-10-21,12:38,291
SU3013,Yakutia,2024-01-27,11:41,288
SU1093,Rossiya,2024-08-02,18:03,230
SU7656,Ural Airlines,2024-07-04,03:37,186
SU9998,Yakutia,2024-12-10,12:47,339
SU950,Nordavia,2024-12-10,20:09,106
SU2520,Rossiya,2024-02-02,02:18,325
SU271,S7 Airlines,2024-11-14,17:40,162
SU7424,Azimuth,2024-08-16,09:17,305
SU486,Red Wings,2024-06-21,03:33,262
SU3822,Aeroflot,2024-03-21,02:55,277
SU7195,Azimuth,2024-01-17,19:27,246
SU8229,Azimuth,2024-07-24,19:29,322
SU5145,Rossiya,2024-12-11,19:49,56
SU688,S7 Airlines,2024-02-22,18:53,276
SU6664,S7 Airlines,2024-01-07,00:52,147
SU3760,Rossiya,2024-03-20,06:16,199
SU1513,Red Wings,2024-11-05,20:22,168
SU3240,Rossiya,2024-12-02,04:29,321
SU7019,Aeroflot,2024-07-03,02:19,211
SU8516,Pobeda,2024-03-05,18:37,299
SU5940,Aeroflot,2024-05-26,04:57,168
SU4346,Nordavia,2024-01-04,06:51,151
SU5612,Pobeda,2024-05-26,11:40,299
SU9219,Aeroflot,2024-05-19,04:09,262
SU9237,Rossiya,2024-06-10,10:53,299
SU2842,Azimuth,2024-07-07,03:07,341
SU9167,Pobeda,2024-12-04,12:22,85
SU9041,Azimuth,2024-09-21,00:57,223
SU7035,Pobeda,2024-02-15,16:44,224
SU2466,Ural Airlines,2024-01-02,09:53,262
SU8122,S7 Airlines,2024-12-18,06:58,202
SU4729,Azimuth,2024-02-08,07:27,154
SU4722,UTair,2024-04-15,10:22,153
SU9573,Yakutia,2024-04-13,16:52,274
SU1843,Aeroflot,2024-05-15,03:59,165
SU7636,Aeroflot,2024-12-17,02:03,162
SU9912,Nordavia,2024-11-17,03:23,241
SU3010,Red Wings,2024-02-26,15:57,125
SU5563,Aeroflot,2024-09-24,02:43,195
SU2554,Azimuth,2024-11-01,08:13,344
SU5899,Aeroflot,2024-07-08,12:33,117
SU3301,Red Wings,2024-12-13,22:16,108
SU4975,Red Wings,2024-09-27,17:06,88
SU2185,Pobeda,2024-12-25,15:47,195
SU7659,Red Wings,2024-06-18,04:41,84
SU3419,Pobeda,2024-10-08,04:43,190
SU7978,Nordavia,2024-05-11,09:10,151
SU7314,Aeroflot,2024-12-07,16:12,229
SU6008,Red Wings,2024-12-07,10:23,196
SU5876,Azimuth,2024-06-23,03:37,317
SU4594,Nordavia,2024-04-18,01:29,143
SU4376,Red Wings,2024-05-22,00:33,160
SU6371,Aeroflot,2024-03-21,20:13,323
SU4361,Pobeda,2024-10-28,22:12,264
SU5377,Rossiya,2024-01-16,13:08,333
SU6555,Rossiya,2024-12-13,17:24,68
SU3823,UTair,2024-06-05,11:13,103
SU3678,Red Wings,2024-12-06,17:25,202
SU2442,Ural Airlines,2024-07-07,21:23,174
SU3450,Aeroflot,2024-07-07,03:12,76
SU5033,Pobeda,2024-05-07,12:57,79
SU2618,Red Wings,2024-10-15,04:53,267
SU868,Yakutia,2024-07-05,02:43,84
SU9576,S7 Airlines,2024-03-06,07:08,265
SU877,Aeroflot,2024-04-18,01:46,344
SU7291,Pobeda,2024-11-12,11:47,282
SU8085,Red Wings,2024-11-09,13:54,262
SU8231,Yakutia,2024-11-16,15:38,322
SU3474,Aeroflot,2024-10-19,03:28,74
SU5853,Aeroflot,2024-09-09,00:38,76
SU5559,Aeroflot,2024-06-12,08:43,182
SU8755,Aeroflot,2024-11-24,22:19,288
SU5890,Aeroflot,2024-09-03,03:42,255
SU3531,UTair,2024-12-23,19:47,64
SU6729,Yakutia,2024-11-05,06:27,257
SU7529,Azimuth,2024-09-07,20:52,119
SU8728,S7 Airlines,2024-06-03,12:40,203
SU7163,Red Wings,2024-08-08,22:23,267
SU6225,Red Wings,2024-07-17,15:46,68
SU1141,Nordavia,2024-04-21,01:10,190
SU5586,Rossiya,2024-05-13,08:33,295
SU4952,Aeroflot,2024-11-01,08:10,165
SU9472,Azimuth,2024-12-21,12:29,129
SU1790,Pobeda,2024-08-05,16:17,121
SU3630,Azimuth,2024-12-15,00:33,206
SU3137,UTair,2024-04-26,04:44,223
SU3185,S7 Airlines,2024-01-24,19:37,194
SU3003,Pobeda,2024-06-16,21:31,180
SU1761,S7 Airlines,2024-03-13,14:50,249
SU8345,Ural Airlines,2024-11-09,06:29,117
SU8074,Rossiya,2024-10-01,23:09,268
SU9890,Azimuth,2024-06-22,21:41,171
SU9178,Azimuth,2024-09-05,22:29,123
SU2035,UTair,2024-11-10,14:55,303
SU3684,Ural Airlines,2024-02-21,14:30,71
SU8128,Aeroflot,2024-06-06,02:47,78
SU1440,Red Wings,2024-12-11,15:10,114
SU4856,Pobeda,2024-05-08,23:02,66
SU1270,Pobeda,2024-03-13,08:08,234
SU8293,Azimuth,2024-10-02,17:38,165
SU4906,Red Wings,2024-02-24,21:23,106
SU9302,Pobeda,2024-09-22,13:44,232
SU3531,Rossiya,2024-06-12,05:31,99
SU2392,Rossiya,2024-09-04,17:58,316
SU5871,Rossiya,2024-05-08,13:22,342
SU6263,S7 Airlines,2024-09-11,06:50,145
SU7628,Ural Airlines,2024-01-16,17:47,342
SU3338,S7 Airlines,2024-07-03,01:34,347
SU894,Ural Airlines,2024-08-01,08:50,239
SU144,Aeroflot,2024-01-27,19:12,116
SU5059,Ural Airlines,2024-04-22,20:41,256
SU3389,UTair,2024-10-07,01:10,54
SU6614,Pobeda,2024-07-19,10:19,104
SU5030,Rossiya,2024-10-25,12:32,210
SU1619,Red Wings,2024-05-12,09:52,349
SU3278,Azimuth,2024-05-23,06:47,64
SU1249,Aeroflot,2024-01-21,02:04,134
SU7208,Rossiya,2024-06-13,18:22,232
SU279,Nordavia,2024-02-15,13:48,111
SU4661,Nordavia,2024-01-16,06:32,216
SU3872,Red Wings,2024-03-02,07:24,264
SU2423,Red Wings,2024-12-27,08:04,249
SU8155,UTair,2024-12-26,01:34,56
SU2511,Nordavia,2024-05-24,02:11,93
SU1593,S7 Airlines,2024-09-23,01:36,191
SU4196,Aeroflot,2024-05-05,21:20,78
SU7026,Azimuth,2024-03-04,05:48,119
SU7023,Red Wings,2024-07-02,06:19,276
SU1767,S7 Airlines,2024-01-05,11:09,153
SU1616,Rossiya,2024-05-01,17:03,206
SU1002,Ural Airlines,2024-08-27,10:22,173
SU6115,Nordavia,2024-04-20,06:50,142
SU4017,Nordavia,2024-09-12,03:43,164
SU5696,S7 Airlines,2024-04-04,14:10,195
SU814,Yakutia,2024-05-07,14:53,347
SU4501,Ural Airlines,2024-08-26,23:33,228
SU5110,Rossiya,2024-02-05,16:22,190
SU5350,Red Wings,2024-02-03,17:05,308
SU2114,Pobeda,2024-12-03,15:54,293
SU1870,S7 Airlines,2024-01-14,00:42,332
SU8093,UTair,2024-03-12,00:46,324
SU8708,UTair,2024-05-21,15:26,300
SU9975,UTair,2024-08-20,11:02,158
SU8163,UTair,2024-05-26,06:04,216
SU3458,UTair,2024-05-02,19:54,70
SU4844,Nordavia,2024-07-11,03:10,156
SU3379,Pobeda,2024-08-17,08:11,89
SU5045,Pobeda,2024-04-17,01:46,298
SU8339,Red Wings,2024-02-07,04:55,325
SU3150,Nordavia,2024-07-14,11:15,248
SU3068,UTair,2024-03-10,04:26,77
SU3906,Azimuth,2024-02-27,20:12,67
SU7589,Aeroflot,2024-08-22,14:26,280
SU6823,Red Wings,2024-09-11,13:16,176
SU4496,Rossiya,2024-10-02,03:01,116
SU5454,Ural Airlines,2024-10-08,16:19,120
SU6874,Aeroflot,2024-08-25,22:18,164
SU2406,Aeroflot,2024-03-21,17:37,214
SU1721,Ural Airlines,2024-10-20,15:52,340
SU4936,Azimuth,2024-03-17,14:40,330
SU2756,UTair,2024-04-19,04:02,124
SU5996,Red Wings,2024-06-08,21:50,330
SU5319,Pobeda,2024-07-16,11:05,183
SU5515,Red Wings,2024-03-17,07:02,348
SU5399,UTair,2024-08-07,14:11,126
SU7112,S7 Airlines,2024-03-20,00:38,171
SU6524,Pobeda,2024-09-10,11:33,188
SU4889,Rossiya,2024-05-02,17:43,160
SU5369,Aeroflot,2024-01-01,18:29,113
SU2172,Nordavia,2024-06-21,02:53,181
SU2929,Ural Airlines,2024-04-09,02:52,66
SU8006,Ural Airlines,2024-06-16,15:14,118
SU5743,Red Wings,2024-08-23,20:12,197
SU1380,Azimuth,2024-11-26,07:53,253
SU2135,Aeroflot,2024-08-04,18:35,231
SU7594,S7 Airlines,2024-11-26,09:15,137
SU9541,Red Wings,2024-01-09,05:01,252
SU3086,Aeroflot,2024-11-10,09:26,156
SU9672,Aeroflot,2024-05-24,11:05,315
SU7266,Pobeda,2024-06-15,11:05,147
SU4488,S7 Airlines,2024-03-19,04:38,307
SU3395,Pobeda,2024-12-19,21:44,279
SU4097,UTair,2024-03-07,03:35,207
SU1856,Rossiya,2024-11-14,22:06,265
SU7378,Nordavia,2024-03-05,13:29,255
SU9478,Aeroflot,2024-04-06,09:25,86
SU9307,Yakutia,2024-01-10,20:11,196
SU1437,UTair,2024-02-25,15:18,282
SU6045,Azimuth,2024-01-02,17:59,212
SU6917,Ural Airlines,2024-08-12,16:24,143
SU4994,Azimuth,2024-04-27,23:51,344
SU3504,Yakutia,2024-04-25,07:05,91
SU2867,UTair,2024-03-10,17:03,325
SU4654,Azimuth,2024-03-16,19:18,162
SU9609,Rossiya,2024-01-05,06:28,57
SU9551,Red Wings,2024-09-24,15:19,109
SU1072,Nordavia,2024-04-23,00:07,98
SU6330,Ural Airlines,2024-11-28,14:13,298
SU1980,Red Wings,2024-10-13,01:32,149
SU4743,Rossiya,2024-08-12,22:07,220
SU8269,S7 Airlines,2024-07-07,22:22,245
SU9583,Rossiya,2024-10-22,15:24,237
SU9751,Azimuth,2024-01-19,08:37,244
SU4088,Rossiya,2024-05-23,07:35,62
SU4671,Ural Airlines,2024-07-08,07:59,280
SU4523,Yakutia,2024-07-11,04:47,266
SU6298,Azimuth,2024-08-08,21:54,325
SU7708,Azimuth,2024-04-02,01:52,84
SU3094,Aeroflot,2024-05-01,15:01,171
SU8042,Aeroflot,2024-09-01,07:07,263
SU8189,S7 Airlines,2024-12-18,07:18,51
SU4179,Pobeda,2024-11-27,15:19,312
SU8212,Rossiya,2024-04-03,05:35,198
SU7595,Red Wings,2024-04-24,05:41,185
SU8116,UTair,2024-08-03,22:20,271
SU4862,Red Wings,2024-06-20,07:08,97
SU4324,Rossiya,2024-01-22,02:34,169
SU7948,Azimuth,2024-03-01,16:27,230
SU4086,Nordavia,2024-12-05,16:21,208
SU8656,Ural Airlines,2024-03-16,20:10,310
SU6356,Azimuth,2024-09-03,12:20,216
SU2190,Red Wings,2024-08-28,03:12,175
SU5390,Pobeda,2024-05-09,22:24,187
SU5477,Nordavia,2024-06-22,20:06,263
SU1062,UTair,2024-05-19,07:25,147
SU4271,Nordavia,2024-01-08,06:30,60
SU3118,Red Wings,2024-10-05,20:08,328
SU6580,Ural Airlines,2024-08-06,15:30,233
SU1327,Rossiya,2024-10-25,13:33,287
SU2807,Pobeda,2024-11-02,09:50,284
SU4905,Rossiya,2024-04-16,01:11,190
SU1944,Red Wings,2024-12-07,22:34,194
SU8649,UTair,2024-03-19,23:28,104
SU6152,Azimuth,2024-01-13,22:15,333
SU1137,Rossiya,2024-02-16,13:19,155
SU5228,Aeroflot,2024-11-12,14:39,117
SU3539,Yakutia,2024-09-23,17:12,213
SU539,Pobeda,2024-01-20,13:59,315
SU9088,Nordavia,2024-06-10,14:47,143
SU6372,Nordavia,2024-02-24,21:36,255
SU1421,Aeroflot,2024-06-19,10:06,315
SU7816,Yakutia,2024-04-12,16:34,276
SU1105,Rossiya,2024-01-06,09:32,297
SU1484,Ural Airlines,2024-06-22,15:22,312
SU1479,Red Wings,2024-08-11,07:04,245
SU6390,Azimuth,2024-04-04,11:20,297
SU6298,Ural Airlines,2024-03-03,20:18,79
SU1423,Red Wings,2024-03-23,21:22,312
SU5475,Yakutia,2024-09-21,18:28,302
SU8786,Aeroflot,2024-05-07,07:47,54
SU5658,Yakutia,2024-12-24,12:54,293
SU8446,Aeroflot,2024-04-28,23:56,205
SU2341,Aeroflot,2024-11-26,19:07,73
SU7272,UTair,2024-08-11,17:13,164
SU162,UTair,2024-11-17,22:21,230
SU7303,Nordavia,2024-10-17,22:23,161
SU5773,Pobeda,2024-08-26,02:42,210
SU9159,Azimuth,2024-08-08,07:36,181
SU5482,Red Wings,2024-10-10,19:28,308
SU3144,Yakutia,2024-09-13,18:01,322
SU3727,Yakutia,2024-02-07,15:38,273
SU3634,UTair,2024-06-03,00:22,309
SU1123,Yakutia,2024-06-28,10:00,329
SU9888,Ural Airlines,2024-09-18,16:43,233
SU7693,Red Wings,2024-06-18,08:42,259
SU1552,Aeroflot,2024-02-22,13:04,206
SU7653,S7 Airlines,2024-01-19,18:50,343
SU147,Nordavia,2024-05-14,18:11,201
SU7969,Yakutia,2024-07-19,08:16,190
SU4797,Rossiya,2024-05-01,16:50,309
SU7121,UTair,2024-05-07,05:06,346
SU8507,Pobeda,2024-06-08,07:00,261
SU9301,UTair,2024-10-01,15:20,168
SU6414,Aeroflot,2024-11-26,09:53,80
SU1219,UTair,2024-07-09,04:54,249
SU7493,Aeroflot,2024-01-28,19:37,324
SU5227,Pobeda,2024-08-25,02:26,230
SU5592,Aeroflot,2024-10-05,22:12,296
SU4313,Yakutia,2024-07-18,06:44,152
SU5004,Pobeda,2024-09-16,03:43,347
SU7632,Aeroflot,2024-03-22,21:23,109
SU2993,Aeroflot,2024-06-14,14:53,270
SU3989,Yakutia,2024-06-12,14:50,268
SU5603,Yakutia,2024-12-06,05:19,150
SU7725,Ural Airlines,2024-03-22,11:28,173
SU1471,Yakutia,2024-06-19,06:43,57
SU8733,Red Wings,2024-12-21,13:34,204
SU5992,Pobeda,2024-06-15,10:43,102
SU8800,S7 Airlines,2024-04-21,09:48,226
SU9097,UTair,2024-04-18,19:53,265
SU569,Azimuth,2024-11-17,10:55,161
SU4553,Yakutia,2024-05-28,07:40,213
SU1490,Yakutia,2024-08-12,14:18,63
SU7875,Ural Airlines,2024-04-01,04:27,110
SU6651,Red Wings,2024-02-11,18:19,98
SU3402,Red Wings,2024-09-27,00:46,269
SU2715,Pobeda,2024-04-17,22:36,259
SU5016,Red Wings,2024-07-12,12:44,275
SU6482,Azimuth,2024-05-17,07:24,233
SU4393,S7 Airlines,2024-12-16,19:01,303
SU6196,Nordavia,2024-11-11,13:41,149
SU7225,Pobeda,2024-08-28,23:01,188
SU4170,UTair,2024-04-03,03:30,136
SU8495,S7 Airlines,2024-06-01,01:48,311
SU5285,Aeroflot,2024-07-27,10:50,188
SU9104,Ural Airlines,2024-07-17,08:46,326
SU3914,Yakutia,2024-08-16,08:14,128
SU5145,Yakutia,2024-04-15,07:22,222
SU1310,Rossiya,2024-12-22,01:51,325
SU1315,Red Wings,2024-11-15,06:52,155
SU1827,Azimuth,2024-03-21,21:26,66
SU2952,Ural Airlines,2024-06-09,18:40,324
SU3353,UTair,2024-07-20,16:02,106
SU643,Aeroflot,2024-09-22,00:29,212
SU5686,S7 Airlines,2024-05-07,20:45,93
SU7902,Red Wings,2024-04-28,06:49,96
SU2232,Nordavia,2024-06-01,14:13,103
SU3357,Rossiya,2024-03-25,13:16,205
SU2981,Nordavia,2024-02-15,21:04,151
SU3640,S7 Airlines,2024-04-06,23:42,130
SU202,Azimuth,2024-03-26,03:33,311
SU2806,UTair,2024-05-20,14:07,134
SU6848,Pobeda,2024-08-21,21:14,111
SU9436,Pobeda,2024-08-26,07:48,122
SU6953,Aeroflot,2024-03-01,04:40,313
SU8229,Rossiya,2024-02-28,11:09,230
SU1725,Yakutia,2024-11-04,07:06,192
SU4417,Nordavia,2024-06-20,02:10,338
SU2556,Aeroflot,2024-05-18,02:59,315
SU9396,Nordavia,2024-11-21,19:49,167
SU5509,Aeroflot,2024-06-13,15:02,105
SU1313,Rossiya,2024-02-20,00:46,286
SU7643,Aeroflot,2024-09-05,11:31,298
SU9886,Pobeda,2024-02-27,02:36,81
SU272,Red Wings,2024-06-10,00:58,249
SU4991,Rossiya,2024-10-02,02:05,315
SU1911,Nordavia,2024-10-09,21:06,121
SU1213,Pobeda,2024-07-19,14:06,294
SU8696,UTair,2024-03-26,05:15,108
SU1303,UTair,2024-11-03,00:32,138
SU8324,Rossiya,2024-09-15,01:58,162
SU2178,Pobeda,2024-01-07,19:02,215
SU4765,Ural Airlines,2024-02-01,13:00,194
SU3844,Ural Airlines,2024-07-01,14:08,285
SU9732,Ural Airlines,2024-05-01,22:44,90
SU5290,Rossiya,2024-11-27,01:07,88
SU3700,Nordavia,2024-11-04,15:44,315
SU3991,S7 Airlines,2024-12-02,13:38,234
SU2137,Red Wings,2024-02-05,20:08,314
SU1014,Pobeda,2024-06-19,05:57,270
SU4377,Aeroflot,2024-05-07,00:34,248
SU871,Yakutia,2024-05-05,18:53,171
SU7570,Rossiya,2024-11-27,15:12,337
SU3662,Yakutia,2024-09-14,09:03,170
SU920,S7 Airlines,2024-04-25,10:06,92
SU3081,Azimuth,2024-09-21,07:44,152
SU9637,S7 Airlines,2024-05-09,12:50,249
SU7010,Yakutia,2024-09-26,18:28,58
SU1573,Aeroflot,2024-12-09,15:58,257
SU2411,Ural Airlines,2024-07-15,23:04,254
SU5529,S7 Airlines,2024-05-17,02:00,64
SU4115,UTair,2024-06-09,08:44,233
SU5864,Pobeda,2024-08-28,22:02,208
SU3492,Azimuth,2024-02-01,18:09,290
SU6523,Yakutia,2024-03-19,04:28,99
SU281,Ural Airlines,2024-06-16,13:16,115
SU9836,Nordavia,2024-01-09,09:19,328
SU1776,Ural Airlines,2024-07-22,15:28,219
SU7155,Yakutia,2024-01-21,20:01,115
SU4755,S7 Airlines,2024-09-16,13:32,183
SU3537,Azimuth,2024-09-17,19:08,82
SU7870,Ural Airlines,2024-12-21,10:38,140
SU591,Rossiya,2024-12-08,14:59,201
SU459,Ural Airlines,2024-04-23,06:04,275
SU5197,Yakutia,2024-10-16,15:53,97
SU8438,Yakutia,2024-06-11,07:22,256
SU399,Rossiya,2024-06-17,01:36,181
SU529,Pobeda,2024-08-26,03:51,138
SU8344,UTair,2024-11-02,09:52,216
SU8635,Rossiya,2024-10-09,00:19,300
SU4976,Red Wings,2024-11-02,00:19,122
SU1618,Red Wings,2024-02-18,13:09,190
SU4421,UTair,2024-06-05,17:09,263
SU4731,UTair,2024-10-17,21:35,60
SU3969,Pobeda,2024-08-20,22:44,243
SU7770,Azimuth,2024-09-23,04:16,107
SU837,UTair,2024-11-20,16:04,255
SU3219,Pobeda,2024-10-25,21:18,180
SU2515,Red Wings,2024-02-10,18:40,159
SU3442,Ural Airlines,2024-09-22,06:46,188
SU7919,Ural Airlines,2024-09-05,23:59,311
SU3077,Red Wings,2024-05-12,04:27,79
SU4536,Ural Airlines,2024-04-14,22:21,197
SU3530,Red Wings,2024-05-04,04:12,167
SU6555,Yakutia,2024-04-22,13:09,278
SU7519,Pobeda,2024-08-06,10:48,289
SU1341,Nordavia,2024-09-11,11:08,196
SU234,Yakutia,2024-03-15,00:39,199
SU7535,Nordavia,2024-01-25,09:49,328
SU7105,Pobeda,2024-12-28,22:53,194
SU7204,Rossiya,2024-03-04,16:17,203
SU8290,Aeroflot,2024-04-25,23:05,190
SU5146,Nordavia,2024-07-25,07:53,80
SU4480,Aeroflot,2024-05-02,06:08,164
SU9029,Nordavia,2024-06-25,08:21,74
SU6066,UTair,2024-03-23,13:16,113
SU683,Pobeda,2024-02-22,09:13,223
SU1319,S7 Airlines,2024-10-14,12:20,237
SU2257,S7 Airlines,2024-04-14,12:07,112
SU5724,Azimuth,2024-03-16,01:08,251
SU1150,S7 Airlines,2024-11-04,16:26,109
SU8203,Aeroflot,2024-06-06,09:53,143
SU7079,Ural Airlines,2024-01-06,10:04,104
SU7635,Rossiya,2024-09-13,02:16,107
SU724,Nordavia,2024-05-22,18:14,349
SU334,Azimuth,2024-02-16,01:40,298
SU3973,Red Wings,2024-10-05,00:49,58
SU697,Yakutia,2024-11-16,23:28,204
SU8640,Yakutia,2024-11-22,16:14,268
SU6072,Rossiya,2024-12-27,17:08,275
SU8578,Azimuth,2024-08-15,00:28,212
SU9521,Ural Airlines,2024-10-22,11:49,128
SU4161,Rossiya,2024-05-24,05:58,298
SU8642,Rossiya,2024-06-16,18:59,245
SU5302,Yakutia,2024-05-19,14:26,349
SU4733,Azimuth,2024-07-15,17:58,296
SU8209,Aeroflot,2024-06-26,05:47,274
SU3009,S7 Airlines,2024-01-10,17:57,75
SU3207,Aeroflot,2024-01-22,06:04,106
SU8152,Rossiya,2024-02-09,02:29,227
SU4036,Rossiya,2024-09-18,22:02,340
SU260,Pobeda,2024-04-15,20:09,275
SU5830,Aeroflot,2024-07-07,22:19,160
SU4625,Rossiya,2024-07-23,13:31,113
SU4714,Aeroflot,2024-07-19,07:14,152
SU5290,Nordavia,2024-05-15,03:54,51
SU341,Nordavia,2024-12-10,16:41,140
SU8288,Nordavia,2024-06-01,12:46,75
SU8297,Aeroflot,2024-11-19,01:18,124
SU6823,UTair,2024-07-06,22:29,201
SU8587,Nordavia,2024-06-25,09:18,295
SU2505,Azimuth,2024-05-17,10:32,99
SU7753,Rossiya,2024-10-08,09:30,182
SU3534,Ural Airlines,2024-04-13,08:36,134
SU7081,Pobeda,2024-07-27,07:25,136
SU2287,S7 Airlines,2024-05-05,19:50,320
SU3970,Aeroflot,2024-01-28,01:51,244
SU5096,Red Wings,2024-09-15,14:26,204
SU8427,S7 Airlines,2024-01-26,07:14,257
SU6768,Yakutia,2024-10-01,19:25,300
SU2846,Yakutia,2024-04-01,00:36,228
SU8202,Rossiya,2024-09-17,01:02,286
SU5741,Pobeda,2024-10-08,09:37,222
SU3009,S7 Airlines,2024-08-27,02:48,159
SU8117,Rossiya,2024-08-16,10:10,293
SU8190,Azimuth,2024-06-09,10:21,227
SU754,Red Wings,2024-07-23,15:28,188
SU5122,Rossiya,2024-11-02,05:27,70
SU179,Nordavia,2024-07-01,05:02,208
SU9925,Rossiya,2024-12-27,02:08,102
SU1989,Yakutia,2024-07-11,10:26,79
SU3055,Yakutia,2024-05-15,20:33,262
SU1718,Azimuth,2024-06-05,08:49,56
SU4368,Red Wings,2024-01-14,20:46,163
SU7783,Pobeda,2024-03-12,22:29,142
SU7128,Aeroflot,2024-05-23,17:26,135
SU1487,Azimuth,2024-11-19,15:49,322
SU8841,Azimuth,2024-04-19,10:08,73
SU5660,Red Wings,2024-10-07,09:17,189
SU7788,S7 Airlines,2024-04-18,03:59,148
SU5604,Nordavia,2024-12-26,19:46,346
SU9694,S7 Airlines,2024-11-10,17:59,186
SU6071,Ural Airlines,2024-07-27,13:46,327
SU4038,Azimuth,2024-08-06,17:02,276
SU3349,Nordavia,2024-01-19,11:18,94
SU8292,Azimuth,2024-08-02,23:28,348
SU6575,Red Wings,2024-03-12,14:45,129
SU8175,Nordavia,2024-09-04,21:00,135
SU4504,Azimuth,2024-08-19,04:31,197
SU9511,Nordavia,2024-12-06,05:05,180
SU744,Pobeda,2024-10-08,08:32,158
SU2909,S7 Airlines,2024-09-25,12:21,125
SU6870,Nordavia,2024-10-23,04:04,230
SU6316,Azimuth,2024-08-05,20:39,109
SU3265,Yakutia,2024-01-12,03:07,99
SU6834,Pobeda,2024-06-02,01:23,91
SU5257,Nordavia,2024-02-18,15:41,320
SU669,Red Wings,2024-11-05,03:33,87
SU7372,Yakutia,2024-06-20,03:06,104
SU3388,UTair,2024-07-09,18:28,305
SU9653,Yakutia,2024-06-13,08:13,195
SU4485,Ural Airlines,2024-08-16,01:53,252
SU1264,Aeroflot,2024-04-04,05:00,160
SU552,Azimuth,2024-08-04,04:27,200
SU4681,Red Wings,2024-09-27,00:49,289
SU4132,Red Wings,2024-10-25,05:40,192
SU7667,UTair,2024-08-01,05:46,192
SU9192,Aeroflot,2024-10-01,19:39,199
SU8514,Aeroflot,2024-06-24,22:23,183
SU7994,UTair,2024-08-28,12:06,156
SU2376,Yakutia,2024-09-11,16:38,309
SU8310,Pobeda,2024-04-10,09:23,226
SU2347,Aeroflot,2024-08-08,09:34,145
SU627,Aeroflot,2024-04-25,18:28,88
SU1489,Nordavia,2024-06-01,11:21,113
SU8290,Azimuth,2024-01-13,03:53,336
SU3433,Nordavia,2024-06-17,10:12,285
SU9568,Yakutia,2024-01-23,21:05,103
SU2040,S7 Airlines,2024-07-20,04:39,276
SU9445,UTair,2024-11-13,10:34,82
SU9594,Ural Airlines,2024-10-08,02:33,59
SU1613,UTair,2024-06-16,01:36,270
SU2369,UTair,2024-11-08,23:21,340
SU463,Nordavia,2024-01-04,23:22,298
SU5845,Rossiya,2024-12-15,03:13,245
SU3283,Aeroflot,2024-07-05,17:40,85
SU6200,Ural Airlines,2024-02-10,20:12,208
SU7332,Red Wings,2024-05-09,17:13,203
SU9961,Yakutia,2024-03-28,00:55,139
SU7231,Yakutia,2024-08-05,12:55,175
SU7416,Red Wings,2024-06-09,15:09,296
SU6253,Pobeda,2024-04-27,04:24,241
SU4900,Red Wings,2024-05-09,11:42,285
SU1020,UTair,2024-01-27,02:44,112
SU451,UTair,2024-02-16,03:34,68
SU8158,Azimuth,2024-03-11,09:11,96
SU5726,S7 Airlines,2024-04-13,10:10,150
SU2713,Nordavia,2024-10-13,00:49,283
SU7373,Ural Airlines,2024-08-19,03:52,145
SU5709,Pobeda,2024-03-02,09:43,224
SU850,Yakutia,2024-02-19,12:36,177
SU6415,UTair,2024-11-05,04:34,53
SU2468,S7 Airlines,2024-02-03,04:57,162
SU895,S7 Airlines,2024-04-22,22:38,248
SU6627,Rossiya,2024-03-19,23:14,50
SU3317,Pobeda,2024-10-11,08:43,346
SU8559,UTair,2024-10-02,07:40,132
SU8834,Red Wings,2024-04-22,16:18,282
SU9091,S7 Airlines,2024-02-11,08:52,301
SU7200,Aeroflot,2024-08-21,02:49,194
SU5037,Pobeda,2024-03-05,05:18,80
SU7208,Yakutia,2024-03-15,22:07,346
SU247,UTair,2024-07-04,04:21,170
SU3874,Nordavia,2024-09-03,17:25,108
SU6315,Nordavia,2024-04-14,18:30,275
SU7056,Rossiya,2024-05-07,03:46,202
SU7860,Ural Airlines,2024-08-27,19:32,83
SU3752,Aeroflot,2024-12-14,00:34,117
SU6935,Ural Airlines,2024-02-01,01:35,342
SU5358,Red Wings,2024-08-15,17:06,82
SU1057,Yakutia,2024-03-28,03:37,278
SU5814,Azimuth,2024-03-27,11:18,264
SU9617,S7 Airlines,2024-05-23,05:26,322
SU9261,Aeroflot,2024-03-22,06:29,164
SU446,Red Wings,2024-02-08,11:45,195
SU1237,Nordavia,2024-03-23,02:48,271
SU2604,UTair,2024-08-04,00:09,316
SU4964,Rossiya,2024-01-16,13:03,199
SU7792,Nordavia,2024-04-23,03:09,72
SU1497,Pobeda,2024-05-01,20:28,102
SU1967,Rossiya,2024-10-16,04:41,301
SU9892,Pobeda,2024-05-25,03:22,234
SU1582,Red Wings,2024-10-15,23:48,172
SU6220,Red Wings,2024-09-18,03:26,326
SU9088,Aeroflot,2024-05-22,12:57,300
SU7703,S7 Airlines,2024-06-11,05:29,304
SU2302,Nordavia,2024-12-09,00:28,291
SU3694,Yakutia,2024-10-24,15:50,176
SU7694,Azimuth,2024-06-17,00:57,213
SU9020,Aeroflot,2024-01-23,18:14,206
SU7026,Pobeda,2024-05-28,19:28,101
SU4063,Ural Airlines,2024-06-22,03:31,82
SU3647,S7 Airlines,2024-11-10,01:23,226
SU2650,Pobeda,2024-12-02,13:07,284
SU6854,Aeroflot,2024-03-28,15:00,165
SU6007,S7 Airlines,2024-01-03,00:04,279
SU6701,Pobeda,2024-04-23,10:54,326
SU6881,Pobeda,2024-10-05,03:48,55
SU9641,Pobeda,2024-05-06,18:39,107
SU9844,S7 Airlines,2024-09-22,13:17,344
SU2702,Yakutia,2024-02-04,22:47,132
SU2698,Nordavia,2024-01-01,01:43,202
SU7660,Red Wings,2024-05-05,14:30,320
SU9251,Pobeda,2024-02-23,01:58,154
SU1351,Aeroflot,2024-10-01,12:53,350
SU8256,Red Wings,2024-11-27,11:51,263
SU4531,Rossiya,2024-06-23,20:33,196
SU6662,Nordavia,2024-05-02,18:41,108
SU4885,Yakutia,2024-04-08,14:04,274
SU8514,Rossiya,2024-06-28,19:45,350
SU317,Ural Airlines,2024-09-10,00:28,215
SU7915,Ural Airlines,2024-05-14,21:01,154
SU9526,Nordavia,2024-09-28,11:02,169
SU5545,UTair,2024-12-07,10:10,206
SU7574,Yakutia,2024-01-19,23:52,180
SU5904,Azimuth,2024-04-11,09:02,99
SU1689,Ural Airlines,2024-09-14,20:00,254
SU2170,UTair,2024-02-03,04:03,113
SU6309,UTair,2024-01-22,12:14,172
SU9455,Ural Airlines,2024-04-06,14:44,161
SU4820,Yakutia,2024-03-16,14:35,273
SU7398,Rossiya,2024-08-28,21:50,209
SU8144,Yakutia,2024-02-14,00:37,215
SU8608,UTair,2024-10-10,10:02,80
SU1311,S7 Airlines,2024-03-10,11:13,88
SU5105,Rossiya,2024-10-18,03:35,318
SU813,Pobeda,2024-06-06,03:12,176
SU7015,Nordavia,2024-12-16,06:03,149
SU9272,Pobeda,2024-05-21,04:51,103
SU2027,Yakutia,2024-04-09,23:20,311
SU4956,Pobeda,2024-08-28,10:35,342
SU1437,Rossiya,2024-02-10,14:44,139
SU5819,Red Wings,2024-09-28,18:18,198
SU2875,Aeroflot,2024-05-23,05:53,57
SU9746,Rossiya,2024-11-07,12:06,218
SU5928,Ural Airlines,2024-10-28,17:22,342
SU5838,Aeroflot,2024-01-02,02:29,121
SU3071,Yakutia,2024-03-02,22:03,331
SU5371,Yakutia,2024-07-08,02:45,151
SU6031,Aeroflot,2024-10-09,09:24,301
SU5023,Azimuth,2024-04-27,13:04,263
SU4566,S7 Airlines,2024-03-05,02:33,268
SU6299,Azimuth,2024-01-28,20:00,291
SU7390,Yakutia,2024-07-27,06:06,309
SU3394,Yakutia,2024-03-12,21:05,223
SU5495,UTair,2024-02-25,04:19,130
SU6133,Azimuth,2024-05-08,00:41,302
SU6252,Ural Airlines,2024-03-07,19:04,79
SU7453,Red Wings,2024-03-07,20:31,50
SU310,Aeroflot,2024-09-05,04:19,308
SU5497,Red Wings,2024-08-21,17:51,185
SU1662,Azimuth,2024-05-01,16:54,121
SU1577,Red Wings,2024-05-19,22:19,115
SU3428,Pobeda,2024-11-18,12:49,249
SU5103,Nordavia,2024-09-27,02:08,63
SU2459,Red Wings,2024-09-01,08:23,98
SU8296,Azimuth,2024-03-17,10:23,117
SU6229,Aeroflot,2024-10-13,03:50,135
SU8193,Aeroflot,2024-04-15,16:19,107
SU2641,Pobeda,2024-01-27,11:46,216
SU4901,Ural Airlines,2024-06-16,19:44,154
SU9406,UTair,2024-12-04,13:53,331
SU2863,Aeroflot,2024-05-07,15:57,264
SU9953,UTair,2024-08-21,11:01,268
SU2036,Ural Airlines,2024-05-06,21:22,103
SU7305,UTair,2024-04-04,21:19,170
SU1327,S7 Airlines,2024-08-23,03:47,112
SU2356,Aeroflot,2024-12-01,05:07,102
SU7920,Aeroflot,2024-02-15,07:05,122
SU4639,Red Wings,2024-10-04,09:17,335
SU4225,S7 Airlines,2024-06-21,08:43,129
SU6608,Aeroflot,2024-05-19,21:18,126
SU2383,Rossiya,2024-11-15,12:42,232
SU3930,Aeroflot,2024-12-21,18:02,52
SU7292,Yakutia,2024-11-05,13:35,272
SU552,Aeroflot,2024-03-17,02:56,341
SU9695,Ural Airlines,2024-02-22,03:36,205
SU6820,UTair,2024-01-12,02:19,163
SU3962,Red Wings,2024-04-11,07:56,138
SU7904,Rossiya,2024-02-03,01:55,232
SU3753,Yakutia,2024-03-19,09:00,142
SU3347,Rossiya,2024-06-09,17:11,266
SU4983,Aeroflot,2024-07-15,13:54,107
SU8294,Azimuth,2024-08-10,02:54,346
SU5734,Aeroflot,2024-09-26,22:42,132
SU6297,Azimuth,2024-05-02,07:34,63
SU1153,Pobeda,2024-06-28,17:57,178
SU1752,Yakutia,2024-07-15,14:51,332
SU8952,Ural Airlines,2024-12-25,23:35,312
SU2494,Pobeda,2024-04-24,13:35,147
SU6391,Pobeda,2024-12-01,05:06,104
SU9423,Yakutia,2024-04-24,07:20,252
SU5388,UTair,2024-10-04,04:40,254
SU597,Yakutia,2024-01-08,19:11,126
SU3017,Red Wings,2024-01-01,12:13,50
SU3380,Pobeda,2024-11-03,02:01,210
SU2514,Pobeda,2024-11-01,12:54,151
SU4228,Yakutia,2024-08-13,21:37,242
SU1165,UTair,2024-09-27,15:02,236
SU6649,S7 Airlines,2024-09-16,01:27,77
SU1282,Azimuth,2024-03-15,07:00,313
SU180,Pobeda,2024-07-25,08:46,227
SU4497,UTair,2024-01-04,02:08,98
SU2917,Aeroflot,2024-07-13,03:48,251
SU2455,Red Wings,2024-01-17,14:55,109
SU6001,Azimuth,2024-05-02,23:11,250
SU4612,Ural Airlines,2024-12-26,18:56,257
SU8772,Azimuth,2024-06-09,02:50,113
SU9395,Azimuth,2024-03-02,18:57,58
SU7862,S7 Airlines,2024-09-11,09:02,147
SU5327,Rossiya,2024-03-11,21:49,327
SU4447,UTair,2024-11-20,17:16,203
SU546,Red Wings,2024-11-17,00:15,300
SU8703,Red Wings,2024-12-19,09:46,141
SU9444,Rossiya,2024-03-28,03:25,195
SU9795,Nordavia,2024-12-05,21:45,146
SU8247,Yakutia,2024-06-05,14:35,274
SU8926,Yakutia,2024-02-27,06:13,274
SU1570,Yakutia,2024-10-02,07:22,309
SU2608,Yakutia,2024-05-06,06:49,201
SU362,Yakutia,2024-12-19,00:17,78
SU1040,S7 Airlines,2024-01-15,14:32,182
SU9088,Azimuth,2024-11-26,16:19,171
SU7527,Ural Airlines,2024-09-18,15:01,185
SU9906,Pobeda,2024-08-23,05:44,149
SU4418,Pobeda,2024-03-02,06:41,94
SU3936,Azimuth,2024-08-25,21:25,304
SU4311,Aeroflot,2024-03-28,00:08,273
SU7670,Red Wings,2024-04-10,09:18,84
SU5584,Ural Airlines,2024-05-10,17:05,196
SU363,S7 Airlines,2024-08-14,12:25,299
SU5651,Red Wings,2024-06-19,12:59,121
SU2325,Aeroflot,2024-01-11,16:13,209
SU7072,UTair,2024-07-23,06:40,257
SU5132,Rossiya,2024-12-09,00:51,142
SU3423,Azimuth,2024-08-24,18:18,118
SU5207,Ural Airlines,2024-11-08,17:59,333
SU8647,Aeroflot,2024-04-05,01:38,263
SU287,Aeroflot,2024-01-28,01:50,112
SU6504,Ural Airlines,2024-08-12,07:22,222
SU1567,Yakutia,2024-06-26,16:56,253
SU7932,Nordavia,2024-08-17,10:02,338
SU7217,Ural Airlines,2024-12-22,21:39,212
SU2481,Ural Airlines,2024-02-27,16:18,209
SU9561,Pobeda,2024-04-12,00:32,206
SU9174,Rossiya,2024-11-17,20:05,93
SU598,Yakutia,2024-05-21,06:21,274
SU3024,Nordavia,2024-10-10,08:02,301
SU3563,Azimuth,2024-08-07,03:39,222
SU5232,Aeroflot,2024-04-11,01:30,88
SU3261,Pobeda,2024-10-22,23:59,88
SU2326,Rossiya,2024-08-05,06:25,81
SU397,Pobeda,2024-09-25,05:03,271
SU1991,UTair,2024-11-07,09:46,132
SU6303,Red Wings,2024-02-28,09:44,272
SU1010,Rossiya,2024-09-04,06:07,53
SU603,Ural Airlines,2024-12-19,15:29,306
SU6618,Pobeda,2024-04-14,04:31,256
SU8225,Red Wings,2024-02-12,17:41,304
SU2236,Red Wings,2024-07-25,08:28,100
SU8469,Rossiya,2024-01-06,12:44,202
SU6613,Yakutia,2024-12-09,04:03,341
SU3843,Azimuth,2024-08-15,02:33,261
SU5171,Red Wings,2024-12-24,01:35,91
SU5207,Yakutia,2024-06-21,18:54,272
SU9471,Pobeda,2024-06-13,06:54,214
SU3926,Nordavia,2024-01-15,11:14,97
SU8707,Red Wings,2024-03-17,02:33,250
SU8468,Nordavia,2024-02-27,05:14,119
SU5106,UTair,2024-05-15,18:03,314
SU5914,UTair,2024-03-23,19:53,219
SU542,Azimuth,2024-06-05,12:40,139
SU4254,Rossiya,2024-01-02,17:11,67
SU7091,Azimuth,2024-06-04,07:00,292
SU4294,Rossiya,2024-11-10,00:30,229
SU8858,Nordavia,2024-01-22,20:22,138
SU5794,Aeroflot,2024-07-09,12:36,64
SU400,Nordavia,2024-02-05,16:34,260
SU8882,Red Wings,2024-12-21,06:35,191
SU8878,Ural Airlines,2024-05-28,06:00,188
SU5363,Azimuth,2024-05-10,14:13,188
SU1472,Aeroflot,2024-03-15,04:33,181
SU937,Azimuth,2024-10-26,19:28,119
SU7381,UTair,2024-08-13,00:01,299
SU737,UTair,2024-12-17,03:16,347
SU1064,Rossiya,2024-10-16,18:25,338
SU9286,UTair,2024-11-27,15:53,294
SU2738,UTair,2024-11-09,21:26,113
SU3683,Rossiya,2024-04-21,22:41,305
SU4500,Rossiya,2024-11-06,01:52,232
SU2425,UTair,2024-10-03,16:02,220
SU3643,Ural Airlines,2024-01-01,17:59,102
SU3878,S7 Airlines,2024-06-11,22:05,317
SU5906,Pobeda,2024-03-21,03:06,309
SU3698,Red Wings,2024-06-15,02:38,149
SU4792,Red Wings,2024-10-12,11:02,149
SU9392,Ural Airlines,2024-09-22,04:27,80
SU1974,Red Wings,2024-01-01,23:55,225
SU5831,UTair,2024-05-22,12:28,308
SU8065,Ural Airlines,2024-01-13,06:46,150
SU619,Yakutia,2024-06-26,19:16,186
SU1523,Nordavia,2024-05-03,21:41,271
SU3129,Nordavia,2024-03-22,20:12,147
SU8504,Azimuth,2024-05-11,22:33,192
SU7565,Red Wings,2024-11-11,20:56,104
SU6968,UTair,2024-08-26,01:34,239
SU826,Pobeda,2024-05-03,09:09,218
SU6365,Ural Airlines,2024-04-21,03:57,322
SU3208,Yakutia,2024-06-08,22:50,234
SU5502,S7 Airlines,2024-07-05,06:31,108
SU6980,Nordavia,2024-02-07,12:05,135
SU3656,Yakutia,2024-07-28,19:52,60
SU4448,Ural Airlines,2024-05-11,08:44,269
SU4854,UTair,2024-04-01,18:41,249
SU7504,S7 Airlines,2024-10-05,07:20,251
SU5381,Rossiya,2024-09-15,06:57,226
SU425,UTair,2024-09-22,15:42,307
SU5475,Ural Airlines,2024-04-20,15:23,72
SU4968,Aeroflot,2024-01-16,00:36,90
SU734,Azimuth,2024-11-02,06:19,175
SU1917,Nordavia,2024-05-08,20:59,238
SU6163,UTair,2024-05-02,21:18,315
SU1388,Nordavia,2024-01-01,21:37,320
SU3218,Yakutia,2024-05-26,18:32,181
SU4654,UTair,2024-02-09,11:01,287
SU3897,Yakutia,2024-10-08,00:09,95
SU7770,Aeroflot,2024-08-17,16:56,319
SU2279,Rossiya,2024-09-04,19:57,339
SU8616,Aeroflot,2024-08-04,07:55,310
SU6481,Aeroflot,2024-05-11,13:18,109
SU684,Aeroflot,2024-06-06,14:51,61
SU6008,Red Wings,2024-10-23,10:36,327
SU8804,S7 Airlines,2024-08-08,11:11,108
SU8534,Azimuth,2024-03-09,06:52,92
SU9049,Ural Airlines,2024-11-26,03:37,271
SU7206,Azimuth,2024-07-05,07:20,62
SU3299,Nordavia,2024-11-28,00:05,341
SU2325,S7 Airlines,2024-06-21,05:58,219
SU9858,Yakutia,2024-03-25,02:14,258
SU2203,Aeroflot,2024-10-27,11:50,318
SU2893,Yakutia,2024-07-13,02:26,174
SU9103,Ural Airlines,2024-11-16,00:46,303
SU9952,S7 Airlines,2024-07-07,16:28,336
SU9726,S7 Airlines,2024-09-14,10:02,112
SU8536,Ural Airlines,2024-04-24,11:13,229
SU7876,UTair,2024-03-12,22:59,85
SU7774,S7 Airlines,2024-09-16,23:43,326
SU9913,S7 Airlines,2024-11-16,02:26,95
SU4034,Nordavia,2024-09-05,07:16,181
SU6033,Azimuth,2024-11-06,05:37,140
SU1040,Pobeda,2024-06-16,02:20,238
SU966,Azimuth,2024-01-02,22:41,237
SU8879,Aeroflot,2024-06-28,19:35,291
SU3415,Aeroflot,2024-06-20,12:40,68
SU6900,Ural Airlines,2024-12-09,15:43,157
SU5131,Yakutia,2024-07-09,06:01,321
SU1494,Nordavia,2024-12-14,11:37,271
SU8156,Red Wings,2024-12-15,16:00,307
SU4232,Nordavia,2024-08-19,13:22,254
SU1844,Rossiya,2024-11-28,15:10,303
SU4776,Azimuth,2024-01-13,03:23,193
SU662,UTair,2024-01-23,13:22,81
SU366,UTair,2024-08-25,23:45,125
SU5754,UTair,2024-05-21,01:50,159
SU2020,Ural Airlines,2024-01-04,17:45,325
SU1439,Ural Airlines,2024-08-08,06:48,224
SU342,Ural Airlines,2024-01-21,04:42,217
SU5944,Nordavia,2024-07-01,12:38,242
SU633,Ural Airlines,2024-01-20,07:30,257
SU3169,Aeroflot,2024-04-14,19:53,248
SU1930,Red Wings,2024-10-20,11:03,335
SU533,Nordavia,2024-10-26,05:49,145
SU8528,Pobeda,2024-01-05,04:10,190
SU2542,Aeroflot,2024-03-17,09:21,88
SU2634,Aeroflot,2024-12-14,06:51,252
SU2631,Pobeda,2024-11-22,05:33,206
SU2863,Azimuth,2024-03-13,06:40,235
SU9385,Aeroflot,2024-01-09,02:29,173
SU5106,S7 Airlines,2024-05-27,03:20,71
SU3912,Azimuth,2024-12-05,22:46,337
SU8648,S7 Airlines,2024-12-24,21:07,212
SU4435,Azimuth,2024-06-24,00:33,198
SU3064,Aeroflot,2024-09-03,02:15,79
SU4712,Azimuth,2024-11-01,05:09,261
SU7591,Azimuth,2024-05-02,11:36,276
SU6888,Azimuth,2024-08-28,01:32,350
SU9551,S7 Airlines,2024-08-03,00:27,155
SU2840,Ural Airlines,2024-05-14,20:47,304
SU5855,Nordavia,2024-07-05,10:08,349
SU2668,Azimuth,2024-06-19,08:13,172
SU332,Azimuth,2024-04-07,00:19,286
SU404,S7 Airlines,2024-09-19,00:10,302
SU414,Yakutia,2024-01-05,00:35,315
SU6801,Nordavia,2024-05-15,16:52,211
SU9944,Pobeda,2024-10-08,00:05,241
SU3909,Pobeda,2024-04-09,03:08,268
SU7136,Azimuth,2024-11-03,05:09,132
SU2092,Pobeda,2024-08-15,04:32,226
SU4703,Nordavia,2024-09-19,19:16,131
SU1777,Aeroflot,2024-03-24,04:59,66
SU6530,Azimuth,2024-08-19,13:09,137
SU8557,Nordavia,2024-03-04,22:33,195
SU4954,Yakutia,2024-04-11,01:52,125
SU6203,Yakutia,2024-11-27,04:06,335
SU1132,S7 Airlines,2024-07-11,07:37,279
SU7041,Yakutia,2024-05-09,16:05,209
SU9973,Rossiya,2024-04-05,08:55,222
SU2611,Red Wings,2024-06-23,04:56,179
SU8530,Rossiya,2024-07-19,01:50,79
SU9743,Ural Airlines,2024-02-14,17:36,182
SU1517,Pobeda,2024-03-01,06:16,206
SU3361,Rossiya,2024-08-23,21:05,268
SU7740,Yakutia,2024-05-26,04:40,183
SU2623,Aeroflot,2024-05-14,08:01,151
SU2494,Ural Airlines,2024-10-12,14:01,175
SU8980,S7 Airlines,2024-02-15,13:57,94
SU8203,Pobeda,2024-12-08,10:07,178
SU7204,Yakutia,2024-02-27,17:43,329
SU9934,Pobeda,2024-07-01,12:40,81
SU4190,UTair,2024-03-20,18:38,348
SU8347,UTair,2024-05-27,21:25,233
SU8142,Yakutia,2024-02-01,19:45,104
SU6448,Aeroflot,2024-09-03,08:26,300
SU7183,Nordavia,2024-08-27,20:09,130
SU240,Aeroflot,2024-08-07,10:09,110
SU5277,Rossiya,2024-09-27,23:28,339
SU2627,Ural Airlines,2024-08-17,14:01,105
SU1197,S7 Airlines,2024-01-26,03:44,200
SU3181,Ural Airlines,2024-12-05,12:37,117
SU8813,Ural Airlines,2024-09-18,16:31,304
SU217,Aeroflot,2024-02-08,12:00,223
SU6346,Red Wings,2024-03-19,21:44,302
SU4804,Yakutia,2024-06-23,14:44,204
SU4880,UTair,2024-03-27,01:42,176
SU6067,S7 Airlines,2024-11-24,07:35,314
SU6430,Pobeda,2024-09-27,02:32,198
SU1119,Aeroflot,2024-09-10,16:08,321
SU8854,Azimuth,2024-06-17,05:44,180
SU1638,S7 Airlines,2024-07-05,07:33,152
SU4754,Rossiya,2024-11-10,04:59,301
SU4084,Nordavia,2024-02-21,00:35,347
SU9620,Red Wings,2024-10-21,02:06,79
SU5141,Nordavia,2024-03-26,09:40,161
SU2980,Azimuth,2024-03-19,10:47,189
SU1382,Azimuth,2024-12-25,18:25,236
SU5264,Ural Airlines,2024-01-08,01:15,123
SU8632,Aeroflot,2024-09-13,13:09,137
SU2293,S7 Airlines,2024-10-22,02:42,317
SU6326,Aeroflot,2024-09-04,17:45,313
SU8082,S7 Airlines,2024-10-27,13:47,67
SU9962,Pobeda,2024-04-16,08:05,224
SU9450,Aeroflot,2024-01-10,03:14,100
SU1334,Ural Airlines,2024-02-24,20:18,128
SU8734,Rossiya,2024-05-11,00:23,322
SU3127,Red Wings,2024-11-07,01:30,240
SU5755,Yakutia,2024-04-23,08:00,210
SU3899,Pobeda,2024-11-27,13:54,245
SU8062,Azimuth,2024-07-12,20:14,292
SU9021,Nordavia,2024-03-08,07:57,237
SU257,S7 Airlines,2024-10-24,00:07,193
SU502,Ural Airlines,2024-10-26,09:19,143
SU4428,Azimuth,2024-11-19,02:22,79
SU793,Pobeda,2024-12-22,10:41,313
SU2869,S7 Airlines,2024-09-28,11:17,333
SU8362,UTair,2024-03-03,21:56,245
SU3780,UTair,2024-12-09,18:32,130
SU6300,Pobeda,2024-12-11,19:56,64
SU5549,S7 Airlines,2024-10-02,13:18,255
SU9322,Azimuth,2024-09-06,23:16,137
SU7359,Aeroflot,2024-02-05,20:21,272
SU6944,Azimuth,2024-07-11,11:15,144
SU8591,Nordavia,2024-04-11,11:11,348
SU4135,UTair,2024-06-02,10:15,96
SU1295,Rossiya,2024-10-19,10:08,157
SU6536,Ural Airlines,2024-11-11,06:03,84
SU9332,Ural Airlines,2024-08-19,08:30,250
SU1835,S7 Airlines,2024-09-07,22:00,266
SU6278,Ural Airlines,2024-06-13,00:43,291
SU7480,Aeroflot,2024-10-01,09:38,348
SU205,Nordavia,2024-09-02,15:31,92
SU2126,Aeroflot,2024-03-28,07:51,145
SU4408,UTair,2024-11-21,23:41,128
SU8458,Nordavia,2024-02-19,18:31,64
SU4649,Red Wings,2024-07-23,02:18,182
SU7869,Nordavia,2024-12-10,16:15,296
SU6015,UTair,2024-01-05,18:38,340
SU8361,Azimuth,2024-04-03,02:17,160
SU4331,S7 Airlines,2024-10-08,17:20,117
SU8087,Rossiya,2024-06-24,13:44,229
SU9707,Red Wings,2024-06-16,00:10,68
SU5297,Nordavia,2024-12-01,05:24,81
SU7131,Aeroflot,2024-03-24,09:47,218
SU4136,Red Wings,2024-01-08,19:39,73
SU4876,Pobeda,2024-06-24,08:52,252
SU308,S7 Airlines,2024-10-08,04:43,228
SU7731,Ural Airlines,2024-12-12,18:22,124
SU4985,Azimuth,2024-10-24,20:20,226
SU7789,Yakutia,2024-03-27,21:58,198
SU8312,Ural Airlines,2024-04-25,00:35,231
SU7268,Pobeda,2024-07-24,09:11,221
SU6510,S7 Airlines,2024-03-11,15:05,279
SU414,Aeroflot,2024-03-21,06:43,195
SU3472,Azimuth,2024-07-23,22:17,349
SU6696,UTair,2024-08-13,16:44,126
SU9321,Yakutia,2024-09-13,05:21,112
SU7030,Azimuth,2024-06-17,00:14,50
SU2500,UTair,2024-12-28,05:06,105
SU4702,Aeroflot,2024-04-02,22:46,106
SU4958,Nordavia,2024-01-16,15:35,132
SU1317,Pobeda,2024-03-16,15:39,264
SU3829,Yakutia,2024-01-23,05:16,90
SU5271,Ural Airlines,2024-04-23,21:06,296
SU9986,Aeroflot,2024-03-04,02:43,232
SU8655,S7 Airlines,2024-10-17,08:18,290
SU9940,Rossiya,2024-08-16,13:47,65
SU9212,UTair,2024-04-09,17:13,162
SU4411,S7 Airlines,2024-11-01,21:49,141
SU5182,Aeroflot,2024-06-10,10:54,121
SU3484,Nordavia,2024-07-18,07:55,92
SU4278,S7 Airlines,2024-10-01,01:01,255
SU4734,Aeroflot,2024-06-04,18:05,197
SU4804,Aeroflot,2024-01-21,06:25,88
SU5072,UTair,2024-03-16,02:06,90
SU2264,Aeroflot,2024-09-06,09:49,61
SU6980,Pobeda,2024-07-13,17:01,312
SU2721,Nordavia,2024-03-09,17:55,179
SU2010,Yakutia,2024-08-18,19:08,278
SU3458,Red Wings,2024-03-27,05:35,302
SU8418,Rossiya,2024-05-26,12:16,253
SU8126,Nordavia,2024-03-24,10:39,145
SU5709,Aeroflot,2024-12-14,07:12,327
SU3958,Nordavia,2024-03-24,06:52,227
SU1223,Rossiya,2024-12-07,16:44,347
SU4575,Yakutia,2024-08-10,19:21,334
SU303,Nordavia,2024-06-21,01:40,191
SU9668,UTair,2024-12-15,15:09,148
SU6200,Red Wings,2024-12-09,17:21,85
SU6405,Yakutia,2024-02-17,05:47,225
SU2694,UTair,2024-04-01,18:52,53
SU8624,Red Wings,2024-02-08,04:00,50
SU5322,Azimuth,2024-06-06,09:59,109
SU4839,Red Wings,2024-06-20,10:51,269
SU3859,S7 Airlines,2024-04-13,07:27,346
SU1772,S7 Airlines,2024-10-21,22:38,315
SU998,S7 Airlines,2024-12-21,09:58,168
SU2091,Ural Airlines,2024-01-11,07:23,196
SU7805,Azimuth,2024-01-25,11:37,192
SU735,Pobeda,2024-11-19,10:05,285
SU5840,Aeroflot,2024-07-09,01:05,117
SU9595,UTair,2024-08-20,23:41,176
SU3755,Pobeda,2024-12-13,19:55,143
SU3571,Red Wings,2024-06-24,21:48,80
SU8174,Pobeda,2024-05-04,00:59,81
SU846,Azimuth,2024-01-02,09:15,301
SU4969,Pobeda,2024-01-28,03:10,216
SU7243,Rossiya,2024-05-05,03:02,178
SU6245,Rossiya,2024-05-03,18:16,295
SU6128,Rossiya,2024-06-11,06:54,267
SU853,Nordavia,2024-03-16,05:26,247
SU7978,Ural Airlines,2024-10-16,05:31,333
SU1322,Rossiya,2024-03-02,17:02,256
SU1466,Azimuth,2024-07-23,13:46,217
SU2943,Pobeda,2024-08-17,23:55,178
SU1645,Ural Airlines,2024-07-21,07:47,273
SU1153,S7 Airlines,2024-07-22,11:56,94
SU9219,UTair,2024-06-08,17:47,289
SU2246,Ural Airlines,2024-09-05,19:29,321
SU587,Azimuth,2024-10-21,12:28,325
SU6210,Nordavia,2024-08-18,05:39,201
SU7652,Ural Airlines,2024-07-10,17:34,53
SU644,Ural Airlines,2024-04-23,05:42,200
SU9866,Ural Airlines,2024-02-26,17:07,176
SU1483,UTair,2024-06-21,01:52,310
SU5964,S7 Airlines,2024-08-15,21:54,99
SU7656,Yakutia,2024-01-11,17:16,144
SU535,Rossiya,2024-01-13,14:01,182
SU289,Aeroflot,2024-04-10,06:43,321
SU4684,Ural Airlines,2024-09-04,16:39,256
SU3112,Pobeda,2024-03-18,03:56,298
SU8625,Pobeda,2024-12-08,16:39,74
SU7021,S7 Airlines,2024-02-17,11:01,196
SU2711,Ural Airlines,2024-07-23,08:03,219
SU1376,UTair,2024-04-10,16:47,141
SU7464,Nordavia,2024-07-05,19:38,197
SU518,Ural Airlines,2024-12-02,23:50,64
SU9132,Aeroflot,2024-09-16,03:03,308
SU3466,Red Wings,2024-04-23,00:23,276
SU375,UTair,2024-06-20,00:32,113
SU5624,Aeroflot,2024-07-07,18:56,212
SU7130,Yakutia,2024-01-23,10:47,328
SU3607,UTair,2024-07-24,23:34,89
SU2699,Rossiya,2024-04-14,09:25,263
SU1616,Aeroflot,2024-08-25,00:59,257
SU4925,Azimuth,2024-09-05,04:28,175
SU2639,Red Wings,2024-07-15,21:20,204
SU2319,Yakutia,2024-08-11,19:48,170
SU4461,Pobeda,2024-04-10,04:16,99
SU4189,Yakutia,2024-06-20,20:32,228
SU6876,S7 Airlines,2024-09-16,20:53,100
SU7681,Yakutia,2024-04-01,20:38,63
SU9281,Yakutia,2024-04-17,16:12,94
SU6927,Pobeda,2024-03-13,17:44,225
SU8874,Aeroflot,2024-05-24,19:02,172
SU5040,S7 Airlines,2024-01-27,13:20,206
SU2302,Azimuth,2024-05-04,19:16,345
SU8184,Aeroflot,2024-10-10,13:15,275
SU7680,Red Wings,2024-09-08,20:24,296
SU835,Aeroflot,2024-09-10,08:07,204
SU8332,Red Wings,2024-12-11,12:35,268
SU3645,Azimuth,2024-06-12,05:27,173
SU3425,S7 Airlines,2024-07-21,04:29,51
SU9086,Yakutia,2024-04-13,02:36,53
SU3682,Red Wings,2024-01-28,08:53,296
SU1393,Yakutia,2024-05-11,00:11,83
SU189,Azimuth,2024-08-04,21:06,109
SU9673,Nordavia,2024-12-26,07:26,214
SU1515,Nordavia,2024-11-06,21:43,136
SU3841,Ural Airlines,2024-09-26,09:41,307
SU2117,Yakutia,2024-07-04,12:46,77
SU8846,Pobeda,2024-01-11,09:30,303
SU7297,UTair,2024-07-03,04:23,261
SU7047,Red Wings,2024-06-26,16:01,51
SU9803,Red Wings,2024-09-25,00:17,65
SU5025,Red Wings,2024-04-26,23:54,204
SU704,Nordavia,2024-04-07,17:03,217
SU9450,Red Wings,2024-06-24,13:24,235
SU2702,UTair,2024-09-04,03:44,308
SU5318,Azimuth,2024-11-11,14:15,100
SU5053,Rossiya,2024-02-17,18:00,200
SU4809,UTair,2024-09-24,01:41,315
SU2376,Aeroflot,2024-11-10,17:15,127
SU5811,S7 Airlines,2024-10-26,05:49,121
SU4781,Nordavia,2024-08-11,14:41,79
SU2649,Nordavia,2024-12-04,10:15,312
SU5437,S7 Airlines,2024-06-26,04:46,282
SU2061,S7 Airlines,2024-08-08,21:25,270
SU3770,Pobeda,2024-10-24,23:08,310
SU2843,UTair,2024-01-13,07:17,273
SU447,Rossiya,2024-08-22,19:14,132
SU4756,Rossiya,2024-12-28,12:30,190
SU2775,Rossiya,2024-04-07,22:46,345
SU918,Aeroflot,2024-12-14,17:01,238
SU7498,UTair,2024-03-20,17:38,128
SU8962,Azimuth,2024-11-02,15:56,212
SU6860,S7 Airlines,2024-12-09,14:28,279
SU5760,Yakutia,2024-05-15,04:31,310
SU8480,Rossiya,2024-08-23,19:06,340
SU7334,Aeroflot,2024-08-11,07:25,212
SU8713,Red Wings,2024-03-23,05:25,206
SU7188,Nordavia,2024-11-18,04:43,333
SU8206,S7 Airlines,2024-01-24,13:28,82
SU6300,Azimuth,2024-10-23,04:39,169
SU8995,UTair,2024-03-07,02:59,169
SU418,Yakutia,2024-05-15,13:29,114
SU8025,Rossiya,2024-04-12,02:35,275
SU1617,Azimuth,2024-10-07,14:36,197
SU8837,Yakutia,2024-05-10,20:44,253
SU2283,Nordavia,2024-08-05,21:27,70
SU6648,Yakutia,2024-08-07,06:32,295
SU6665,Azimuth,2024-01-20,18:17,206
SU5604,Red Wings,2024-03-14,12:03,205
SU159,Red Wings,2024-11-14,03:37,210
SU621,S7 Airlines,2024-09-28,09:51,189
SU1885,Yakutia,2024-11-18,06:54,168
SU4898,Azimuth,2024-04-26,16:34,349
SU1440,S7 Airlines,2024-03-19,11:38,153
SU6260,Nordavia,2024-11-20,08:52,323
SU5988,Aeroflot,2024-05-25,12:41,290
SU7062,UTair,2024-08-01,04:04,75
SU4365,Nordavia,2024-05-03,08:13,203
SU6161,Yakutia,2024-07-27,00:59,84
SU4502,S7 Airlines,2024-02-12,17:10,59
SU4270,Red Wings,2024-06-13,20:52,167
SU7055,S7 Airlines,2024-09-06,05:14,178
SU2857,Red Wings,2024-02-25,00:30,186
SU988,Rossiya,2024-10-06,11:52,336
SU2288,Red Wings,2024-12-28,12:23,338
SU3178,UTair,2024-10-07,10:02,123
SU1294,Rossiya,2024-11-01,17:36,157
SU9617,Yakutia,2024-08-13,10:43,127
SU9437,Aeroflot,2024-06-11,04:11,58
SU3797,Nordavia,2024-09-08,04:14,142
SU9006,Red Wings,2024-01-12,07:23,190
SU2597,UTair,2024-09-04,04:55,203
SU3661,S7 Airlines,2024-01-07,02:30,265
SU2148,UTair,2024-02-14,23:06,171
SU3781,UTair,2024-06-17,07:51,153
SU2841,Ural Airlines,2024-10-17,15:01,163
SU2614,Azimuth,2024-08-19,11:26,150
SU5907,Yakutia,2024-12-13,13:13,257
SU145,S7 Airlines,2024-05-10,02:52,261
SU8488,Aeroflot,2024-05-22,03:26,319
SU7580,Rossiya,2024-02-25,05:56,63
SU4284,Azimuth,2024-08-25,01:12,143
SU3671,Ural Airlines,2024-01-13,20:26,70
SU2029,Nordavia,2024-05-10,23:29,132
SU9677,Aeroflot,2024-03-24,14:52,154
SU1108,UTair,2024-01-11,14:18,270
SU7620,Rossiya,2024-06-01,23:26,209
SU3843,Rossiya,2024-11-04,04:30,101
SU5491,Azimuth,2024-08-15,23:45,134
SU2590,Rossiya,2024-01-04,21:15,107
SU8780,Azimuth,2024-07-09,15:39,162
SU8433,Aeroflot,2024-03-02,13:45,210
SU2762,Rossiya,2024-04-15,05:53,310
SU4172,UTair,2024-06-08,19:30,340
SU4209,Yakutia,2024-04-28,16:41,122
SU2239,Rossiya,2024-02-27,00:42,268
SU5789,UTair,2024-10-03,23:35,140
SU9470,Azimuth,2024-12-01,22:21,190
SU6391,Ural Airlines,2024-02-23,13:59,88
SU1972,Nordavia,2024-09-01,10:41,109
SU3065,Rossiya,2024-04-21,20:19,206
SU7345,Ural Airlines,2024-02-21,21:58,235
SU3079,Aeroflot,2024-11-15,10:30,124
SU4404,S7 Airlines,2024-02-23,11:35,96
SU2978,Yakutia,2024-11-16,05:28,115
SU485,Rossiya,2024-01-15,14:39,182
SU7535,Yakutia,2024-08-08,10:37,56
SU1407,Ural Airlines,2024-09-23,10:05,52
SU7892,UTair,2024-07-16,18:54,229
SU3996,Pobeda,2024-06-14,07:28,52
SU9347,Aeroflot,2024-06-15,21:33,291
SU3414,S7 Airlines,2024-08-26,17:37,148
SU4970,UTair,2024-09-15,12:17,116
SU5803,Yakutia,2024-09-10,15:45,279
SU2260,Aeroflot,2024-05-09,03:10,278
SU8013,Rossiya,2024-07-16,10:24,332
SU123,Pobeda,2024-06-04,13:33,278
SU9671,UTair,2024-08-22,01:58,92
SU1384,Pobeda,2024-03-22,16:00,78
SU2549,S7 Airlines,2024-05-15,04:55,290
SU8802,S7 Airlines,2024-10-20,00:54,278
SU1227,UTair,2024-10-05,01:29,221
SU297,UTair,2024-12-15,05:32,105
SU1918,Aeroflot,2024-03-21,04:38,210
SU4624,Azimuth,2024-01-19,16:08,180
SU5283,Nordavia,2024-03-26,05:01,230
SU2079,Aeroflot,2024-02-10,13:05,102
SU7849,Azimuth,2024-08-14,22:14,133
SU1633,Pobeda,2024-07-03,16:44,293
SU7981,Yakutia,2024-06-11,17:43,153
SU7041,Red Wings,2024-01-23,21:25,51
SU6294,Azimuth,2024-08-28,11:10,209
SU2653,Red Wings,2024-12-24,17:08,308
SU7911,Azimuth,2024-10-22,10:40,136
SU9333,Azimuth,2024-09-10,14:57,344
SU2602,Yakutia,2024-11-12,01:29,211
SU5091,Aeroflot,2024-06-07,03:57,103
SU464,Red Wings,2024-07-23,05:03,347
SU7063,Azimuth,2024-10-08,01:49,189
SU2997,Aeroflot,2024-11-06,04:11,297
SU8791,Azimuth,2024-11-07,12:08,327
SU3173,Nordavia,2024-03-08,17:06,241
SU564,Yakutia,2024-11-11,17:04,213
SU9203,Azimuth,2024-10-01,07:56,329
SU5453,UTair,2024-11-03,05:24,294
SU4621,Red Wings,2024-03-21,17:13,249
SU1468,Nordavia,2024-12-13,17:56,141
SU5732,UTair,2024-01-23,22:55,115
SU7967,Ural Airlines,2024-07-13,07:26,298
SU7930,Yakutia,2024-05-24,09:32,326
SU1406,UTair,2024-04-19,09:06,265
SU4006,UTair,2024-02-26,11:09,301
SU368,Rossiya,2024-07-03,20:17,187
SU7760,Rossiya,2024-02-09,01:02,85
SU8456,Nordavia,2024-07-28,22:56,82
SU8143,Aeroflot,2024-03-26,15:58,205
SU6086,S7 Airlines,2024-04-07,19:44,210
SU7176,Red Wings,2024-05-15,17:29,170
SU4978,Yakutia,2024-01-07,15:00,257
SU8735,UTair,2024-06-06,18:17,308
SU7239,Azimuth,2024-12-21,21:52,146
SU3867,Nordavia,2024-04-05,17:10,197
SU8662,Aeroflot,2024-12-24,13:54,221
SU535,UTair,2024-06-09,00:44,202
SU6364,Azimuth,2024-09-12,02:00,79
SU9777,S7 Airlines,2024-02-16,18:59,154
SU6080,Pobeda,2024-04-05,07:23,332
SU1538,Pobeda,2024-11-19,01:24,148
SU5491,Ural Airlines,2024-03-14,20:14,212
SU2145,Red Wings,2024-04-14,04:39,271
SU7852,Pobeda,2024-09-14,02:31,114
SU3254,S7 Airlines,2024-10-10,20:31,135
SU9079,Rossiya,2024-09-20,16:34,253
SU5086,Red Wings,2024-08-03,04:41,244
SU5415,Nordavia,2024-12-11,01:31,121
SU8319,UTair,2024-07-07,02:03,337
SU2426,S7 Airlines,2024-04-14,13:10,93
SU8801,Azimuth,2024-07-16,19:23,58
SU912,Rossiya,2024-11-22,21:40,63
SU3720,Ural Airlines,2024-07-14,05:16,149
SU3291,Red Wings,2024-12-28,16:38,151
SU4278,Rossiya,2024-07-06,12:53,97
SU3365,Nordavia,2024-10-01,22:08,209
SU9179,Ural Airlines,2024-06-04,00:49,248
SU8245,Aeroflot,2024-06-19,05:34,106
SU9069,UTair,2024-03-07,07:01,334
SU7983,Yakutia,2024-04-15,02:23,71
SU3928,Yakutia,2024-10-18,04:22,322
SU7306,Rossiya,2024-03-05,05:48,118
SU8993,Yakutia,2024-12-07,00:33,213
SU8590,Ural Airlines,2024-02-14,02:28,80
SU1884,Ural Airlines,2024-03-04,10:08,210
SU5072,S7 Airlines,2024-11-14,02:25,170
SU8759,Rossiya,2024-01-07,05:51,257
SU2044,UTair,2024-07-12,22:58,266
SU4090,Azimuth,2024-02-23,06:07,163
SU2643,Rossiya,2024-10-20,10:51,190
SU2240,Nordavia,2024-11-08,13:56,202
SU9117,UTair,2024-09-15,08:25,202
SU7392,Yakutia,2024-12-24,05:29,86
SU9996,Aeroflot,2024-01-13,06:31,190
SU5288,Rossiya,2024-03-18,13:55,264
SU2188,Nordavia,2024-11-01,06:26,342
SU3366,UTair,2024-03-03,09:01,101
SU204,Azimuth,2024-04-21,05:39,80
SU5661,S7 Airlines,2024-08-06,18:28,322
SU8863,Nordavia,2024-10-06,07:34,76
SU1715,Ural Airlines,2024-03-14,22:26,259
SU7722,Aeroflot,2024-01-22,03:01,316
SU1583,UTair,2024-03-24,15:35,175
SU7650,Ural Airlines,2024-05-14,17:00,264
SU7203,UTair,2024-02-13,03:29,299
SU114,Nordavia,2024-04-07,07:23,139
SU7299,Yakutia,2024-11-20,07:00,154
SU6379,Red Wings,2024-08-25,11:09,328
SU2929,Rossiya,2024-09-05,12:40,68
SU3073,Nordavia,2024-12-28,03:19,69
SU3958,Red Wings,2024-02-18,23:09,162
SU1212,Aeroflot,2024-09-05,05:45,86
SU4501,S7 Airlines,2024-07-01,09:18,133
SU9675,Aeroflot,2024-04-08,22:37,128
SU6754,Ural Airlines,2024-12-17,12:52,348
SU7686,Aeroflot,2024-11-17,12:21,259
SU7390,UTair,2024-09-08,00:12,205
SU4247,Aeroflot,2024-09-17,23:22,237
SU2702,Azimuth,2024-04-02,05:05,262
SU6166,Ural Airlines,2024-09-21,11:40,254
SU3439,Aeroflot,2024-09-12,21:32,55
SU8496,UTair,2024-09-12,11:14,84
SU7230,Pobeda,2024-09-01,00:15,82
SU3784,Nordavia,2024-01-10,14:14,237
SU6003,Yakutia,2024-03-08,00:48,296
SU4182,S7 Airlines,2024-02-01,00:03,205
SU9456,Pobeda,2024-10-23,01:35,279
SU2662,Aeroflot,2024-07-23,11:24,335
SU4631,Aeroflot,2024-03-23,04:08,318
SU3680,Yakutia,2024-12-27,20:26,145
SU1678,Azimuth,2024-07-22,11:33,276
SU1725,Aeroflot,2024-12-10,04:23,236
SU8741,Aeroflot,2024-08-15,03:54,177
SU365,S7 Airlines,2024-08-16,04:20,233
SU5127,Nordavia,2024-11-03,21:52,182
SU6842,Aeroflot,2024-01-06,21:47,331
SU3374,S7 Airlines,2024-10-12,15:47,201
SU1604,Azimuth,2024-12-06,19:26,286
SU9907,Ural Airlines,2024-03-12,01:24,234
SU6911,Aeroflot,2024-05-09,05:48,94
SU2015,Red Wings,2024-06-23,02:34,280
SU7420,Nordavia,2024-06-09,12:46,73
SU692,Aeroflot,2024-08-22,10:39,127
SU3500,Yakutia,2024-03-15,03:12,346
SU4909,Yakutia,2024-04-16,07:15,167
SU9716,Yakutia,2024-02-21,07:15,189
SU6251,Yakutia,2024-12-24,19:35,217
SU8005,UTair,2024-08-01,18:03,59
SU9997,Nordavia,2024-06-05,13:57,137
SU9316,Yakutia,2024-06-18,03:25,164
SU6313,Yakutia,2024-09-05,09:15,89
SU8394,Nordavia,2024-12-01,14:39,240
SU5348,Nordavia,2024-05-23,10:01,130
SU6957,UTair,2024-06-03,22:24,193
SU2661,Red Wings,2024-12-04,19:21,303
SU9382,Nordavia,2024-04-14,22:10,264
SU194,Nordavia,2024-04-16,08:51,182
SU3445,Azimuth,2024-04-13,21:08,250
SU1979,Red Wings,2024-09-19,12:49,216
SU8464,Ural Airlines,2024-05-14,11:43,157
SU5440,Rossiya,2024-01-03,10:22,271
SU982,Red Wings,2024-11-13,06:31,231
SU9789,Ural Airlines,2024-03-24,01:09,188
SU8138,Ural Airlines,2024-02-06,17:05,292
SU1194,UTair,2024-10-15,00:32,68
SU3737,Ural Airlines,2024-01-10,07:45,261
SU6519,Azimuth,2024-06-28,23:21,70
SU5493,Aeroflot,2024-10-20,09:35,299
SU5992,Aeroflot,2024-11-27,04:53,263
SU1189,Aeroflot,2024-09-02,06:09,68
SU9879,Red Wings,2024-04-18,05:20,232
SU3255,Nordavia,2024-04-10,15:25,91
SU1525,S7 Airlines,2024-02-26,19:13,237
SU9124,UTair,2024-05-02,01:59,150
SU1031,Pobeda,2024-12-14,14:48,211
SU7806,Ural Airlines,2024-10-11,09:44,70
SU3801,Yakutia,2024-11-23,06:13,323
SU2731,Azimuth,2024-05-01,02:31,350
SU459,UTair,2024-03-06,04:41,237
SU7401,Pobeda,2024-11-06,19:03,241
SU2310,S7 Airlines,2024-02-17,16:42,260
SU417,UTair,2024-02-10,10:19,113
SU621,Pobeda,2024-01-05,10:42,227
SU7232,Azimuth,2024-04-04,00:51,175
SU2512,Azimuth,2024-11-03,18:12,181
SU7160,Red Wings,2024-05-16,02:11,277
SU174,Aeroflot,2024-07-13,21:44,275
SU4555,Yakutia,2024-12-12,23:21,341
SU3350,Rossiya,2024-05-13,08:06,278
SU9961,Azimuth,2024-04-23,11:39,221
SU7199,Pobeda,2024-06-27,17:46,133
SU1609,Aeroflot,2024-03-04,11:21,53
SU9145,Rossiya,2024-12-19,12:04,255
SU8478,Azimuth,2024-09-06,08:37,236
SU1896,Yakutia,2024-01-23,17:47,113
SU6713,UTair,2024-09-03,14:33,288
SU7018,S7 Airlines,2024-08-25,21:46,251
SU8137,Ural Airlines,2024-07-24,12:43,153
SU8804,Aeroflot,2024-02-20,03:54,133
SU4749,Nordavia,2024-01-21,22:53,333
SU5448,Red Wings,2024-09-25,17:59,249
SU3938,Azimuth,2024-06-10,00:08,202
SU7785,S7 Airlines,2024-07-28,01:37,209
SU1262,Pobeda,2024-08-20,10:03,112
SU2490,Azimuth,2024-01-15,02:34,124
SU959,Yakutia,2024-09-17,11:40,233
SU4765,UTair,2024-12-08,07:23,320
SU7365,Aeroflot,2024-06-03,17:54,327
SU1740,Yakutia,2024-09-04,05:07,155
SU8312,Red Wings,2024-08-02,13:08,240
SU8722,Nordavia,2024-08-01,16:24,160
SU2643,Aeroflot,2024-03-13,23:53,344
SU8370,Rossiya,2024-03-07,09:42,250
SU534,Red Wings,2024-08-24,05:30,236
SU5549,Yakutia,2024-03-01,00:52,279
SU3890,Aeroflot,2024-11-08,11:27,52
SU8439,Rossiya,2024-04-20,05:48,190
SU1375,Rossiya,2024-06-01,19:37,341
SU332,Ural Airlines,2024-11-23,05:57,260
SU5374,Azimuth,2024-03-07,21:31,144
SU4233,Yakutia,2024-08-05,22:29,103
SU330,Azimuth,2024-04-26,01:03,233
SU4829,UTair,2024-11-09,14:55,77
SU7012,Ural Airlines,2024-02-20,14:42,56
SU5843,Nordavia,2024-04-12,20:24,251
SU5312,Ural Airlines,2024-12-01,03:35,167
SU5436,Nordavia,2024-01-08,19:31,242
SU1798,Pobeda,2024-06-13,15:15,150
SU3304,Yakutia,2024-10-13,12:23,174
SU1034,Pobeda,2024-03-24,19:10,59
SU9059,Yakutia,2024-08-18,08:41,154
SU8756,Rossiya,2024-05-12,05:50,135
SU9378,UTair,2024-12-16,02:58,119
SU6228,Rossiya,2024-01-15,22:10,108
SU9647,Azimuth,2024-04-25,16:17,129
SU6000,UTair,2024-03-24,02:34,278
SU788,Pobeda,2024-12-06,09:47,233
SU2904,Rossiya,2024-05-22,14:38,165
SU1979,Aeroflot,2024-05-05,20:48,252
SU4186,Red Wings,2024-02-23,02:57,97
SU845,Nordavia,2024-02-03,14:25,345
SU3073,Rossiya,2024-08-12,06:36,166
SU1651,Nordavia,2024-01-08,10:23,245
SU9739,UTair,2024-03-22,23:36,207
SU7416,Nordavia,2024-11-01,21:39,299
SU6922,Rossiya,2024-02-18,01:39,104
SU846,S7 Airlines,2024-04-24,16:13,161
SU1777,Nordavia,2024-07-12,03:21,258
SU3743,Pobeda,2024-04-14,06:27,330
SU3334,S7 Airlines,2024-09-04,17:11,51
SU2090,Ural Airlines,2024-09-23,06:43,122
SU2353,Rossiya,2024-08-20,08:45,160
SU5490,Pobeda,2024-09-25,02:47,304
SU6757,Aeroflot,2024-02-20,11:24,250
SU1869,UTair,2024-01-03,05:03,82
SU6988,Azimuth,2024-07-06,13:03,349
SU9693,Nordavia,2024-06-19,09:00,57
SU3176,Pobeda,2024-12-28,20:20,150
SU5743,S7 Airlines,2024-06-04,15:58,256
SU4543,Rossiya,2024-11-05,11:18,330
SU8414,Pobeda,2024-06-21,23:28,258
SU9728,Aeroflot,2024-05-10,17:07,117
SU2295,S7 Airlines,2024-03-21,08:11,325
SU2661,Red Wings,2024-07-15,15:46,52
SU4558,Azimuth,2024-10-15,19:40,82
SU1897,Rossiya,2024-03-25,00:16,139
SU3464,Pobeda,2024-09-24,12:33,247
SU7680,Aeroflot,2024-04-26,00:59,318
SU7676,Azimuth,2024-02-15,17:25,295
SU1952,Yakutia,2024-05-13,20:22,296
SU7391,Ural Airlines,2024-10-08,19:13,159
SU3168,Rossiya,2024-01-02,21:49,165
SU3087,Azimuth,2024-01-24,22:53,260
SU9288,Ural Airlines,2024-06-08,21:15,334
SU6249,Azimuth,2024-03-22,06:28,113
SU4027,Nordavia,2024-11-15,19:53,258
SU8368,Red Wings,2024-08-05,14:25,169
SU4646,Yakutia,2024-02-17,11:34,75
SU163,Aeroflot,2024-04-26,15:30,143
SU1563,Azimuth,2024-05-24,01:07,326
SU4382,Rossiya,2024-06-09,17:12,339
SU9948,Aeroflot,2024-05-23,12:39,185
SU2335,Nordavia,2024-12-19,17:42,327
SU1123,Pobeda,2024-05-07,03:17,197
SU5885,Pobeda,2024-05-18,15:37,137
SU3074,UTair,2024-09-08,08:13,182
SU6694,Yakutia,2024-06-14,17:29,245
SU3412,Pobeda,2024-01-05,20:19,122
SU9744,Ural Airlines,2024-07-10,04:46,271
SU4740,Ural Airlines,2024-08-06,01:41,82
SU1608,Yakutia,2024-03-02,00:23,98
SU8441,Yakutia,2024-07-10,19:29,178
SU8896,Ural Airlines,2024-02-09,09:52,182
SU183,Nordavia,2024-09-18,23:26,298
SU1386,Azimuth,2024-01-15,06:10,223
SU9880,Nordavia,2024-11-27,03:56,248
SU6560,Aeroflot,2024-03-07,05:09,233
SU1943,Red Wings,2024-07-13,17:00,188
SU4438,Red Wings,2024-01-06,17:45,177
SU2174,Yakutia,2024-11-06,04:16,89
SU3347,Aeroflot,2024-03-22,23:52,306
SU2257,Nordavia,2024-05-18,22:18,50
SU5805,S7 Airlines,2024-04-05,23:13,66
SU8887,S7 Airlines,2024-09-23,11:42,275
SU1693,Yakutia,2024-09-18,02:45,165
SU8568,S7 Airlines,2024-08-18,10:17,69
SU8364,Rossiya,2024-01-28,10:34,319
SU9877,Red Wings,2024-10-10,14:26,213
SU6587,Nordavia,2024-07-05,21:49,105
SU5507,Nordavia,2024-10-02,21:25,262
SU3062,Yakutia,2024-02-28,18:47,171
SU606,Red Wings,2024-03-14,16:49,276
SU7906,UTair,2024-10-21,21:12,111
SU5799,Nordavia,2024-02-24,23:02,322
SU5807,Rossiya,2024-07-11,08:13,349
SU2434,Pobeda,2024-12-01,19:28,72
SU2592,Nordavia,2024-11-01,07:45,170
SU7894,Nordavia,2024-02-13,07:32,166
SU6758,UTair,2024-12-27,02:24,243
SU9736,Nordavia,2024-01-22,21:45,94
SU4985,UTair,2024-08-15,10:25,307
SU8680,Nordavia,2024-07-09,01:23,76
SU5385,Rossiya,2024-05-13,18:19,337
SU7539,Yakutia,2024-01-27,03:59,190
SU2823,Rossiya,2024-09-04,21:11,192
SU7165,Nordavia,2024-05-13,06:49,207
SU4038,UTair,2024-05-25,10:24,75
SU1630,UTair,2024-06-25,13:01,51
SU7495,Pobeda,2024-09-12,13:56,135
SU6470,Azimuth,2024-03-27,05:35,131
SU5934,Azimuth,2024-02-11,11:14,263
SU5986,Azimuth,2024-10-26,23:38,285
SU4499,S7 Airlines,2024-06-03,02:52,119
SU9564,UTair,2024-02-02,05:32,322
SU3776,Azimuth,2024-07-24,00:52,209
SU4773,Yakutia,2024-11-20,08:05,59
SU5676,Aeroflot,2024-05-13,09:36,320
SU6637,Red Wings,2024-01-02,11:32,275
SU7676,Rossiya,2024-06-24,13:39,249
SU3536,Red Wings,2024-09-15,23:35,212
SU6037,Pobeda,2024-01-15,17:59,213
SU7678,Nordavia,2024-07-19,04:31,141
SU607,UTair,2024-01-03,15:55,172
SU9262,Red Wings,2024-04-07,22:30,302
SU8130,Red Wings,2024-08-27,04:51,158
SU1362,S7 Airlines,2024-01-07,11:31,98
SU7358,Ural Airlines,2024-05-10,18:08,172
SU4102,Pobeda,2024-10-22,16:37,93
SU8639,Rossiya,2024-03-01,21:37,230
SU1888,Azimuth,2024-07-01,16:31,62
SU3874,Ural Airlines,2024-04-12,21:01,160
SU4185,Rossiya,2024-10-02,09:33,207
SU4617,Yakutia,2024-03-19,00:41,161
SU9261,Rossiya,2024-10-15,00:17,292
SU8816,Yakutia,2024-07-04,13:29,119
SU6709,Red Wings,2024-10-09,17:25,150
SU8593,Aeroflot,2024-10-24,12:58,68
SU7195,Pobeda,2024-09-06,10:46,50
SU4649,UTair,2024-11-20,23:41,346
SU7472,Ural Airlines,2024-10-19,18:32,91
SU1115,Red Wings,2024-01-09,07:37,80
SU2913,Nordavia,2024-04-06,18:32,63
SU7468,S7 Airlines,2024-09-26,23:54,201
SU7572,Aeroflot,2024-05-03,02:03,208
SU9712,Nordavia,2024-06-03,02:08,112
SU7306,Rossiya,2024-10-27,22:16,151
SU8805,Rossiya,2024-07-18,08:54,61
SU9850,Pobeda,2024-05-13,05:29,63
SU8280,Ural Airlines,2024-02-14,16:01,214
SU4177,Pobeda,2024-01-12,07:01,65
SU7437,Aeroflot,2024-04-17,20:11,220
SU1620,Red Wings,2024-09-11,00:54,152
SU116,Nordavia,2024-11-04,01:11,82
SU2246,Ural Airlines,2024-02-21,16:11,137
SU6025,Pobeda,2024-09-09,10:14,257
SU3102,Nordavia,2024-03-15,06:29,79
SU4971,Pobeda,2024-04-09,16:09,273
SU7387,S7 Airlines,2024-03-12,15:22,289
SU5725,Azimuth,2024-05-09,06:14,268
SU1703,Azimuth,2024-03-09,23:50,254
SU8641,Ural Airlines,2024-02-10,20:29,285
SU8054,S7 Airlines,2024-12-25,11:32,83
SU474,Red Wings,2024-04-15,22:05,98
SU4380,Azimuth,2024-01-01,05:49,273
SU6940,Rossiya,2024-03-09,19:41,286
SU5288,Ural Airlines,2024-02-15,00:30,232
SU9575,S7 Airlines,2024-06-03,19:35,207
SU1935,Nordavia,2024-08-21,09:52,307
SU7555,Nordavia,2024-09-13,06:05,227
SU4289,Azimuth,2024-04-23,10:29,349
SU230,Yakutia,2024-05-06,04:09,327
SU5796,UTair,2024-02-19,20:56,312
SU9870,UTair,2024-02-26,19:02,205
SU7049,Yakutia,2024-04-27,09:44,259
SU1711,Azimuth,2024-11-24,04:20,255
SU4116,Azimuth,2024-10-04,23:11,59
SU8873,Yakutia,2024-05-01,14:30,51
SU1408,UTair,2024-08-12,23:29,289
SU2732,Rossiya,2024-11-08,10:08,60
SU892,Yakutia,2024-02-07,06:52,57
SU6412,Red Wings,2024-01-22,12:29,347
SU7385,Pobeda,2024-05-13,05:04,146
SU3787,Nordavia,2024-02-22,15:29,94
SU3288,Yakutia,2024-08-05,20:31,167
SU3698,UTair,2024-04-04,23:45,152
SU6987,UTair,2024-10-25,14:32,66
SU137,Ural Airlines,2024-02-15,13:49,88
SU4857,Yakutia,2024-02-19,22:23,82
SU4729,Pobeda,2024-08-18,00:02,252
SU162,Ural Airlines,2024-02-24,12:14,263
SU6477,Rossiya,2024-10-26,00:43,312
SU8834,Nordavia,2024-08-17,15:06,163
SU224,Ural Airlines,2024-11-17,20:13,270
SU2380,Yakutia,2024-03-11,20:15,158
SU7059,S7 Airlines,2024-03-12,11:48,310
SU7282,Ural Airlines,2024-07-09,09:14,80
SU2546,Aeroflot,2024-06-15,09:12,108
SU1415,UTair,2024-08-21,08:09,278
SU5176,S7 Airlines,2024-12-09,04:12,277
SU4243,S7 Airlines,2024-12-03,22:30,194
SU5168,Pobeda,2024-11-08,09:22,336
SU6230,Ural Airlines,2024-01-09,07:09,217
SU750,Ural Airlines,2024-02-05,13:13,227
SU1565,Pobeda,2024-04-06,04:01,145
SU4272,UTair,2024-08-04,16:25,99
SU5285,Yakutia,2024-08-19,13:29,51
SU623,UTair,2024-07-04,09:05,328
SU2103,Azimuth,2024-09-20,17:14,230
SU518,Pobeda,2024-01-05,14:27,309
SU5118,S7 Airlines,2024-01-09,21:16,316
SU5590,UTair,2024-07-25,01:39,329
SU7400,Ural Airlines,2024-08-24,11:59,278
SU440,Red Wings,2024-05-06,23:36,292
SU4293,Azimuth,2024-11-24,01:21,158
SU6195,Yakutia,2024-01-06,06:26,208
SU7684,UTair,2024-11-07,08:13,253
SU1015,Pobeda,2024-10-11,03:33,281
SU9765,Aeroflot,2024-12-18,13:07,192
SU6095,Rossiya,2024-05-14,16:17,335
SU6207,UTair,2024-11-20,18:39,146
SU2461,Nordavia,2024-10-22,01:23,79
SU6421,Ural Airlines,2024-05-03,22:18,191
SU295,Nordavia,2024-03-11,21:03,134
SU5511,S7 Airlines,2024-05-21,21:48,269
SU1446,UTair,2024-06-11,21:25,74
SU1783,UTair,2024-07-06,22:56,143
SU8735,Aeroflot,2024-12-26,10:32,335
SU2229,Rossiya,2024-10-13,09:19,161
SU9771,S7 Airlines,2024-08-26,21:52,182
SU3860,UTair,2024-09-04,13:51,238
SU1988,Ural Airlines,2024-07-28,22:06,110
SU5769,Red Wings,2024-10-16,12:18,266
SU5046,Aeroflot,2024-03-21,04:15,218
SU4104,Rossiya,2024-02-16,13:40,258
SU2386,Red Wings,2024-06-08,00:52,335
SU6849,Ural Airlines,2024-01-03,03:28,90
SU2445,Yakutia,2024-09-10,11:36,94
SU517,S7 Airlines,2024-12-08,21:36,120
SU3823,Yakutia,2024-11-02,19:18,318
SU255,Pobeda,2024-11-10,00:53,256
SU9411,Azimuth,2024-08-23,03:30,257
SU7024,Aeroflot,2024-09-11,04:40,197
SU3933,Nordavia,2024-10-21,09:08,182
SU1448,Rossiya,2024-03-22,02:07,110
SU9235,Aeroflot,2024-07-21,12:42,159
SU8989,Rossiya,2024-08-03,13:41,316
SU5388,S7 Airlines,2024-11-13,07:58,281
SU7511,Yakutia,2024-03-20,06:07,201
SU5043,UTair,2024-07-26,03:52,349
SU1124,Ural Airlines,2024-02-07,10:54,69
SU9520,Pobeda,2024-02-15,15:35,78
SU6686,Pobeda,2024-09-09,01:09,86
SU903,Pobeda,2024-09-21,22:10,176
SU6190,Red Wings,2024-03-28,23:38,343
SU2120,UTair,2024-12-07,06:03,203
SU2492,Rossiya,2024-09-11,21:08,246
SU7470,Red Wings,2024-01-14,08:27,70
SU8388,Aeroflot,2024-04-06,18:19,286
SU3746,Yakutia,2024-07-15,10:11,343
SU2467,Pobeda,2024-11-27,00:42,140
SU747,Yakutia,2024-10-21,05:46,288
SU5000,Ural Airlines,2024-01-15,12:52,146
SU620,Rossiya,2024-01-05,10:34,127
SU8616,Aeroflot,2024-10-16,22:45,128
SU6979,Red Wings,2024-11-01,14:23,99
SU9202,Pobeda,2024-12-20,18:49,325
SU7915,Red Wings,2024-07-09,17:55,82
SU1214,Yakutia,2024-07-17,16:31,317
SU1301,S7 Airlines,2024-01-06,16:09,144
SU4393,Aeroflot,2024-08-19,23:46,119
SU4694,S7 Airlines,2024-12-07,16:37,298
SU951,Pobeda,2024-04-02,04:38,272
SU2754,Red Wings,2024-05-26,21:18,59
SU7813,S7 Airlines,2024-12-20,10:03,210
SU1341,Yakutia,2024-09-15,21:38,158
SU6336,Red Wings,2024-11-21,10:45,139
SU4092,Ural Airlines,2024-01-02,02:06,274
SU1406,Rossiya,2024-05-27,17:19,98
SU1281,Nordavia,2024-11-07,12:04,275
SU8825,Azimuth,2024-06-26,04:33,296
SU8254,Rossiya,2024-03-20,16:39,239
SU2326,Aeroflot,2024-02-20,05:33,58
SU9664,Pobeda,2024-01-14,23:27,300
SU3775,Ural Airlines,2024-11-06,08:48,295
SU2746,Yakutia,2024-02-27,20:27,208
SU2393,Pobeda,2024-08-17,23:43,204
SU6670,S7 Airlines,2024-02-07,07:25,318
SU4022,Yakutia,2024-06-18,12:57,229
SU7021,Aeroflot,2024-02-16,13:45,325
SU4658,Pobeda,2024-11-07,18:05,170
SU6800,S7 Airlines,2024-11-16,23:14,209
SU6655,S7 Airlines,2024-05-20,05:06,181
SU8553,Nordavia,2024-09-15,14:37,208
SU6071,Ural Airlines,2024-04-25,12:07,55
SU7332,Yakutia,2024-08-03,23:50,195
SU2663,Ural Airlines,2024-06-03,11:20,320
SU8140,Ural Airlines,2024-01-28,06:48,68
SU1411,Aeroflot,2024-12-27,09:00,242
SU4518,S7 Airlines,2024-01-01,17:29,316
SU3560,Aeroflot,2024-06-05,19:20,146
SU8293,Pobeda,2024-03-21,20:36,305
SU7842,Ural Airlines,2024-07-24,02:01,250
SU681,Azimuth,2024-06-14,18:35,186
SU2614,Azimuth,2024-11-10,10:27,286
SU6411,Red Wings,2024-01-22,11:38,186
SU4851,S7 Airlines,2024-10-07,05:59,302
SU4014,UTair,2024-06-05,22:59,183
SU6840,Rossiya,2024-08-25,01:56,215
SU307,Ural Airlines,2024-01-05,05:07,100
SU8030,Ural Airlines,2024-08-04,22:41,126
SU2027,Ural Airlines,2024-01-20,03:11,295
SU5130,Pobeda,2024-11-10,19:46,103
SU9679,Azimuth,2024-12-24,02:42,258
SU1036,Pobeda,2024-11-19,05:35,104
SU3971,Pobeda,2024-07-27,20:21,133
SU1518,S7 Airlines,2024-08-22,20:39,213
SU5558,Yakutia,2024-08-09,07:13,154
SU1559,Aeroflot,2024-08-10,22:45,85
SU1216,S7 Airlines,2024-09-11,20:16,254
SU2723,Azimuth,2024-12-13,19:09,255
SU7456,Yakutia,2024-06-03,03:41,287
SU8522,Nordavia,2024-11-04,09:47,228
SU4529,Ural Airlines,2024-12-24,16:42,299
SU1118,Ural Airlines,2024-11-28,12:13,71
SU3283,Rossiya,2024-11-18,00:38,150
SU3644,Red Wings,2024-10-19,14:39,101
SU418,Azimuth,2024-03-28,06:28,189
SU9948,Nordavia,2024-03-13,18:23,160
SU8832,Yakutia,2024-03-09,23:11,234
SU4652,Ural Airlines,2024-12-07,09:03,327
SU5140,Yakutia,2024-09-09,23:09,212
SU1048,S7 Airlines,2024-10-06,17:40,136
SU9534,Red Wings,2024-10-15,23:29,267
SU2045,Nordavia,2024-02-23,07:41,92
SU673,Yakutia,2024-11-12,13:22,171
SU8281,Pobeda,2024-10-07,10:09,165
SU8520,Azimuth,2024-01-22,09:12,341
SU5613,Aeroflot,2024-05-24,18:36,151
SU6515,Nordavia,2024-02-11,08:48,153
SU1413,UTair,2024-04-13,04:20,344
SU2784,Nordavia,2024-08-11,16:43,91
SU9721,Aeroflot,2024-03-17,09:15,337
SU8375,Yakutia,2024-10-06,06:58,179
SU9759,Pobeda,2024-02-07,02:42,113
SU3465,Red Wings,2024-01-05,08:54,160
SU7336,Aeroflot,2024-02-04,04:33,80
SU1761,Azimuth,2024-10-01,01:22,81
SU584,Ural Airlines,2024-11-14,07:23,150
SU1729,Ural Airlines,2024-08-17,17:24,203
SU9578,S7 Airlines,2024-05-07,19:11,314
SU6860,Yakutia,2024-01-23,19:53,277
SU1187,Aeroflot,2024-01-03,18:26,67
SU8769,Ural Airlines,2024-11-28,03:43,89
SU9381,Yakutia,2024-06-11,20:11,50
SU9048,Yakutia,2024-06-22,05:13,81
SU780,Pobeda,2024-09-22,14:15,158
SU5075,Ural Airlines,2024-09-27,07:37,102
SU8742,Nordavia,2024-09-16,09:00,126
SU5998,Azimuth,2024-02-25,15:56,95
SU3486,Yakutia,2024-06-20,19:50,159
SU5563,Nordavia,2024-12-16,03:14,263
SU2470,S7 Airlines,2024-10-26,00:06,144
SU432,S7 Airlines,2024-05-01,14:01,277
SU7470,Aeroflot,2024-10-10,12:28,340
SU6626,Nordavia,2024-09-15,02:39,146
SU327,Aeroflot,2024-04-13,18:37,203
SU3887,Aeroflot,2024-10-13,12:23,91
SU1490,Rossiya,2024-06-14,08:26,95
SU4349,Azimuth,2024-08-07,22:11,319
SU5145,Yakutia,2024-05-26,03:05,228
SU5944,UTair,2024-08-22,04:06,133
SU1274,Aeroflot,2024-12-10,07:41,312
SU6159,Pobeda,2024-12-04,22:06,218
SU8268,Pobeda,2024-04-21,22:03,277
SU3457,S7 Airlines,2024-10-09,07:27,205
SU2834,Pobeda,2024-08-27,17:39,153
SU3290,Rossiya,2024-12-10,06:07,61
SU2048,Red Wings,2024-12-06,05:12,185
SU9019,UTair,2024-09-12,15:01,317
SU4774,Red Wings,2024-11-17,07:02,285
SU4075,Aeroflot,2024-02-16,03:27,154
SU6004,Nordavia,2024-09-11,20:49,245
SU5684,Aeroflot,2024-09-28,03:47,350
SU6422,Aeroflot,2024-10-05,12:57,274
SU3996,Aeroflot,2024-02-19,17:58,315
SU9963,Aeroflot,2024-08-16,02:40,159
SU9476,Rossiya,2024-03-12,20:47,308
SU3333,Red Wings,2024-02-16,08:34,155
SU9113,Yakutia,2024-11-20,19:37,60
SU3507,Red Wings,2024-09-24,14:41,276
SU855,Aeroflot,2024-08-23,11:39,328
SU6132,Yakutia,2024-01-06,17:30,74
SU3229,UTair,2024-10-12,13:46,55
SU1816,UTair,2024-08-03,05:51,347
SU8637,UTair,2024-03-23,06:36,319
SU2817,Rossiya,2024-08-17,11:20,122
SU4088,UTair,2024-10-22,02:32,135
SU1567,Pobeda,2024-01-16,02:48,108
SU2399,Ural Airlines,2024-07-02,11:37,104
SU8981,Aeroflot,2024-08-20,12:26,199
SU6619,Aeroflot,2024-08-12,00:22,85
SU2816,Red Wings,2024-09-23,06:20,70
SU3473,Yakutia,2024-03-09,03:58,158
SU3703,Yakutia,2024-07-18,20:21,269
SU3651,Azimuth,2024-01-03,22:09,203
SU730,Pobeda,2024-05-17,21:20,256
SU6541,Red Wings,2024-07-26,09:25,316
SU5852,Azimuth,2024-06-06,01:38,236
SU2850,Yakutia,2024-01-28,00:15,93
SU8752,Ural Airlines,2024-05-22,06:28,300
SU5647,Pobeda,2024-07-28,05:03,98
SU9758,Ural Airlines,2024-04-27,21:50,319
SU3042,Azimuth,2024-10-08,02:48,123
SU7786,Nordavia,2024-07-21,20:48,99
SU2030,Nordavia,2024-01-18,21:25,158
SU849,S7 Airlines,2024-01-24,16:00,153
SU7046,Pobeda,2024-10-09,14:57,124
SU2752,S7 Airlines,2024-12-15,00:59,237
SU9600,Ural Airlines,2024-04-05,11:40,157
SU3209,Azimuth,2024-10-05,08:40,90
SU1845,Red Wings,2024-06-11,22:40,335
SU6531,Aeroflot,2024-12-14,06:26,120
SU4522,Rossiya,2024-10-18,07:11,237
SU9215,S7 Airlines,2024-12-23,05:36,340
SU8175,S7 Airlines,2024-12-07,17:28,320
SU9856,Aeroflot,2024-02-19,02:37,163
SU5021,Ural Airlines,2024-05-02,08:35,267
SU8083,Pobeda,2024-02-21,11:08,244
SU9285,Rossiya,2024-02-02,00:54,128
SU2848,Pobeda,2024-08-23,09:56,330
SU5661,Aeroflot,2024-01-18,23:22,306
SU5634,Ural Airlines,2024-05-26,19:53,63
SU8352,Rossiya,2024-02-10,01:02,331
SU7340,Azimuth,2024-10-05,14:51,122
SU2875,Yakutia,2024-11-11,07:02,304
SU5462,Aeroflot,2024-10-17,11:43,235
SU1321,Nordavia,2024-07-25,02:04,300
SU8418,Pobeda,2024-08-24,06:06,242
SU7760,Rossiya,2024-07-07,15:32,326
SU6033,Rossiya,2024-11-26,08:01,168
SU1666,Red Wings,2024-03-01,01:58,117
SU6906,Rossiya,2024-10-01,05:09,123
SU6170,UTair,2024-12-05,02:46,123
SU9309,Aeroflot,2024-11-09,15:45,189
SU7907,Rossiya,2024-01-02,20:30,75
SU1327,Azimuth,2024-03-17,07:53,198
SU5875,UTair,2024-05-21,02:15,158
SU8717,Red Wings,2024-05-05,16:40,167
SU9166,Ural Airlines,2024-02-18,19:50,143
SU2210,S7 Airlines,2024-10-10,17:44,84
SU9540,UTair,2024-02-19,03:30,62
SU1858,Azimuth,2024-10-27,12:49,280
SU3611,Nordavia,2024-05-28,20:45,109
SU5565,Nordavia,2024-07-06,01:19,268
SU2737,UTair,2024-12-17,13:29,81
SU3312,Ural Airlines,2024-08-11,11:49,183
SU4825,Ural Airlines,2024-03-27,12:25,88
SU3145,Red Wings,2024-02-26,11:34,227
SU233,Azimuth,2024-05-20,21:45,230
SU7694,UTair,2024-07-14,18:37,285
SU4165,Nordavia,2024-11-15,18:02,115
SU3222,Nordavia,2024-06-18,16:27,122
SU2447,Azimuth,2024-12-22,01:07,329
SU9901,Rossiya,2024-08-07,16:27,194
SU8410,Rossiya,2024-12-08,00:03,154
SU7413,Azimuth,2024-10-18,14:54,76
SU8198,Red Wings,2024-03-18,00:13,318
SU4073,Rossiya,2024-09-19,13:40,259
SU5557,Red Wings,2024-02-22,21:58,255
SU9384,Ural Airlines,2024-08-27,16:18,156
SU5471,Ural Airlines,2024-01-07,21:59,291
SU3032,S7 Airlines,2024-12-08,09:22,308
SU7846,Nordavia,2024-10-25,02:08,187
SU3513,Yakutia,2024-06-06,14:40,290
SU7002,Nordavia,2024-12-03,03:18,114
SU8090,Nordavia,2024-08-01,07:02,209
SU9245,UTair,2024-06-23,00:06,208
SU9527,Nordavia,2024-12-22,11:09,168
SU3026,S7 Airlines,2024-05-03,01:25,131
SU2726,Nordavia,2024-06-20,08:39,240
SU1920,Ural Airlines,2024-12-23,02:02,194
SU6698,Red Wings,2024-07-20,12:26,218
SU6653,Aeroflot,2024-12-07,08:17,252
SU4409,Ural Airlines,2024-07-26,03:25,161
SU4499,UTair,2024-11-20,05:41,87
SU3906,S7 Airlines,2024-03-28,05:05,297
SU9523,Nordavia,2024-12-26,21:21,293
SU226,Pobeda,2024-05-25,18:32,299
SU4221,S7 Airlines,2024-10-13,12:20,140
SU781,Yakutia,2024-02-07,08:34,287
SU5051,S7 Airlines,2024-05-19,13:23,88
SU1190,Red Wings,2024-10-23,15:10,266
SU8852,Rossiya,2024-11-06,22:20,278
SU1006,Red Wings,2024-09-18,17:48,139
SU5237,Rossiya,2024-08-26,09:07,335
SU2924,S7 Airlines,2024-08-05,19:47,57
SU2430,Red Wings,2024-12-12,18:03,148
SU3033,Pobeda,2024-07-13,20:58,270
SU6997,Aeroflot,2024-03-20,04:05,100
SU9009,Yakutia,2024-12-10,17:58,177
SU8046,Red Wings,2024-10-14,07:42,209
SU9942,Rossiya,2024-10-17,19:30,58
SU7414,Pobeda,2024-05-01,04:01,339
SU6731,Pobeda,2024-11-20,09:35,254
SU7871,Rossiya,2024-06-14,09:28,169
SU3977,UTair,2024-11-17,19:29,346
SU803,Azimuth,2024-06-20,14:52,264
SU3729,Pobeda,2024-04-10,01:51,284
SU4942,S7 Airlines,2024-11-12,06:28,186
SU8582,Pobeda,2024-11-01,14:17,301
SU5809,Yakutia,2024-02-02,19:24,285
SU8111,Rossiya,2024-01-19,23:50,303
SU8681,UTair,2024-05-10,02:25,301
SU4112,Nordavia,2024-02-08,08:00,158
SU885,Yakutia,2024-10-26,06:03,109
SU7240,S7 Airlines,2024-08-20,23:06,222
SU4871,Ural Airlines,2024-10-01,13:55,316
SU3128,Rossiya,2024-11-13,00:50,125
SU2503,Rossiya,2024-03-07,14:37,129
SU7938,Azimuth,2024-04-12,08:19,294
SU1762,UTair,2024-06-04,05:43,190
SU2185,Azimuth,2024-12-15,09:27,247
SU1108,Ural Airlines,2024-05-12,03:48,289
SU2295,UTair,2024-12-21,17:03,342
SU3852,Aeroflot,2024-01-22,10:52,349
SU9237,Yakutia,2024-04-17,11:09,303
SU9740,UTair,2024-09-13,18:46,178
SU9145,Azimuth,2024-03-05,01:52,144
SU8459,Ural Airlines,2024-10-22,06:31,106
SU6907,Azimuth,2024-03-25,07:31,143
SU5103,Pobeda,2024-08-21,09:33,321
SU5379,S7 Airlines,2024-01-16,04:23,261
SU2377,Ural Airlines,2024-04-25,00:12,330
SU160,Pobeda,2024-01-09,03:22,96
SU3742,Azimuth,2024-06-09,21:33,70
SU7853,Aeroflot,2024-09-27,00:16,300
SU5151,Yakutia,2024-08-01,08:06,346
SU7774,Pobeda,2024-12-16,22:35,304
SU3897,Red Wings,2024-09-17,21:34,274
SU5253,S7 Airlines,2024-08-05,06:06,82
SU1885,Ural Airlines,2024-11-05,08:50,171
SU6459,Yakutia,2024-09-24,16:16,208
SU2068,Aeroflot,2024-04-04,09:01,117
SU2138,Ural Airlines,2024-05-18,10:52,321
SU7539,Azimuth,2024-07-07,18:18,114
SU800,S7 Airlines,2024-10-21,02:05,181
SU7923,Red Wings,2024-08-15,02:15,340
SU536,Rossiya,2024-01-06,07:10,349
SU4531,Rossiya,2024-11-14,07:00,246
SU2199,Red Wings,2024-07-11,03:03,191
SU284,Azimuth,2024-01-07,15:18,284
SU6943,Nordavia,2024-12-05,07:35,308
SU7394,Azimuth,2024-10-09,23:38,330
SU7751,Red Wings,2024-07-04,02:55,123
SU3155,Rossiya,2024-06-09,16:49,350
SU6446,Azimuth,2024-08-08,09:44,252
SU8337,Nordavia,2024-09-25,11:08,263
SU2874,Aeroflot,2024-05-28,17:01,206
SU9311,Rossiya,2024-09-18,04:54,248
SU6015,UTair,2024-04-26,19:40,127
SU8999,Aeroflot,2024-10-09,05:48,265
SU5375,Nordavia,2024-11-28,16:39,346
SU6812,Rossiya,2024-12-13,11:39,251
SU2603,UTair,2024-06-11,12:03,81
SU438,Rossiya,2024-06-11,23:42,236
SU8922,Ural Airlines,2024-07-11,16:23,121
SU5441,Yakutia,2024-12-17,15:43,118
SU9486,Ural Airlines,2024-08-19,11:00,214
SU8734,Red Wings,2024-10-17,12:13,336
SU7603,Ural Airlines,2024-10-06,14:03,143
SU2396,Nordavia,2024-03-19,01:45,56
SU4254,S7 Airlines,2024-01-28,18:27,348
SU8039,Rossiya,2024-01-09,01:51,96
SU4907,Aeroflot,2024-05-05,19:08,198
SU7711,Red Wings,2024-01-12,21:55,263
SU563,Azimuth,2024-03-28,17:38,56
SU3644,Aeroflot,2024-11-21,03:04,309
SU236,Ural Airlines,2024-03-14,16:07,149
SU4014,Red Wings,2024-08-09,09:36,279
SU4037,Ural Airlines,2024-11-04,09:23,343
SU2179,Aeroflot,2024-01-06,07:42,276
SU6235,Rossiya,2024-04-12,07:59,183
SU8084,Rossiya,2024-02-28,04:20,150
SU8171,Aeroflot,2024-11-18,19:44,247
SU788,Nordavia,2024-07-02,05:21,203
SU7540,Red Wings,2024-12-27,10:46,211
SU9456,Red Wings,2024-09-15,19:36,210
SU9542,Ural Airlines,2024-11-19,02:49,93
SU9585,UTair,2024-10-14,00:05,258
SU5853,Aeroflot,2024-10-04,08:05,133
SU1721,Ural Airlines,2024-02-15,11:02,289
SU4794,Rossiya,2024-01-27,08:07,193
SU3790,S7 Airlines,2024-02-03,05:21,83
SU266,Azimuth,2024-10-25,03:54,81
SU7625,Azimuth,2024-05-20,13:49,76
SU147,Nordavia,2024-02-08,17:34,309
SU6202,Aeroflot,2024-07-15,11:06,298
SU9701,Yakutia,2024-05-01,15:28,274
SU5965,Ural Airlines,2024-02-01,02:05,204
SU2592,Pobeda,2024-01-06,14:55,134
SU8026,Azimuth,2024-09-03,12:29,73
SU9696,Azimuth,2024-12-06,17:43,59
SU9157,Aeroflot,2024-05-03,15:03,114
SU4877,Pobeda,2024-03-27,12:52,157
SU5925,S7 Airlines,2024-08-14,15:39,142
SU6571,S7 Airlines,2024-01-09,00:17,165
SU2639,S7 Airlines,2024-08-14,08:39,200
SU8694,Rossiya,2024-11-27,14:14,168
SU7127,Ural Airlines,2024-12-04,19:51,212
SU2945,Rossiya,2024-11-20,06:45,349
SU9132,Red Wings,2024-08-16,16:59,134
SU7576,Rossiya,2024-07-03,15:59,162
SU6200,Ural Airlines,2024-05-15,02:12,328
SU8369,Red Wings,2024-05-17,04:39,300
SU1774,Aeroflot,2024-10-13,09:25,207
SU3000,Nordavia,2024-06-28,05:15,235
SU4003,Ural Airlines,2024-09-10,23:48,238
SU7541,Azimuth,2024-08-05,13:33,336
SU117,Nordavia,2024-07-03,16:53,136
SU6864,Red Wings,2024-10-23,17:13,233
SU5556,Yakutia,2024-08-05,06:59,285
SU5276,Azimuth,2024-10-05,22:52,237
SU1276,S7 Airlines,2024-01-13,22:39,95
SU2559,Yakutia,2024-08-28,21:38,133
SU6640,Rossiya,2024-02-26,15:48,148
SU5053,S7 Airlines,2024-01-05,05:27,185
SU4782,Red Wings,2024-01-10,16:01,93
SU2799,Ural Airlines,2024-07-19,03:34,151
SU3840,Pobeda,2024-02-23,18:41,278
SU9958,Aeroflot,2024-12-04,08:29,291
SU1886,Yakutia,2024-08-14,03:07,119
SU6034,Yakutia,2024-08-19,21:29,248
SU4080,Ural Airlines,2024-04-22,06:38,58
SU7932,Red Wings,2024-02-26,18:38,342
SU3767,S7 Airlines,2024-11-02,11:18,346
SU1709,Aeroflot,2024-06-09,23:36,81
SU1311,Red Wings,2024-12-01,02:29,159
SU6634,Rossiya,2024-02-26,05:29,114
SU5918,UTair,2024-06-23,17:09,203
SU4067,S7 Airlines,2024-11-26,17:44,282
SU880,UTair,2024-06-13,00:52,113
SU6653,Ural Airlines,2024-11-03,14:19,196
SU5111,Aeroflot,2024-11-16,05:17,286
SU7385,Red Wings,2024-05-11,06:42,194
SU7729,Red Wings,2024-02-02,01:14,348
SU3643,Ural Airlines,2024-07-16,15:08,114
SU8719,Nordavia,2024-04-15,20:51,224
SU9395,Yakutia,2024-04-07,15:57,236
SU8042,Nordavia,2024-11-06,16:25,149
SU5278,S7 Airlines,2024-07-28,11:04,169
SU1392,Rossiya,2024-11-13,17:56,147
SU8539,S7 Airlines,2024-04-25,01:55,93
SU9354,Pobeda,2024-04-19,05:56,174
SU5614,Yakutia,2024-12-10,21:25,283
SU8521,UTair,2024-11-04,22:39,123
SU6061,S7 Airlines,2024-02-01,09:01,301
SU4904,UTair,2024-01-14,18:19,312
SU9934,Ural Airlines,2024-06-19,22:06,176
SU7795,Nordavia,2024-02-13,11:53,317
SU8867,S7 Airlines,2024-11-03,16:58,82
SU264,Rossiya,2024-05-18,22:04,350
SU4595,Rossiya,2024-12-15,17:30,85
SU9346,Rossiya,2024-03-17,21:20,65
SU1141,Yakutia,2024-05-09,16:23,258
SU5054,Pobeda,2024-09-25,13:00,198
SU8523,Azimuth,2024-05-19,19:40,143
SU8728,Yakutia,2024-06-07,03:01,264
SU663,Aeroflot,2024-08-03,22:28,203
SU2550,Yakutia,2024-06-13,15:03,135
SU7132,Ural Airlines,2024-08-22,23:19,70
SU3118,Red Wings,2024-03-02,02:01,151
SU1130,S7 Airlines,2024-08-19,03:05,248
SU1791,Ural Airlines,2024-04-27,18:18,121
SU8717,Azimuth,2024-01-25,14:07,299
SU3491,UTair,2024-01-23,20:34,275
SU2029,Red Wings,2024-06-26,08:31,332
SU3921,Aeroflot,2024-04-20,02:33,168
SU6564,S7 Airlines,2024-12-01,19:45,248
SU5094,Aeroflot,2024-04-18,16:38,197
SU5418,Yakutia,2024-09-15,06:24,147
SU1727,UTair,2024-12-17,16:31,167
SU5270,Red Wings,2024-11-14,22:56,229
SU5565,Pobeda,2024-05-23,21:50,140
SU9117,Ural Airlines,2024-10-17,06:40,335
SU3021,S7 Airlines,2024-07-09,07:23,238
SU3866,Rossiya,2024-11-13,19:55,59
SU6669,Rossiya,2024-12-18,17:04,350
SU8517,Red Wings,2024-03-10,08:28,212
SU8805,Red Wings,2024-04-24,00:31,165
SU1609,Ural Airlines,2024-04-24,23:06,208
SU5327,UTair,2024-03-21,13:02,251
SU7111,Nordavia,2024-10-02,21:27,120
SU2901,Red Wings,2024-08-15,01:55,166
SU9360,S7 Airlines,2024-08-26,21:45,176
SU5012,Ural Airlines,2024-12-12,23:19,343
SU3364,UTair,2024-08-27,03:29,335
SU4020,Yakutia,2024-03-23,23:28,187
SU1865,Red Wings,2024-03-09,23:57,143
SU7642,Red Wings,2024-12-08,14:06,95
SU8466,UTair,2024-09-24,14:35,331
SU8876,Nordavia,2024-01-17,06:27,148
SU3885,S7 Airlines,2024-01-01,08:56,239
SU3719,Aeroflot,2024-03-02,11:35,327
SU1144,S7 Airlines,2024-01-26,04:57,90
SU9016,S7 Airlines,2024-04-13,10:35,69
SU8539,Yakutia,2024-02-18,18:00,294
SU8985,Ural Airlines,2024-05-03,08:04,221
SU384,Red Wings,2024-01-14,18:19,219
SU808,Red Wings,2024-12-20,17:48,143
SU1918,Ural Airlines,2024-08-28,03:59,263
SU2799,UTair,2024-07-09,12:24,173
SU2162,Azimuth,2024-05-03,07:26,151
SU8701,Nordavia,2024-01-10,21:10,53
SU7361,Azimuth,2024-03-19,16:45,129
SU1657,Azimuth,2024-01-23,01:18,148
SU3948,Ural Airlines,2024-03-19,03:30,294
SU1410,Nordavia,2024-10-03,13:44,165
SU8219,Pobeda,2024-06-08,02:00,235
SU5775,UTair,2024-07-01,13:48,251
SU9715,Ural Airlines,2024-09-24,01:47,257
SU7731,Yakutia,2024-09-12,18:05,331
SU6533,S7 Airlines,2024-09-01,13:44,198
SU6626,Pobeda,2024-12-23,13:51,169
SU6800,Pobeda,2024-04-19,01:59,109
SU6125,Rossiya,2024-02-18,05:26,257
SU5893,Ural Airlines,2024-09-07,06:07,71
SU673,Red Wings,2024-04-28,01:28,278
SU7789,Ural Airlines,2024-07-03,20:29,78
SU7135,Red Wings,2024-05-06,00:47,219
SU6339,S7 Airlines,2024-07-07,17:02,159
SU1743,Ural Airlines,2024-02-20,13:43,157
SU8582,Ural Airlines,2024-07-26,00:54,214
SU2608,Yakutia,2024-08-17,04:59,181
SU2790,Pobeda,2024-08-05,17:06,100
SU3230,Pobeda,2024-03-02,15:52,214
SU5124,Yakutia,2024-06-05,00:38,315
SU536,Azimuth,2024-08-13,02:14,292
SU8760,Azimuth,2024-06-12,06:46,306
SU9776,UTair,2024-02-02,19:58,146
SU7418,Pobeda,2024-03-04,19:06,229
SU3123,Yakutia,2024-08-02,20:05,308
SU1300,Azimuth,2024-08-02,08:39,225
SU898,Pobeda,2024-06-02,09:29,257
SU2686,Nordavia,2024-07-08,21:47,55
SU5258,Ural Airlines,2024-05-03,06:04,325
SU8674,Aeroflot,2024-09-03,11:56,329
SU1925,Ural Airlines,2024-11-08,06:22,304
SU137,UTair,2024-08-21,10:28,223
SU5585,Aeroflot,2024-09-13,08:34,168
SU6432,Rossiya,2024-12-10,04:59,82
SU9138,UTair,2024-11-20,15:57,213
SU1870,Yakutia,2024-04-28,19:11,124
SU3989,Rossiya,2024-06-11,05:24,163
SU7761,Red Wings,2024-09-04,20:22,200
SU2345,Rossiya,2024-05-07,07:32,243
SU9053,Nordavia,2024-01-20,13:14,137
SU7941,S7 Airlines,2024-11-01,13:47,159
SU5151,Rossiya,2024-04-19,07:30,253
SU8450,Azimuth,2024-04-14,10:03,297
SU4091,Pobeda,2024-01-09,14:49,274
SU7415,Aeroflot,2024-03-20,09:50,334
SU9165,Pobeda,2024-08-25,14:17,303
SU1989,Pobeda,2024-12-01,14:12,132
SU9554,Aeroflot,2024-11-24,05:07,73
SU3953,Red Wings,2024-10-23,06:10,53
SU6485,Yakutia,2024-02-14,07:44,272
SU5099,Azimuth,2024-02-12,04:27,126
SU2161,Ural Airlines,2024-03-02,14:07,188
SU1637,Nordavia,2024-07-04,14:14,275
SU8388,Rossiya,2024-02-20,23:23,260
SU140,Pobeda,2024-05-26,12:11,133
SU8076,Rossiya,2024-06-20,23:01,333
SU8925,Azimuth,2024-07-28,22:34,300
SU1412,Nordavia,2024-12-23,10:01,305
SU5286,Yakutia,2024-10-06,16:21,222
SU4905,Red Wings,2024-08-15,07:08,272
SU1044,Rossiya,2024-02-26,05:39,122
SU6461,Yakutia,2024-05-09,04:15,59
SU2189,S7 Airlines,2024-03-23,12:18,103
SU351,UTair,2024-11-02,07:22,342
SU6538,UTair,2024-12-27,05:22,90
SU2718,Azimuth,2024-09-07,19:02,138
SU4930,Yakutia,2024-04-19,04:56,284
SU1674,Red Wings,2024-10-07,15:36,110
SU367,Ural Airlines,2024-03-23,00:29,116
SU9716,Nordavia,2024-01-08,12:01,298
SU3170,Yakutia,2024-05-18,20:10,113
SU6270,S7 Airlines,2024-02-03,04:28,302
SU2222,Azimuth,2024-12-21,23:36,79
SU9913,Azimuth,2024-04-03,07:22,259
SU6142,Nordavia,2024-09-24,15:12,335
SU7508,Pobeda,2024-01-24,18:51,258
SU5428,Rossiya,2024-01-01,03:51,81
SU1789,UTair,2024-08-25,23:37,64
SU1452,Pobeda,2024-04-18,10:12,285
SU2019,Pobeda,2024-04-03,10:38,238
SU507,Pobeda,2024-09-09,19:08,84
SU6997,Red Wings,2024-07-26,14:38,169
SU1946,Nordavia,2024-07-10,23:42,228
SU4323,Yakutia,2024-09-14,03:22,246
SU9868,Aeroflot,2024-11-08,10:47,229
SU5559,Yakutia,2024-03-02,17:36,119
SU2046,Nordavia,2024-09-14,21:37,134
SU4686,Nordavia,2024-05-06,20:29,205
SU7353,Yakutia,2024-10-18,06:26,254
SU7874,Red Wings,2024-11-11,15:30,95
SU3163,Ural Airlines,2024-12-02,11:41,258
SU1095,UTair,2024-08-06,05:31,146
SU4358,Red Wings,2024-11-07,09:51,323
SU697,UTair,2024-05-07,16:43,298
SU1674,Red Wings,2024-05-02,16:12,326
SU4623,Nordavia,2024-05-23,00:28,323
SU3388,Aeroflot,2024-08-19,21:56,217
SU4534,Yakutia,2024-11-24,05:43,232
SU8914,Pobeda,2024-07-08,06:37,326
SU8102,Ural Airlines,2024-06-18,10:39,322
SU1444,UTair,2024-06-14,09:42,155
SU5072,Yakutia,2024-11-23,00:00,230
SU1004,Nordavia,2024-07-04,17:04,251
SU9456,Ural Airlines,2024-09-28,08:57,149
SU8179,Red Wings,2024-09-21,01:41,66
SU9067,Nordavia,2024-01-26,10:22,84
SU7189,Yakutia,2024-06-18,23:50,324
SU8518,UTair,2024-03-23,21:02,90
SU488,Ural Airlines,2024-05-07,02:42,62
SU7174,Ural Airlines,2024-11-22,06:09,313
SU7294,S7 Airlines,2024-07-14,00:51,251
SU1940,Azimuth,2024-03-07,10:32,214
SU9041,Aeroflot,2024-09-05,19:51,301
SU9233,Pobeda,2024-09-23,03:47,71
SU1666,Aeroflot,2024-12-07,22:54,120
SU4525,Aeroflot,2024-12-11,14:50,181
SU8525,Nordavia,2024-04-15,00:21,119
SU2813,Nordavia,2024-12-28,16:24,328
SU9885,Aeroflot,2024-02-28,07:10,143
SU8212,Ural Airlines,2024-04-04,05:59,267
SU8025,S7 Airlines,2024-07-07,18:53,259
SU2147,Red Wings,2024-08-08,09:07,230
SU7780,Pobeda,2024-11-28,02:37,59
SU2743,UTair,2024-05-15,04:50,260
SU9872,S7 Airlines,2024-08-27,05:18,316
SU4953,Aeroflot,2024-01-06,15:14,316
SU6592,Yakutia,2024-05-26,11:38,178
SU2667,Rossiya,2024-02-19,05:48,213
SU1486,Pobeda,2024-12-10,09:10,105
SU9176,Red Wings,2024-05-25,03:37,319
SU2732,Pobeda,2024-02-08,03:58,284
SU5080,Ural Airlines,2024-05-28,11:57,135
SU5469,S7 Airlines,2024-11-17,07:49,99
SU5135,Ural Airlines,2024-08-13,23:53,312
SU6444,Azimuth,2024-11-05,11:46,268
SU406,Aeroflot,2024-10-21,16:13,284
SU9972,Ural Airlines,2024-02-15,00:49,105
SU6149,Pobeda,2024-07-27,09:56,106
SU4082,Ural Airlines,2024-07-02,21:26,79
SU9566,Pobeda,2024-06-15,10:58,121
SU1889,UTair,2024-06-08,20:43,252
SU1022,UTair,2024-10-05,18:45,307
SU1162,Azimuth,2024-08-19,10:54,256
SU6929,Azimuth,2024-12-25,03:24,183
SU4284,Nordavia,2024-05-19,17:58,146
SU6673,Red Wings,2024-05-01,01:05,335
SU4600,Ural Airlines,2024-07-01,10:12,100
SU9304,Red Wings,2024-03-11,17:40,297
SU8931,Ural Airlines,2024-04-01,03:26,204
SU7584,Nordavia,2024-03-23,09:58,67
SU4209,Rossiya,2024-07-19,20:34,249
SU4633,Pobeda,2024-03-16,14:05,217
SU6159,Pobeda,2024-01-14,07:29,322
SU8310,S7 Airlines,2024-01-03,07:21,177
SU6783,Azimuth,2024-03-09,13:43,91
SU6485,Ural Airlines,2024-07-09,03:55,69
SU7457,Ural Airlines,2024-09-24,12:12,303
SU3788,Red Wings,2024-04-03,20:01,210
SU9493,UTair,2024-09-03,07:38,88
SU536,Rossiya,2024-07-13,15:22,87
SU5894,Pobeda,2024-09-06,15:24,195
SU8976,UTair,2024-06-13,06:37,77
SU3902,Aeroflot,2024-09-18,01:34,78
SU2236,Nordavia,2024-07-09,14:50,291
SU975,Red Wings,2024-11-19,05:04,112
SU550,Pobeda,2024-06-15,18:10,182
SU9939,Ural Airlines,2024-02-12,00:40,342
SU7620,Azimuth,2024-10-18,05:10,60
SU3947,Yakutia,2024-06-03,09:20,268
SU4214,Aeroflot,2024-03-05,22:29,65
SU8994,Nordavia,2024-03-19,20:50,186
SU7900,Ural Airlines,2024-03-04,12:57,205
SU4106,Aeroflot,2024-08-12,23:21,211
SU2491,Yakutia,2024-07-16,03:21,163
SU6389,Aeroflot,2024-07-20,17:28,196
SU8345,S7 Airlines,2024-09-24,11:57,344
SU3876,Nordavia,2024-10-04,21:31,273
SU5059,Red Wings,2024-03-13,10:21,178
SU2919,Yakutia,2024-06-10,08:43,217
SU1314,Aeroflot,2024-04-09,15:53,290
SU5335,Pobeda,2024-08-27,07:52,168
SU5730,Yakutia,2024-05-05,07:06,59
SU5038,Nordavia,2024-12-09,06:55,207
SU6334,Aeroflot,2024-07-12,08:49,91
SU6999,Pobeda,2024-06-18,04:34,106
SU677,Pobeda,2024-12-24,02:10,190
SU2581,Yakutia,2024-07-01,20:02,220
SU7697,Red Wings,2024-02-09,16:41,199
SU3907,Azimuth,2024-05-09,10:12,85
SU160,Pobeda,2024-06-22,02:46,251
SU8016,Red Wings,2024-04-01,02:43,69
SU8384,S7 Airlines,2024-01-16,16:57,163
SU4695,Azimuth,2024-07-02,22:39,341
SU9327,Yakutia,2024-04-24,16:22,117
SU7127,Rossiya,2024-07-03,09:23,206
SU8693,Yakutia,2024-02-01,04:29,223
SU9401,UTair,2024-08-02,05:50,57
SU953,Aeroflot,2024-08-25,04:36,97
SU1231,Rossiya,2024-05-19,10:07,136
SU5715,Ural Airlines,2024-03-22,07:30,329
SU6087,Ural Airlines,2024-06-24,10:22,100
SU2455,Rossiya,2024-02-09,03:13,93
SU2446,UTair,2024-12-18,18:28,109
SU4996,Ural Airlines,2024-12-20,17:29,247
SU814,Pobeda,2024-07-18,08:54,270
SU5844,S7 Airlines,2024-11-23,20:20,325
SU6456,Yakutia,2024-03-10,06:37,306
SU996,Red Wings,2024-04-05,21:45,233
SU6787,Rossiya,2024-11-26,21:45,128
SU7595,Red Wings,2024-01-13,03:08,314
SU5074,Aeroflot,2024-07-04,02:31,151
SU4146,Red Wings,2024-10-08,12:40,65
SU6821,Ural Airlines,2024-09-07,05:34,139
SU5655,UTair,2024-10-08,12:11,81
SU9825,Azimuth,2024-09-10,12:06,116
SU2678,Nordavia,2024-10-23,10:40,266
SU6319,Azimuth,2024-09-20,09:15,180
SU4666,Ural Airlines,2024-12-13,02:46,269
SU3989,Pobeda,2024-10-27,07:34,307
SU8674,Pobeda,2024-12-08,13:54,332
SU996,Yakutia,2024-11-15,22:17,189
SU555,S7 Airlines,2024-08-23,02:08,169
SU9953,UTair,2024-09-04,22:28,129
SU6176,Rossiya,2024-10-14,22:36,54
SU7299,Aeroflot,2024-03-11,23:02,218
SU775,S7 Airlines,2024-04-27,08:49,232
SU4712,S7 Airlines,2024-02-10,13:18,237
SU9805,Azimuth,2024-04-07,21:36,296
SU3639,Azimuth,2024-05-17,20:39,182
SU9649,Nordavia,2024-03-13,19:11,140
SU8098,Nordavia,2024-05-13,11:50,156
SU9702,UTair,2024-06-14,07:39,93
SU7380,Pobeda,2024-11-27,10:57,55
SU5737,Ural Airlines,2024-08-01,16:32,298
SU6831,Pobeda,2024-08-19,02:59,297
SU4262,Pobeda,2024-02-19,22:46,202
SU8403,Rossiya,2024-04-07,11:36,141
SU4369,S7 Airlines,2024-03-17,13:34,71
SU9759,Nordavia,2024-06-07,23:43,277
SU5734,Azimuth,2024-04-05,21:40,136
SU1506,UTair,2024-07-27,08:27,273
SU223,Red Wings,2024-04-02,02:48,190
SU7921,Pobeda,2024-03-10,00:40,280
SU1172,Nordavia,2024-12-01,23:51,120
SU7593,Pobeda,2024-11-08,07:55,79
SU5647,Pobeda,2024-09-08,07:08,200
SU353,Red Wings,2024-11-03,03:54,166
SU4320,Pobeda,2024-08-09,03:45,157
SU9395,Azimuth,2024-07-12,00:44,253
SU9147,S7 Airlines,2024-06-11,21:14,227
SU2519,Yakutia,2024-08-05,20:10,120
SU9067,Ural Airlines,2024-12-17,04:15,255
SU4901,Azimuth,2024-02-07,23:58,292
SU7240,S7 Airlines,2024-10-09,22:28,196
SU8887,Azimuth,2024-10-17,04:00,84
SU270,Yakutia,2024-11-05,11:01,280
SU2300,UTair,2024-09-27,12:49,276
SU7140,Red Wings,2024-07-16,06:31,318
SU3629,Yakutia,2024-08-22,12:06,211
SU6329,Aeroflot,2024-03-05,19:12,300
SU5542,Rossiya,2024-11-04,18:29,56
SU9507,Red Wings,2024-07-20,23:46,224
SU5710,Yakutia,2024-05-27,17:15,163
SU5774,Red Wings,2024-12-15,14:06,203
SU1534,Yakutia,2024-12-16,01:54,64
SU8731,Aeroflot,2024-09-04,20:28,196
SU7208,Azimuth,2024-06-10,02:31,149
SU4368,Aeroflot,2024-06-18,21:53,227
SU6914,Pobeda,2024-10-27,05:23,66
SU4545,Azimuth,2024-03-10,20:11,291
SU5735,Red Wings,2024-01-15,19:13,218
SU5164,Yakutia,2024-11-11,15:51,64
SU2751,Aeroflot,2024-12-05,16:39,196
SU2260,Yakutia,2024-03-15,14:07,221
SU1821,Red Wings,2024-06-08,13:33,229
SU343,Azimuth,2024-03-04,00:35,274
SU1693,UTair,2024-01-26,13:59,123
SU549,Yakutia,2024-12-12,03:42,255
SU6928,Red Wings,2024-03-14,16:08,306
SU4166,S7 Airlines,2024-08-24,09:50,113
SU1301,Aeroflot,2024-02-24,15:56,168
SU3637,UTair,2024-09-17,15:13,270
SU7059,Aeroflot,2024-09-16,22:02,74
SU6396,Azimuth,2024-06-08,18:53,191
SU9260,Rossiya,2024-07-05,14:34,314
SU5092,Rossiya,2024-01-01,14:42,219
SU8522,Pobeda,2024-04-21,10:51,175
SU7614,UTair,2024-02-12,06:34,218
SU9255,S7 Airlines,2024-11-23,14:20,321
SU4033,Rossiya,2024-06-28,11:56,200
SU2117,Nordavia,2024-12-18,23:30,318
SU2496,Red Wings,2024-11-13,00:52,326
SU2734,Nordavia,2024-08-23,11:55,217
SU7149,Azimuth,2024-04-16,21:12,221
SU3704,Pobeda,2024-09-15,00:47,331
SU4898,Aeroflot,2024-11-21,04:27,163
SU2265,Ural Airlines,2024-05-05,11:25,283
SU7752,Rossiya,2024-10-26,17:36,155
SU5077,UTair,2024-03-24,11:51,239
SU2959,S7 Airlines,2024-01-06,19:30,185
SU6517,Yakutia,2024-08-11,14:38,309
SU3045,Nordavia,2024-08-09,18:31,299
SU6931,Red Wings,2024-04-03,11:57,203
SU8154,Azimuth,2024-04-09,18:13,95
SU2478,Pobeda,2024-03-05,06:01,327
SU1846,UTair,2024-05-15,17:50,330
SU1648,Red Wings,2024-11-04,18:00,248
SU4510,Ural Airlines,2024-09-26,04:13,182
SU1772,UTair,2024-03-26,12:42,264
SU201,Nordavia,2024-05-12,04:13,350
SU9332,Yakutia,2024-08-27,21:01,248
SU2959,Azimuth,2024-08-22,10:09,228
SU7709,UTair,2024-10-03,03:20,321
SU6920,Azimuth,2024-12-04,19:55,245
SU9892,Azimuth,2024-02-16,04:47,129
SU2836,UTair,2024-06-08,12:07,201
SU8454,Yakutia,2024-05-20,22:24,336
SU3401,Red Wings,2024-01-04,06:37,346
SU631,Red Wings,2024-08-02,07:10,345
SU4354,Azimuth,2024-02-10,05:13,348
SU9486,Ural Airlines,2024-02-26,06:03,233
SU4528,Aeroflot,2024-06-24,17:58,262
SU6026,Ural Airlines,2024-07-18,18:05,314
SU627,S7 Airlines,2024-11-08,00:18,189
SU6117,Red Wings,2024-07-16,17:03,136
SU7018,Rossiya,2024-02-11,10:24,111
SU6008,Pobeda,2024-07-28,05:24,244
SU4678,Ural Airlines,2024-11-28,02:02,331
SU5648,Ural Airlines,2024-09-09,16:13,161
SU2850,UTair,2024-08-24,09:31,153
SU5067,Ural Airlines,2024-10-27,15:43,245
SU3973,Yakutia,2024-07-16,06:48,290
SU4631,Aeroflot,2024-08-17,23:55,107
SU2892,S7 Airlines,2024-06-26,10:47,173
SU8431,S7 Airlines,2024-04-05,07:44,273
SU1309,Azimuth,2024-03-26,14:04,167
SU6952,Red Wings,2024-03-26,22:40,100
SU9831,Pobeda,2024-11-19,09:05,219
SU8304,Red Wings,2024-08-26,15:50,117
SU5114,Rossiya,2024-08-10,13:42,151
SU8748,Azimuth,2024-07-18,10:41,63
SU9707,Pobeda,2024-06-06,09:19,172
SU138,Azimuth,2024-12-06,18:33,59
SU7365,Nordavia,2024-12-21,07:15,323
SU1027,Aeroflot,2024-05-02,16:28,296
SU2951,Ural Airlines,2024-05-08,23:24,114
SU526,Red Wings,2024-11-25,15:59,253
SU6287,Azimuth,2024-12-05,23:35,188
SU3629,S7 Airlines,2024-08-13,17:49,87
SU3571,Azimuth,2024-03-26,12:25,214
SU4735,Azimuth,2024-04-03,04:15,77
SU2151,Ural Airlines,2024-01-22,22:26,161
SU6479,Pobeda,2024-05-25,15:42,64
SU9864,Azimuth,2024-11-24,19:36,330
SU8389,Pobeda,2024-11-15,20:40,68
SU1516,Red Wings,2024-02-06,23:24,285
SU9977,Ural Airlines,2024-12-08,07:36,329
SU4055,Azimuth,2024-05-27,21:59,268
SU7135,Red Wings,2024-01-06,19:51,324
SU173,Nordavia,2024-08-23,11:46,342
SU9139,Ural Airlines,2024-04-17,20:26,75
SU4304,Pobeda,2024-02-16,03:09,172
SU6651,Red Wings,2024-12-25,01:29,182
SU9184,Pobeda,2024-08-12,13:32,224
SU9002,Yakutia,2024-11-27,00:48,342
SU1074,Aeroflot,2024-06-25,09:12,145
SU1021,UTair,2024-07-20,01:26,220
SU2023,Ural Airlines,2024-05-07,09:08,200
SU2819,Nordavia,2024-04-09,13:58,146
SU8743,Ural Airlines,2024-03-06,16:59,173
SU8471,Yakutia,2024-09-19,23:31,176
SU5522,UTair,2024-11-28,17:39,50
SU1701,Azimuth,2024-04-27,15:46,314
SU2261,Rossiya,2024-04-07,16:58,252
SU6224,Yakutia,2024-08-04,03:22,107
SU6449,Red Wings,2024-10-01,02:03,117
SU7768,S7 Airlines,2024-01-09,00:09,320
SU3956,Azimuth,2024-01-21,20:29,63
SU5629,Nordavia,2024-07-23,14:47,98
SU1000,Red Wings,2024-04-16,22:14,317
SU7741,Pobeda,2024-07-07,22:00,289
SU1123,Aeroflot,2024-08-24,19:07,227
SU1486,Pobeda,2024-08-16,13:29,93
SU510,Pobeda,2024-08-01,17:14,331
SU6882,Rossiya,2024-05-17,02:39,234
SU5446,Yakutia,2024-09-20,13:09,185
SU3477,Aeroflot,2024-05-24,03:40,161
SU7895,Azimuth,2024-12-24,14:40,203
SU5033,Aeroflot,2024-04-20,00:13,290
SU3580,Nordavia,2024-07-18,08:26,142
SU7899,Red Wings,2024-10-01,12:42,283
SU8083,UTair,2024-06-07,22:10,202
SU2149,Azimuth,2024-12-23,15:09,173
SU1784,Pobeda,2024-11-21,02:23,229
SU2187,Ural Airlines,2024-11-05,09:48,52
SU1359,Rossiya,2024-11-19,14:45,344
SU2329,Ural Airlines,2024-01-27,17:21,291
SU846,Yakutia,2024-03-14,13:31,291
SU8005,Aeroflot,2024-09-06,13:35,104
SU6677,Red Wings,2024-02-10,03:12,334
SU4985,Nordavia,2024-11-28,15:01,119
SU5412,Rossiya,2024-07-04,02:45,340
SU747,Nordavia,2024-05-06,08:40,348
SU8258,Aeroflot,2024-12-09,20:55,58
SU1299,S7 Airlines,2024-10-26,10:11,240
SU8833,Azimuth,2024-04-21,18:22,343
SU6503,Aeroflot,2024-06-24,19:17,97
SU7045,Nordavia,2024-02-12,22:16,195
SU2587,S7 Airlines,2024-05-04,03:25,154
SU1411,Nordavia,2024-12-15,06:55,104
SU4210,S7 Airlines,2024-03-08,01:51,322
SU3229,Pobeda,2024-01-07,05:51,66
SU5627,S7 Airlines,2024-09-06,06:24,205
SU5037,S7 Airlines,2024-09-08,05:02,259
SU7238,Rossiya,2024-08-22,12:16,299
SU918,Rossiya,2024-11-03,05:28,338
SU789,UTair,2024-08-15,17:17,259
SU2550,Aeroflot,2024-03-12,11:45,319
SU3609,Azimuth,2024-10-21,14:08,67
SU7103,Yakutia,2024-12-17,21:39,243
SU2759,Red Wings,2024-09-26,13:41,209
SU3902,S7 Airlines,2024-06-28,14:05,219
SU4908,Nordavia,2024-10-18,06:07,127
SU5870,Ural Airlines,2024-05-25,20:30,75
SU8923,Azimuth,2024-05-19,05:11,164
SU3576,Aeroflot,2024-07-14,06:39,348
SU1721,Red Wings,2024-09-24,17:36,52
SU7807,Red Wings,2024-11-18,05:24,113
SU1353,Red Wings,2024-01-23,07:24,281
SU4823,Yakutia,2024-08-25,07:17,269
SU7322,Ural Airlines,2024-11-03,13:21,161
SU2788,Nordavia,2024-06-03,20:26,205
SU8076,Nordavia,2024-05-25,21:15,333
SU7542,UTair,2024-06-16,11:36,168
SU4458,Rossiya,2024-06-26,12:59,162
SU5791,Aeroflot,2024-04-10,19:53,220
SU9928,Yakutia,2024-01-13,21:27,75
SU3838,Ural Airlines,2024-01-05,00:07,146
SU8883,Yakutia,2024-02-27,04:42,197
SU2753,Rossiya,2024-12-16,11:28,106
SU6492,Yakutia,2024-09-11,15:05,212
SU1972,UTair,2024-09-04,17:28,216
SU5028,Aeroflot,2024-02-23,22:07,136
SU8017,Aeroflot,2024-07-03,02:44,217
SU8438,Rossiya,2024-06-11,23:05,336
SU3172,Aeroflot,2024-07-02,05:37,234
SU6472,Pobeda,2024-12-24,04:32,335
SU9162,S7 Airlines,2024-04-02,18:37,239
SU2958,Ural Airlines,2024-07-19,16:22,120
SU6794,Rossiya,2024-06-15,12:44,341
SU2849,Nordavia,2024-11-13,17:29,136
SU3775,Rossiya,2024-01-09,10:12,250
SU8702,Red Wings,2024-11-16,02:49,329
SU1313,S7 Airlines,2024-11-06,15:07,235
SU4567,Aeroflot,2024-07-08,06:32,58
SU5027,Pobeda,2024-12-17,08:54,152
SU6034,Rossiya,2024-06-25,00:24,73
SU1225,Rossiya,2024-08-12,15:24,240
SU5105,Red Wings,2024-08-11,19:13,243
SU6765,UTair,2024-01-09,16:22,322
SU7240,Nordavia,2024-12-12,10:39,201
SU5362,S7 Airlines,2024-05-09,00:09,126
SU2108,UTair,2024-03-22,11:24,156
SU2542,S7 Airlines,2024-06-01,15:57,340
SU7935,Yakutia,2024-10-18,00:30,295
SU2658,Rossiya,2024-10-17,10:19,229
SU6892,UTair,2024-10-12,04:23,287
SU3075,Azimuth,2024-12-24,21:41,297
SU3597,Pobeda,2024-02-27,04:44,281
SU3246,UTair,2024-09-14,19:34,116
SU1898,UTair,2024-06-19,15:03,61
SU5338,Ural Airlines,2024-10-01,01:54,74
SU3385,UTair,2024-06-17,06:10,278
SU1137,Red Wings,2024-04-26,19:55,249
SU3889,Rossiya,2024-06-08,03:00,193
SU7422,Rossiya,2024-08-17,08:22,253
SU9400,Nordavia,2024-05-10,13:09,220
SU4949,Azimuth,2024-08-14,08:19,186
SU103,Azimuth,2024-04-28,15:30,76
SU6575,Azimuth,2024-09-04,03:06,208
SU9826,Rossiya,2024-01-28,02:02,315
SU8604,UTair,2024-01-07,21:54,307
SU1124,Pobeda,2024-06-23,14:06,110
SU796,Yakutia,2024-05-13,18:19,123
SU9584,Azimuth,2024-01-20,22:06,289
SU1969,Aeroflot,2024-11-08,10:33,189
SU7330,Ural Airlines,2024-06-10,19:40,308
SU6348,Azimuth,2024-06-25,00:50,94
SU688,Red Wings,2024-02-27,13:41,298
SU7803,Azimuth,2024-02-21,18:31,287
SU3359,Aeroflot,2024-07-06,15:36,188
SU3904,Nordavia,2024-03-26,21:43,338
SU9241,Rossiya,2024-02-27,14:33,50
SU7600,Ural Airlines,2024-12-06,07:14,213
SU294,S7 Airlines,2024-05-01,10:09,121
SU5024,Red Wings,2024-09-15,00:41,66
SU1545,Aeroflot,2024-01-06,03:06,333
SU5018,UTair,2024-12-08,05:22,288
SU7377,Azimuth,2024-09-28,18:40,255
SU6132,Red Wings,2024-01-12,20:05,129
SU8331,Aeroflot,2024-10-23,10:28,53
SU8351,Ural Airlines,2024-11-20,02:04,114
SU3311,Yakutia,2024-07-26,01:20,229
SU9588,Aeroflot,2024-01-22,09:57,213
SU6999,Red Wings,2024-08-18,18:06,174
SU9131,Red Wings,2024-10-13,22:30,154
SU3780,Rossiya,2024-08-09,23:16,50
SU701,Pobeda,2024-12-21,16:23,254
SU6922,UTair,2024-12-07,02:54,312
SU2984,UTair,2024-12-04,02:09,230
SU1587,Aeroflot,2024-09-14,01:25,62
SU2205,Ural Airlines,2024-09-12,18:46,216
SU4912,S7 Airlines,2024-06-25,11:51,262
SU6766,Rossiya,2024-06-03,12:48,149
SU1088,Yakutia,2024-08-02,07:03,188
SU1193,Azimuth,2024-05-19,19:24,82
SU9008,Yakutia,2024-08-14,19:39,67
SU8604,Pobeda,2024-09-21,07:08,186
SU5276,Pobeda,2024-04-13,20:12,103
SU579,UTair,2024-02-22,07:46,221
SU2888,Ural Airlines,2024-07-24,09:56,338
SU4596,Nordavia,2024-12-17,08:59,51
SU3581,S7 Airlines,2024-04-06,13:15,53
SU2156,Red Wings,2024-03-27,07:25,78
SU5881,Rossiya,2024-08-01,01:29,205
SU6920,Azimuth,2024-03-21,21:30,258
SU6510,UTair,2024-07-04,18:54,345
SU2953,Ural Airlines,2024-09-15,14:35,115
SU9313,Pobeda,2024-07-12,10:27,261
SU9833,Azimuth,2024-02-22,01:04,180
SU6354,UTair,2024-08-03,11:03,194
SU233,Rossiya,2024-06-01,22:10,292
SU176,S7 Airlines,2024-11-20,05:53,200
SU5986,Azimuth,2024-07-20,06:59,240
SU6862,Red Wings,2024-04-04,15:56,223
SU9139,Azimuth,2024-06-10,00:09,134
SU4900,Yakutia,2024-01-24,02:42,133
SU5626,Nordavia,2024-08-27,07:35,274
SU239,Ural Airlines,2024-03-05,02:53,59
SU3093,Red Wings,2024-12-20,10:35,159
SU380,Aeroflot,2024-01-01,09:46,94
SU8163,Nordavia,2024-03-26,09:32,243
SU1207,Yakutia,2024-07-24,13:24,142
SU3358,Rossiya,2024-07-18,17:04,227
SU765,UTair,2024-09-11,00:37,295
SU8724,S7 Airlines,2024-01-14,05:48,227
SU4921,Azimuth,2024-03-13,20:58,308
SU9502,Ural Airlines,2024-09-04,02:27,53
SU4780,Red Wings,2024-01-10,15:33,335
SU1625,UTair,2024-06-18,08:23,87
SU2983,Red Wings,2024-01-05,04:28,319
SU6662,Ural Airlines,2024-08-22,10:24,262
SU8588,Nordavia,2024-02-23,12:47,235
SU1606,Ural Airlines,2024-07-08,11:14,211
SU7059,Rossiya,2024-08-18,19:16,309
SU2766,Yakutia,2024-09-14,11:28,80
SU290,Azimuth,2024-12-08,23:50,226
SU8699,Red Wings,2024-12-02,09:26,210
SU7338,Azimuth,2024-04-16,17:50,113
SU2343,UTair,2024-09-10,00:16,153
SU6851,Rossiya,2024-12-24,18:50,320
SU269,Azimuth,2024-01-08,15:30,239
SU1579,Rossiya,2024-12-16,10:28,80
SU4643,Yakutia,2024-12-17,22:01,73
SU5646,Red Wings,2024-11-24,19:48,138
SU6060,Aeroflot,2024-09-02,02:49,100
SU5311,Pobeda,2024-11-02,17:28,161
SU3054,S7 Airlines,2024-10-14,16:18,52
SU1278,UTair,2024-09-23,08:30,316
SU6033,Aeroflot,2024-08-08,01:46,280
SU6510,Aeroflot,2024-05-05,13:45,180
SU6083,Ural Airlines,2024-11-22,21:57,189
SU2887,Aeroflot,2024-04-12,07:52,260
SU3753,Nordavia,2024-11-13,12:01,153
SU7643,S7 Airlines,2024-10-23,12:25,101
SU1319,UTair,2024-10-25,00:41,84
SU4368,Ural Airlines,2024-12-15,08:45,209
SU1375,Azimuth,2024-09-21,06:48,294
SU4018,Pobeda,2024-09-04,06:08,73
SU9191,UTair,2024-10-18,16:29,158
SU6449,Azimuth,2024-06-15,22:44,174
SU2085,Azimuth,2024-12-25,13:35,62
SU4046,Aeroflot,2024-12-17,23:08,103
SU2331,Ural Airlines,2024-11-08,17:24,284
SU4345,Azimuth,2024-12-24,19:28,54
SU2375,S7 Airlines,2024-08-09,12:44,133
SU5877,S7 Airlines,2024-03-20,15:29,64
SU5827,S7 Airlines,2024-08-05,02:56,262
SU9107,Yakutia,2024-11-26,11:36,312
SU2374,Pobeda,2024-05-22,04:44,297
SU7418,Pobeda,2024-09-23,20:32,158
SU2833,Aeroflot,2024-08-02,06:11,203
SU7145,Aeroflot,2024-10-13,14:56,139
SU1065,S7 Airlines,2024-12-06,17:52,157
SU1065,S7 Airlines,2024-11-26,16:13,83
SU7567,Pobeda,2024-08-25,22:28,201
SU8710,UTair,2024-01-17,03:54,54
SU6717,Red Wings,2024-07-25,15:29,247
SU5017,Ural Airlines,2024-01-17,14:27,166
SU2613,Ural Airlines,2024-07-19,18:58,242
SU5088,Yakutia,2024-12-17,23:32,134
SU2493,S7 Airlines,2024-03-25,05:30,267
SU1826,Pobeda,2024-08-27,04:13,62
SU2088,Pobeda,2024-01-03,21:09,184
SU6365,Yakutia,2024-12-11,02:44,70
SU864,Nordavia,2024-06-21,16:23,236
SU3457,Yakutia,2024-01-02,12:06,174
SU257,S7 Airlines,2024-01-25,22:29,263
SU9970,Ural Airlines,2024-07-25,07:58,340
SU1005,Red Wings,2024-10-11,18:13,294
SU5038,Rossiya,2024-11-15,16:08,60
SU716,S7 Airlines,2024-10-28,01:46,323
SU7390,Pobeda,2024-08-18,05:14,66
SU2764,Ural Airlines,2024-10-27,16:06,85
SU2197,Nordavia,2024-08-08,16:08,63
SU8670,Pobeda,2024-12-01,12:21,298
SU2445,Yakutia,2024-12-09,04:46,321
SU1947,S7 Airlines,2024-09-06,05:31,77
SU4125,Nordavia,2024-06-26,14:13,329
SU9810,Rossiya,2024-11-14,15:35,340
SU8155,Ural Airlines,2024-07-03,04:41,280
SU1901,Pobeda,2024-01-24,12:16,193
SU3399,Pobeda,2024-09-02,15:10,172
SU7347,Rossiya,2024-10-08,20:35,328
SU8137,Azimuth,2024-03-15,19:03,304
SU135,S7 Airlines,2024-04-03,06:13,92
SU9774,Ural Airlines,2024-07-22,19:18,141
SU6140,UTair,2024-05-15,17:12,210
SU2733,Red Wings,2024-07-14,04:25,337
SU596,Ural Airlines,2024-04-12,03:24,270
SU2772,Red Wings,2024-05-18,17:40,213
SU1444,Rossiya,2024-12-09,17:52,79
SU1955,Ural Airlines,2024-01-28,14:36,222
SU6992,S7 Airlines,2024-01-27,14:33,78
SU8270,Pobeda,2024-07-06,03:01,73
SU3757,Red Wings,2024-06-01,15:45,160
SU851,S7 Airlines,2024-06-21,12:16,342
SU202,Azimuth,2024-05-28,15:12,96
SU2545,Red Wings,2024-01-23,04:22,69
SU3565,UTair,2024-01-18,14:51,261
SU5007,Ural Airlines,2024-03-13,15:17,258
SU4755,UTair,2024-09-12,16:07,92
SU4433,S7 Airlines,2024-11-03,10:34,55
SU5472,Yakutia,2024-11-14,09:55,50
SU9363,Yakutia,2024-11-04,10:52,326
SU558,Ural Airlines,2024-07-27,02:07,249
SU4636,Yakutia,2024-11-25,12:53,289
SU1095,Azimuth,2024-09-14,00:05,192
SU1434,UTair,2024-07-24,08:21,199
SU6139,Pobeda,2024-06-13,17:16,312
SU4541,Aeroflot,2024-08-24,23:31,294
SU7786,S7 Airlines,2024-11-06,09:01,274
SU244,Azimuth,2024-09-28,14:55,209
SU2324,UTair,2024-12-11,23:35,84
SU7779,Aeroflot,2024-07-04,18:51,78
SU1682,Red Wings,2024-11-26,17:00,132
SU631,Aeroflot,2024-02-22,12:19,150
SU4251,UTair,2024-01-04,09:15,195
SU1559,Yakutia,2024-09-25,01:34,231
SU4751,Nordavia,2024-10-03,12:07,105
SU7719,Pobeda,2024-10-09,05:27,113
SU9583,UTair,2024-10-28,03:51,180
SU3415,Red Wings,2024-03-16,00:14,275
SU2947,Azimuth,2024-01-07,22:32,324
SU1698,Red Wings,2024-10-26,21:02,310
SU4782,Azimuth,2024-05-01,19:15,333
SU5898,Nordavia,2024-04-07,21:48,55
SU4010,UTair,2024-11-14,22:33,192
SU1123,Red Wings,2024-10-16,21:57,172
SU6231,S7 Airlines,2024-02-01,14:48,89
SU1601,Nordavia,2024-11-23,21:27,308
SU9155,Aeroflot,2024-08-22,05:13,126
SU8045,S7 Airlines,2024-03-17,05:07,288
SU7289,S7 Airlines,2024-10-11,01:18,92
SU1400,Azimuth,2024-01-02,17:32,251
SU7128,S7 Airlines,2024-07-28,06:35,151
SU2371,Red Wings,2024-03-08,14:58,349
SU4832,Pobeda,2024-05-17,11:19,299
SU468,Azimuth,2024-10-04,05:53,228
SU6353,Red Wings,2024-12-07,11:33,335
SU5071,Azimuth,2024-07-28,03:44,167
SU6020,UTair,2024-07-24,00:36,314
SU3729,Nordavia,2024-12-03,15:42,165
SU2354,S7 Airlines,2024-08-06,04:02,175
SU167,Rossiya,2024-01-15,22:48,58
SU1026,Red Wings,2024-10-23,12:54,161
SU8484,Ural Airlines,2024-06-22,13:06,60
SU5239,Ural Airlines,2024-12-06,08:18,218
SU4701,Aeroflot,2024-08-11,21:26,65
SU7910,Yakutia,2024-01-04,06:21,342
SU9917,Nordavia,2024-02-11,09:56,259
SU9960,Red Wings,2024-07-05,08:36,314
SU7262,Nordavia,2024-02-11,18:06,265
SU2842,Nordavia,2024-07-26,09:06,107
SU1014,Rossiya,2024-03-27,20:33,310
SU5542,Yakutia,2024-12-03,01:35,305
SU7613,Red Wings,2024-06-16,11:03,286
SU3722,Rossiya,2024-02-22,11:00,341
SU5903,S7 Airlines,2024-08-05,02:36,157
SU3481,Azimuth,2024-03-13,19:40,88
SU7061,Azimuth,2024-08-13,09:05,173
SU404,S7 Airlines,2024-10-24,03:15,94
SU9393,Ural Airlines,2024-12-20,18:35,144
SU7388,Nordavia,2024-08-05,03:48,275
SU3025,Ural Airlines,2024-01-20,13:09,88
SU4046,Pobeda,2024-10-08,00:20,260
SU8442,UTair,2024-06-14,17:32,302
SU8000,Rossiya,2024-09-07,19:23,129
SU3860,Aeroflot,2024-08-02,01:15,311
SU2952,Red Wings,2024-05-14,18:37,123
SU1973,S7 Airlines,2024-07-05,01:44,221
SU180,UTair,2024-04-08,14:56,62
SU2836,UTair,2024-02-06,12:35,116
SU8205,Ural Airlines,2024-06-06,20:53,199
SU8171,Yakutia,2024-05-21,09:55,106
SU1195,Nordavia,2024-08-04,12:40,181
SU6179,Azimuth,2024-03-16,02:44,181
SU4040,Ural Airlines,2024-06-17,21:36,199
SU3672,Red Wings,2024-10-18,18:07,161
SU9326,Aeroflot,2024-07-16,22:59,261
SU3888,Pobeda,2024-07-06,00:28,298
SU3780,UTair,2024-06-28,22:45,126
SU5379,Yakutia,2024-12-23,12:10,111
SU6655,Pobeda,2024-06-25,06:03,147
SU8215,Pobeda,2024-08-06,23:39,197
SU956,Yakutia,2024-01-17,03:48,297
SU9179,UTair,2024-06-27,14:06,325
SU395,Nordavia,2024-09-12,21:41,170
SU4009,Aeroflot,2024-09-12,09:18,77
SU840,S7 Airlines,2024-04-05,18:16,283
SU6400,UTair,2024-02-16,05:18,223
SU3463,Ural Airlines,2024-12-20,02:32,232
SU1154,Rossiya,2024-10-01,06:47,150
SU7171,S7 Airlines,2024-04-19,11:41,113
SU5399,Red Wings,2024-11-25,02:20,261
SU6224,Pobeda,2024-04-09,23:09,293
SU4801,Azimuth,2024-11-25,11:50,68
SU9772,Red Wings,2024-05-18,14:13,229
SU6773,Azimuth,2024-05-16,12:03,324
SU7790,Nordavia,2024-12-11,19:55,187
SU1756,Rossiya,2024-04-24,11:04,185
SU2215,UTair,2024-04-24,14:41,96
SU2548,Ural Airlines,2024-09-07,12:03,122
SU8724,Azimuth,2024-12-01,15:48,300
SU1521,UTair,2024-05-13,01:40,142
SU1091,Yakutia,2024-03-18,11:21,145
SU4970,Ural Airlines,2024-12-11,20:26,156
SU1000,Rossiya,2024-02-03,02:30,162
SU4340,Red Wings,2024-09-22,04:34,192
SU7796,Nordavia,2024-02-10,00:15,314
SU2280,Red Wings,2024-12-17,16:40,162
SU4951,Yakutia,2024-06-12,06:24,282
SU5569,Pobeda,2024-11-23,21:53,299
SU7470,Nordavia,2024-07-12,20:52,203
SU2201,Nordavia,2024-01-24,20:23,156
SU4840,Aeroflot,2024-10-16,06:53,56
SU2906,Pobeda,2024-02-10,19:51,333
SU7104,Aeroflot,2024-11-14,15:28,256
SU9688,Aeroflot,2024-11-06,06:13,341
SU3967,Rossiya,2024-09-10,15:05,267
SU7565,Rossiya,2024-03-18,02:44,111
SU2175,Ural Airlines,2024-03-09,14:36,90
SU8608,Rossiya,2024-06-17,20:45,350
SU4761,Ural Airlines,2024-01-09,13:59,77
SU6689,Nordavia,2024-07-25,21:15,269
SU5547,Pobeda,2024-06-21,05:02,133
SU5821,Nordavia,2024-03-13,03:23,209
SU9634,Red Wings,2024-02-14,05:09,344
SU9629,Red Wings,2024-11-21,01:05,287
SU3222,Yakutia,2024-09-07,15:36,248
SU3082,Rossiya,2024-07-25,01:20,228
SU1330,Ural Airlines,2024-02-25,02:47,160
SU9408,UTair,2024-09-03,04:35,328
SU5534,UTair,2024-02-06,16:08,52
SU5344,Rossiya,2024-11-03,04:30,328
SU6998,UTair,2024-01-01,17:18,198
SU4995,Azimuth,2024-02-15,05:13,104
SU2510,UTair,2024-07-16,03:14,59
SU1042,Yakutia,2024-12-22,04:23,157
SU8071,Pobeda,2024-01-10,22:32,129
SU4925,UTair,2024-06-01,14:42,126
SU7065,Pobeda,2024-05-03,00:35,235
SU963,Pobeda,2024-08-13,23:55,209
SU3503,Pobeda,2024-11-20,17:08,309
SU8980,Pobeda,2024-10-18,16:39,173
SU9478,Nordavia,2024-02-03,15:37,339
SU360,S7 Airlines,2024-02-09,01:13,75
SU6371,Pobeda,2024-11-26,18:23,191
SU9929,Yakutia,2024-07-04,04:55,110
SU5891,Aeroflot,2024-05-11,11:40,344
SU4015,S7 Airlines,2024-05-17,01:05,81
SU5716,Yakutia,2024-09-20,13:13,295
SU2010,UTair,2024-02-22,12:27,253
SU2042,Pobeda,2024-05-10,14:41,221
SU8473,Ural Airlines,2024-11-03,22:26,192
SU5789,UTair,2024-12-13,15:02,210
SU9239,Rossiya,2024-11-01,14:38,267
SU3441,Yakutia,2024-11-27,03:58,163
SU5272,Yakutia,2024-01-09,19:06,209
SU6430,Aeroflot,2024-05-16,09:45,88
SU8821,Azimuth,2024-11-10,05:58,279
SU2372,Yakutia,2024-10-14,08:34,295
SU5482,Ural Airlines,2024-08-05,23:31,265
SU5690,UTair,2024-03-10,00:18,313
SU1794,Ural Airlines,2024-10-25,19:16,187
SU3853,Aeroflot,2024-01-27,23:05,285
SU6941,Aeroflot,2024-04-27,07:33,331
SU8585,Pobeda,2024-03-22,18:52,99
SU3841,Aeroflot,2024-03-27,05:42,341
SU3657,Aeroflot,2024-06-17,07:08,343
SU6429,Azimuth,2024-04-23,16:32,348
SU2204,Rossiya,2024-10-13,00:08,204
SU6979,S7 Airlines,2024-11-22,04:54,280
SU9827,S7 Airlines,2024-01-15,22:53,264
SU7165,Nordavia,2024-03-17,16:56,271
SU5302,Yakutia,2024-02-22,01:44,106
SU1790,Pobeda,2024-05-03,02:05,311
SU1291,Nordavia,2024-09-24,23:48,62
SU3751,UTair,2024-02-06,08:52,215
SU824,Rossiya,2024-10-20,19:03,252
SU3134,Nordavia,2024-03-26,10:36,225
SU7598,Nordavia,2024-03-23,15:40,284
SU1384,Yakutia,2024-01-26,08:57,187
SU5853,UTair,2024-09-15,08:42,185
SU972,S7 Airlines,2024-04-12,04:35,304
SU3986,Red Wings,2024-02-20,22:09,303
SU864,Ural Airlines,2024-10-15,06:10,318
SU3165,Aeroflot,2024-08-01,22:22,325
SU7626,Ural Airlines,2024-01-18,00:46,224
SU9740,Azimuth,2024-02-17,03:34,272
SU9689,Aeroflot,2024-01-07,02:41,205
SU809,UTair,2024-07-09,08:21,156
SU5605,Rossiya,2024-08-15,21:44,118
SU7554,Nordavia,2024-06-28,20:29,87
SU5406,Azimuth,2024-07-16,20:09,90
SU4817,Yakutia,2024-02-19,09:07,102
SU7496,Aeroflot,2024-02-27,06:29,272
SU9217,Pobeda,2024-08-26,22:03,140
SU9348,Nordavia,2024-05-01,05:07,61
SU4087,UTair,2024-08-27,08:04,113
SU5741,Aeroflot,2024-05-08,06:07,252
SU7378,Aeroflot,2024-05-05,22:38,57
SU1862,Pobeda,2024-04-06,04:57,187
SU1356,Pobeda,2024-02-22,05:22,142
SU6501,Nordavia,2024-02-19,22:08,285
SU4999,Red Wings,2024-08-26,05:44,154
SU2231,Ural Airlines,2024-03-27,11:57,261
SU2436,Yakutia,2024-05-03,15:19,195
SU5432,Aeroflot,2024-10-10,07:05,110
SU7182,Rossiya,2024-01-24,02:04,219
SU9134,Aeroflot,2024-06-09,14:48,154
SU6598,Azimuth,2024-12-18,17:44,184
SU2213,Aeroflot,2024-01-15,05:18,207
SU5585,Ural Airlines,2024-02-05,07:02,110
SU8463,Yakutia,2024-08-08,06:24,78
SU9965,Rossiya,2024-10-23,20:51,192
SU6539,UTair,2024-07-08,11:52,299
SU9339,Ural Airlines,2024-11-02,01:30,128
SU424,Pobeda,2024-07-07,23:37,126
SU6730,Aeroflot,2024-07-19,11:49,299
SU7491,Red Wings,2024-05-18,06:56,304
SU2813,Nordavia,2024-03-13,12:28,142
SU4247,Yakutia,2024-03-13,00:56,218
SU7091,UTair,2024-04-05,10:31,108
SU1279,Red Wings,2024-02-13,09:00,288
SU8279,Pobeda,2024-05-02,09:43,212
SU1180,Nordavia,2024-07-11,00:19,121
SU5536,Red Wings,2024-08-26,16:38,292
SU1883,Nordavia,2024-03-26,17:53,268
SU2270,Rossiya,2024-07-16,03:24,67
SU5203,Red Wings,2024-10-11,05:56,268
SU1727,Ural Airlines,2024-09-18,14:49,331
SU8038,Aeroflot,2024-11-08,22:34,216
SU4034,Azimuth,2024-07-06,13:10,139
SU476,S7 Airlines,2024-06-05,10:35,114
SU8499,Azimuth,2024-01-18,08:59,212
SU7650,Azimuth,2024-08-28,16:01,93
SU128,Azimuth,2024-01-14,15:32,235
SU4426,UTair,2024-10-27,10:58,168
SU5955,UTair,2024-10-22,16:25,129
SU5283,Ural Airlines,2024-02-05,18:36,312
SU2741,S7 Airlines,2024-01-08,17:39,179
SU4884,Rossiya,2024-12-15,03:08,117
SU4535,Azimuth,2024-03-03,22:05,59
SU9494,Pobeda,2024-12-18,06:32,137
SU7271,Ural Airlines,2024-03-14,20:28,278
SU4317,S7 Airlines,2024-04-06,18:29,255
SU1130,S7 Airlines,2024-05-16,17:55,342
SU2886,Rossiya,2024-03-09,18:37,311
SU8364,Red Wings,2024-12-12,04:03,328
SU4963,Nordavia,2024-05-19,18:37,247
SU3723,Pobeda,2024-06-04,17:40,216
SU4393,UTair,2024-03-01,02:28,212
SU6629,Nordavia,2024-11-20,00:06,328
SU6458,Ural Airlines,2024-04-19,21:03,333
SU3720,Yakutia,2024-05-02,22:14,104
SU3950,Aeroflot,2024-03-23,03:37,307
SU9409,Nordavia,2024-11-13,15:20,300
SU3289,Ural Airlines,2024-11-26,03:22,162
SU2088,Azimuth,2024-10-06,02:14,61
SU5530,Rossiya,2024-04-02,05:08,252
SU8683,S7 Airlines,2024-02-27,16:25,257
SU4392,Nordavia,2024-03-01,00:09,284
SU3543,Rossiya,2024-11-14,22:51,333
SU9329,UTair,2024-09-20,01:57,313
SU253,Red Wings,2024-07-28,15:07,156
SU3075,Ural Airlines,2024-12-21,14:23,264
SU1027,Rossiya,2024-04-18,12:36,251
SU3154,Pobeda,2024-06-24,09:31,282
SU1556,Yakutia,2024-06-05,02:27,209
SU5708,Ural Airlines,2024-02-19,23:11,291
SU8184,UTair,2024-01-21,21:01,305
SU2959,Nordavia,2024-05-03,09:37,82
SU5598,Aeroflot,2024-08-12,14:03,138
SU5120,Ural Airlines,2024-06-07,18:33,223
SU304,Aeroflot,2024-06-17,14:17,178
SU4869,S7 Airlines,2024-10-04,11:20,284
SU4978,Pobeda,2024-09-07,00:43,276
SU4743,Red Wings,2024-07-10,14:13,347
SU2480,Azimuth,2024-12-07,14:42,114
SU9608,Nordavia,2024-04-27,11:06,270
SU2435,Yakutia,2024-02-08,22:58,162
SU8922,Azimuth,2024-06-15,02:54,325
SU4282,Ural Airlines,2024-07-11,23:59,216
SU7983,Red Wings,2024-03-02,07:55,89
SU9143,Red Wings,2024-03-19,02:30,213
SU9851,Red Wings,2024-02-13,12:49,101
SU1676,Yakutia,2024-07-07,03:36,110
SU7561,Red Wings,2024-07-04,02:14,67
SU8574,UTair,2024-03-28,09:59,168
SU4924,Nordavia,2024-03-01,01:08,285
SU8143,Ural Airlines,2024-05-25,00:43,310
SU4236,Rossiya,2024-08-11,02:31,151
SU7169,Nordavia,2024-10-22,06:25,99
SU1140,Ural Airlines,2024-01-05,05:16,251
SU2394,Aeroflot,2024-11-17,20:50,226
SU6377,Nordavia,2024-04-10,12:55,262
SU905,Nordavia,2024-07-22,14:01,96
SU7431,UTair,2024-09-04,08:05,149
SU446,UTair,2024-07-03,11:32,323
SU7861,Rossiya,2024-02-09,01:35,348
SU220,Aeroflot,2024-03-06,08:47,342
SU2064,Aeroflot,2024-09-18,19:07,348
SU8348,Ural Airlines,2024-05-01,00:32,244
SU379,Pobeda,2024-03-25,20:01,305
SU2967,Ural Airlines,2024-11-01,22:26,109
SU8216,Aeroflot,2024-11-06,17:07,210
SU9695,Ural Airlines,2024-12-23,14:28,125
SU5415,Nordavia,2024-05-22,19:07,212
SU7191,Aeroflot,2024-02-25,12:33,304
SU3628,Pobeda,2024-10-06,16:34,229
SU3327,Nordavia,2024-08-24,22:53,287
SU3436,S7 Airlines,2024-03-08,19:00,303
SU185,Azimuth,2024-01-13,11:18,327
SU9791,Azimuth,2024-04-28,01:22,87
SU5659,Aeroflot,2024-06-28,08:53,313
SU866,S7 Airlines,2024-11-20,23:15,234
SU3212,UTair,2024-03-22,15:57,126
SU3301,Red Wings,2024-03-25,05:25,156
SU9133,Ural Airlines,2024-08-18,16:44,104
SU6391,Yakutia,2024-11-04,09:14,102
SU9424,Azimuth,2024-02-16,15:51,346
SU4125,S7 Airlines,2024-06-07,03:53,72
SU8965,Aeroflot,2024-12-25,18:41,296
SU4092,Yakutia,2024-08-21,22:14,245
SU4945,Yakutia,2024-04-06,07:38,64
SU8743,UTair,2024-07-10,03:57,168
SU4353,Azimuth,2024-08-26,08:38,278
SU9680,Nordavia,2024-07-18,08:25,227
SU8740,Yakutia,2024-09-10,09:05,89
SU9255,Pobeda,2024-02-20,17:54,131
SU5883,Yakutia,2024-07-09,04:18,326
SU4606,Yakutia,2024-10-21,08:12,339
SU3943,S7 Airlines,2024-11-06,00:37,67
SU1236,Yakutia,2024-02-20,20:33,204
SU7610,Nordavia,2024-10-06,11:21,269
SU9217,Rossiya,2024-08-09,13:56,335
SU1116,S7 Airlines,2024-03-06,21:45,294
SU3658,S7 Airlines,2024-04-06,23:06,340
SU534,Nordavia,2024-02-11,18:28,79
SU5696,Ural Airlines,2024-06-14,13:17,157
SU8075,Aeroflot,2024-04-04,16:13,201
SU6273,UTair,2024-08-23,20:19,62
SU1910,S7 Airlines,2024-09-27,04:27,54
SU3425,Ural Airlines,2024-10-07,07:23,112
SU7948,Nordavia,2024-06-02,21:56,343
SU3665,Nordavia,2024-12-16,07:57,282
SU3876,Nordavia,2024-07-07,15:07,72
SU1394,S7 Airlines,2024-11-24,04:58,60
SU3934,Azimuth,2024-01-17,04:04,224
SU6474,Red Wings,2024-11-06,14:19,185
SU8365,Ural Airlines,2024-05-10,06:40,97
SU1668,Azimuth,2024-01-13,22:56,55
SU2591,Rossiya,2024-08-08,15:18,301
SU4859,Yakutia,2024-09-26,06:00,113
SU9028,Azimuth,2024-07-10,00:05,268
SU8564,Red Wings,2024-03-24,20:53,65
SU6402,UTair,2024-09-17,08:34,117
SU7820,Red Wings,2024-08-13,06:11,317
SU5495,Red Wings,2024-08-25,06:10,200
SU9521,Yakutia,2024-08-08,12:51,253
SU5469,Nordavia,2024-10-08,02:24,192
SU853,Yakutia,2024-06-09,04:58,318
SU4888,Aeroflot,2024-09-16,02:07,69
SU1316,Pobeda,2024-03-02,19:33,298
SU2556,Azimuth,2024-06-03,03:16,261
SU2005,UTair,2024-04-11,16:23,236
SU4592,Rossiya,2024-01-23,22:27,219
SU2644,Ural Airlines,2024-03-14,14:01,135
SU2526,Nordavia,2024-06-17,05:26,141
SU2563,S7 Airlines,2024-04-25,14:20,347
SU3041,Pobeda,2024-04-07,00:34,331
SU2601,Azimuth,2024-05-17,02:26,326
SU3226,Aeroflot,2024-01-01,15:24,110
SU4391,S7 Airlines,2024-02-15,01:40,92
SU4195,S7 Airlines,2024-06-16,05:29,138
SU5423,Yakutia,2024-04-16,16:52,218
SU1785,Nordavia,2024-05-24,10:01,184
SU2715,S7 Airlines,2024-12-17,04:12,129
SU5012,Red Wings,2024-10-01,19:58,287
SU6163,Yakutia,2024-12-16,07:21,203
SU3453,Azimuth,2024-11-27,04:45,294
SU2306,Rossiya,2024-08-11,16:29,343
SU7136,Aeroflot,2024-07-23,01:31,146
SU1114,Rossiya,2024-05-01,18:53,264
SU9750,UTair,2024-04-17,04:22,68
SU4053,Rossiya,2024-06-03,07:45,256
SU9517,Azimuth,2024-03-01,06:08,343
SU9304,UTair,2024-08-09,21:04,165
SU8105,S7 Airlines,2024-07-19,23:32,204
SU1228,Nordavia,2024-04-08,10:18,274
SU2224,Pobeda,2024-04-08,13:07,315
SU5298,Red Wings,2024-12-03,08:58,53
SU5010,Nordavia,2024-03-27,19:27,342
SU8219,Red Wings,2024-08-23,06:37,97
SU6197,Rossiya,2024-09-27,13:33,96
SU1886,Red Wings,2024-12-11,11:52,302
SU4099,S7 Airlines,2024-08-17,12:20,240
SU8881,S7 Airlines,2024-11-07,07:07,229
SU419,S7 Airlines,2024-08-05,15:30,51
SU1595,S7 Airlines,2024-04-18,13:19,325
SU7844,UTair,2024-01-16,15:43,66
SU3165,Red Wings,2024-07-27,11:04,102
SU4750,Azimuth,2024-11-26,22:33,261
SU4992,Red Wings,2024-01-27,15:53,143
SU8547,Nordavia,2024-05-22,06:43,83
SU8503,Red Wings,2024-02-14,05:59,313
SU1777,Azimuth,2024-12-28,06:50,74
SU7184,Yakutia,2024-05-14,20:03,231
SU4322,Ural Airlines,2024-02-09,07:20,124
SU8134,Azimuth,2024-09-15,18:12,250
SU9301,Ural Airlines,2024-08-03,04:19,300
SU9275,UTair,2024-07-09,20:58,256
SU8615,Pobeda,2024-01-27,08:28,77
SU4541,Pobeda,2024-07-10,23:48,188
SU2873,Aeroflot,2024-02-19,01:17,280
SU7628,Nordavia,2024-05-05,11:35,94
SU4408,Red Wings,2024-11-21,05:49,205
SU8765,Pobeda,2024-10-28,12:02,285
SU5823,Aeroflot,2024-03-14,11:31,224
SU7286,Red Wings,2024-12-27,13:01,95
SU2068,Yakutia,2024-10-28,20:50,327
SU7648,Rossiya,2024-11-07,00:17,148
SU419,S7 Airlines,2024-10-09,01:52,211
SU7446,Ural Airlines,2024-09-18,23:04,158
SU9166,Rossiya,2024-05-11,01:45,111
SU7511,Ural Airlines,2024-01-04,15:53,201
SU6950,Pobeda,2024-02-09,05:07,231
SU3993,Aeroflot,2024-03-24,14:06,134
SU2505,Azimuth,2024-04-18,02:14,165
SU9698,Azimuth,2024-05-26,10:54,270
SU916,Azimuth,2024-08-18,23:51,294
SU3209,Yakutia,2024-05-27,02:07,139
SU1463,Nordavia,2024-10-23,01:32,247
SU3337,Nordavia,2024-04-23,02:36,244
SU1678,Rossiya,2024-11-10,03:17,315
SU4344,Ural Airlines,2024-06-05,23:44,150
SU2373,Aeroflot,2024-04-11,15:22,321
SU127,UTair,2024-08-18,18:52,317
SU4551,Nordavia,2024-02-08,07:45,128
SU9753,Pobeda,2024-08-11,01:24,146
SU1160,Azimuth,2024-07-26,20:06,63
SU1244,S7 Airlines,2024-02-19,22:39,83
SU2559,Ural Airlines,2024-12-14,20:59,159
SU803,Ural Airlines,2024-06-02,21:12,347
SU6544,Aeroflot,2024-07-23,01:44,52
SU7107,Azimuth,2024-01-23,09:45,182
SU686,Aeroflot,2024-07-16,15:29,120
SU7061,S7 Airlines,2024-09-24,14:16,347
SU3012,Nordavia,2024-01-10,18:25,51
SU3238,Pobeda,2024-12-24,08:11,230
SU486,UTair,2024-10-10,02:27,140
SU5673,Ural Airlines,2024-09-01,01:13,230
SU7506,Yakutia,2024-02-24,17:28,178
SU4527,UTair,2024-01-11,08:41,202
SU1590,Azimuth,2024-08-16,20:14,61
SU2978,UTair,2024-08-22,10:42,175
SU4596,UTair,2024-02-27,20:37,65
SU4588,Yakutia,2024-02-03,17:36,112
SU1153,Pobeda,2024-02-25,07:34,278
SU3136,S7 Airlines,2024-02-26,02:36,284
SU3187,Red Wings,2024-09-24,03:59,160
SU9560,Pobeda,2024-01-01,08:44,345
SU7327,Azimuth,2024-07-18,23:54,70
SU9263,Yakutia,2024-08-17,14:59,318
SU1213,S7 Airlines,2024-07-05,11:30,347
SU6324,Aeroflot,2024-07-03,02:15,50
SU5340,Nordavia,2024-02-15,05:12,344
SU8834,Azimuth,2024-08-01,04:12,202
SU8012,Red Wings,2024-02-06,16:43,302
SU2947,Azimuth,2024-03-12,19:10,244
SU2027,Yakutia,2024-02-08,01:24,277
SU6634,Aeroflot,2024-08-11,11:58,265
SU3443,UTair,2024-06-24,00:16,147
SU8791,Nordavia,2024-02-28,23:14,192
SU9830,Ural Airlines,2024-01-05,12:35,156
SU7198,S7 Airlines,2024-10-11,13:23,153
SU5612,UTair,2024-02-15,20:15,171
SU4075,Nordavia,2024-09-14,04:18,96
SU6408,S7 Airlines,2024-03-19,22:44,251
SU2893,Azimuth,2024-08-12,04:35,128
SU5382,UTair,2024-09-05,23:03,127
SU837,Ural Airlines,2024-05-17,14:37,257
SU4681,Red Wings,2024-03-24,13:16,130
SU8401,Red Wings,2024-10-20,05:50,219
SU3171,S7 Airlines,2024-05-04,21:41,133
SU9351,Nordavia,2024-09-04,13:33,303
SU2568,Yakutia,2024-02-24,16:10,339
SU5031,Red Wings,2024-12-19,14:41,99
SU8857,Pobeda,2024-04-16,06:48,321
SU4441,Ural Airlines,2024-11-15,23:43,273
SU5870,Yakutia,2024-04-11,02:27,333
SU5267,Pobeda,2024-08-15,11:00,78
SU9387,Yakutia,2024-10-25,05:27,218
SU1649,UTair,2024-09-18,23:57,344
SU6092,Ural Airlines,2024-07-18,19:46,81
SU6564,Pobeda,2024-06-12,04:19,115
SU6489,Ural Airlines,2024-10-13,13:32,249
SU2169,Red Wings,2024-02-21,18:24,55
SU6832,Nordavia,2024-06-07,17:27,128
SU3551,Red Wings,2024-12-05,22:58,91
SU462,Aeroflot,2024-12-16,01:27,257
SU3802,Azimuth,2024-12-27,10:35,161
SU3221,S7 Airlines,2024-01-16,18:52,86
SU3528,Ural Airlines,2024-12-11,15:23,61
SU9602,S7 Airlines,2024-11-04,13:42,298
SU5997,Red Wings,2024-06-25,13:16,305
SU9514,UTair,2024-07-26,00:37,249
SU5732,Ural Airlines,2024-09-04,11:29,92
SU8822,Nordavia,2024-07-04,17:37,79
SU7405,Rossiya,2024-12-18,01:00,332
SU6497,Nordavia,2024-05-11,13:18,238
SU2109,Ural Airlines,2024-01-18,16:47,332
SU282,Azimuth,2024-10-05,11:22,72
SU5199,Rossiya,2024-10-20,03:35,55
SU8790,Pobeda,2024-06-01,19:16,155
SU2576,Nordavia,2024-09-28,01:02,331
SU288,Nordavia,2024-12-28,23:33,307
SU1703,Yakutia,2024-02-25,23:51,196
SU2899,Pobeda,2024-06-19,01:32,197
SU9972,Azimuth,2024-05-17,16:47,56
SU5794,Rossiya,2024-02-18,03:47,174
SU6580,Aeroflot,2024-05-17,00:05,236
SU9316,Red Wings,2024-05-21,15:53,333
SU3019,Azimuth,2024-11-27,01:34,256
SU7041,Pobeda,2024-07-19,17:16,114
SU3520,Rossiya,2024-12-08,08:38,326
SU2490,S7 Airlines,2024-04-04,18:28,98
SU8223,Ural Airlines,2024-02-21,22:02,88
SU5963,Red Wings,2024-04-28,22:58,242
SU5029,Yakutia,2024-11-05,09:02,159
SU9535,Pobeda,2024-04-01,03:51,344
SU502,Pobeda,2024-12-18,02:45,214
SU5991,Rossiya,2024-10-23,03:23,198
SU7880,Yakutia,2024-06-24,21:36,307
SU7964,Nordavia,2024-01-18,18:04,127
SU5502,Rossiya,2024-12-14,00:28,55
SU5473,Nordavia,2024-07-16,00:23,157
SU5518,Rossiya,2024-03-22,15:36,105
SU1707,Nordavia,2024-09-10,20:03,237
SU8136,Nordavia,2024-05-27,06:03,109
SU8712,Aeroflot,2024-02-07,14:34,62
SU9867,Azimuth,2024-12-22,09:08,105
SU9728,S7 Airlines,2024-02-26,15:30,60
SU6959,Yakutia,2024-05-25,10:33,67
SU6004,Pobeda,2024-07-20,08:40,314
SU8619,Pobeda,2024-09-27,12:32,300
SU8021,Azimuth,2024-05-03,08:06,101
SU3220,Ural Airlines,2024-03-22,16:28,323
SU5664,Ural Airlines,2024-06-24,14:21,272
SU8956,UTair,2024-01-03,19:28,345
SU9306,Yakutia,2024-03-02,03:38,337
SU6219,Red Wings,2024-01-24,02:45,56
SU5010,Ural Airlines,2024-01-14,11:17,164
SU6022,Aeroflot,2024-08-04,10:52,295
SU673,Red Wings,2024-12-08,15:36,174
SU6136,Pobeda,2024-10-18,04:42,302
SU1994,Rossiya,2024-04-04,02:44,123
SU2027,Red Wings,2024-02-26,01:20,271
SU7572,Rossiya,2024-07-16,08:17,109
SU8625,Pobeda,2024-08-07,23:27,186
SU8238,Nordavia,2024-12-16,06:00,277
SU2050,UTair,2024-09-19,07:31,205
SU1424,Nordavia,2024-01-24,09:05,147
SU6382,Ural Airlines,2024-11-17,06:29,251
SU7028,UTair,2024-10-11,11:55,132
SU1092,Red Wings,2024-04-03,02:57,286
SU7061,Ural Airlines,2024-10-15,14:00,101
SU922,Aeroflot,2024-12-26,05:48,97
SU4654,Ural Airlines,2024-05-23,04:35,195
SU7033,Yakutia,2024-06-16,03:41,87
SU7213,Pobeda,2024-11-28,15:41,58
SU6669,Rossiya,2024-11-08,00:43,154
SU3042,Yakutia,2024-03-08,12:33,326
SU4831,S7 Airlines,2024-04-03,13:42,105
SU8014,Azimuth,2024-09-24,04:09,143
SU107,Rossiya,2024-06-03,06:45,254
SU4118,Pobeda,2024-11-04,02:14,303
SU8038,Yakutia,2024-07-23,14:14,116
SU273,Ural Airlines,2024-02-14,05:25,204
SU166,Azimuth,2024-12-26,15:08,64
SU332,Pobeda,2024-07-12,12:21,229
SU4817,UTair,2024-03-19,03:37,239
SU3356,Pobeda,2024-12-25,00:45,165
SU5023,Red Wings,2024-02-26,05:48,229
SU2074,Azimuth,2024-06-19,08:42,333
SU9645,Aeroflot,2024-04-15,02:50,100
SU4181,Nordavia,2024-08-26,04:39,73
SU1016,Rossiya,2024-01-08,01:44,124
SU2922,UTair,2024-10-12,11:03,68
SU197,Pobeda,2024-03-12,11:45,90
SU3676,Aeroflot,2024-05-06,14:44,342
SU3077,Aeroflot,2024-09-08,22:58,342
SU8314,S7 Airlines,2024-06-06,09:25,72
SU8115,Yakutia,2024-06-20,21:02,287
SU9371,Aeroflot,2024-11-03,05:08,179
SU2045,S7 Airlines,2024-10-14,15:22,299
SU9224,Red Wings,2024-07-11,05:01,253
SU8782,Ural Airlines,2024-01-04,16:10,126
SU2184,Aeroflot,2024-08-02,23:04,143
SU6004,S7 Airlines,2024-02-22,09:41,291
SU509,Red Wings,2024-02-03,23:01,84
SU2769,Red Wings,2024-08-13,08:44,219
SU6433,Nordavia,2024-10-08,02:22,284
SU1494,Red Wings,2024-11-27,13:54,148
SU6486,Nordavia,2024-04-01,19:29,145
SU4763,Yakutia,2024-09-16,21:36,211
SU4790,Nordavia,2024-07-22,15:40,207
SU5923,S7 Airlines,2024-08-01,15:26,173
SU2707,S7 Airlines,2024-07-14,23:28,159
SU5355,Azimuth,2024-07-16,08:33,233
SU6877,Pobeda,2024-04-04,20:17,104
SU4143,Red Wings,2024-01-02,07:55,283
SU2645,S7 Airlines,2024-09-27,06:57,256
SU2666,Ural Airlines,2024-11-19,15:24,300
SU9581,Nordavia,2024-03-28,08:04,208
SU3807,Pobeda,2024-12-14,13:41,290
SU7006,Aeroflot,2024-08-11,10:13,315
SU5304,Azimuth,2024-08-22,06:33,261
SU7628,Ural Airlines,2024-06-03,10:14,279
SU9582,UTair,2024-01-16,15:10,62
SU3227,Yakutia,2024-01-11,02:33,73
SU3035,Aeroflot,2024-12-17,12:28,301
SU6698,Azimuth,2024-04-28,07:00,122
SU8551,S7 Airlines,2024-12-03,15:14,242
SU5841,Red Wings,2024-06-07,07:51,204
SU2965,Red Wings,2024-11-27,16:53,202
SU6332,Aeroflot,2024-08-06,19:25,238
SU8366,Rossiya,2024-03-16,06:12,141
SU8607,Pobeda,2024-01-26,17:19,155
SU3447,UTair,2024-04-24,08:01,317
SU520,Aeroflot,2024-08-08,11:10,236
SU3908,Red Wings,2024-03-13,16:29,303
SU7382,Pobeda,2024-04-16,08:45,273
SU5784,UTair,2024-07-28,01:18,86
SU2229,Rossiya,2024-08-09,14:26,180
SU4235,Rossiya,2024-05-22,13:13,134
SU1728,Rossiya,2024-10-15,10:40,286
SU4739,Ural Airlines,2024-08-22,13:47,258
SU4033,Pobeda,2024-11-25,09:42,149
SU7297,Rossiya,2024-12-04,07:05,191
SU1200,Red Wings,2024-05-21,05:34,307
SU9688,Ural Airlines,2024-08-02,20:26,235
SU1859,Nordavia,2024-03-04,12:02,169
SU2371,Aeroflot,2024-10-21,08:38,88
SU9469,UTair,2024-07-07,22:22,132
SU3175,S7 Airlines,2024-11-23,00:03,317
SU8157,Azimuth,2024-03-10,04:14,65
SU4439,Yakutia,2024-06-21,10:01,350
SU9236,Ural Airlines,2024-02-20,22:31,343
SU543,Azimuth,2024-09-13,15:33,169
SU1524,Azimuth,2024-09-19,09:21,60
SU1554,UTair,2024-08-04,03:48,57
SU4502,Red Wings,2024-02-21,01:32,163
SU1164,Nordavia,2024-06-14,01:22,278
SU3603,Aeroflot,2024-06-09,09:17,139
SU5372,Aeroflot,2024-07-21,15:21,173
SU3177,S7 Airlines,2024-11-22,16:34,336
SU7777,Azimuth,2024-08-01,19:18,134
SU6084,Ural Airlines,2024-09-27,21:17,309
SU3645,Aeroflot,2024-02-17,18:10,97
SU2622,Nordavia,2024-09-19,19:01,90
SU9488,Ural Airlines,2024-08-15,19:00,166
SU9368,Red Wings,2024-05-11,13:38,61
SU3456,S7 Airlines,2024-12-27,15:33,223
SU4963,Aeroflot,2024-10-25,21:25,76
SU2471,Yakutia,2024-07-03,15:18,159
SU4668,Yakutia,2024-11-11,17:08,253
SU4332,Azimuth,2024-07-14,14:06,121
SU2649,Yakutia,2024-02-26,06:22,280
SU1993,Red Wings,2024-03-01,22:32,91
SU8862,Red Wings,2024-01-11,15:18,238
SU3444,Azimuth,2024-12-27,08:32,142
SU4450,Pobeda,2024-09-27,07:30,341
SU675,Pobeda,2024-06-04,20:27,164
SU7280,Nordavia,2024-12-12,22:21,201
SU9187,Ural Airlines,2024-11-04,02:37,83
SU6851,Ural Airlines,2024-11-11,01:44,326
SU5233,Nordavia,2024-08-11,22:41,263
SU4116,Ural Airlines,2024-05-16,13:17,324
SU4883,UTair,2024-02-27,02:41,153
SU3887,Nordavia,2024-06-12,03:23,167
SU4018,Yakutia,2024-09-07,01:45,81
SU5337,Azimuth,2024-06-23,18:05,156
SU6926,UTair,2024-06-03,04:11,203
SU8073,Rossiya,2024-12-08,20:51,343
SU1638,Ural Airlines,2024-03-01,12:32,65
SU8693,Nordavia,2024-11-03,14:44,306
SU8276,Azimuth,2024-11-12,02:22,295
SU3894,Aeroflot,2024-04-28,19:32,337
SU6066,Red Wings,2024-09-15,01:52,104
SU7076,S7 Airlines,2024-07-24,00:21,216
SU4857,Red Wings,2024-01-12,16:29,291
SU7372,Pobeda,2024-09-10,09:13,136
SU676,UTair,2024-11-23,01:29,175
SU9687,Red Wings,2024-12-23,05:13,109
SU1632,Ural Airlines,2024-12-23,20:23,122
SU9017,Aeroflot,2024-11-05,01:19,126
SU9322,Yakutia,2024-12-19,07:40,114
SU8440,Azimuth,2024-09-05,01:54,141
SU5877,Aeroflot,2024-10-01,14:25,63
SU8408,Azimuth,2024-08-20,09:48,278
SU1579,Azimuth,2024-07-11,13:29,59
SU7446,Red Wings,2024-06-19,08:54,80
SU7727,Red Wings,2024-01-19,21:34,284
SU6682,Azimuth,2024-02-06,18:46,171
SU9211,Pobeda,2024-12-13,01:33,255
SU8088,Rossiya,2024-07-01,02:31,291
SU9431,Pobeda,2024-03-16,08:51,332
SU9886,UTair,2024-02-18,08:16,180
SU2649,Ural Airlines,2024-01-23,15:27,72
SU1644,Nordavia,2024-02-05,16:46,178
SU6472,UTair,2024-12-09,10:08,321
SU2663,Yakutia,2024-02-13,14:30,183
SU6942,Azimuth,2024-08-15,09:28,209
SU6584,Yakutia,2024-10-03,10:04,144
SU4928,Yakutia,2024-12-14,09:55,170
SU7855,Rossiya,2024-10-10,03:28,113
SU6352,Rossiya,2024-05-04,01:08,249
SU4305,Ural Airlines,2024-08-25,19:58,234
SU3252,Aeroflot,2024-04-12,22:21,186
SU7623,Yakutia,2024-02-06,19:18,181
SU8697,UTair,2024-12-11,14:05,267
SU9029,Nordavia,2024-12-05,18:27,315
SU228,Red Wings,2024-07-21,02:33,203
SU2834,UTair,2024-05-06,06:52,244
SU6072,Red Wings,2024-09-27,03:32,111
SU5757,Yakutia,2024-05-10,11:23,348
SU1385,Yakutia,2024-02-24,17:25,66
SU6017,Azimuth,2024-10-14,11:56,303
SU7454,Yakutia,2024-12-17,08:44,334
SU7146,Ural Airlines,2024-09-20,21:19,157
SU574,Nordavia,2024-01-13,21:03,185
SU159,Nordavia,2024-05-19,21:34,162
SU4854,Red Wings,2024-12-11,05:31,240
SU3858,Nordavia,2024-12-18,08:22,66
SU5872,Pobeda,2024-01-19,15:22,292
SU7929,Aeroflot,2024-03-03,21:43,213
SU4197,Rossiya,2024-01-07,02:48,230
SU6534,S7 Airlines,2024-01-27,13:48,255
SU3211,Azimuth,2024-12-17,00:13,85
SU1750,Pobeda,2024-05-26,19:39,193
SU8881,Aeroflot,2024-10-11,18:29,279
SU7840,Aeroflot,2024-06-04,23:22,196
SU7624,Red Wings,2024-06-04,18:56,350
SU6111,S7 Airlines,2024-12-09,18:45,173
SU4105,Nordavia,2024-02-02,23:12,267
SU5645,Nordavia,2024-04-13,12:51,88
SU5636,Rossiya,2024-04-27,07:30,150
SU9274,S7 Airlines,2024-01-03,22:43,256
SU7772,Pobeda,2024-05-11,17:14,257
SU5992,Red Wings,2024-06-03,01:40,51
SU9301,Yakutia,2024-06-16,10:29,341
SU8511,Rossiya,2024-09-11,13:12,249
SU9043,Nordavia,2024-08-22,18:47,159
SU1048,Rossiya,2024-02-10,05:14,221
SU467,Ural Airlines,2024-07-16,22:15,75
SU1765,Aeroflot,2024-09-20,20:11,255
SU9219,S7 Airlines,2024-07-10,02:35,106
SU347,UTair,2024-07-06,02:04,286
SU849,Yakutia,2024-03-10,18:34,344
SU3017,Nordavia,2024-11-10,12:04,255
SU4188,UTair,2024-02-01,05:18,245
SU5701,Yakutia,2024-03-28,21:05,213
SU5645,UTair,2024-01-04,13:59,313
SU1559,Ural Airlines,2024-09-26,15:22,107
SU6442,Ural Airlines,2024-08-18,08:59,62
SU953,Ural Airlines,2024-11-26,08:31,329
SU1287,Red Wings,2024-03-03,05:39,222
SU1541,Yakutia,2024-09-21,05:47,154
SU5742,Ural Airlines,2024-06-01,21:24,251
SU4618,UTair,2024-02-27,15:56,238
SU1286,UTair,2024-01-05,06:19,239
SU1666,Azimuth,2024-07-05,14:33,288
SU5733,Aeroflot,2024-03-10,00:41,299
SU5628,Aeroflot,2024-08-23,05:28,257
SU5408,Rossiya,2024-11-05,13:57,123
SU2738,Yakutia,2024-07-01,05:12,305
SU1012,Nordavia,2024-04-18,16:54,266
SU439,Yakutia,2024-02-01,12:31,320
SU5004,Azimuth,2024-02-19,08:06,51
SU832,Rossiya,2024-04-08,12:49,167
SU8703,Rossiya,2024-03-18,17:29,201
SU6682,Red Wings,2024-02-14,07:23,155
SU3824,Azimuth,2024-11-25,06:45,201
SU8920,S7 Airlines,2024-11-14,08:48,220
SU2034,Azimuth,2024-06-17,17:38,131
SU1766,Nordavia,2024-10-18,13:33,256
SU2181,Rossiya,2024-12-22,18:03,280
SU6858,Rossiya,2024-01-05,13:32,287
SU5010,Azimuth,2024-06-06,05:37,279
SU9182,Nordavia,2024-11-26,07:51,55
SU6129,Pobeda,2024-11-17,14:46,99
SU7379,Red Wings,2024-09-27,13:40,123
SU8573,Pobeda,2024-06-25,21:48,64
SU8695,S7 Airlines,2024-06-26,19:50,227
SU1716,Ural Airlines,2024-02-19,04:28,93
SU901,Yakutia,2024-05-27,06:10,277
SU1346,Nordavia,2024-07-17,04:19,242
SU8516,Ural Airlines,2024-07-26,12:56,220
SU1734,Red Wings,2024-11-28,06:43,287
SU4828,Rossiya,2024-09-23,16:24,246
SU9705,Aeroflot,2024-09-19,02:35,113
SU4090,Azimuth,2024-07-17,15:05,334
SU2839,S7 Airlines,2024-09-27,03:42,344
SU8546,UTair,2024-09-26,18:09,117
SU9086,Ural Airlines,2024-10-21,18:10,168
SU1899,Pobeda,2024-11-11,12:31,255
SU9866,S7 Airlines,2024-09-05,06:13,168
SU6155,Azimuth,2024-12-24,15:10,79
SU3336,S7 Airlines,2024-10-27,04:26,256
SU7204,Nordavia,2024-10-10,00:12,135
SU6751,Pobeda,2024-11-24,08:05,253
SU9358,UTair,2024-12-17,13:12,193
SU1224,S7 Airlines,2024-04-21,02:55,192
SU6420,Pobeda,2024-12-08,10:54,134
SU3494,UTair,2024-04-19,23:46,122
SU9588,UTair,2024-11-21,10:26,165
SU3700,Azimuth,2024-04-02,03:41,103
SU1393,Pobeda,2024-07-14,13:23,347
SU4782,Nordavia,2024-04-16,13:13,101
SU8975,Nordavia,2024-06-24,19:23,123
SU4337,Azimuth,2024-09-03,17:02,270
SU6393,Ural Airlines,2024-06-17,21:40,113
SU187,UTair,2024-06-20,16:47,292
SU9172,Yakutia,2024-10-26,11:50,228
SU5672,UTair,2024-04-24,18:51,272
SU7276,Ural Airlines,2024-10-03,16:11,142
SU9544,Yakutia,2024-12-25,01:09,92
SU7643,Ural Airlines,2024-07-05,01:54,313
SU5387,S7 Airlines,2024-12-24,04:05,116
SU8507,Yakutia,2024-03-18,01:25,194
SU3353,Ural Airlines,2024-09-19,16:48,111
SU8115,Rossiya,2024-05-20,11:07,93
SU9532,Aeroflot,2024-09-21,18:57,253
SU3745,Rossiya,2024-07-08,07:50,59
SU477,Azimuth,2024-07-14,11:24,216
SU9232,Azimuth,2024-06-18,04:12,187
SU8715,S7 Airlines,2024-03-09,21:38,237
SU6971,Azimuth,2024-02-19,10:02,73
SU2770,Azimuth,2024-08-27,23:31,163
SU6325,Yakutia,2024-09-01,15:21,265
SU9849,Ural Airlines,2024-07-12,06:09,322
SU1069,Pobeda,2024-12-08,12:46,350
SU5628,Azimuth,2024-04-19,20:57,278
SU1589,Red Wings,2024-05-28,01:42,269
SU7996,UTair,2024-01-04,11:11,193
SU3419,Pobeda,2024-05-04,06:16,206
SU9712,Pobeda,2024-09-10,04:39,175
SU8328,Ural Airlines,2024-09-24,16:32,67
SU4570,Red Wings,2024-03-15,13:51,108
SU8792,Nordavia,2024-11-26,13:28,249
SU9810,S7 Airlines,2024-02-27,19:56,246
SU8277,S7 Airlines,2024-07-21,05:26,101
SU2570,UTair,2024-03-26,03:28,54
SU3664,Ural Airlines,2024-04-12,22:56,64
SU8436,Yakutia,2024-11-04,18:13,349
SU3543,Yakutia,2024-09-22,04:05,186
SU2603,Red Wings,2024-02-22,19:30,227
SU976,Nordavia,2024-04-15,09:30,148
SU5119,Yakutia,2024-10-05,01:38,143
SU5631,UTair,2024-11-01,18:27,164
SU4317,Ural Airlines,2024-02-09,18:38,269
SU497,Aeroflot,2024-12-22,04:45,207
SU2758,Rossiya,2024-10-16,07:45,175
SU6432,Aeroflot,2024-02-24,17:17,266
SU3742,Pobeda,2024-03-19,16:45,206
SU5863,Rossiya,2024-11-10,12:34,206
SU8380,S7 Airlines,2024-03-28,07:56,145
SU1150,Ural Airlines,2024-03-23,09:09,311
SU6143,Rossiya,2024-08-14,08:11,292
SU3469,Pobeda,2024-11-12,01:54,198
SU7407,UTair,2024-07-24,21:38,328
SU4661,Yakutia,2024-11-10,11:11,192
SU6430,Ural Airlines,2024-07-09,13:56,162
SU874,Yakutia,2024-03-22,21:24,246
SU1792,UTair,2024-10-01,15:10,65
SU3267,UTair,2024-08-26,18:40,201
SU2839,Nordavia,2024-01-19,10:29,95
SU1475,Nordavia,2024-07-02,02:23,75
SU5492,S7 Airlines,2024-01-14,03:31,154
SU8398,Azimuth,2024-08-09,21:58,139
SU2536,Rossiya,2024-07-10,14:32,288
SU3113,S7 Airlines,2024-01-10,15:49,350
SU400,S7 Airlines,2024-02-02,21:25,93
SU2084,Yakutia,2024-08-19,08:28,305
SU2496,UTair,2024-09-21,21:21,63
SU9512,Red Wings,2024-10-25,04:33,301
SU9175,UTair,2024-03-22,20:20,155
SU8215,Red Wings,2024-09-14,05:38,184
SU5287,Azimuth,2024-01-24,09:11,197
SU601,Nordavia,2024-08-16,18:02,340
SU8303,Pobeda,2024-01-01,04:01,239
SU2956,Red Wings,2024-06-22,11:23,306
SU1486,Pobeda,2024-11-20,07:33,287
SU6924,Rossiya,2024-10-08,04:30,227
SU1217,Red Wings,2024-07-11,09:41,51
SU1527,Yakutia,2024-12-15,12:16,213
SU7069,S7 Airlines,2024-07-14,16:15,195
SU8444,UTair,2024-11-06,09:16,216
SU3350,Pobeda,2024-06-11,19:24,263
SU9350,Rossiya,2024-06-01,08:01,68
SU2264,S7 Airlines,2024-12-06,09:02,130
SU5479,Aeroflot,2024-08-18,08:56,345
SU3405,Nordavia,2024-02-10,08:17,194
SU8291,S7 Airlines,2024-10-05,05:39,198
SU4501,Ural Airlines,2024-05-16,00:31,293
SU6077,Ural Airlines,2024-10-12,15:42,139
SU8276,UTair,2024-10-15,19:18,155
SU4552,UTair,2024-02-12,00:01,75
SU4440,Red Wings,2024-02-22,14:47,348
SU9803,Aeroflot,2024-07-10,16:09,268
SU6255,Azimuth,2024-01-22,08:34,327
SU3100,Nordavia,2024-01-12,21:49,340
SU2768,Pobeda,2024-03-27,14:19,120
SU7883,Rossiya,2024-04-26,09:55,86
SU4045,UTair,2024-02-16,12:32,263
SU2105,Yakutia,2024-01-12,23:48,325
SU2983,Yakutia,2024-05-09,22:27,223
SU8822,S7 Airlines,2024-10-04,21:59,112
SU4494,Azimuth,2024-05-10,03:49,292
SU9758,Ural Airlines,2024-09-09,23:03,108
SU9701,Rossiya,2024-11-26,11:41,314
SU2154,S7 Airlines,2024-08-02,18:16,194
SU2851,Yakutia,2024-03-23,20:08,172
SU3642,Azimuth,2024-06-22,12:35,142
SU6697,Azimuth,2024-09-15,09:05,73
SU4535,Red Wings,2024-03-03,12:49,144
SU7465,UTair,2024-09-03,03:23,104
SU6638,Pobeda,2024-02-08,20:42,324
SU2115,Red Wings,2024-04-28,16:31,279
SU477,Ural Airlines,2024-05-15,08:08,106
SU4673,S7 Airlines,2024-02-23,19:32,229
SU3896,Azimuth,2024-04-21,22:20,179
SU6051,Nordavia,2024-11-12,15:06,196
SU4594,Red Wings,2024-05-24,12:45,145
SU5184,Red Wings,2024-08-16,11:42,270
SU5654,UTair,2024-03-01,15:46,164
SU6607,Rossiya,2024-11-04,02:09,323
SU8085,UTair,2024-08-07,15:47,105
SU1514,Aeroflot,2024-12-25,04:25,310
SU9603,S7 Airlines,2024-04-09,05:02,100
SU7205,Ural Airlines,2024-06-28,19:56,301
SU8979,Rossiya,2024-03-12,05:10,221
SU2118,UTair,2024-01-16,18:45,234
SU9434,Nordavia,2024-06-14,11:10,143
SU1595,Nordavia,2024-04-06,06:30,333
SU8325,Ural Airlines,2024-09-14,11:01,80
SU536,Pobeda,2024-01-25,19:42,145
SU4106,Aeroflot,2024-05-10,09:41,286
SU5471,Yakutia,2024-11-15,08:20,350
SU6341,Red Wings,2024-05-15,03:54,151
SU3868,UTair,2024-12-18,13:14,116
SU629,S7 Airlines,2024-09-24,04:31,341
SU6540,UTair,2024-10-02,02:47,260
SU6429,Pobeda,2024-01-11,09:36,89
SU1508,Yakutia,2024-12-04,09:36,341
SU5949,Rossiya,2024-04-01,15:59,197
SU1132,Pobeda,2024-09-09,21:13,234
SU5076,Yakutia,2024-11-14,01:55,279
SU3128,Azimuth,2024-03-26,19:36,209
SU8341,Azimuth,2024-10-28,13:53,321
SU6453,Red Wings,2024-10-01,15:36,174
SU8081,Rossiya,2024-11-05,00:44,170
SU8379,Azimuth,2024-05-18,08:04,162
SU9279,UTair,2024-05-07,07:19,101
SU4132,Red Wings,2024-10-11,06:52,195
SU9457,Rossiya,2024-08-20,17:50,73
SU7752,Aeroflot,2024-02-26,15:13,92
SU5919,UTair,2024-01-09,02:32,258
SU7314,Red Wings,2024-12-03,18:34,223
SU1181,Rossiya,2024-08-27,23:40,271
SU1651,Azimuth,2024-07-03,21:11,145
SU9243,Aeroflot,2024-05-26,04:52,327
SU6421,Pobeda,2024-01-18,06:57,296
SU2388,S7 Airlines,2024-07-01,18:00,151
SU1842,S7 Airlines,2024-07-24,18:48,120
SU7264,UTair,2024-03-18,23:21,281
SU955,Yakutia,2024-04-15,22:01,185
SU5930,Azimuth,2024-07-15,05:41,297
SU6035,S7 Airlines,2024-05-03,15:27,151
SU7596,S7 Airlines,2024-11-05,11:57,227
SU4362,Ural Airlines,2024-06-10,07:16,268
SU8253,Aeroflot,2024-08-03,07:52,97
SU7692,UTair,2024-11-26,08:51,127
SU8817,Nordavia,2024-02-11,12:27,319
SU7808,Azimuth,2024-04-21,20:43,349
SU2265,UTair,2024-07-20,04:47,312
SU4299,Ural Airlines,2024-06-03,00:40,339
SU212,UTair,2024-11-13,23:41,186
SU4110,Rossiya,2024-06-21,11:54,170
SU7216,Red Wings,2024-07-28,22:44,293
SU3767,Azimuth,2024-10-04,22:49,331
SU6063,Nordavia,2024-11-10,15:29,255
SU5214,Aeroflot,2024-07-13,19:01,97
SU623,Ural Airlines,2024-02-20,07:20,326
SU8941,Red Wings,2024-01-22,22:31,300
SU5084,Azimuth,2024-01-09,15:43,120
SU1655,Pobeda,2024-05-03,08:44,256
SU7316,Azimuth,2024-02-07,05:59,146
SU7331,Aeroflot,2024-09-02,16:41,114
SU8986,Red Wings,2024-04-15,06:09,110
SU7513,Yakutia,2024-02-15,17:56,305
SU2539,Red Wings,2024-12-21,11:22,310
SU1934,Aeroflot,2024-06-18,07:34,178
SU8820,Pobeda,2024-02-17,20:55,139
SU5643,Aeroflot,2024-12-06,19:59,159
SU551,Aeroflot,2024-06-24,07:31,192
SU4011,Azimuth,2024-03-12,07:09,150
SU1519,Azimuth,2024-05-22,03:30,172
SU3440,Yakutia,2024-03-08,20:09,91
SU5544,Yakutia,2024-10-14,11:59,302
SU1033,S7 Airlines,2024-10-17,18:37,287
SU342,Red Wings,2024-02-24,20:33,131
SU7818,Aeroflot,2024-02-23,10:16,185
SU268,Yakutia,2024-01-22,19:27,96
SU6868,S7 Airlines,2024-04-28,09:37,51
SU5787,Red Wings,2024-04-01,20:52,288
SU4341,Aeroflot,2024-11-11,12:11,340
SU6076,Azimuth,2024-08-10,10:20,167
SU7150,Azimuth,2024-05-14,05:14,156
SU1289,Aeroflot,2024-05-04,07:28,169
SU7340,Aeroflot,2024-03-25,21:36,239
SU4489,Yakutia,2024-07-14,11:51,205
SU3539,Pobeda,2024-11-21,18:02,321
SU5008,Red Wings,2024-03-11,19:09,133
SU8252,Azimuth,2024-02-24,00:20,126
SU6691,Nordavia,2024-07-27,08:20,73
SU6432,Pobeda,2024-04-08,09:07,248
SU2432,Nordavia,2024-12-23,14:39,308
SU5664,Aeroflot,2024-09-23,03:59,314
SU4267,UTair,2024-09-22,09:05,159
SU3722,Yakutia,2024-04-17,18:24,172
SU5051,Red Wings,2024-07-05,17:19,254
SU1509,Aeroflot,2024-08-24,05:49,54
SU2585,Nordavia,2024-10-07,13:18,311
SU9131,Yakutia,2024-06-14,17:18,298
SU1705,S7 Airlines,2024-10-28,11:48,241
SU4847,S7 Airlines,2024-06-21,13:15,152
SU6118,S7 Airlines,2024-02-17,20:56,144
SU4692,Ural Airlines,2024-09-23,19:15,344
SU882,Azimuth,2024-05-16,11:17,184
SU4199,Rossiya,2024-02-23,16:58,296
SU1810,UTair,2024-06-08,16:57,65
SU1919,Yakutia,2024-06-22,12:31,190
SU875,Yakutia,2024-12-23,00:08,154
SU4132,S7 Airlines,2024-05-10,00:16,315
SU7512,Red Wings,2024-10-16,22:56,81
SU6152,Red Wings,2024-11-24,20:22,190
SU1956,Nordavia,2024-09-11,17:12,227
SU5563,Aeroflot,2024-10-15,21:07,320
SU8852,Nordavia,2024-11-06,12:52,297
SU6231,Nordavia,2024-09-21,04:51,211
SU2914,Pobeda,2024-09-16,22:42,190
SU5402,UTair,2024-09-19,22:27,190
SU2644,Azimuth,2024-01-12,19:18,243
SU8280,Rossiya,2024-11-26,21:14,242
SU2065,UTair,2024-08-23,00:01,333
SU1965,S7 Airlines,2024-10-16,19:17,335
SU4186,Aeroflot,2024-11-22,19:41,121
SU7562,UTair,2024-10-08,12:27,56
SU6742,Pobeda,2024-03-24,11:24,206
SU103,Ural Airlines,2024-04-19,00:16,260
SU5113,Yakutia,2024-09-10,17:53,335
SU3825,Rossiya,2024-02-22,07:57,119
SU3457,Azimuth,2024-11-11,10:21,59
SU9068,UTair,2024-12-16,03:38,128
SU7826,Aeroflot,2024-01-24,20:04,249
SU962,Rossiya,2024-07-28,00:11,146
SU3908,Azimuth,2024-12-28,11:22,300
SU9526,S7 Airlines,2024-06-05,04:23,321
SU1997,Azimuth,2024-12-13,01:15,265
SU2677,Yakutia,2024-07-23,09:31,133
SU6909,Nordavia,2024-11-04,11:19,134
SU1043,Pobeda,2024-11-21,03:38,333
SU7494,S7 Airlines,2024-03-02,17:06,296
SU6451,Rossiya,2024-11-15,16:24,75
SU352,S7 Airlines,2024-06-14,05:48,194
SU6298,Yakutia,2024-09-04,14:52,251
SU4716,Pobeda,2024-10-06,21:24,269
SU2944,Rossiya,2024-10-26,21:59,271
SU1954,Ural Airlines,2024-02-18,06:29,306
SU518,Nordavia,2024-11-28,11:49,68
SU8051,Yakutia,2024-11-20,21:31,133
SU1078,UTair,2024-08-16,22:23,278
SU5738,Pobeda,2024-12-03,15:06,257
SU9887,Aeroflot,2024-08-15,21:56,116
SU8826,Azimuth,2024-03-04,06:10,209
SU5265,Ural Airlines,2024-11-05,20:07,55
SU6959,Rossiya,2024-08-06,11:27,285
SU8377,Yakutia,2024-02-08,15:51,235
SU5952,Rossiya,2024-01-01,09:51,248
SU8623,Pobeda,2024-05-10,06:23,241
SU5379,Ural Airlines,2024-05-22,23:12,66
SU6794,Red Wings,2024-06-07,13:01,348
SU9723,Aeroflot,2024-05-25,01:08,227
SU6385,Nordavia,2024-07-25,05:23,148
SU7234,UTair,2024-08-20,06:31,329
SU559,UTair,2024-12-23,16:46,184
SU2519,Aeroflot,2024-02-28,07:04,172
SU4843,Red Wings,2024-05-12,16:57,212
SU9736,S7 Airlines,2024-02-14,13:11,330
SU7297,S7 Airlines,2024-03-16,17:30,334
SU5240,Aeroflot,2024-01-15,09:19,185
SU6662,Yakutia,2024-04-12,14:42,98
SU9694,Nordavia,2024-08-18,07:07,73
SU9877,S7 Airlines,2024-10-16,09:56,125
SU638,Rossiya,2024-08-07,01:31,130
SU5983,Aeroflot,2024-03-03,06:53,84
SU8674,Ural Airlines,2024-03-03,05:07,149
SU3133,Pobeda,2024-01-03,16:56,199
SU1421,Nordavia,2024-01-26,05:29,186
SU3586,Yakutia,2024-06-28,23:45,166
SU8223,Pobeda,2024-08-16,00:42,255
SU9194,Azimuth,2024-09-02,22:01,113
SU9895,UTair,2024-01-26,21:44,112
SU3850,Nordavia,2024-03-22,05:27,249
SU8290,Nordavia,2024-02-20,13:30,172
SU7601,UTair,2024-05-09,20:31,56
SU2656,Aeroflot,2024-02-25,15:57,250
SU2029,Rossiya,2024-08-26,10:20,301
SU5479,Aeroflot,2024-04-11,16:20,93
SU5119,Yakutia,2024-02-16,22:53,194
SU487,Aeroflot,2024-11-20,02:00,210
SU4814,Rossiya,2024-07-03,13:53,251
SU1747,Nordavia,2024-05-04,09:12,324
SU8224,Azimuth,2024-07-14,12:22,122
SU1848,Nordavia,2024-07-23,07:29,293
SU7563,Nordavia,2024-04-03,23:59,185
SU4294,Nordavia,2024-02-16,12:34,274
SU5454,Pobeda,2024-02-10,03:14,202
SU8294,UTair,2024-10-23,07:31,93
SU2673,Ural Airlines,2024-07-07,09:21,282
SU4073,S7 Airlines,2024-06-06,19:26,276
SU4080,Rossiya,2024-10-04,04:49,326
SU8697,Yakutia,2024-02-02,15:53,165
SU773,UTair,2024-01-15,03:10,184
SU7870,Nordavia,2024-08-16,13:02,335
SU7298,Ural Airlines,2024-10-23,07:00,263
SU8091,UTair,2024-04-14,18:52,323
SU910,UTair,2024-05-11,17:19,219
SU8778,Yakutia,2024-01-14,20:51,192
SU1326,Pobeda,2024-08-24,10:25,140
SU2970,Aeroflot,2024-01-05,22:55,90
SU2328,UTair,2024-07-05,19:40,322
SU3559,Yakutia,2024-01-17,19:24,69
SU8714,Nordavia,2024-09-14,04:55,190
SU8605,Aeroflot,2024-12-09,10:00,124
SU1245,Nordavia,2024-09-11,12:21,344
SU7845,UTair,2024-12-11,07:35,87
SU9317,Azimuth,2024-01-16,14:17,213
SU3545,UTair,2024-12-11,10:34,302
SU3494,UTair,2024-07-09,04:52,112
SU6343,Aeroflot,2024-06-14,22:50,325
SU703,Pobeda,2024-04-18,23:06,243
SU3182,S7 Airlines,2024-12-26,09:06,310
SU997,Red Wings,2024-05-04,06:57,273
SU7463,Pobeda,2024-11-05,17:27,280
SU2992,Pobeda,2024-07-17,12:13,183
SU6629,Pobeda,2024-03-05,14:32,243
SU8380,UTair,2024-07-08,23:16,231
SU310,Azimuth,2024-12-28,18:32,213
SU7257,Pobeda,2024-07-03,10:27,304
SU8162,UTair,2024-09-27,11:54,309
SU1463,Yakutia,2024-06-16,09:15,115
SU4961,Pobeda,2024-06-07,18:03,195
SU3368,Azimuth,2024-07-28,13:37,293
SU8342,Rossiya,2024-12-27,02:41,255
SU1619,S7 Airlines,2024-06-28,03:33,119
SU2209,Red Wings,2024-11-08,18:57,245
SU3486,Nordavia,2024-06-02,22:23,332
SU2703,Azimuth,2024-07-14,23:41,89
SU9458,UTair,2024-09-18,01:17,139
SU746,Rossiya,2024-11-22,22:18,215
SU3597,Aeroflot,2024-03-23,20:45,283
SU1182,UTair,2024-05-22,05:43,178
SU7069,Red Wings,2024-11-16,22:17,58
SU9360,Rossiya,2024-06-17,13:52,230
SU7234,Nordavia,2024-12-10,23:00,136
SU8449,Ural Airlines,2024-12-27,04:24,301
SU7739,Ural Airlines,2024-05-16,11:49,149
SU3443,Red Wings,2024-08-02,15:15,191
SU1811,Yakutia,2024-02-11,18:32,239
SU9783,Azimuth,2024-11-15,10:06,107
SU4381,Red Wings,2024-05-08,07:31,56
SU7834,S7 Airlines,2024-06-11,13:01,122
SU2922,Azimuth,2024-01-27,05:25,170
SU969,Ural Airlines,2024-05-24,07:09,287
SU2356,Aeroflot,2024-08-23,06:53,334
SU7987,Aeroflot,2024-09-05,08:37,335
SU4003,UTair,2024-04-22,11:19,106
SU8744,S7 Airlines,2024-07-02,05:21,295
SU6968,Pobeda,2024-08-01,17:47,187
SU5531,Aeroflot,2024-01-24,16:38,214
SU4861,Red Wings,2024-01-28,23:17,153
SU1729,Red Wings,2024-08-22,14:48,88
SU2501,Ural Airlines,2024-03-24,20:27,155
SU3089,Yakutia,2024-09-28,14:35,313
SU9915,Rossiya,2024-08-20,11:52,225
SU6290,Ural Airlines,2024-02-13,02:12,284
SU6804,Ural Airlines,2024-06-22,12:00,262
SU2509,Aeroflot,2024-06-03,19:00,159
SU3166,Nordavia,2024-02-06,19:23,101
SU2148,Azimuth,2024-11-02,23:15,120
SU265,Nordavia,2024-08-27,04:16,208
SU8924,Rossiya,2024-03-19,08:16,98
SU6392,Ural Airlines,2024-05-25,20:00,120
SU9102,UTair,2024-01-23,01:01,94
SU9688,Nordavia,2024-12-18,08:39,155
SU7279,Pobeda,2024-12-11,03:42,206
SU1581,S7 Airlines,2024-06-06,02:58,88
SU8971,Azimuth,2024-10-20,14:42,206
SU1891,UTair,2024-08-18,15:05,309
SU2575,S7 Airlines,2024-08-09,23:35,203
SU3986,Ural Airlines,2024-06-18,02:25,267
SU302,S7 Airlines,2024-10-22,02:18,320
SU9141,Nordavia,2024-03-15,01:53,193
SU940,Azimuth,2024-09-16,01:14,322
SU4215,Aeroflot,2024-04-20,02:29,226
SU4843,Nordavia,2024-02-20,11:08,193
SU9944,Nordavia,2024-11-23,05:24,295
SU6671,UTair,2024-12-05,13:15,242
SU8184,Red Wings,2024-08-06,00:21,326
SU2394,UTair,2024-06-26,13:58,124
SU6438,Aeroflot,2024-09-19,16:37,78
SU4267,Nordavia,2024-01-14,16:20,335
SU5838,Nordavia,2024-09-20,09:11,286
SU6456,Azimuth,2024-04-14,16:11,181
SU6321,Ural Airlines,2024-12-24,21:30,182
SU1673,Nordavia,2024-12-08,10:48,139
SU9257,Ural Airlines,2024-04-06,12:47,343
SU8487,Azimuth,2024-08-16,04:01,139
SU1838,Yakutia,2024-05-08,02:28,201
SU2170,S7 Airlines,2024-11-07,04:04,255
SU4691,Yakutia,2024-11-25,04:47,54
SU6641,Rossiya,2024-11-25,21:45,322
SU1339,Red Wings,2024-10-18,03:37,146
SU3198,Rossiya,2024-07-06,04:48,237
SU8679,Ural Airlines,2024-01-06,16:46,348
SU3475,Ural Airlines,2024-09-06,19:12,76
SU9679,UTair,2024-10-22,06:11,216
SU9047,UTair,2024-05-09,12:24,110
SU3685,S7 Airlines,2024-12-25,21:42,151
SU2675,S7 Airlines,2024-08-12,10:43,288
SU5270,Nordavia,2024-02-18,10:00,192
SU6800,UTair,2024-04-13,05:40,82
SU8500,Pobeda,2024-01-21,09:15,102
SU9050,Aeroflot,2024-09-12,15:09,141
SU2124,S7 Airlines,2024-10-07,18:36,213
SU8579,Aeroflot,2024-04-01,23:14,87
SU7097,Azimuth,2024-06-15,23:04,263
SU5321,Rossiya,2024-10-25,21:09,202
SU7522,UTair,2024-04-11,20:28,298
SU8445,UTair,2024-04-07,07:31,272
SU5323,S7 Airlines,2024-12-23,17:24,269
SU6768,Yakutia,2024-12-28,16:01,193
SU2763,UTair,2024-02-28,06:46,112
SU5051,S7 Airlines,2024-08-17,18:16,156
SU4555,Aeroflot,2024-01-16,13:54,68
SU4555,Yakutia,2024-02-20,16:24,223
SU3202,Pobeda,2024-12-14,22:39,225
SU711,Yakutia,2024-01-04,07:04,113
SU2863,UTair,2024-08-09,18:16,276
SU6069,Ural Airlines,2024-10-26,02:38,325
SU5176,UTair,2024-05-08,09:47,145
SU7466,Nordavia,2024-01-27,03:38,176
SU2527,Red Wings,2024-02-15,09:20,118
SU7263,Azimuth,2024-04-20,02:31,247
SU3539,Ural Airlines,2024-01-05,10:36,283
SU1378,Pobeda,2024-09-02,08:34,104
SU1816,Pobeda,2024-05-15,06:30,332
SU1869,Rossiya,2024-01-28,17:56,143
SU1804,Yakutia,2024-08-11,20:44,331
SU5326,Aeroflot,2024-11-17,14:34,119
SU1306,Red Wings,2024-06-09,00:19,105
SU9729,Aeroflot,2024-10-06,06:12,183
SU725,Pobeda,2024-03-16,07:25,224
SU8651,Pobeda,2024-08-24,03:42,254
SU4185,Yakutia,2024-06-13,16:14,263
SU6363,Pobeda,2024-03-23,18:05,301
SU2258,Azimuth,2024-01-10,07:08,71
SU7334,Pobeda,2024-11-04,01:38,214
SU9661,Azimuth,2024-11-12,13:21,284
SU8857,Yakutia,2024-10-04,20:48,154
SU1133,Aeroflot,2024-05-04,18:33,85
SU9459,Red Wings,2024-11-22,04:48,237
SU5223,Nordavia,2024-03-06,08:37,197
SU9761,Nordavia,2024-01-27,10:45,278
SU9644,Pobeda,2024-05-18,17:33,302
SU5743,Rossiya,2024-02-17,04:35,331
SU8669,Azimuth,2024-01-15,22:48,200
SU1911,Yakutia,2024-11-20,10:28,291
SU2501,UTair,2024-06-11,20:37,288
SU2839,UTair,2024-10-06,06:41,80
SU5030,Aeroflot,2024-06-24,11:01,349
SU6003,Red Wings,2024-07-18,23:27,228
SU570,Red Wings,2024-03-22,07:37,183
SU1014,Aeroflot,2024-07-18,16:27,165
SU6026,UTair,2024-07-12,14:06,64
SU7536,Nordavia,2024-02-22,23:30,86
SU1590,Azimuth,2024-11-07,16:49,301
SU4005,Red Wings,2024-05-03,05:07,141
SU9413,S7 Airlines,2024-10-02,02:49,80
SU2790,Rossiya,2024-10-18,21:33,174
SU6386,Yakutia,2024-12-26,19:23,317
SU329,Rossiya,2024-01-09,00:47,192
SU5998,Azimuth,2024-03-04,16:50,271
SU574,S7 Airlines,2024-02-10,23:06,156
SU5426,Azimuth,2024-08-16,00:33,182
SU1300,Aeroflot,2024-04-19,04:10,275
SU9104,Azimuth,2024-09-20,18:59,208
SU814,UTair,2024-01-11,16:17,61
SU5071,Azimuth,2024-09-10,04:17,133
SU1044,Nordavia,2024-05-25,11:49,229
SU8209,Nordavia,2024-06-16,22:00,54
SU3765,Ural Airlines,2024-02-17,18:05,120
SU8711,Nordavia,2024-10-26,17:05,125
SU7723,S7 Airlines,2024-12-11,23:56,176
SU1615,Rossiya,2024-08-02,17:25,348
SU9400,S7 Airlines,2024-04-03,09:00,139
SU416,Rossiya,2024-10-08,20:10,231
SU5429,Pobeda,2024-05-27,14:19,132
SU9080,Red Wings,2024-12-16,13:55,176
SU7501,Rossiya,2024-05-27,06:39,88
SU7587,Yakutia,2024-11-10,16:32,240
SU2127,Rossiya,2024-01-20,22:51,188
SU4345,Ural Airlines,2024-01-28,02:45,253
SU7812,Rossiya,2024-09-28,13:53,95
SU2872,Azimuth,2024-09-02,05:07,91
SU5069,Ural Airlines,2024-03-10,07:49,305
SU4328,Pobeda,2024-04-16,01:19,160
SU289,Aeroflot,2024-09-19,21:27,75
SU9775,Aeroflot,2024-02-04,04:25,199
SU2060,Yakutia,2024-08-05,13:27,90
SU8407,Pobeda,2024-11-17,22:09,335
SU3899,Ural Airlines,2024-06-24,14:43,54
SU8979,Red Wings,2024-07-01,20:53,78
SU1367,S7 Airlines,2024-05-18,09:37,199
SU3977,Nordavia,2024-06-04,01:10,105
SU7059,Aeroflot,2024-02-18,12:45,168
SU5381,Nordavia,2024-07-22,20:06,66
SU6877,Rossiya,2024-01-07,01:26,134
SU1028,UTair,2024-12-04,18:59,315
SU1578,S7 Airlines,2024-07-22,13:43,272
SU563,Red Wings,2024-07-27,14:10,171
SU5558,Pobeda,2024-11-19,00:35,177
SU1136,Red Wings,2024-02-02,19:41,297
SU9826,Nordavia,2024-04-03,21:15,332
SU1922,UTair,2024-07-12,11:26,151
SU4321,Azimuth,2024-11-22,21:10,64
SU9443,UTair,2024-12-12,09:55,246
SU780,Pobeda,2024-10-18,05:00,301
SU4921,Yakutia,2024-04-12,19:27,160
SU8984,Yakutia,2024-08-23,21:24,77
SU8321,UTair,2024-01-13,21:17,195
SU3313,Pobeda,2024-09-22,16:18,266
SU1191,Ural Airlines,2024-08-02,12:09,148
SU1374,Red Wings,2024-10-12,05:02,242
SU4035,Rossiya,2024-06-18,03:58,286
SU9352,Rossiya,2024-07-18,23:05,178
SU5090,Ural Airlines,2024-03-20,06:37,248
SU2667,UTair,2024-12-05,18:45,309
SU3100,Yakutia,2024-09-21,13:56,349
SU7711,Red Wings,2024-01-16,21:42,144
SU6163,Pobeda,2024-03-27,22:41,111
SU2415,S7 Airlines,2024-09-20,05:02,309
SU9635,Azimuth,2024-08-01,10:51,186
SU5605,Rossiya,2024-05-15,02:18,111
SU6544,S7 Airlines,2024-12-20,01:36,313
SU3947,S7 Airlines,2024-04-10,12:48,84
SU3854,Pobeda,2024-03-11,15:44,198
SU7884,Yakutia,2024-05-04,02:29,163
SU4150,Nordavia,2024-12-25,04:45,168
SU4221,Rossiya,2024-06-12,09:47,349
SU3985,Azimuth,2024-08-19,13:13,195
SU2476,Ural Airlines,2024-10-11,21:03,252
SU3287,Aeroflot,2024-02-01,09:54,238
SU2074,Azimuth,2024-07-28,23:50,254
SU5106,Azimuth,2024-04-24,23:12,324
SU2992,Aeroflot,2024-10-22,22:30,231
SU6182,S7 Airlines,2024-09-07,04:14,128
SU2178,S7 Airlines,2024-10-27,18:06,312
SU3960,Yakutia,2024-07-17,00:23,150
SU8564,Red Wings,2024-04-08,09:49,158
SU7198,UTair,2024-11-27,10:47,61
SU7876,Ural Airlines,2024-02-26,11:35,179
SU6219,Azimuth,2024-11-19,18:39,80
SU1742,Yakutia,2024-06-28,03:05,57
SU7873,UTair,2024-07-22,17:44,183
SU2887,Ural Airlines,2024-04-05,10:13,211
SU3278,S7 Airlines,2024-05-17,06:57,149
SU8308,UTair,2024-10-05,07:16,59
SU6290,Ural Airlines,2024-07-28,14:09,134
SU7893,Rossiya,2024-09-25,06:00,346
SU6597,UTair,2024-01-15,01:45,160
SU9338,Rossiya,2024-02-03,09:19,239
SU1383,Ural Airlines,2024-08-10,13:43,56
SU9079,Red Wings,2024-05-13,07:48,233
SU2997,UTair,2024-01-16,10:49,322
SU3923,Yakutia,2024-09-10,16:53,123
SU3656,Yakutia,2024-12-11,04:22,245
SU3351,Yakutia,2024-10-11,19:10,251
SU5543,Rossiya,2024-03-16,17:41,112
SU7415,Yakutia,2024-03-06,10:36,258
SU7185,Aeroflot,2024-08-27,23:31,205
SU1415,Rossiya,2024-08-26,15:33,256
SU1154,Azimuth,2024-03-10,23:25,347
SU8780,Nordavia,2024-07-07,06:14,198
SU4394,S7 Airlines,2024-11-16,05:25,332
SU685,S7 Airlines,2024-04-03,03:33,225
SU2797,Yakutia,2024-09-05,04:56,138
SU7058,S7 Airlines,2024-12-04,06:43,320
SU4801,Aeroflot,2024-08-09,14:45,315
SU6601,UTair,2024-12-03,01:43,73
SU2338,Yakutia,2024-09-04,04:45,232
SU5850,Nordavia,2024-09-09,10:36,348
SU8832,Rossiya,2024-01-09,22:17,253
SU7358,UTair,2024-05-28,05:36,235
SU8003,Ural Airlines,2024-02-18,00:43,141
SU3062,Red Wings,2024-03-14,05:33,283
SU3125,UTair,2024-12-03,17:53,153
SU5889,Yakutia,2024-01-13,09:40,97
SU371,S7 Airlines,2024-11-26,10:23,113
SU1132,Aeroflot,2024-10-09,14:27,230
SU5756,Pobeda,2024-03-21,05:14,139
SU8700,Rossiya,2024-04-05,15:11,288
SU9623,Pobeda,2024-08-22,13:55,62
SU6553,S7 Airlines,2024-06-21,05:29,146
SU173,S7 Airlines,2024-01-28,13:56,119
SU9907,Yakutia,2024-09-20,19:46,225
SU6382,UTair,2024-03-10,13:25,155
SU3094,Nordavia,2024-07-17,05:25,209
SU5811,Yakutia,2024-01-15,20:18,230
SU2647,Aeroflot,2024-02-19,11:17,236
SU7270,Ural Airlines,2024-02-05,05:04,54
SU583,UTair,2024-11-07,03:24,286
SU744,Ural Airlines,2024-08-15,22:29,177
SU2962,Red Wings,2024-04-28,01:31,197
SU8123,Rossiya,2024-04-08,12:49,235
SU9809,S7 Airlines,2024-11-18,16:01,193
SU6041,Red Wings,2024-12-10,12:14,106
SU2308,Ural Airlines,2024-12-27,11:05,111
SU299,Pobeda,2024-12-15,15:20,81
SU5004,Nordavia,2024-02-02,07:53,176
SU7527,UTair,2024-07-10,23:27,214
SU2745,Rossiya,2024-02-03,01:50,318
SU3258,S7 Airlines,2024-07-03,08:23,119
SU6279,Rossiya,2024-05-26,12:06,279
SU1845,S7 Airlines,2024-10-24,09:01,189
SU452,UTair,2024-05-11,07:34,348
SU1616,Yakutia,2024-12-28,10:35,98
SU4161,Red Wings,2024-08-15,12:19,76
SU5517,Nordavia,2024-04-26,12:53,55
SU5130,Yakutia,2024-07-11,09:38,85
SU4368,UTair,2024-02-18,07:16,327
SU9355,Nordavia,2024-11-27,15:50,285
SU106,Azimuth,2024-08-04,07:34,332
SU214,Nordavia,2024-12-16,20:57,276
SU9454,Pobeda,2024-01-20,17:59,167
SU8713,Aeroflot,2024-10-25,10:38,332
SU5946,UTair,2024-03-27,04:46,186
SU1718,Pobeda,2024-05-06,14:14,320
SU6292,Azimuth,2024-09-16,12:08,134
SU2597,Ural Airlines,2024-05-22,12:54,96
SU7399,Azimuth,2024-07-13,15:42,278
SU2649,Yakutia,2024-06-06,21:43,113
SU591,UTair,2024-03-10,02:59,181
SU5611,Azimuth,2024-11-28,20:52,301
SU8055,S7 Airlines,2024-04-21,06:29,323
SU2071,Rossiya,2024-07-02,15:53,136
SU8673,Yakutia,2024-12-24,17:13,114
SU3384,Nordavia,2024-12-27,22:15,125
SU2105,Pobeda,2024-10-07,04:56,143
SU7833,Ural Airlines,2024-02-16,18:16,309
SU2286,Nordavia,2024-10-09,07:53,318
SU3211,Aeroflot,2024-11-05,09:18,270
SU3349,Red Wings,2024-10-06,06:42,152
SU6664,Rossiya,2024-04-05,22:01,86
SU1712,Aeroflot,2024-03-22,19:15,312
SU3214,Pobeda,2024-11-19,03:05,100
SU8969,Ural Airlines,2024-03-06,12:39,160
SU1531,Pobeda,2024-10-17,21:52,317
SU3819,Red Wings,2024-03-17,04:47,166
SU8146,Rossiya,2024-06-02,20:01,90
SU3788,S7 Airlines,2024-05-01,15:27,282
SU2389,Azimuth,2024-10-12,13:49,243
SU1366,Nordavia,2024-08-26,15:01,325
SU4380,Rossiya,2024-03-10,14:49,210
SU1913,Rossiya,2024-08-13,06:24,308
SU4571,Azimuth,2024-07-25,17:52,132
SU2557,Nordavia,2024-01-03,18:39,194
SU1041,Ural Airlines,2024-09-18,03:48,254
SU3682,Yakutia,2024-05-11,11:07,84
SU9915,Rossiya,2024-10-02,15:43,114
SU6086,S7 Airlines,2024-04-12,15:57,222
SU2867,Yakutia,2024-09-06,17:35,246
SU8078,Pobeda,2024-10-05,22:01,83
SU1537,Azimuth,2024-10-07,23:43,213
SU8906,Pobeda,2024-06-03,10:59,260
SU1303,Yakutia,2024-01-21,16:41,326
SU2962,Aeroflot,2024-03-14,14:06,130
SU482,Nordavia,2024-01-14,03:00,107
SU5073,Ural Airlines,2024-07-07,07:56,210
SU2647,S7 Airlines,2024-06-28,12:38,60
SU8854,Red Wings,2024-03-17,16:11,235
SU6936,Yakutia,2024-04-13,01:00,134
SU9098,UTair,2024-08-18,03:08,134
SU4857,S7 Airlines,2024-08-08,07:23,253
SU9105,Rossiya,2024-11-06,06:10,119
SU6083,UTair,2024-10-22,08:46,293
SU5862,Rossiya,2024-09-21,09:56,76
SU7286,Red Wings,2024-09-06,14:52,203
SU3738,S7 Airlines,2024-07-11,09:35,287
SU7521,Red Wings,2024-11-04,12:18,213
SU3096,Rossiya,2024-03-15,23:40,194
SU9562,Rossiya,2024-06-02,22:18,252
SU6932,Azimuth,2024-04-15,00:32,309
SU5621,Nordavia,2024-06-28,08:31,89
SU1635,Rossiya,2024-11-15,15:42,220
SU5583,Aeroflot,2024-06-16,13:27,96
SU1889,UTair,2024-02-27,09:32,184
SU7643,UTair,2024-12-08,21:34,63
SU123,Rossiya,2024-04-28,04:04,131
SU4502,Aeroflot,2024-11-22,18:39,158
SU6959,Ural Airlines,2024-06-09,03:11,268
SU6250,Red Wings,2024-06-13,23:25,290
SU1654,Ural Airlines,2024-07-09,09:21,233
SU3715,Rossiya,2024-03-27,19:15,259
SU2841,UTair,2024-12-22,18:41,57
SU3179,Red Wings,2024-09-07,06:31,135
SU1186,S7 Airlines,2024-02-19,07:27,238
SU5245,Rossiya,2024-11-26,16:09,273
SU3888,Aeroflot,2024-02-03,00:07,98
SU8386,S7 Airlines,2024-11-08,04:56,99
SU6022,Nordavia,2024-08-20,07:32,275
SU4749,Red Wings,2024-09-23,09:51,117
SU3331,S7 Airlines,2024-06-04,15:06,125
SU8316,Rossiya,2024-07-17,13:34,172
SU4192,Yakutia,2024-01-02,09:47,70
SU1589,S7 Airlines,2024-09-01,18:48,314
SU1350,S7 Airlines,2024-08-28,12:45,110
SU494,S7 Airlines,2024-12-18,16:54,285
SU9625,Aeroflot,2024-09-16,22:44,345
SU983,Aeroflot,2024-05-19,20:50,252
SU6214,Red Wings,2024-01-04,22:33,263
SU2435,S7 Airlines,2024-12-23,14:57,291
SU4024,Rossiya,2024-12-08,10:05,240
SU3569,Pobeda,2024-08-09,11:34,122
SU5803,Aeroflot,2024-11-23,19:38,308
SU2366,Yakutia,2024-09-17,08:40,81
SU8313,S7 Airlines,2024-12-07,11:59,147
SU6578,Pobeda,2024-02-08,22:59,283
SU6509,Pobeda,2024-06-17,11:05,211
SU7466,Red Wings,2024-11-20,23:07,243
SU5059,Rossiya,2024-02-21,15:40,52
SU6206,Yakutia,2024-01-04,00:00,148
SU9396,Rossiya,2024-04-27,02:24,284
SU298,Pobeda,2024-01-27,17:40,176
SU6222,Aeroflot,2024-05-22,12:45,202
SU546,Pobeda,2024-06-21,02:31,239
SU6537,S7 Airlines,2024-12-18,00:28,324
SU5142,Pobeda,2024-02-20,08:41,92
SU6375,UTair,2024-06-26,19:08,212
SU6170,S7 Airlines,2024-03-06,20:50,191
SU8848,Nordavia,2024-02-15,19:59,280
SU5335,Ural Airlines,2024-01-01,10:43,100
SU5428,Pobeda,2024-06-24,03:35,104
SU6040,S7 Airlines,2024-02-23,13:26,303
SU976,Aeroflot,2024-10-01,17:48,106
SU6048,Aeroflot,2024-02-20,02:37,202
SU5840,Red Wings,2024-02-10,04:44,132
SU622,Nordavia,2024-03-01,11:52,160
SU4528,Yakutia,2024-08-20,19:45,157
SU2738,Rossiya,2024-01-11,06:44,313
SU6772,Red Wings,2024-03-10,07:42,139
SU5512,Rossiya,2024-04-03,02:06,165
SU2151,Ural Airlines,2024-03-16,15:54,97
SU1871,Rossiya,2024-09-21,01:52,170
SU8304,Pobeda,2024-11-22,08:18,330
SU6983,Rossiya,2024-11-23,21:07,301
SU9491,Aeroflot,2024-06-04,04:37,270
SU6718,Aeroflot,2024-04-20,03:37,150
SU6505,Pobeda,2024-12-13,10:41,186
SU2601,Rossiya,2024-02-19,16:58,205
SU8761,Yakutia,2024-07-26,12:10,213
SU3312,Pobeda,2024-01-28,07:24,86
SU534,Aeroflot,2024-05-23,06:06,130
SU7178,Rossiya,2024-09-23,13:10,207
SU264,Ural Airlines,2024-12-28,14:33,254
SU5797,Nordavia,2024-10-08,09:32,348
SU6488,Nordavia,2024-08-05,01:36,61
SU2846,S7 Airlines,2024-04-04,14:36,198
SU9307,S7 Airlines,2024-09-07,03:15,310
SU106,Azimuth,2024-08-01,17:22,324
SU3377,Pobeda,2024-09-23,01:23,263
SU8013,Azimuth,2024-06-27,13:24,259
SU9202,UTair,2024-12-18,09:24,89
SU706,Azimuth,2024-08-09,16:11,59
SU1740,Rossiya,2024-02-14,22:21,191
SU2652,Rossiya,2024-04-11,03:40,240
SU6981,UTair,2024-06-20,08:44,283
SU8843,Nordavia,2024-12-08,15:31,129
SU4934,Yakutia,2024-03-28,04:58,270
SU2659,Red Wings,2024-09-24,04:33,90
SU1788,Pobeda,2024-06-12,03:33,266
SU354,Azimuth,2024-01-03,04:06,240
SU9976,Red Wings,2024-07-14,04:17,306
SU3707,S7 Airlines,2024-08-04,06:12,310
SU9172,Aeroflot,2024-03-24,01:11,203
SU8707,Azimuth,2024-01-01,06:02,347
SU3070,Pobeda,2024-11-20,16:43,226
SU2304,Azimuth,2024-05-26,08:49,274
SU6648,S7 Airlines,2024-07-19,01:08,200
SU6582,Pobeda,2024-06-23,04:33,289
SU8258,Aeroflot,2024-02-22,19:27,114
SU4040,Rossiya,2024-03-20,03:11,233
SU1290,Ural Airlines,2024-11-03,06:16,333
SU3148,Ural Airlines,2024-04-13,12:15,79
SU8369,Aeroflot,2024-04-27,11:49,69
SU951,Azimuth,2024-09-11,22:41,300
SU6833,Azimuth,2024-10-28,07:11,122
SU5983,Aeroflot,2024-06-11,02:49,183
SU8072,Azimuth,2024-03-15,14:22,99
SU3978,UTair,2024-09-21,00:31,348
SU2788,S7 Airlines,2024-12-23,15:03,306
SU1983,UTair,2024-03-25,15:01,300
SU6690,Azimuth,2024-10-20,00:36,100
SU4298,S7 Airlines,2024-11-17,22:50,335
SU615,Rossiya,2024-06-23,04:32,258
SU4085,Red Wings,2024-05-17,00:21,158
SU9749,Pobeda,2024-04-01,04:17,150
SU6043,Rossiya,2024-06-08,17:01,88
SU4600,Ural Airlines,2024-08-13,13:05,215
SU1250,S7 Airlines,2024-06-17,10:46,54
SU9741,Pobeda,2024-03-26,11:10,230
SU5446,Rossiya,2024-04-05,18:27,75
SU2960,Nordavia,2024-08-05,07:38,149
SU6658,Yakutia,2024-05-22,15:04,120
SU6829,Pobeda,2024-03-20,23:18,152
SU793,Yakutia,2024-10-19,18:10,64
SU3397,Nordavia,2024-09-03,11:16,217
SU3841,Azimuth,2024-04-09,16:33,157
SU9178,Pobeda,2024-03-28,03:48,148
SU3397,Nordavia,2024-04-21,13:31,115
SU6362,Pobeda,2024-08-09,11:17,294
SU5436,S7 Airlines,2024-08-24,05:42,207
SU9202,Ural Airlines,2024-04-22,00:37,318
SU5661,Ural Airlines,2024-09-05,18:38,60
SU1843,Pobeda,2024-09-09,01:29,292
SU2058,Aeroflot,2024-10-04,11:44,201
SU2777,Ural Airlines,2024-03-21,15:59,252
SU7617,Nordavia,2024-05-05,19:05,112
SU598,S7 Airlines,2024-04-14,03:16,103
SU4370,Aeroflot,2024-10-22,04:13,238
SU4599,UTair,2024-08-18,06:22,120
SU2421,UTair,2024-11-08,11:55,331
SU8084,Rossiya,2024-12-23,17:08,79
SU3126,UTair,2024-07-14,15:21,250
SU9315,Nordavia,2024-05-11,17:52,280
SU4617,Pobeda,2024-09-12,01:58,268
SU2179,Red Wings,2024-11-01,12:38,321
SU4250,Red Wings,2024-07-11,15:57,56
SU7349,Ural Airlines,2024-10-25,01:38,265
SU8169,UTair,2024-07-11,04:49,102
SU3493,S7 Airlines,2024-05-19,06:44,196
SU1994,Pobeda,2024-11-15,00:11,96
SU6351,UTair,2024-10-25,22:54,160
SU9529,Ural Airlines,2024-10-17,03:48,289
SU8604,Pobeda,2024-07-09,03:13,187
SU3019,S7 Airlines,2024-11-25,06:01,294
SU1252,Azimuth,2024-04-07,22:59,122
SU7710,Yakutia,2024-04-11,07:39,106
SU3022,Pobeda,2024-05-13,16:30,130
SU5620,Red Wings,2024-04-01,06:09,290
SU5119,Pobeda,2024-07-24,20:34,184
SU2793,Azimuth,2024-12-24,01:20,319
SU5008,Nordavia,2024-05-22,23:44,216
SU1391,Pobeda,2024-07-19,04:12,230
SU5922,Aeroflot,2024-03-19,22:57,303
SU806,Red Wings,2024-12-19,15:26,51
SU7524,Azimuth,2024-02-22,07:15,307
SU6820,Pobeda,2024-08-17,16:53,323
SU9587,Azimuth,2024-11-19,09:24,87
SU2554,Red Wings,2024-03-08,02:46,224
SU7384,Yakutia,2024-05-19,01:53,298
SU1119,Rossiya,2024-10-21,08:21,345
SU8170,Red Wings,2024-09-12,17:19,330
SU4649,Nordavia,2024-10-03,13:38,186
SU2227,UTair,2024-01-24,17:07,236
SU7550,Azimuth,2024-03-26,00:34,194
SU8612,Ural Airlines,2024-03-28,15:02,332
SU5991,Pobeda,2024-10-10,10:22,298
SU3090,Ural Airlines,2024-02-27,19:08,173
SU9767,Pobeda,2024-09-11,15:05,88
SU5452,Ural Airlines,2024-12-23,08:33,225
SU8540,UTair,2024-05-03,19:09,251
SU9639,Aeroflot,2024-10-03,12:53,133
SU7470,Pobeda,2024-08-11,20:06,88
SU9545,Ural Airlines,2024-09-13,21:18,246
SU9461,Azimuth,2024-11-01,11:41,93
SU5770,Azimuth,2024-07-27,15:33,181
SU4460,Pobeda,2024-09-18,08:26,193
SU4866,UTair,2024-08-11,09:23,301
SU4437,Aeroflot,2024-06-24,02:51,327
SU6315,UTair,2024-12-19,00:15,191
SU6594,Rossiya,2024-07-24,22:24,68
SU4570,Ural Airlines,2024-11-23,21:04,93
SU7367,UTair,2024-07-03,23:20,135
SU6789,Ural Airlines,2024-04-07,18:12,276
SU9470,Red Wings,2024-01-11,05:55,215
SU3374,UTair,2024-11-20,18:14,83
SU6320,Red Wings,2024-04-21,19:20,341
SU3682,Azimuth,2024-12-03,10:08,332
SU9427,Ural Airlines,2024-12-16,02:22,189
SU4581,Red Wings,2024-11-13,02:51,283
SU1447,Ural Airlines,2024-02-23,20:19,302
SU8942,Red Wings,2024-11-06,19:50,103
SU6693,UTair,2024-02-04,17:33,226
SU7763,Rossiya,2024-08-19,03:41,50
SU1874,Azimuth,2024-06-15,00:15,241
SU3268,UTair,2024-08-02,12:59,228
SU1463,UTair,2024-02-17,05:10,100
SU8489,Yakutia,2024-02-17,23:41,271
SU9193,Red Wings,2024-07-10,05:34,257
SU9237,Ural Airlines,2024-03-01,21:57,261
SU6289,Yakutia,2024-02-18,07:41,108
SU9983,Nordavia,2024-04-04,00:52,172
SU913,UTair,2024-10-05,06:46,74
SU781,Ural Airlines,2024-09-28,22:25,216
SU6979,Aeroflot,2024-11-21,17:50,109
SU754,Aeroflot,2024-04-10,04:18,333
SU395,Aeroflot,2024-05-26,04:42,216
SU1057,Rossiya,2024-08-23,10:32,162
SU3504,Azimuth,2024-03-23,22:04,224
SU9530,Rossiya,2024-12-18,16:14,173
SU8249,Pobeda,2024-09-07,15:22,180
SU6300,Azimuth,2024-04-06,17:01,143
SU1759,UTair,2024-11-18,12:46,242
SU7024,UTair,2024-07-10,14:13,231
SU7081,Yakutia,2024-02-23,13:55,191
SU3145,S7 Airlines,2024-08-24,16:39,109
SU7317,Red Wings,2024-12-21,18:50,106
SU2496,Aeroflot,2024-06-20,22:15,272
SU3321,Nordavia,2024-04-22,06:13,120
SU4763,UTair,2024-10-22,23:48,110
SU9775,Rossiya,2024-02-09,01:02,119
SU1114,Aeroflot,2024-07-27,06:38,268
SU5279,Yakutia,2024-09-16,23:39,266
SU7771,Nordavia,2024-09-11,06:07,165
SU4909,Aeroflot,2024-03-07,19:38,110
SU2201,Red Wings,2024-01-01,17:32,121
SU675,Rossiya,2024-08-10,06:34,57
SU214,Yakutia,2024-09-04,12:23,110
SU7187,Azimuth,2024-08-21,07:59,210
SU620,Pobeda,2024-01-09,16:17,281
SU7282,Rossiya,2024-09-09,02:41,98
SU629,Nordavia,2024-08-26,07:05,324
SU9692,Rossiya,2024-12-22,18:28,224
SU1943,Ural Airlines,2024-06-26,01:09,219
SU8093,S7 Airlines,2024-03-23,23:27,141
SU1332,S7 Airlines,2024-04-18,16:11,144
SU7136,Rossiya,2024-02-10,19:57,222
SU6774,Azimuth,2024-06-19,19:51,283
SU8377,Yakutia,2024-03-19,22:30,187
SU8435,Yakutia,2024-12-16,19:56,195
SU1755,UTair,2024-10-25,17:13,242
SU670,Aeroflot,2024-03-07,16:34,204
SU1462,Red Wings,2024-08-02,03:25,268
SU6309,Ural Airlines,2024-06-05,13:31,311
SU7129,Rossiya,2024-08-15,16:06,95
SU919,UTair,2024-12-05,15:13,131
SU984,Red Wings,2024-02-15,14:54,275
SU1964,Pobeda,2024-08-13,20:44,348
SU6923,Ural Airlines,2024-09-19,15:58,200
SU7832,Pobeda,2024-02-22,00:09,237
SU7321,Rossiya,2024-04-11,01:24,313
SU4455,S7 Airlines,2024-10-27,21:41,202
SU8382,UTair,2024-06-23,09:00,282
SU1509,Aeroflot,2024-09-24,00:51,117
SU410,Ural Airlines,2024-11-13,17:44,69
SU2205,Aeroflot,2024-02-18,06:55,325
SU6385,S7 Airlines,2024-03-07,00:53,233
SU4760,Pobeda,2024-01-07,18:59,72
SU7630,Nordavia,2024-07-15,05:54,275
SU7160,S7 Airlines,2024-12-11,16:54,276
SU2951,Azimuth,2024-08-07,04:55,167
SU8008,Pobeda,2024-05-26,03:07,195
SU7233,Nordavia,2024-07-11,02:33,97
SU8108,Yakutia,2024-07-24,14:23,64
SU2295,Aeroflot,2024-05-06,05:06,208
SU1358,Ural Airlines,2024-01-09,05:02,302
SU3072,Aeroflot,2024-01-25,20:53,250
SU4786,Pobeda,2024-08-06,19:14,203
SU3474,Aeroflot,2024-04-01,12:14,187
SU6994,Yakutia,2024-01-08,15:21,65
SU6408,Nordavia,2024-09-02,02:53,290
SU3556,Yakutia,2024-08-25,07:23,141
SU3562,Nordavia,2024-06-07,09:35,135
SU8335,UTair,2024-01-25,02:42,239
SU1233,UTair,2024-05-19,19:33,56
SU2711,Rossiya,2024-08-28,22:50,252
SU7394,Azimuth,2024-04-09,00:18,207
SU2360,Rossiya,2024-02-26,22:12,293
SU778,Ural Airlines,2024-08-10,16:16,207
SU6967,Ural Airlines,2024-10-01,11:25,324
SU6590,Rossiya,2024-11-26,04:32,281
SU6828,Azimuth,2024-04-17,18:52,335
SU2038,Azimuth,2024-05-05,01:22,56
SU3792,Nordavia,2024-05-09,07:42,338
SU4633,Aeroflot,2024-06-01,07:38,157
SU3028,UTair,2024-02-19,23:21,287
SU4847,Nordavia,2024-08-13,00:36,223
SU1617,Red Wings,2024-02-12,07:38,177
SU2365,Ural Airlines,2024-02-14,01:05,172
SU5526,Red Wings,2024-09-23,19:54,110
SU9235,Red Wings,2024-08-27,12:38,226
SU3238,UTair,2024-02-08,19:14,294
SU3601,Red Wings,2024-08-08,06:49,249
SU5574,Nordavia,2024-09-05,08:33,240
SU9201,Aeroflot,2024-10-28,23:37,298
SU9300,Azimuth,2024-12-04,07:47,281
SU2728,Rossiya,2024-09-21,13:28,242
SU4505,Rossiya,2024-08-18,06:12,145
SU1883,S7 Airlines,2024-01-02,08:22,237
SU3211,Yakutia,2024-09-28,07:56,189
SU4650,S7 Airlines,2024-11-10,02:16,199
SU3747,Ural Airlines,2024-09-12,15:34,61
SU2217,Aeroflot,2024-06-17,04:47,93
SU3270,Ural Airlines,2024-06-09,23:39,85
SU4912,Pobeda,2024-03-06,12:12,255
SU212,UTair,2024-02-09,18:56,292
SU3743,Azimuth,2024-01-04,09:36,241
SU900,S7 Airlines,2024-04-03,09:48,207
SU9560,Yakutia,2024-12-22,22:34,114
SU1857,Yakutia,2024-05-07,18:13,86
SU3722,UTair,2024-07-25,06:53,333
SU7588,Azimuth,2024-05-15,19:41,125
SU102,Rossiya,2024-08-20,17:36,287
SU3900,Rossiya,2024-08-15,16:08,122
SU1186,S7 Airlines,2024-10-15,23:48,82
SU6434,UTair,2024-06-08,03:09,165
SU5572,Aeroflot,2024-09-23,11:09,303
SU7983,Red Wings,2024-04-23,10:39,269
SU6790,Yakutia,2024-03-13,08:36,77
SU5680,Ural Airlines,2024-11-21,02:40,323
SU5442,Yakutia,2024-07-23,20:01,291
SU5227,Red Wings,2024-07-16,13:02,319
SU3170,Ural Airlines,2024-09-07,20:22,286
SU7285,Nordavia,2024-07-05,20:30,251
SU643,Azimuth,2024-11-22,21:08,146
SU8883,S7 Airlines,2024-08-05,15:48,201
SU8463,Nordavia,2024-05-20,13:25,350
SU2774,Aeroflot,2024-06-28,16:15,92
SU8536,Rossiya,2024-06-24,20:56,169
SU2512,Pobeda,2024-09-22,11:31,267
SU1683,Azimuth,2024-11-01,16:29,117
SU8405,Azimuth,2024-10-25,13:50,71
SU954,Ural Airlines,2024-01-03,03:34,232
SU7704,Ural Airlines,2024-01-08,21:42,119
SU8239,S7 Airlines,2024-12-19,08:52,167
SU1005,Nordavia,2024-03-01,01:04,266
SU7005,UTair,2024-05-07,11:29,203
SU3854,Pobeda,2024-10-13,05:09,241
SU5058,Red Wings,2024-03-16,01:19,150
SU4186,Aeroflot,2024-04-20,20:22,57
SU9784,Aeroflot,2024-03-19,20:57,177
SU9789,UTair,2024-06-26,16:24,350
SU5464,Ural Airlines,2024-01-07,21:35,285
SU3159,S7 Airlines,2024-06-16,09:12,303
SU1162,Rossiya,2024-07-25,01:36,79
SU9763,Nordavia,2024-12-14,03:29,330
SU5740,S7 Airlines,2024-10-01,10:56,211
SU6034,Nordavia,2024-02-11,18:30,95
SU6700,Azimuth,2024-10-06,06:40,59
SU1897,Yakutia,2024-06-26,22:45,234
SU6918,Red Wings,2024-02-16,02:47,192
SU9399,Ural Airlines,2024-06-23,10:42,323
SU873,S7 Airlines,2024-10-15,03:44,197
SU5461,Azimuth,2024-11-13,12:40,292
SU1392,Aeroflot,2024-02-14,04:06,285
SU3962,Rossiya,2024-02-04,04:15,214
SU2220,Aeroflot,2024-10-10,14:13,123
SU7548,Ural Airlines,2024-11-07,15:20,342
SU9678,Nordavia,2024-07-19,18:47,318
SU3287,Ural Airlines,2024-01-14,05:59,257
SU3965,Ural Airlines,2024-10-22,19:48,287
SU4395,Yakutia,2024-05-02,18:41,272
SU2499,Yakutia,2024-03-22,20:24,153
SU9820,Rossiya,2024-11-23,10:14,261
SU8057,Red Wings,2024-12-22,18:19,71
SU9048,UTair,2024-06-17,00:34,213
SU3942,S7 Airlines,2024-08-14,21:03,250
SU5169,Ural Airlines,2024-12-01,11:34,158
SU4863,UTair,2024-02-08,13:16,89
SU7561,Yakutia,2024-08-08,02:11,163
SU5845,Ural Airlines,2024-11-14,16:34,71
SU9183,Rossiya,2024-02-27,04:10,202
SU6836,Azimuth,2024-02-12,04:32,200
SU1834,UTair,2024-09-16,15:04,221
SU3595,Yakutia,2024-11-06,19:41,165
SU1642,Ural Airlines,2024-06-15,18:49,153
SU7670,Red Wings,2024-10-21,13:44,125
SU1971,Yakutia,2024-03-23,15:14,285
SU7045,Nordavia,2024-07-08,23:53,87
SU8738,Nordavia,2024-04-27,07:38,99
SU5288,Nordavia,2024-08-17,21:54,92
SU7450,Ural Airlines,2024-02-25,21:22,210
SU1626,UTair,2024-03-04,21:35,257
SU5846,Rossiya,2024-08-01,23:38,265
SU7360,UTair,2024-08-19,06:14,163
SU1105,Aeroflot,2024-04-28,05:00,64
SU1410,Rossiya,2024-04-03,20:10,151
SU5175,Yakutia,2024-05-15,20:07,314
SU1629,Red Wings,2024-01-20,15:09,293
SU6566,Aeroflot,2024-05-19,18:07,198
SU1246,Nordavia,2024-09-10,20:07,241
SU8338,Nordavia,2024-03-12,02:58,231
SU8938,S7 Airlines,2024-12-13,05:41,210
SU1773,Ural Airlines,2024-11-21,17:40,50
SU7007,Pobeda,2024-05-08,10:27,266
SU3401,S7 Airlines,2024-10-02,10:23,186
SU7123,Yakutia,2024-12-28,06:10,76
SU531,Azimuth,2024-10-21,23:59,142
SU469,Azimuth,2024-12-26,07:38,330
SU2525,Aeroflot,2024-02-14,02:26,348
SU5005,Azimuth,2024-05-01,20:55,83
SU5417,UTair,2024-10-16,02:51,334
SU4209,Pobeda,2024-04-07,17:10,304
SU6982,Nordavia,2024-11-20,08:13,168
SU2958,Nordavia,2024-07-09,21:31,143
SU1805,Pobeda,2024-11-09,05:12,92
SU3078,Ural Airlines,2024-08-06,14:31,70
SU624,Aeroflot,2024-04-28,17:35,80
SU8879,Pobeda,2024-04-05,05:04,79
SU4304,Yakutia,2024-09-24,03:12,325
SU3930,Nordavia,2024-03-23,03:04,126
SU4995,Nordavia,2024-02-15,22:25,346
SU1665,UTair,2024-08-23,03:08,242
SU8620,Azimuth,2024-04-17,00:32,189
SU6037,Pobeda,2024-01-25,09:28,72
SU8125,Nordavia,2024-12-11,09:03,82
SU2613,Pobeda,2024-06-08,19:08,77
SU2321,Azimuth,2024-09-11,16:13,296
SU3799,Nordavia,2024-07-04,21:16,121
SU1403,Azimuth,2024-12-07,20:09,332
SU7306,UTair,2024-07-21,03:19,123
SU5684,Red Wings,2024-06-10,12:00,164
SU369,UTair,2024-02-21,07:41,148
SU7300,S7 Airlines,2024-09-14,20:42,266
SU4905,Aeroflot,2024-01-13,06:59,246
SU8706,Pobeda,2024-02-09,20:50,51
SU6876,Pobeda,2024-03-08,04:18,131
SU1130,S7 Airlines,2024-03-07,20:08,151
SU7356,S7 Airlines,2024-03-19,17:29,111
SU9474,Ural Airlines,2024-06-15,09:20,114
SU181,Nordavia,2024-06-08,09:33,143
SU1234,Aeroflot,2024-03-12,11:32,275
SU5237,Azimuth,2024-05-20,12:16,226
SU7057,Nordavia,2024-12-25,13:55,292
SU4722,Azimuth,2024-01-22,04:51,201
SU6255,Aeroflot,2024-01-04,18:35,217
SU5412,Ural Airlines,2024-05-12,06:10,337
SU5955,Yakutia,2024-01-21,04:32,347
SU3782,Nordavia,2024-02-15,09:01,284
SU7426,Nordavia,2024-12-17,08:25,137
SU7125,Red Wings,2024-10-28,21:15,55
SU1180,Azimuth,2024-10-10,17:39,275
SU601,UTair,2024-07-05,23:08,215
SU6289,Ural Airlines,2024-01-23,11:19,102
SU8921,Red Wings,2024-12-14,02:27,143
SU1775,Ural Airlines,2024-02-20,18:04,288
SU933,S7 Airlines,2024-01-06,06:03,209
SU2955,Yakutia,2024-12-08,20:42,223
SU5203,Aeroflot,2024-06-12,01:46,260
SU769,Nordavia,2024-11-11,05:36,317
SU176,Aeroflot,2024-07-12,07:02,116
SU2724,Pobeda,2024-04-02,01:52,343
SU8828,Azimuth,2024-05-25,17:32,339
SU7783,Yakutia,2024-06-09,09:47,229
SU444,Nordavia,2024-12-13,19:01,262
SU8509,Azimuth,2024-08-16,07:28,217
SU4896,Yakutia,2024-10-14,23:21,203
SU3056,Nordavia,2024-10-11,10:35,242
SU6802,Red Wings,2024-04-04,10:09,322
SU4157,Ural Airlines,2024-02-07,17:48,317
SU992,Rossiya,2024-08-04,13:36,126
SU6155,Azimuth,2024-11-21,21:43,218
SU4188,Aeroflot,2024-12-14,12:24,56
SU3193,Azimuth,2024-10-18,09:50,253
SU4653,Aeroflot,2024-09-12,23:11,294
SU7415,Nordavia,2024-05-18,19:41,140
SU6146,Yakutia,2024-09-12,10:59,147
SU9562,Ural Airlines,2024-08-11,20:36,113
SU4233,UTair,2024-10-08,00:01,315
SU8930,Nordavia,2024-04-12,22:40,221
SU7002,Ural Airlines,2024-12-18,15:24,104
SU7935,Ural Airlines,2024-10-10,11:46,153
SU7868,Yakutia,2024-01-04,03:07,185
SU8543,Azimuth,2024-05-12,13:19,348
SU5666,Ural Airlines,2024-11-27,19:35,183
SU398,Rossiya,2024-11-07,21:18,217
SU2991,Aeroflot,2024-04-25,17:04,251
SU5955,Azimuth,2024-12-07,04:31,89
SU1234,S7 Airlines,2024-08-27,04:11,284
SU972,Nordavia,2024-10-17,14:57,256
SU4781,Nordavia,2024-03-22,03:40,231
SU5320,S7 Airlines,2024-12-26,16:48,275
SU9278,Azimuth,2024-07-09,01:55,166
SU1583,Yakutia,2024-12-02,11:53,176
SU7879,Nordavia,2024-12-24,05:32,119
SU4864,Nordavia,2024-01-06,20:58,129
SU4569,Aeroflot,2024-07-04,06:09,221
SU5492,S7 Airlines,2024-08-23,00:07,111
SU5860,Pobeda,2024-05-16,11:27,290
SU3398,Azimuth,2024-08-09,01:32,307
SU5216,Aeroflot,2024-04-16,13:12,299
SU6146,Aeroflot,2024-09-03,15:42,55
SU2118,Yakutia,2024-08-23,21:52,232
SU8947,Pobeda,2024-09-27,11:04,260
SU9659,Azimuth,2024-12-09,02:42,215
SU9153,Ural Airlines,2024-03-12,07:18,127
SU2056,Yakutia,2024-08-10,15:48,325
SU8257,Azimuth,2024-09-27,23:40,114
SU4591,Aeroflot,2024-11-23,11:58,327
SU6282,Nordavia,2024-09-26,16:52,336
SU7422,Yakutia,2024-12-11,00:07,157
SU3870,Yakutia,2024-11-17,21:36,328
SU8101,Nordavia,2024-01-28,23:29,212
SU5293,Red Wings,2024-06-19,18:59,335
SU8993,Azimuth,2024-08-20,18:35,90
SU6654,Ural Airlines,2024-11-27,22:55,63
SU7653,Aeroflot,2024-08-23,15:02,250
SU5883,Ural Airlines,2024-07-06,06:34,217
SU5022,Ural Airlines,2024-06-04,12:49,138
SU2081,Pobeda,2024-09-17,08:38,208
SU827,Nordavia,2024-10-11,00:58,346
SU7908,Nordavia,2024-12-17,17:38,142
SU2438,UTair,2024-12-17,21:51,59
SU6482,Yakutia,2024-10-17,03:35,85
SU5919,Yakutia,2024-05-11,16:03,219
SU4895,Azimuth,2024-09-11,00:45,292
SU2787,Rossiya,2024-05-28,19:34,274
SU9336,S7 Airlines,2024-09-24,07:57,207
SU169,Pobeda,2024-04-26,04:06,292
SU6267,Ural Airlines,2024-07-14,06:57,315
SU9522,S7 Airlines,2024-08-12,03:56,334
SU783,Ural Airlines,2024-10-21,00:20,298
SU3198,Nordavia,2024-10-20,21:19,146
SU1350,Yakutia,2024-08-12,12:20,153
SU4747,Ural Airlines,2024-03-05,03:27,294
SU1732,Pobeda,2024-07-15,00:32,296
SU4732,Nordavia,2024-03-05,05:12,240
SU4596,Yakutia,2024-01-16,02:26,308
SU9282,Red Wings,2024-01-03,22:07,271
SU6399,Red Wings,2024-08-27,07:38,91
SU7349,Rossiya,2024-12-12,07:14,156
SU3767,Pobeda,2024-12-01,08:43,61
SU8879,S7 Airlines,2024-08-10,11:54,69
SU9467,Yakutia,2024-08-18,11:27,107
SU3362,Azimuth,2024-06-27,13:48,251
SU7788,Rossiya,2024-12-12,12:48,231
SU852,Red Wings,2024-02-27,13:59,306
SU1918,Rossiya,2024-04-25,18:57,133
SU7913,Red Wings,2024-09-12,10:39,58
SU3828,Nordavia,2024-10-27,11:39,181
SU3907,S7 Airlines,2024-04-15,09:23,68
SU5070,Red Wings,2024-08-12,03:41,296
SU9623,Yakutia,2024-03-21,18:32,137
SU3640,Nordavia,2024-10-17,21:58,88
SU3716,UTair,2024-07-23,17:44,126
SU1312,Nordavia,2024-08-19,21:06,238
SU5247,Red Wings,2024-08-15,16:14,271
SU7141,Pobeda,2024-07-26,12:16,144
SU5851,Pobeda,2024-05-11,19:51,328
SU9789,Azimuth,2024-03-04,18:45,97
SU7923,Azimuth,2024-09-24,09:21,133
SU9018,Pobeda,2024-05-20,14:42,70
SU8716,S7 Airlines,2024-09-03,08:02,350
SU8348,Pobeda,2024-04-28,11:18,240
SU3223,Rossiya,2024-07-17,11:22,247
SU5742,UTair,2024-11-07,09:34,129
SU7976,Ural Airlines,2024-12-07,03:15,77
SU5270,Rossiya,2024-08-18,12:40,155
SU6797,Nordavia,2024-06-26,18:12,113
SU183,UTair,2024-08-04,00:59,147
SU1275,UTair,2024-10-17,18:23,312
SU1551,Aeroflot,2024-12-19,02:49,159
SU5823,Pobeda,2024-03-10,14:56,87
SU7513,Red Wings,2024-10-26,17:14,78
SU4641,S7 Airlines,2024-12-10,18:45,270
SU6535,Aeroflot,2024-04-20,00:47,57
SU7641,Azimuth,2024-11-02,21:19,307
SU6747,Red Wings,2024-01-20,19:35,125
SU8141,Rossiya,2024-01-09,16:03,107
SU6073,Pobeda,2024-10-03,06:52,290
SU8394,Ural Airlines,2024-05-18,00:28,228
SU5456,Red Wings,2024-04-22,12:46,126
SU2724,Ural Airlines,2024-06-14,22:58,124
SU7698,Rossiya,2024-07-16,19:45,226
SU4920,Azimuth,2024-06-09,19:33,83
SU9418,Red Wings,2024-12-23,15:17,265
SU5909,S7 Airlines,2024-05-01,14:14,63
SU6792,S7 Airlines,2024-11-01,01:11,202
SU1854,Aeroflot,2024-11-23,14:15,277
SU4062,UTair,2024-09-24,19:44,327
SU4557,Pobeda,2024-04-03,07:19,294
SU5909,Nordavia,2024-08-14,14:40,94
SU3775,Ural Airlines,2024-08-01,22:10,349
SU1620,UTair,2024-05-23,13:46,335
SU1782,Aeroflot,2024-12-22,07:27,289
SU2237,Azimuth,2024-01-13,08:07,328
SU5428,Red Wings,2024-05-19,20:33,196
SU8986,S7 Airlines,2024-02-15,13:50,202
SU7675,Nordavia,2024-12-16,06:14,68
SU8506,Rossiya,2024-05-26,03:50,156
SU499,Pobeda,2024-10-15,07:37,123
SU4283,Pobeda,2024-02-19,13:44,180
SU1401,Azimuth,2024-07-11,10:34,135
SU868,Pobeda,2024-08-17,19:51,57
SU4263,Azimuth,2024-05-10,17:50,241
SU7737,UTair,2024-06-07,01:47,311
SU8195,Aeroflot,2024-12-15,01:24,52
SU7808,Rossiya,2024-12-16,05:42,134
SU5096,Ural Airlines,2024-01-11,05:08,79
SU2975,Nordavia,2024-06-04,04:36,136
SU1495,Ural Airlines,2024-08-10,12:09,171
SU3740,Red Wings,2024-01-05,12:49,163
SU5676,Red Wings,2024-12-03,16:10,292
SU5438,UTair,2024-08-20,23:52,154
SU8514,Yakutia,2024-06-13,10:00,272
SU1399,Aeroflot,2024-08-18,17:16,267
SU3584,Red Wings,2024-04-26,15:42,205
SU3612,Pobeda,2024-07-18,23:01,78
SU4050,Red Wings,2024-05-07,05:53,289
SU8880,Rossiya,2024-04-12,07:38,308
SU640,Ural Airlines,2024-03-14,14:30,203
SU4604,S7 Airlines,2024-05-12,13:43,306
SU4200,S7 Airlines,2024-08-26,20:51,256
SU682,Nordavia,2024-07-12,05:53,104
SU6099,Aeroflot,2024-08-11,05:00,70
SU5520,Azimuth,2024-05-18,20:39,188
SU4630,Azimuth,2024-12-06,10:09,219
SU1314,Aeroflot,2024-03-17,15:12,348
SU3428,Azimuth,2024-10-08,22:52,125
SU6606,UTair,2024-05-11,03:04,216
SU2079,S7 Airlines,2024-06-18,10:48,259
SU2909,Yakutia,2024-12-02,10:17,105
SU5828,S7 Airlines,2024-12-08,18:18,108
SU4049,Rossiya,2024-09-14,10:26,275
SU2712,Nordavia,2024-03-17,09:25,130
SU2373,Rossiya,2024-05-14,02:17,338
SU3687,Red Wings,2024-02-22,21:00,139
SU9322,UTair,2024-01-20,20:52,201
SU9361,UTair,2024-08-25,09:27,271
SU3394,Aeroflot,2024-05-22,05:43,262
SU9563,Yakutia,2024-07-14,23:52,306
SU4108,Nordavia,2024-06-08,05:57,105
SU7988,Azimuth,2024-06-20,13:45,315
SU4173,Yakutia,2024-07-27,15:07,53
SU6026,Red Wings,2024-11-07,09:27,108
SU4252,Yakutia,2024-06-25,20:57,249
SU1295,UTair,2024-04-19,05:16,243
SU4355,UTair,2024-05-04,15:37,350
SU8500,Pobeda,2024-10-28,19:08,159
SU8752,Azimuth,2024-06-13,12:30,164
SU9795,Rossiya,2024-05-21,09:48,134
SU1364,Yakutia,2024-03-23,10:46,58
SU2718,Yakutia,2024-01-01,03:11,55
SU5975,Aeroflot,2024-07-10,06:30,160
SU6284,S7 Airlines,2024-06-23,12:07,107
SU9980,Nordavia,2024-06-05,07:12,202
SU8402,Aeroflot,2024-02-18,00:36,239
SU8755,Aeroflot,2024-02-20,06:08,61
SU7564,Pobeda,2024-03-09,01:38,343
SU5071,S7 Airlines,2024-06-21,14:13,208
SU3288,Yakutia,2024-08-05,10:43,324
SU1586,Azimuth,2024-05-26,23:49,284
SU7864,Aeroflot,2024-07-21,21:24,124
SU7488,Rossiya,2024-09-04,14:00,196
SU2771,Aeroflot,2024-09-08,13:50,245
SU7349,UTair,2024-11-06,05:46,308
SU7084,Yakutia,2024-11-27,04:21,172
SU9603,Rossiya,2024-07-27,06:46,307
SU3765,UTair,2024-08-01,16:10,337
SU4734,Aeroflot,2024-09-15,02:59,277
SU3157,Aeroflot,2024-03-28,07:22,274
SU8505,Aeroflot,2024-06-01,04:19,263
SU2830,Red Wings,2024-11-20,10:03,111
SU8405,Rossiya,2024-12-09,11:43,283
SU294,Pobeda,2024-10-12,09:36,124
SU1817,Azimuth,2024-07-14,03:02,350
SU7361,Nordavia,2024-05-22,05:14,319
SU9052,Azimuth,2024-08-17,00:26,251
SU136,Azimuth,2024-01-02,12:35,192
SU6282,Azimuth,2024-01-10,00:00,289
SU6661,Nordavia,2024-05-23,02:42,98
SU585,UTair,2024-07-15,08:12,189
SU1275,Azimuth,2024-02-01,03:43,143
SU7998,Azimuth,2024-09-14,09:28,304
SU6784,Ural Airlines,2024-03-11,13:58,308
SU5995,Nordavia,2024-06-07,21:23,223
SU4416,Pobeda,2024-08-22,05:02,209
SU5026,Ural Airlines,2024-08-07,22:06,72
SU9269,Nordavia,2024-04-13,18:17,104
SU3140,Yakutia,2024-06-18,23:23,193
SU6938,Nordavia,2024-02-18,00:31,275
SU4159,S7 Airlines,2024-03-22,09:46,303
SU1521,Aeroflot,2024-01-23,19:15,347
SU9223,Azimuth,2024-11-26,11:47,182
SU9011,S7 Airlines,2024-10-27,22:28,149
SU9422,Yakutia,2024-09-03,06:28,202
SU3229,Nordavia,2024-08-03,04:50,67
SU8260,Pobeda,2024-08-15,18:13,160
SU8809,S7 Airlines,2024-10-05,03:08,74
SU7663,Red Wings,2024-04-28,09:24,297
SU7126,Rossiya,2024-03-14,14:55,208
SU529,Aeroflot,2024-09-10,20:35,291
SU8150,S7 Airlines,2024-05-08,17:49,258
SU810,Yakutia,2024-02-15,23:09,118
SU7147,Red Wings,2024-05-25,15:11,290
SU7605,Rossiya,2024-10-05,21:17,185
SU6006,Red Wings,2024-05-21,14:38,345
SU1857,Rossiya,2024-04-15,02:21,101
SU9535,Pobeda,2024-03-27,13:17,282
SU1584,Azimuth,2024-05-14,17:24,222
SU8879,Azimuth,2024-12-05,13:45,331
SU9655,Azimuth,2024-02-17,02:12,125
SU5484,Pobeda,2024-05-23,04:15,64
SU3889,Ural Airlines,2024-04-28,01:54,118
SU8835,Ural Airlines,2024-06-19,23:05,290
SU1940,Aeroflot,2024-01-13,12:23,83
SU4632,Aeroflot,2024-10-02,09:15,345
SU5551,Nordavia,2024-01-28,09:09,252
SU7791,UTair,2024-09-21,22:20,147
SU5962,Rossiya,2024-10-14,00:11,314
SU6547,UTair,2024-12-15,02:30,158
SU254,UTair,2024-08-07,08:19,295
SU2990,Azimuth,2024-04-21,03:10,54
SU9585,Nordavia,2024-06-08,11:40,171
SU431,Pobeda,2024-08-01,13:56,175
SU5315,Rossiya,2024-06-20,03:38,204
SU6828,UTair,2024-08-08,09:19,310
SU9297,UTair,2024-06-18,15:57,102
SU8192,Ural Airlines,2024-06-24,09:22,333
SU1420,Nordavia,2024-07-26,16:33,317
SU756,Rossiya,2024-09-14,23:58,103
SU9755,UTair,2024-04-10,10:23,57
SU4676,Rossiya,2024-01-08,00:39,73
SU6636,Azimuth,2024-04-03,21:35,341
SU6633,Azimuth,2024-08-02,07:22,134
SU6658,Ural Airlines,2024-07-07,01:40,306
SU6988,Rossiya,2024-01-13,17:35,144
SU1831,Azimuth,2024-06-27,09:40,282
SU8168,Yakutia,2024-05-20,05:10,144
SU575,Red Wings,2024-03-19,20:27,281
SU9575,Rossiya,2024-10-13,02:22,65
SU1053,S7 Airlines,2024-11-20,10:55,293
SU6833,Red Wings,2024-07-13,19:44,188
SU4719,Aeroflot,2024-01-16,20:14,226
SU4489,Ural Airlines,2024-08-19,03:22,169
SU5982,Aeroflot,2024-03-22,08:55,217
SU4907,UTair,2024-06-04,03:19,348
SU8970,S7 Airlines,2024-12-15,23:02,70
SU9766,S7 Airlines,2024-02-08,14:23,262
SU2939,Red Wings,2024-04-13,00:41,342
SU6414,Ural Airlines,2024-07-24,06:06,277
SU7215,Pobeda,2024-05-24,11:37,157
SU3586,S7 Airlines,2024-03-19,07:25,192
SU307,Aeroflot,2024-05-10,07:32,329
SU5441,Ural Airlines,2024-07-25,06:00,207
SU7448,Nordavia,2024-02-26,00:47,105
SU8463,Pobeda,2024-01-23,22:26,50
SU2193,Ural Airlines,2024-01-18,00:45,192
SU2473,S7 Airlines,2024-05-08,21:58,314
SU2910,Pobeda,2024-08-05,15:19,348
SU2133,Rossiya,2024-01-21,12:19,305
SU1081,Yakutia,2024-01-02,15:35,276
SU9983,Aeroflot,2024-08-22,11:03,119
SU3785,S7 Airlines,2024-12-03,13:26,313
SU636,Red Wings,2024-04-13,16:34,117
SU2095,Red Wings,2024-08-16,04:27,188
SU5944,Yakutia,2024-05-11,19:48,125
SU369,Pobeda,2024-12-04,22:37,183
SU3368,S7 Airlines,2024-01-21,22:04,302
SU1090,Nordavia,2024-02-28,03:10,140
SU5196,Azimuth,2024-05-15,09:45,350
SU6942,Ural Airlines,2024-08-20,12:48,87
SU1529,Aeroflot,2024-09-15,16:01,206
SU5866,Pobeda,2024-03-18,04:25,182
SU8511,Azimuth,2024-03-11,23:40,319
SU7797,UTair,2024-12-03,03:49,325
SU8484,Rossiya,2024-11-15,06:39,240
SU8202,Red Wings,2024-12-05,03:07,340
SU2131,Red Wings,2024-11-17,00:59,202
SU510,Yakutia,2024-07-21,07:41,272
SU7400,Aeroflot,2024-01-04,15:45,338
SU1302,S7 Airlines,2024-12-01,14:55,124
SU5848,UTair,2024-09-08,12:55,157
SU9750,Nordavia,2024-10-01,16:50,268
SU7454,Rossiya,2024-10-22,21:14,302
SU4984,Red Wings,2024-12-06,12:46,179
SU8388,Red Wings,2024-11-24,02:37,85
SU599,Yakutia,2024-07-16,06:21,74
SU1313,Rossiya,2024-05-14,22:18,316
SU2125,UTair,2024-04-18,07:53,286
SU6822,S7 Airlines,2024-09-01,23:14,318
SU4768,Red Wings,2024-09-22,14:26,283
SU2397,Aeroflot,2024-11-25,19:31,110
SU3492,Azimuth,2024-08-02,12:22,90
SU6124,Rossiya,2024-04-10,21:43,331
SU2907,Nordavia,2024-02-15,04:50,124
SU3058,Aeroflot,2024-11-17,11:47,231
SU2902,Rossiya,2024-05-11,19:15,99
SU7460,Nordavia,2024-02-26,22:24,187
SU7181,Yakutia,2024-02-24,03:49,154
SU3165,Yakutia,2024-06-08,19:41,238
SU9159,Azimuth,2024-01-03,17:09,335
SU7531,Ural Airlines,2024-02-13,07:44,272
SU7698,Azimuth,2024-01-19,13:38,279
SU9586,Pobeda,2024-10-25,06:22,116
SU5515,Ural Airlines,2024-04-09,14:34,222
SU8444,Yakutia,2024-10-21,13:12,317
SU4038,Yakutia,2024-06-04,17:00,212
SU6589,Red Wings,2024-05-26,23:27,99
SU1361,S7 Airlines,2024-09-20,15:28,191
SU4580,Nordavia,2024-05-17,12:15,318
SU9663,Nordavia,2024-09-22,13:18,250
SU3054,Ural Airlines,2024-10-23,11:13,235
SU4319,S7 Airlines,2024-06-09,03:25,150
SU3492,Rossiya,2024-09-08,01:49,297
SU3441,Rossiya,2024-08-23,19:54,282
SU8473,Rossiya,2024-04-22,09:05,240
SU3972,Azimuth,2024-06-22,23:45,308
SU519,Red Wings,2024-02-22,05:30,321
SU7298,Rossiya,2024-11-20,14:29,54
SU2891,Rossiya,2024-06-18,20:49,147
SU8281,Yakutia,2024-02-18,20:18,258
SU6748,Red Wings,2024-03-06,10:19,194
SU5648,Azimuth,2024-03-07,16:00,114
SU8861,Yakutia,2024-12-15,16:37,99
SU1398,Azimuth,2024-03-06,23:27,93
SU571,Aeroflot,2024-05-13,12:59,183
SU1438,Red Wings,2024-07-01,13:52,226
SU5655,Azimuth,2024-02-15,06:10,288
SU1075,Red Wings,2024-05-11,23:36,347
SU1289,Rossiya,2024-04-27,19:22,206
SU5285,Red Wings,2024-06-26,22:28,271
SU5139,Ural Airlines,2024-09-28,22:05,190
SU6074,Pobeda,2024-11-11,01:47,325
SU4990,UTair,2024-12-19,05:53,313
SU6556,UTair,2024-04-05,04:53,68
SU5697,UTair,2024-02-04,22:05,347
SU358,Nordavia,2024-02-11,00:47,74
SU9677,Pobeda,2024-10-13,10:29,210
SU2223,Rossiya,2024-09-03,16:09,136
SU800,Azimuth,2024-09-06,13:21,120
SU259,S7 Airlines,2024-07-25,08:34,165
SU7927,Pobeda,2024-12-14,06:08,55
SU196,UTair,2024-06-22,03:01,242
SU9878,Rossiya,2024-04-26,06:04,308
SU1381,Aeroflot,2024-01-01,15:11,192
SU8780,Yakutia,2024-03-11,06:06,202
SU5028,S7 Airlines,2024-11-26,20:02,146
SU3751,Rossiya,2024-01-12,12:45,314
SU2584,Nordavia,2024-11-10,13:34,68
SU1001,Yakutia,2024-10-12,22:54,291
SU3240,Nordavia,2024-10-10,06:08,121
SU5161,Red Wings,2024-04-22,03:53,348
SU4253,Yakutia,2024-10-27,05:44,279
SU1113,Rossiya,2024-12-22,08:02,303
SU6201,Rossiya,2024-09-26,01:25,208
SU8914,Rossiya,2024-08-23,11:10,113
SU8801,Pobeda,2024-02-20,01:30,61
SU3962,Azimuth,2024-09-16,05:00,102
SU8036,Nordavia,2024-07-22,18:37,126
SU4400,Rossiya,2024-07-09,15:19,220
SU3995,Pobeda,2024-03-21,21:03,297
SU8773,Ural Airlines,2024-08-12,09:12,110
SU9804,Red Wings,2024-03-14,05:29,250
SU8877,Aeroflot,2024-10-28,21:53,61
SU5270,Yakutia,2024-03-22,20:26,57
SU7453,Pobeda,2024-03-25,11:43,270
SU6386,Nordavia,2024-11-08,06:59,290
SU669,UTair,2024-02-11,04:13,326
SU2755,Azimuth,2024-06-28,20:31,120
SU8870,Ural Airlines,2024-12-15,17:57,244
SU1463,Aeroflot,2024-07-20,05:47,93
SU9019,Nordavia,2024-08-23,18:45,283
SU4591,Nordavia,2024-06-27,12:54,92
SU7432,Pobeda,2024-10-24,01:50,304
SU8919,UTair,2024-06-20,23:09,237
SU1126,Pobeda,2024-11-12,01:46,301
SU7477,Pobeda,2024-11-15,12:10,150
SU7069,Aeroflot,2024-10-20,21:15,254
SU352,Pobeda,2024-07-05,07:39,158
SU5328,Yakutia,2024-09-02,15:38,239
SU9270,Nordavia,2024-01-13,05:21,253
SU6819,Rossiya,2024-01-02,23:21,276
SU7877,Ural Airlines,2024-09-17,09:28,125
SU707,UTair,2024-04-16,09:55,319
SU9773,Aeroflot,2024-04-05,01:11,288
SU4215,Pobeda,2024-03-22,00:49,294
SU265,Pobeda,2024-12-03,18:12,189
SU9472,Pobeda,2024-04-06,20:14,209
SU6381,Pobeda,2024-07-18,06:26,176
SU9199,Nordavia,2024-09-21,13:14,344
SU6281,UTair,2024-12-08,09:08,71
SU7769,Aeroflot,2024-12-26,16:07,82
SU1019,UTair,2024-05-06,12:23,186
SU1633,Yakutia,2024-08-04,22:57,109
SU5915,UTair,2024-03-03,21:29,101
SU1254,S7 Airlines,2024-07-04,00:19,303
SU4320,Rossiya,2024-09-07,04:22,149
SU7761,S7 Airlines,2024-10-15,23:14,261
SU2793,Yakutia,2024-08-14,08:20,102
SU756,Rossiya,2024-08-12,10:48,342
SU9909,Azimuth,2024-01-19,13:25,166
SU983,UTair,2024-11-24,01:15,235
SU8197,Red Wings,2024-11-23,13:30,105
SU9341,Azimuth,2024-11-04,06:14,64
SU2634,Ural Airlines,2024-05-19,02:00,264
SU1886,Aeroflot,2024-08-06,04:51,61
SU5442,Yakutia,2024-10-21,07:50,302
SU6490,Rossiya,2024-07-26,10:51,133
SU9331,Rossiya,2024-10-16,19:14,214
SU3861,Azimuth,2024-09-08,19:26,123
SU7897,Azimuth,2024-09-18,15:01,146
SU1293,Yakutia,2024-10-20,08:40,313
SU6236,Rossiya,2024-11-20,11:39,101
SU6821,Pobeda,2024-04-26,19:45,216
SU8924,Azimuth,2024-05-17,23:21,111
SU298,Yakutia,2024-01-22,20:42,67
SU7458,Aeroflot,2024-08-28,05:39,288
SU7224,Rossiya,2024-10-28,10:25,250
SU9714,Rossiya,2024-11-11,03:57,58
SU692,Pobeda,2024-11-20,04:25,324
SU7469,Rossiya,2024-11-24,22:27,73
SU3784,Ural Airlines,2024-09-28,01:41,115
SU7339,Rossiya,2024-04-17,17:01,88
SU6244,Pobeda,2024-07-16,10:06,234
SU9365,Yakutia,2024-10-09,22:47,88
SU4503,Pobeda,2024-06-17,08:23,258
SU592,S7 Airlines,2024-03-19,11:24,296
SU4296,Rossiya,2024-02-06,01:04,208
SU6311,Aeroflot,2024-05-10,23:09,193
SU8112,Azimuth,2024-03-25,20:25,171
SU204,Azimuth,2024-07-10,09:05,96
SU6988,UTair,2024-01-04,21:34,109
SU1727,Azimuth,2024-10-10,19:45,275
SU5667,Aeroflot,2024-11-27,14:59,285
SU2518,Pobeda,2024-11-02,12:16,122
SU7969,S7 Airlines,2024-10-17,06:29,132
SU2753,Red Wings,2024-01-08,18:48,277
SU8996,Pobeda,2024-05-02,06:09,154
SU7174,Rossiya,2024-06-22,19:04,165
SU754,Yakutia,2024-10-18,10:28,213
SU3685,Yakutia,2024-06-26,21:34,107
SU4136,Azimuth,2024-01-17,08:54,257
SU4405,UTair,2024-10-11,04:56,141
SU8842,UTair,2024-09-19,16:14,293
SU8006,UTair,2024-11-18,07:19,125
SU8123,UTair,2024-12-04,20:22,343
SU7548,S7 Airlines,2024-09-20,01:44,291
SU1015,Azimuth,2024-01-21,20:25,127
SU3905,Pobeda,2024-10-03,14:01,334
SU5217,Azimuth,2024-04-17,11:51,314
SU8803,Azimuth,2024-01-21,17:45,311
SU8218,Nordavia,2024-01-28,21:45,109
SU6022,Azimuth,2024-06-21,04:35,256
SU2998,Azimuth,2024-08-15,00:10,304
SU9075,Ural Airlines,2024-01-04,21:49,302
SU3920,UTair,2024-02-18,07:58,161
SU7316,Rossiya,2024-06-05,02:11,145
SU9123,UTair,2024-09-19,04:54,277
SU9876,S7 Airlines,2024-09-14,11:27,265
SU8866,Ural Airlines,2024-01-04,12:29,89
SU8554,UTair,2024-03-04,03:04,51
SU6622,S7 Airlines,2024-10-20,01:39,200
SU4922,Rossiya,2024-11-21,00:25,88
SU8246,Ural Airlines,2024-03-16,14:04,306
SU2413,Aeroflot,2024-11-07,02:14,322
SU8618,Azimuth,2024-10-16,11:50,226
SU1536,UTair,2024-03-17,08:13,163
SU4512,Azimuth,2024-11-01,13:39,136
SU7584,Yakutia,2024-12-24,02:10,294
SU7655,Yakutia,2024-02-27,19:12,162
SU4391,UTair,2024-05-27,10:38,314
SU4482,Yakutia,2024-02-27,21:31,337
SU9968,Aeroflot,2024-09-07,02:48,340
SU7330,Rossiya,2024-03-01,09:18,339
SU4952,Red Wings,2024-08-27,06:52,225
SU1032,Pobeda,2024-11-27,01:37,235
SU3416,Aeroflot,2024-10-15,22:23,337
SU7432,Yakutia,2024-01-16,10:22,67
SU7765,Azimuth,2024-08-13,13:22,333
SU1013,Yakutia,2024-08-12,06:06,271
SU3934,Pobeda,2024-05-03,01:14,248
SU3274,Rossiya,2024-07-18,17:56,302
SU9484,Aeroflot,2024-03-17,00:07,222
SU7012,Azimuth,2024-07-28,11:11,256
SU4204,S7 Airlines,2024-07-13,17:57,340
SU987,Red Wings,2024-04-28,17:39,101
SU6423,UTair,2024-11-04,06:51,64
SU4937,Azimuth,2024-05-03,06:32,61
SU3608,S7 Airlines,2024-01-25,21:53,251
SU1171,Pobeda,2024-12-11,12:18,298
SU6100,Rossiya,2024-03-14,10:53,303
SU9246,Ural Airlines,2024-02-11,02:22,74
SU6463,S7 Airlines,2024-11-08,07:48,174
SU8825,UTair,2024-01-27,13:45,114
SU154,Nordavia,2024-02-10,15:25,175
SU1133,Pobeda,2024-07-26,03:11,334
SU4986,Yakutia,2024-01-27,07:55,125
SU6277,Pobeda,2024-09-23,09:20,329
SU4122,UTair,2024-10-23,08:35,301
SU5641,Ural Airlines,2024-12-07,10:02,188
SU8705,Azimuth,2024-12-13,11:24,163
SU725,Yakutia,2024-03-06,08:54,240
SU6099,Red Wings,2024-11-22,03:15,98
SU6298,Red Wings,2024-11-11,06:40,277
SU8006,S7 Airlines,2024-12-13,11:57,321
SU7695,Red Wings,2024-05-18,02:22,190
SU3102,Rossiya,2024-10-05,01:50,319
SU9986,UTair,2024-02-15,17:32,139
SU6962,Ural Airlines,2024-01-25,01:45,222
SU8879,Yakutia,2024-02-14,08:26,250
SU3243,Yakutia,2024-11-16,05:45,194
SU146,Azimuth,2024-10-19,00:30,256
SU3495,Ural Airlines,2024-09-25,20:44,342
SU1528,Rossiya,2024-03-07,07:25,116
SU434,Rossiya,2024-07-24,06:42,185
SU5818,Red Wings,2024-04-11,21:34,192
SU7207,Azimuth,2024-09-03,05:59,288
SU4574,S7 Airlines,2024-10-11,11:07,333
SU5657,Aeroflot,2024-10-23,18:02,104
SU1346,Yakutia,2024-12-03,17:36,118
SU9719,Ural Airlines,2024-06-06,20:37,124
SU2165,Red Wings,2024-08-23,05:19,256
SU1344,S7 Airlines,2024-08-22,12:35,82
SU148,Red Wings,2024-03-27,09:40,319
SU5276,Pobeda,2024-12-14,17:57,139
SU9643,Red Wings,2024-07-13,16:46,254
SU533,Nordavia,2024-06-03,04:04,206
SU432,Aeroflot,2024-05-22,21:36,102
SU6221,Aeroflot,2024-07-11,14:21,119
SU6193,Azimuth,2024-07-06,13:07,52
SU4345,Rossiya,2024-04-22,18:41,241
SU7358,S7 Airlines,2024-02-24,20:53,129
SU3477,UTair,2024-07-17,09:13,119
SU8643,Pobeda,2024-12-25,00:04,251
SU7420,Yakutia,2024-05-23,07:41,337
SU3114,Rossiya,2024-09-14,07:28,253
SU4425,S7 Airlines,2024-04-15,12:22,192
SU522,UTair,2024-03-26,16:47,143
SU4100,Yakutia,2024-10-28,21:33,181
SU6950,Rossiya,2024-01-02,07:33,208
SU8528,Ural Airlines,2024-07-15,15:39,256
SU8219,S7 Airlines,2024-04-13,20:20,285
SU8036,UTair,2024-08-14,06:56,196
SU7743,Ural Airlines,2024-10-10,13:38,330
SU6026,Rossiya,2024-10-01,01:01,239
SU8691,Aeroflot,2024-09-03,08:38,174
SU8063,UTair,2024-10-12,16:47,57
SU5465,Rossiya,2024-10-27,21:00,258
SU1164,Ural Airlines,2024-03-22,22:50,102
SU9283,Yakutia,2024-09-25,01:06,306
SU756,Pobeda,2024-03-22,14:16,150
SU9762,Ural Airlines,2024-06-18,12:50,142
SU8674,Yakutia,2024-06-16,19:14,257
SU5798,S7 Airlines,2024-04-10,17:21,287
SU8518,Rossiya,2024-08-07,15:51,197
SU6927,Red Wings,2024-01-19,15:02,207
SU3744,Ural Airlines,2024-09-20,19:49,121
SU3169,UTair,2024-04-05,11:44,100
SU7896,Red Wings,2024-08-01,12:30,274
SU8650,UTair,2024-11-11,10:56,68
SU6775,Red Wings,2024-05-09,22:37,263
SU1257,Yakutia,2024-07-20,17:18,302
SU4961,Ural Airlines,2024-01-10,06:10,213
SU8227,UTair,2024-10-09,06:27,68
SU4325,S7 Airlines,2024-09-02,01:53,235
SU4797,Azimuth,2024-02-23,18:12,143
SU4981,Yakutia,2024-06-25,17:55,279
SU2853,Nordavia,2024-06-18,09:18,315
SU5391,Ural Airlines,2024-05-28,23:22,270
SU8849,Rossiya,2024-11-10,23:26,241
SU2217,UTair,2024-06-19,02:08,56
SU5891,Nordavia,2024-08-25,03:52,207
SU6029,S7 Airlines,2024-11-06,13:21,304
SU2491,Aeroflot,2024-11-22,21:04,204
SU7364,Red Wings,2024-05-18,07:19,120
SU6588,UTair,2024-08-18,10:29,159
SU3670,Azimuth,2024-04-28,17:37,240
SU7607,Red Wings,2024-01-23,17:58,121
SU9466,Yakutia,2024-12-17,10:08,176
SU9546,Rossiya,2024-04-05,03:47,135
SU6431,Rossiya,2024-02-23,05:17,245
SU2530,S7 Airlines,2024-11-01,03:28,149
SU1798,Yakutia,2024-10-22,06:37,309
SU3799,S7 Airlines,2024-04-15,18:02,74
SU6570,Azimuth,2024-04-11,14:43,224
SU3487,Yakutia,2024-05-09,08:37,340
SU1569,Pobeda,2024-11-08,13:48,288
SU5362,Yakutia,2024-01-22,19:07,248
SU1654,Rossiya,2024-02-17,18:21,112
SU2536,Pobeda,2024-07-20,02:00,110
SU2246,Yakutia,2024-10-19,22:56,205
SU365,Rossiya,2024-05-28,09:44,172
SU9136,UTair,2024-05-17,10:03,103
SU5042,UTair,2024-06-11,01:56,92
SU4217,S7 Airlines,2024-09-11,19:01,317
SU5340,Rossiya,2024-07-03,04:20,233
SU4891,Red Wings,2024-08-19,13:46,171
SU1957,Rossiya,2024-06-04,11:45,313
SU9906,Nordavia,2024-02-10,05:22,345
SU8168,Rossiya,2024-11-23,04:57,307
SU536,Yakutia,2024-09-13,22:06,110
SU9064,S7 Airlines,2024-08-17,21:07,315
SU3561,Rossiya,2024-07-27,03:17,116
SU7065,Aeroflot,2024-12-17,19:19,190
SU5836,Rossiya,2024-11-15,13:49,127
SU2110,UTair,2024-03-11,15:56,57
SU9640,Aeroflot,2024-05-26,13:17,103
SU8498,Red Wings,2024-06-19,20:03,323
SU1224,Ural Airlines,2024-06-25,20:08,277
SU1643,Pobeda,2024-02-03,22:37,140
SU5466,Rossiya,2024-01-20,00:29,84
SU9016,Red Wings,2024-10-04,16:56,166
SU6063,Pobeda,2024-07-04,02:13,325
SU9343,S7 Airlines,2024-11-10,04:29,328
SU7916,Nordavia,2024-03-18,05:10,232
SU8305,Rossiya,2024-05-19,11:26,245
SU9979,UTair,2024-02-06,08:22,172
SU9049,Ural Airlines,2024-11-17,14:42,287
SU2101,Yakutia,2024-06-28,01:39,192
SU6786,S7 Airlines,2024-06-27,10:35,225
SU6651,Yakutia,2024-12-19,01:37,228
SU7213,Yakutia,2024-08-15,01:07,91
SU2627,Pobeda,2024-06-05,23:57,342
SU3374,Red Wings,2024-04-13,02:16,303
SU8587,Nordavia,2024-01-16,01:23,200
SU7572,Rossiya,2024-08-05,04:54,278
SU1327,UTair,2024-10-12,03:27,62
SU320,S7 Airlines,2024-12-20,09:11,210
SU6827,Pobeda,2024-02-06,23:44,111
SU6516,Pobeda,2024-12-03,20:26,105
SU1545,Aeroflot,2024-12-02,12:11,182
SU8050,UTair,2024-04-28,09:14,125
SU4569,Azimuth,2024-05-05,19:55,91
SU5775,Aeroflot,2024-09-27,06:48,344
SU3810,Pobeda,2024-10-12,07:57,284
SU2026,Ural Airlines,2024-04-03,13:36,85
SU6299,Azimuth,2024-03-26,08:51,229
SU6996,Yakutia,2024-08-04,13:04,234
SU5349,S7 Airlines,2024-10-17,19:39,288
SU8385,Aeroflot,2024-01-24,14:25,93
SU1430,Yakutia,2024-02-12,17:35,314
SU4010,Pobeda,2024-02-27,19:37,288
SU5445,Red Wings,2024-10-15,13:48,299
SU2427,Red Wings,2024-10-07,23:53,237
SU4017,Pobeda,2024-02-18,00:52,80
SU1349,UTair,2024-04-11,14:50,266
SU5413,UTair,2024-08-08,00:04,204
SU8218,Ural Airlines,2024-05-20,23:46,300
SU5827,Red Wings,2024-10-23,06:39,248
SU4289,Ural Airlines,2024-01-02,19:45,102
SU8804,Red Wings,2024-11-08,08:09,118
SU6704,S7 Airlines,2024-06-14,00:16,99
SU4499,Rossiya,2024-09-10,14:10,294
SU3424,Azimuth,2024-03-10,17:05,109
SU6372,Yakutia,2024-01-28,15:04,195
SU7776,Rossiya,2024-08-27,09:43,56
SU902,S7 Airlines,2024-07-14,15:32,329
SU348,Nordavia,2024-03-10,13:24,238
SU302,S7 Airlines,2024-02-26,22:23,100
SU4821,Azimuth,2024-03-09,10:48,234
SU8833,Yakutia,2024-08-28,21:40,71
SU3088,Azimuth,2024-04-28,10:26,218
SU6778,Aeroflot,2024-05-13,17:53,241
SU5673,Nordavia,2024-08-04,10:01,336
SU3032,Pobeda,2024-07-18,14:39,117
SU9739,Ural Airlines,2024-10-09,08:43,158
SU6658,Nordavia,2024-08-21,19:22,106
SU7152,UTair,2024-04-18,10:39,293
SU6210,Aeroflot,2024-07-28,08:14,104
SU8856,Red Wings,2024-05-08,04:40,195
SU608,Ural Airlines,2024-05-07,14:05,71
SU394,Pobeda,2024-08-22,16:42,97
SU5438,UTair,2024-02-03,09:18,66
SU4906,Aeroflot,2024-06-11,17:13,255
SU8087,Pobeda,2024-04-11,02:31,52
SU5954,Aeroflot,2024-06-20,13:51,263
SU3573,Yakutia,2024-04-13,20:15,283
SU5280,Aeroflot,2024-09-16,23:44,238
SU4349,Azimuth,2024-06-19,02:58,175
SU821,Aeroflot,2024-06-03,09:57,151
SU6745,Ural Airlines,2024-02-18,22:48,199
SU3586,Azimuth,2024-03-26,04:15,219
SU1790,Aeroflot,2024-01-23,02:21,255
SU8669,Rossiya,2024-08-28,16:11,54
SU7081,Nordavia,2024-11-25,12:52,176
SU2401,Ural Airlines,2024-12-15,20:42,172
SU5955,Nordavia,2024-01-06,02:38,305
SU1140,UTair,2024-02-15,17:48,328
SU8813,UTair,2024-10-23,20:18,330
SU1451,UTair,2024-07-02,18:21,82
SU8087,Nordavia,2024-07-06,16:28,182
SU4473,Ural Airlines,2024-11-22,20:32,342
SU7206,Red Wings,2024-06-07,14:59,349
SU6330,Red Wings,2024-11-24,14:23,186
SU3319,Nordavia,2024-01-16,10:44,120
SU9844,Pobeda,2024-06-01,09:23,325
SU8236,S7 Airlines,2024-06-18,08:03,304
SU6475,Rossiya,2024-08-11,09:34,158
SU9729,Aeroflot,2024-10-26,06:10,215
SU6964,Pobeda,2024-11-09,02:01,121
SU8977,Aeroflot,2024-04-28,10:36,130
SU2806,Yakutia,2024-03-19,02:20,204
SU1640,Yakutia,2024-05-28,21:59,166
SU3086,Pobeda,2024-03-02,03:15,174
SU3542,Yakutia,2024-08-11,06:14,155
SU4935,Pobeda,2024-04-08,14:21,143
SU8246,Rossiya,2024-01-27,11:47,105
SU9009,Ural Airlines,2024-05-13,08:36,226
SU1605,Aeroflot,2024-01-19,20:01,118
SU8918,S7 Airlines,2024-12-13,02:14,105
SU377,Ural Airlines,2024-06-21,12:07,263
SU9964,Nordavia,2024-01-03,02:51,271
SU1748,Red Wings,2024-10-08,09:07,82
SU6448,S7 Airlines,2024-10-07,02:35,164
SU9583,UTair,2024-06-26,02:13,167
SU4360,UTair,2024-10-14,11:23,297
SU3358,Ural Airlines,2024-05-01,18:31,282
SU8605,Nordavia,2024-08-18,22:08,236
SU1412,Ural Airlines,2024-12-14,02:12,173
SU3016,Yakutia,2024-12-02,07:46,340
SU5012,UTair,2024-05-09,12:46,302
SU8212,UTair,2024-02-18,04:37,220
SU4241,Ural Airlines,2024-08-10,14:41,84
SU665,Azimuth,2024-12-16,05:52,152
SU5904,Rossiya,2024-04-13,14:26,127
SU7712,Nordavia,2024-08-23,01:38,301
SU4327,Rossiya,2024-11-10,14:10,240
SU2311,UTair,2024-12-06,07:27,124
SU6781,UTair,2024-05-13,09:57,136
SU9955,Nordavia,2024-09-27,17:31,197
SU1191,UTair,2024-04-10,19:35,349
SU5419,Pobeda,2024-08-01,03:17,325
SU1497,Ural Airlines,2024-10-08,12:57,145
SU5475,Yakutia,2024-04-09,21:53,317
SU4909,UTair,2024-05-04,18:32,204
SU1021,Red Wings,2024-09-03,14:54,301
SU2380,UTair,2024-05-07,14:35,102
SU9483,UTair,2024-05-26,19:20,214
SU6939,S7 Airlines,2024-10-11,04:51,175
SU6257,Ural Airlines,2024-07-22,12:13,130
SU1063,Rossiya,2024-02-05,11:31,315
SU5113,Rossiya,2024-06-21,21:05,172
SU8302,Aeroflot,2024-11-12,15:20,233
SU7536,Azimuth,2024-01-25,01:29,122
SU9682,S7 Airlines,2024-06-02,18:53,293
SU868,Azimuth,2024-03-03,06:56,260
SU1948,S7 Airlines,2024-10-15,21:41,330
SU6092,S7 Airlines,2024-11-19,09:32,75
SU5273,Yakutia,2024-08-14,12:28,107
SU1867,Aeroflot,2024-04-05,06:18,340
SU7634,Ural Airlines,2024-08-05,23:11,202
SU4214,Nordavia,2024-01-28,14:45,90
SU2387,Red Wings,2024-03-22,07:13,190
SU5290,Azimuth,2024-01-06,09:04,337
SU2963,Yakutia,2024-09-14,04:53,104
SU2344,Red Wings,2024-08-19,05:28,295
SU2824,Nordavia,2024-01-14,04:38,118
SU6831,Red Wings,2024-07-06,13:21,284
SU7806,Pobeda,2024-05-13,03:25,305
SU2156,Red Wings,2024-07-22,10:43,344
SU5103,Aeroflot,2024-12-09,00:03,312
SU5676,Azimuth,2024-10-12,13:11,64
SU6363,Aeroflot,2024-11-21,21:07,182
SU2418,Pobeda,2024-01-03,15:54,70
SU3869,Yakutia,2024-12-22,10:16,195
SU9914,Aeroflot,2024-04-01,21:02,327
SU3533,S7 Airlines,2024-11-04,11:14,337
SU4840,Red Wings,2024-09-25,13:17,318
SU5737,UTair,2024-01-03,18:55,89
SU4185,Nordavia,2024-02-28,00:14,321
SU3040,UTair,2024-07-22,22:58,255
SU4698,Ural Airlines,2024-03-07,23:11,206
SU2902,Pobeda,2024-12-17,20:07,265
SU1644,S7 Airlines,2024-05-06,23:46,117
SU2712,S7 Airlines,2024-10-20,09:56,264
SU6496,Pobeda,2024-11-01,06:47,80
SU7308,Red Wings,2024-10-13,13:09,210
SU7806,S7 Airlines,2024-11-20,23:58,190
SU2994,S7 Airlines,2024-11-13,18:20,117
SU1741,Ural Airlines,2024-11-03,07:04,186
SU248,Azimuth,2024-09-24,17:39,215
SU3884,Nordavia,2024-05-27,07:44,292
SU7871,Azimuth,2024-10-21,13:32,298
SU6687,Nordavia,2024-03-06,15:19,234
SU8692,Rossiya,2024-06-05,04:49,67
SU3970,Rossiya,2024-06-15,22:17,102
SU4652,UTair,2024-10-05,12:44,53
SU6421,Red Wings,2024-09-12,00:20,273
SU840,Azimuth,2024-02-21,12:59,107
SU4015,Yakutia,2024-02-14,12:29,124
SU5201,Pobeda,2024-12-05,13:09,192
SU3668,Rossiya,2024-08-25,07:04,338
SU2469,Aeroflot,2024-07-12,10:10,152
SU7533,Yakutia,2024-03-24,14:53,65
SU3153,Pobeda,2024-04-11,20:43,346
SU4216,UTair,2024-10-27,09:40,288
SU402,Rossiya,2024-12-14,01:33,216
SU2617,Azimuth,2024-06-20,00:03,69
SU4205,Aeroflot,2024-05-03,03:37,169
SU6699,Nordavia,2024-06-08,14:38,269
SU2152,S7 Airlines,2024-12-06,02:53,219
SU8380,Aeroflot,2024-12-13,01:35,329
SU6850,Nordavia,2024-04-22,07:37,281
SU3635,Red Wings,2024-05-18,15:12,105
SU4605,Ural Airlines,2024-07-10,01:38,195
SU1928,Ural Airlines,2024-10-05,19:32,336
SU3936,Red Wings,2024-03-11,04:36,218
SU5320,Red Wings,2024-01-01,02:30,211
SU5460,Nordavia,2024-04-26,22:24,247
SU4096,UTair,2024-05-09,13:33,298
SU8594,Ural Airlines,2024-07-25,10:01,258
SU6936,Pobeda,2024-05-06,17:26,128
SU2496,Red Wings,2024-09-09,13:58,278
SU5801,Aeroflot,2024-01-11,20:23,54
SU8733,S7 Airlines,2024-02-08,08:55,84
SU3432,UTair,2024-12-20,22:19,147
SU323,S7 Airlines,2024-06-13,15:45,80
SU5474,S7 Airlines,2024-07-19,06:50,232
SU4323,Nordavia,2024-07-28,18:20,270
SU9799,Yakutia,2024-01-11,10:03,116
SU7320,Ural Airlines,2024-04-07,12:29,295
SU778,Yakutia,2024-07-14,12:32,134
SU2159,Red Wings,2024-01-08,13:56,59
SU5644,S7 Airlines,2024-03-08,19:36,319
SU1469,Rossiya,2024-12-26,07:31,286
SU4424,Aeroflot,2024-04-25,15:57,140
SU3624,Ural Airlines,2024-06-08,05:22,73
SU8559,Yakutia,2024-02-10,00:34,134
SU2914,Red Wings,2024-04-22,20:02,217
SU155,UTair,2024-11-01,02:55,275
SU6774,Nordavia,2024-04-02,06:55,310
SU4263,Red Wings,2024-01-16,21:58,205
SU261,Yakutia,2024-05-26,04:09,294
SU9516,Aeroflot,2024-08-20,22:29,206
SU238,Ural Airlines,2024-03-19,08:57,306
SU4146,Ural Airlines,2024-04-17,10:02,321
SU1455,Ural Airlines,2024-07-17,06:47,349
SU7485,Rossiya,2024-09-23,06:40,82
SU3850,Red Wings,2024-02-03,01:42,272
SU8208,Aeroflot,2024-12-20,10:33,214
SU3261,Azimuth,2024-01-17,16:10,312
SU4383,Ural Airlines,2024-08-06,23:01,73
SU9289,Pobeda,2024-09-20,22:09,74
SU577,Nordavia,2024-12-13,10:51,266
SU5008,Pobeda,2024-03-09,02:56,164
SU6143,Ural Airlines,2024-09-05,07:47,82
SU9784,UTair,2024-01-15,21:27,261
SU3256,Aeroflot,2024-04-13,08:21,310
SU9889,Red Wings,2024-11-23,21:09,342
SU9416,Red Wings,2024-05-09,18:28,296
SU954,Pobeda,2024-04-27,05:02,314
SU3221,S7 Airlines,2024-07-11,03:01,111
SU6984,Aeroflot,2024-02-21,04:22,174
SU7815,Azimuth,2024-12-13,16:22,345
SU8461,Rossiya,2024-02-20,02:12,134
SU3915,Rossiya,2024-06-25,22:41,260
SU2938,Yakutia,2024-10-20,14:18,125
SU6564,Ural Airlines,2024-09-21,17:39,50
SU2656,S7 Airlines,2024-08-09,14:05,209
SU7909,Rossiya,2024-01-19,19:57,111
SU8582,S7 Airlines,2024-07-16,15:51,71
SU2617,Ural Airlines,2024-01-02,06:12,128
SU8671,Azimuth,2024-09-27,17:46,94
SU1348,Azimuth,2024-04-15,08:43,200
SU2363,Rossiya,2024-08-02,14:40,344
SU5025,Azimuth,2024-12-23,07:49,72
SU4263,Red Wings,2024-06-09,03:19,329
SU7879,S7 Airlines,2024-07-02,00:59,287
SU8870,Rossiya,2024-06-07,17:00,195
SU4632,Red Wings,2024-03-17,06:47,228
SU2051,Nordavia,2024-07-19,03:53,338
SU8641,UTair,2024-09-28,19:05,256
SU8118,S7 Airlines,2024-07-01,14:39,297
SU5692,Red Wings,2024-01-04,13:15,303
SU3222,S7 Airlines,2024-03-13,16:53,299
SU2302,UTair,2024-05-22,20:17,138
SU6642,Nordavia,2024-05-11,06:53,113
SU9951,Nordavia,2024-07-03,09:01,163
SU4672,Aeroflot,2024-10-03,13:12,267
SU3539,Yakutia,2024-03-15,22:24,176
SU9207,S7 Airlines,2024-12-03,03:15,299
SU8079,Yakutia,2024-07-18,14:22,85
SU1415,Azimuth,2024-11-19,04:09,75
SU8954,Nordavia,2024-10-08,02:22,279
SU1005,S7 Airlines,2024-10-22,22:41,235
SU1677,Red Wings,2024-11-13,02:14,78
SU8121,Azimuth,2024-04-08,18:39,129
SU6430,Pobeda,2024-03-02,06:51,226
SU5905,Red Wings,2024-05-22,19:57,74
SU7367,Rossiya,2024-06-27,04:02,101
SU2736,UTair,2024-11-12,14:56,206
SU5824,S7 Airlines,2024-12-14,21:25,93
SU8680,Yakutia,2024-10-08,14:05,82
SU1515,Azimuth,2024-03-24,19:08,228
SU3773,Red Wings,2024-06-21,04:59,170
SU9407,Azimuth,2024-06-23,04:11,115
SU5179,Rossiya,2024-11-07,01:47,179
SU1315,Nordavia,2024-04-03,07:44,285
SU1882,Nordavia,2024-01-20,11:24,307
SU3013,Azimuth,2024-11-23,10:41,144
SU7245,Nordavia,2024-05-20,10:36,206
SU6716,Azimuth,2024-04-04,12:36,89
SU8052,Azimuth,2024-09-13,20:44,83
SU9576,Azimuth,2024-07-15,23:24,83
SU1169,Ural Airlines,2024-11-17,15:52,278
SU2388,S7 Airlines,2024-04-08,09:12,163
SU8791,Rossiya,2024-09-03,02:17,327
SU8020,Yakutia,2024-03-14,04:07,326
SU6531,Red Wings,2024-10-22,02:25,113
SU9847,Azimuth,2024-03-06,17:56,115
SU8763,S7 Airlines,2024-03-14,08:18,316
SU7907,Aeroflot,2024-09-17,14:54,305
SU6538,Ural Airlines,2024-04-23,18:40,127
SU563,Azimuth,2024-03-19,09:40,81
SU5253,Ural Airlines,2024-11-05,02:22,339
SU767,UTair,2024-03-05,13:38,337
SU9315,UTair,2024-03-20,04:27,275
SU5536,Nordavia,2024-08-17,05:37,267
SU5368,Yakutia,2024-05-04,20:00,71
SU1515,UTair,2024-12-10,21:34,259
SU7013,Pobeda,2024-11-05,13:28,102
SU8087,Aeroflot,2024-08-18,17:55,269
SU7706,UTair,2024-08-20,05:44,276
SU2154,Nordavia,2024-05-24,14:08,190
SU5978,Red Wings,2024-02-11,02:14,115
SU9589,Aeroflot,2024-07-05,17:32,184
SU8273,Nordavia,2024-09-22,03:49,177
SU9759,Azimuth,2024-03-28,00:52,151
SU555,Red Wings,2024-11-19,08:12,84
SU6836,Azimuth,2024-10-04,15:35,199
SU7788,Nordavia,2024-05-05,10:08,166
SU7597,Azimuth,2024-10-05,06:24,161
SU6920,S7 Airlines,2024-10-07,15:25,346
SU6456,Nordavia,2024-06-14,03:09,301
SU1016,Pobeda,2024-01-24,19:22,137
SU3271,UTair,2024-12-17,04:36,319
SU7521,Yakutia,2024-07-02,21:52,81
SU6278,Nordavia,2024-12-06,21:59,114
SU7394,UTair,2024-11-21,16:17,309
SU3394,S7 Airlines,2024-01-16,21:57,91
SU3787,UTair,2024-07-02,00:02,222
SU7667,Yakutia,2024-06-10,05:18,226
SU5086,Pobeda,2024-04-22,18:36,197
SU8164,Nordavia,2024-04-27,22:24,90
SU4546,Yakutia,2024-12-24,23:29,135
SU6316,Aeroflot,2024-05-08,12:11,120
SU9822,Ural Airlines,2024-09-14,16:16,244
SU1873,UTair,2024-12-03,04:37,269
SU6576,Ural Airlines,2024-06-23,17:35,289
SU1301,Yakutia,2024-05-18,00:02,320
SU9608,Aeroflot,2024-05-05,17:51,325
SU3306,Red Wings,2024-05-06,18:59,171
SU9632,Pobeda,2024-03-17,18:38,82
SU6923,Yakutia,2024-03-03,22:56,270
SU7309,S7 Airlines,2024-02-14,23:55,94
SU9250,Red Wings,2024-08-11,05:16,119
SU6040,Pobeda,2024-02-02,03:26,241
SU7395,Yakutia,2024-02-11,07:22,77
SU4480,Yakutia,2024-04-04,12:50,96
SU1931,Red Wings,2024-04-12,22:18,90
SU8879,Yakutia,2024-12-05,13:41,271
SU588,S7 Airlines,2024-01-24,14:02,203
SU5736,UTair,2024-06-24,15:14,57
SU6029,Pobeda,2024-08-03,10:07,244
SU4118,Azimuth,2024-12-09,18:56,58
SU5369,Rossiya,2024-11-23,10:21,174
SU1280,Rossiya,2024-04-27,23:15,89
SU4879,Ural Airlines,2024-09-03,06:00,167
SU6143,Pobeda,2024-10-15,17:35,281
SU1704,Ural Airlines,2024-01-26,22:58,130
SU6769,Ural Airlines,2024-03-01,19:15,279
SU5109,S7 Airlines,2024-05-25,06:30,68
SU1896,Rossiya,2024-09-08,05:06,281
SU4200,Red Wings,2024-12-16,03:41,209
SU2613,S7 Airlines,2024-01-02,23:24,226
SU6041,Pobeda,2024-05-05,13:04,297
SU3294,Ural Airlines,2024-09-15,03:34,156
SU9417,Azimuth,2024-10-07,22:11,255
SU2760,Nordavia,2024-04-25,05:41,222
SU5535,S7 Airlines,2024-05-18,00:02,248
SU8265,Ural Airlines,2024-11-04,19:51,181
SU6492,Yakutia,2024-01-23,07:25,318
SU2836,Yakutia,2024-11-11,08:25,311
SU9040,Nordavia,2024-05-17,11:45,341
SU2741,Pobeda,2024-12-16,04:18,252
SU2203,Red Wings,2024-09-18,18:53,295
SU3084,Red Wings,2024-07-23,04:07,212
SU5250,Nordavia,2024-06-20,14:18,183
SU4077,Yakutia,2024-09-08,19:21,93
SU9059,Red Wings,2024-09-07,18:29,90
SU973,UTair,2024-11-14,19:33,111
SU2590,Nordavia,2024-12-23,07:06,346
SU1590,UTair,2024-01-24,02:23,262
SU8623,Ural Airlines,2024-04-12,04:20,186
SU3267,Rossiya,2024-05-10,12:08,265
SU3387,Ural Airlines,2024-11-27,10:51,186
SU8634,Aeroflot,2024-04-04,22:49,160
SU5536,Red Wings,2024-05-16,09:47,215
SU7339,UTair,2024-02-12,05:56,52
SU3085,Red Wings,2024-01-16,04:20,208
SU3447,Azimuth,2024-06-16,18:58,275
SU333,UTair,2024-04-23,03:25,109
SU6608,Pobeda,2024-09-18,14:20,280
SU6997,Rossiya,2024-10-18,00:23,261
SU4968,Pobeda,2024-08-21,19:00,186
SU7396,Ural Airlines,2024-10-01,23:52,96
SU4816,Red Wings,2024-09-01,18:59,275
SU202,Yakutia,2024-10-11,01:58,107
SU166,Rossiya,2024-10-03,21:41,87
SU9401,Aeroflot,2024-09-27,06:29,93
SU4218,Ural Airlines,2024-05-04,21:43,183
SU8243,UTair,2024-03-21,09:06,211
SU3735,Nordavia,2024-07-13,01:27,71
SU8347,Azimuth,2024-02-28,19:28,189
SU9954,Yakutia,2024-09-09,10:00,219
SU1587,Yakutia,2024-05-19,11:49,238
SU916,Azimuth,2024-04-17,21:22,86
SU534,Aeroflot,2024-05-16,23:15,246
SU1148,S7 Airlines,2024-12-22,19:21,265
SU4437,Aeroflot,2024-06-28,19:20,318
SU1317,S7 Airlines,2024-10-24,10:59,174
SU339,UTair,2024-03-11,06:00,154
SU3662,Rossiya,2024-05-19,08:55,237
SU3570,Aeroflot,2024-09-04,02:54,350
SU8671,Azimuth,2024-10-10,13:24,290
SU7135,UTair,2024-09-09,15:33,59
SU5762,Rossiya,2024-02-01,22:14,50
SU7285,Ural Airlines,2024-05-24,00:41,187
SU1703,Aeroflot,2024-12-21,07:46,278
SU5260,Pobeda,2024-03-23,12:06,286
SU1760,UTair,2024-01-16,05:48,171
SU581,Rossiya,2024-01-16,15:23,206
SU4591,Ural Airlines,2024-02-06,16:30,78
SU8142,Pobeda,2024-02-27,12:15,83
SU4464,Nordavia,2024-02-09,23:11,348
SU5818,UTair,2024-02-16,05:43,213
SU8700,UTair,2024-10-04,05:18,344
SU2725,Pobeda,2024-10-20,19:24,163
SU6981,Yakutia,2024-01-24,23:34,196
SU2514,UTair,2024-06-11,19:56,141
SU4121,Nordavia,2024-02-05,16:16,84
SU6373,Ural Airlines,2024-02-15,10:24,163
SU1253,UTair,2024-05-24,04:09,129
SU6865,UTair,2024-04-10,06:20,136
SU8099,Azimuth,2024-02-24,17:24,248
SU5383,S7 Airlines,2024-07-24,16:25,185
SU2412,Nordavia,2024-04-09,05:07,313
SU5116,Rossiya,2024-03-20,05:05,112
SU1461,UTair,2024-12-10,19:49,110
SU8225,Ural Airlines,2024-03-26,01:40,283
SU1463,Pobeda,2024-11-07,03:16,105
SU8842,Yakutia,2024-10-11,01:14,71
SU1580,Pobeda,2024-05-07,04:53,188
SU3720,Nordavia,2024-06-22,21:12,68
SU4605,UTair,2024-04-01,06:56,185
SU4989,Rossiya,2024-11-11,19:27,136
SU4979,S7 Airlines,2024-07-09,09:03,93
SU7608,Red Wings,2024-09-21,15:06,154
SU8502,UTair,2024-10-01,07:07,72
SU4484,Aeroflot,2024-01-13,01:31,168
SU6759,Azimuth,2024-10-14,10:44,285
SU7272,Rossiya,2024-10-10,07:54,186
SU9796,Pobeda,2024-04-13,17:20,76
SU3992,Pobeda,2024-01-11,10:40,192
SU3036,Aeroflot,2024-07-28,02:40,264
SU257,Nordavia,2024-04-03,03:14,52
SU8023,UTair,2024-11-19,23:48,87
SU3045,Nordavia,2024-03-04,13:33,246
SU8632,Azimuth,2024-03-12,09:15,188
SU171,Yakutia,2024-01-15,20:57,242
SU9146,Red Wings,2024-03-13,01:54,285
SU5254,Azimuth,2024-02-08,15:23,81
SU740,Ural Airlines,2024-05-15,23:02,129
SU6752,Rossiya,2024-10-16,13:29,324
SU8213,Ural Airlines,2024-11-21,18:24,289
SU5634,Rossiya,2024-06-09,05:28,263
SU3104,Azimuth,2024-05-26,12:38,319
SU2041,UTair,2024-10-19,05:19,301
SU6279,Yakutia,2024-08-19,18:18,336
SU2955,S7 Airlines,2024-08-26,19:05,330
SU4432,Aeroflot,2024-02-24,17:48,66
SU5537,S7 Airlines,2024-02-04,00:33,230
SU1963,S7 Airlines,2024-03-10,12:19,259
SU4486,Aeroflot,2024-02-18,12:28,234
SU3333,Yakutia,2024-01-17,12:19,295
SU1469,Pobeda,2024-07-16,10:10,223
SU7389,UTair,2024-02-19,21:44,314
SU8360,Ural Airlines,2024-04-27,10:55,305
SU232,Yakutia,2024-12-02,12:11,143
SU1079,Ural Airlines,2024-08-25,16:08,260
SU2497,Ural Airlines,2024-05-01,01:30,276
SU7763,Yakutia,2024-01-10,06:01,214
SU8574,Rossiya,2024-09-22,11:17,77
SU311,Pobeda,2024-12-11,16:38,309
SU4319,Red Wings,2024-06-04,08:40,237
SU8734,Azimuth,2024-12-22,17:19,181
SU8376,Pobeda,2024-09-22,06:46,208
SU9278,Rossiya,2024-05-20,23:31,169
SU4918,Pobeda,2024-11-13,16:41,337
SU2441,Red Wings,2024-09-08,20:23,160
SU5403,UTair,2024-04-26,10:30,167
SU7228,UTair,2024-09-05,14:20,82
SU7589,Ural Airlines,2024-02-05,15:11,132
SU8083,Nordavia,2024-12-18,23:29,187
SU3294,Azimuth,2024-04-07,03:54,190
SU7662,Red Wings,2024-11-25,02:01,223
SU7680,Yakutia,2024-12-19,14:35,116
SU4937,UTair,2024-04-11,20:13,315
SU1946,Aeroflot,2024-07-13,19:44,132
SU5347,Azimuth,2024-08-27,05:15,70
SU8059,UTair,2024-08-18,17:28,206
SU2665,Pobeda,2024-12-09,19:43,305
SU8542,Pobeda,2024-02-26,11:36,109
SU8626,Aeroflot,2024-01-06,08:15,300
SU6440,Ural Airlines,2024-12-15,10:41,262
SU7184,Ural Airlines,2024-04-11,16:45,75
SU8951,Aeroflot,2024-09-17,10:04,93
SU1497,Ural Airlines,2024-03-01,20:27,345
SU8504,UTair,2024-10-24,22:51,292
SU4489,Red Wings,2024-11-08,05:53,130
SU138,Pobeda,2024-08-28,23:32,180
SU6774,Azimuth,2024-03-25,19:10,150
SU3171,Red Wings,2024-05-11,07:03,140
SU1737,Aeroflot,2024-03-27,04:32,297
SU5895,Red Wings,2024-05-26,02:55,237
SU2444,Nordavia,2024-07-22,01:29,307
SU7528,Azimuth,2024-09-22,08:50,143
SU9603,Red Wings,2024-05-25,23:53,107
SU4086,Azimuth,2024-11-01,04:55,226
SU4769,S7 Airlines,2024-05-08,09:41,117
SU1601,Pobeda,2024-01-16,06:08,120
SU5082,UTair,2024-06-01,04:49,281
SU321,Ural Airlines,2024-09-17,20:34,350
SU6842,Red Wings,2024-04-06,05:48,232
SU8749,S7 Airlines,2024-04-10,20:56,289
SU6545,Aeroflot,2024-11-07,09:34,166
SU8931,Yakutia,2024-09-10,18:52,209
SU898,Nordavia,2024-05-16,04:53,267
SU5971,Pobeda,2024-02-05,23:02,273
SU7346,S7 Airlines,2024-02-21,05:30,315
SU4410,Red Wings,2024-05-17,01:32,195
SU2594,Nordavia,2024-12-06,08:58,163
SU6887,Azimuth,2024-07-10,03:52,126
SU515,Yakutia,2024-06-09,10:31,82
SU3847,Pobeda,2024-04-13,08:05,128
SU6551,Pobeda,2024-04-22,20:51,158
SU5467,Yakutia,2024-06-11,18:20,218
SU1588,Rossiya,2024-05-06,21:56,97
SU5975,UTair,2024-11-07,13:05,89
SU8117,Yakutia,2024-09-19,01:55,272
SU3017,Azimuth,2024-01-16,04:03,348
SU208,UTair,2024-11-16,21:54,145
SU8864,S7 Airlines,2024-11-18,04:45,79
SU6287,S7 Airlines,2024-12-15,06:48,186
SU3457,Nordavia,2024-01-10,02:35,150
SU4628,S7 Airlines,2024-11-28,06:14,272
SU6500,Aeroflot,2024-07-08,10:21,106
SU3363,Rossiya,2024-05-15,21:09,59
SU4975,Yakutia,2024-09-06,13:18,251
SU3029,Ural Airlines,2024-02-01,12:52,329
SU9365,S7 Airlines,2024-10-07,08:34,86
SU1051,S7 Airlines,2024-06-18,22:57,286
SU3919,Nordavia,2024-06-18,23:36,256
SU5744,Yakutia,2024-03-01,08:38,185
SU1141,Red Wings,2024-08-04,02:55,203
SU3867,Azimuth,2024-02-07,04:04,147
SU6498,Pobeda,2024-04-28,17:09,157
SU7796,Yakutia,2024-11-06,22:39,147
SU8944,Aeroflot,2024-01-09,08:22,300
SU8057,Red Wings,2024-10-23,03:36,322
SU5559,Ural Airlines,2024-08-12,13:02,166
SU8382,Nordavia,2024-05-02,02:51,269
SU5883,S7 Airlines,2024-01-21,21:57,62
SU153,S7 Airlines,2024-12-08,05:26,200
SU5505,Ural Airlines,2024-05-11,18:49,306
SU3742,Ural Airlines,2024-02-03,12:09,265
SU5771,UTair,2024-08-19,06:06,64
SU8350,Nordavia,2024-02-13,09:04,267
SU3887,S7 Airlines,2024-12-20,02:27,350
SU4357,Red Wings,2024-08-01,16:12,283
SU3182,Rossiya,2024-01-03,14:33,148
SU1405,Red Wings,2024-05-09,19:01,314
SU6119,Azimuth,2024-10-09,03:54,155
SU6909,Aeroflot,2024-02-27,07:43,294
SU3637,Aeroflot,2024-10-04,02:21,341
SU4024,Yakutia,2024-09-12,13:18,102
SU7861,S7 Airlines,2024-02-19,05:45,260
SU9382,Yakutia,2024-06-11,16:23,213
SU1983,Red Wings,2024-05-07,18:40,148
SU9952,Azimuth,2024-04-19,08:51,179
SU998,Red Wings,2024-10-11,09:34,332
SU1191,Yakutia,2024-07-24,02:19,114
SU4935,Ural Airlines,2024-06-26,18:39,315
SU6255,Aeroflot,2024-06-10,07:49,166
SU2063,Nordavia,2024-07-05,17:03,86
SU9457,Pobeda,2024-06-01,06:45,234
SU8249,Yakutia,2024-07-21,11:04,296
SU4320,S7 Airlines,2024-04-24,17:33,85
SU850,Azimuth,2024-10-27,04:00,289
SU8134,Ural Airlines,2024-12-05,21:06,237
SU7530,Yakutia,2024-10-22,20:49,74
SU6384,Nordavia,2024-04-27,10:26,312
SU7407,S7 Airlines,2024-08-26,20:43,202
SU3921,Red Wings,2024-11-19,00:17,233
SU7704,S7 Airlines,2024-05-28,19:48,349
SU7567,Yakutia,2024-12-10,22:17,168
SU3273,Azimuth,2024-07-10,20:25,293
SU3950,Aeroflot,2024-10-08,09:42,251
SU1090,Rossiya,2024-03-23,09:58,237
SU8832,Yakutia,2024-08-16,19:05,193
SU8014,Aeroflot,2024-01-27,12:35,348
SU5629,Pobeda,2024-02-20,19:17,111
SU9056,Nordavia,2024-07-04,18:03,204
SU1275,Pobeda,2024-08-01,10:27,284
SU8099,Aeroflot,2024-09-09,06:18,145
SU6794,UTair,2024-11-10,20:46,341
SU9613,Yakutia,2024-11-06,18:00,301
SU4968,Pobeda,2024-06-25,01:49,348
SU7743,UTair,2024-12-12,23:44,190
SU8941,Yakutia,2024-01-11,23:03,271
SU2736,Red Wings,2024-03-07,01:09,195
SU6448,UTair,2024-04-05,06:51,292
SU9555,Red Wings,2024-06-20,20:20,269
SU729,Yakutia,2024-06-07,04:18,89
SU9347,S7 Airlines,2024-10-20,06:44,159
SU490,Red Wings,2024-07-06,09:54,104
SU2487,UTair,2024-01-09,03:52,113
SU8425,Rossiya,2024-09-04,09:24,322
SU7760,Pobeda,2024-12-01,04:05,72
SU5728,Yakutia,2024-10-15,00:10,148
SU1969,Red Wings,2024-04-25,10:51,236
SU4640,Nordavia,2024-01-16,02:23,115
SU8159,Ural Airlines,2024-07-25,21:31,193
SU8352,Pobeda,2024-05-23,19:16,180
SU6473,Pobeda,2024-10-27,01:04,332
SU3982,Azimuth,2024-03-27,10:21,161
SU3685,Yakutia,2024-05-10,04:40,52
SU5089,Nordavia,2024-09-09,13:41,223
SU3084,Yakutia,2024-06-26,09:47,146
SU7434,S7 Airlines,2024-02-04,00:17,83
SU9895,S7 Airlines,2024-06-05,06:15,317
SU2197,Yakutia,2024-01-09,22:15,334
SU2063,Nordavia,2024-12-25,04:10,289
SU8382,Red Wings,2024-08-28,19:04,50
SU6443,UTair,2024-10-19,14:15,119
SU225,S7 Airlines,2024-06-18,18:42,131
SU233,Rossiya,2024-05-12,00:48,186
SU4293,S7 Airlines,2024-05-18,02:12,193
SU6375,Red Wings,2024-07-14,15:31,121
SU8569,UTair,2024-07-08,22:49,174
SU9687,Yakutia,2024-07-16,18:04,216
SU6609,Ural Airlines,2024-12-13,07:26,113
SU1163,S7 Airlines,2024-12-18,02:05,215
SU4809,S7 Airlines,2024-10-01,10:09,52
SU3274,Ural Airlines,2024-02-13,10:50,150
SU6473,Pobeda,2024-05-18,14:44,272
SU8027,UTair,2024-09-23,22:40,166
SU1793,Pobeda,2024-11-25,00:41,168
SU8043,S7 Airlines,2024-01-15,11:14,85
SU7133,Yakutia,2024-12-18,18:31,334
SU2549,S7 Airlines,2024-12-06,22:34,184
SU567,Nordavia,2024-12-15,10:27,145
SU6007,UTair,2024-08-10,00:52,89
SU6955,S7 Airlines,2024-08-05,00:50,120
SU9901,Yakutia,2024-10-17,14:30,221
SU4403,Red Wings,2024-01-10,02:46,321
SU8249,Azimuth,2024-01-24,12:02,207
SU7943,S7 Airlines,2024-01-15,01:20,241
SU2645,Azimuth,2024-08-23,10:28,290
SU8705,Pobeda,2024-02-08,23:04,196
SU3244,Pobeda,2024-03-24,18:30,285
SU7135,Azimuth,2024-02-26,20:51,273
SU3130,Ural Airlines,2024-05-07,12:21,279
SU7041,UTair,2024-07-21,09:10,55
SU6364,Nordavia,2024-10-18,11:27,76
SU2410,Rossiya,2024-06-11,16:17,66
SU798,Nordavia,2024-08-14,02:37,218
SU8502,Pobeda,2024-10-24,16:10,180
SU701,Ural Airlines,2024-10-08,05:37,230
SU5734,Ural Airlines,2024-05-23,09:08,181
SU2849,Aeroflot,2024-03-25,04:53,238
SU2071,Red Wings,2024-09-22,04:42,80
SU3838,Ural Airlines,2024-11-06,11:25,225
SU5369,Pobeda,2024-04-02,21:08,276
SU9172,Pobeda,2024-11-24,05:11,124
SU2754,Azimuth,2024-01-16,18:14,261
SU3005,Nordavia,2024-07-26,05:25,341
SU9941,Pobeda,2024-08-05,05:33,275
SU499,S7 Airlines,2024-04-25,14:27,128
SU1930,Azimuth,2024-08-24,23:45,212
SU5865,Rossiya,2024-05-03,22:25,305
SU6328,Aeroflot,2024-09-28,13:51,179
SU3139,Rossiya,2024-10-13,13:12,334
SU8306,Nordavia,2024-10-26,15:21,212
SU1381,Aeroflot,2024-12-03,22:40,227
SU9251,Rossiya,2024-03-13,05:11,324
SU7314,Pobeda,2024-06-15,19:11,131
SU9763,Nordavia,2024-09-02,02:38,184
SU447,Rossiya,2024-02-11,10:31,75
SU3336,Pobeda,2024-01-14,15:07,127
SU2173,Nordavia,2024-04-05,23:24,54
SU1509,Pobeda,2024-06-27,03:36,327
SU6235,Yakutia,2024-12-18,09:46,201
SU2317,Rossiya,2024-04-16,12:23,84
SU5097,Aeroflot,2024-01-15,06:46,331
SU5414,Yakutia,2024-06-04,15:49,124
SU9321,Pobeda,2024-04-06,23:40,71
SU4361,Aeroflot,2024-03-16,18:13,156
SU9496,Yakutia,2024-07-21,04:55,133
SU9809,UTair,2024-10-04,23:11,72
SU1951,Yakutia,2024-08-26,17:20,348
SU1413,Yakutia,2024-06-04,06:38,51
SU2452,S7 Airlines,2024-03-05,22:53,91
SU5178,Nordavia,2024-01-10,22:20,215
SU7444,Nordavia,2024-10-28,22:40,284
SU7805,Red Wings,2024-09-25,20:32,333
SU3691,Azimuth,2024-06-04,22:35,60
SU6827,Azimuth,2024-02-24,19:05,91
SU8831,UTair,2024-08-01,07:36,342
SU5374,UTair,2024-09-03,03:47,88
SU5571,UTair,2024-06-09,03:39,144
SU3269,Rossiya,2024-06-17,15:07,155
SU7558,Aeroflot,2024-07-11,12:02,294
SU6440,Yakutia,2024-06-16,00:42,178
SU1425,Azimuth,2024-12-04,20:52,129
SU8546,Pobeda,2024-02-01,22:26,311
SU7814,Yakutia,2024-08-23,00:05,239
SU5191,Azimuth,2024-11-20,05:27,322
SU8553,S7 Airlines,2024-05-16,09:20,108
SU498,Rossiya,2024-04-22,14:12,236
SU7266,UTair,2024-05-22,19:46,113
SU7835,UTair,2024-04-08,04:37,198
SU9751,S7 Airlines,2024-04-23,20:20,221
SU4844,Ural Airlines,2024-09-17,10:08,58
SU5407,Ural Airlines,2024-05-12,02:01,176
SU4592,Azimuth,2024-03-24,04:53,142
SU967,Red Wings,2024-12-28,11:16,97
SU7323,Nordavia,2024-08-17,03:11,259
SU3073,S7 Airlines,2024-12-05,14:03,328
SU5736,UTair,2024-05-17,10:42,341
SU2241,Nordavia,2024-09-14,03:41,340
SU1934,Azimuth,2024-05-11,04:01,174
SU5687,Pobeda,2024-05-07,11:30,282
SU1746,UTair,2024-09-05,13:42,149
SU1185,Pobeda,2024-09-19,23:21,315
SU3048,Yakutia,2024-10-22,11:49,286
SU5637,UTair,2024-10-26,17:44,236
SU8869,Nordavia,2024-08-12,07:36,205
SU7783,Pobeda,2024-11-16,02:22,199
SU4160,Ural Airlines,2024-02-18,07:09,109
SU5751,Rossiya,2024-02-08,23:56,68
SU4216,Azimuth,2024-05-16,07:38,224
SU5467,Rossiya,2024-09-01,12:41,123
SU8595,Nordavia,2024-05-22,22:16,287
SU1869,Ural Airlines,2024-10-14,08:22,346
SU9672,Red Wings,2024-02-18,13:00,266
SU9394,Red Wings,2024-07-09,00:48,278
SU1281,S7 Airlines,2024-05-28,05:32,140
SU8947,Nordavia,2024-01-21,10:29,54
SU6808,Red Wings,2024-04-26,11:00,208
SU1644,Pobeda,2024-02-08,19:55,119
SU4192,Aeroflot,2024-04-13,14:16,276
SU5565,Nordavia,2024-12-05,13:49,191
SU9809,Aeroflot,2024-01-15,12:07,105
SU7693,Azimuth,2024-05-15,07:27,128
SU4280,Azimuth,2024-02-27,05:56,147
SU5970,Azimuth,2024-10-15,17:03,329
SU7723,Rossiya,2024-11-02,02:13,337
SU3835,Rossiya,2024-05-22,08:29,322
SU3233,Ural Airlines,2024-01-02,19:51,81
SU6079,UTair,2024-12-23,10:56,241
SU8903,Red Wings,2024-02-05,09:49,90
SU9743,Red Wings,2024-07-06,12:57,209
SU8800,Rossiya,2024-04-23,04:50,342
SU3743,S7 Airlines,2024-10-14,14:11,209
SU599,Pobeda,2024-06-02,02:07,277
SU7873,UTair,2024-08-10,18:04,178
SU5583,Red Wings,2024-09-23,07:59,285
SU7228,Rossiya,2024-12-19,14:13,315
SU2215,Ural Airlines,2024-06-26,18:07,307
SU4462,Nordavia,2024-08-07,06:42,179
SU9011,UTair,2024-12-08,00:04,346
SU661,Rossiya,2024-05-26,00:09,59
SU9940,Aeroflot,2024-12-22,18:07,193
SU809,Red Wings,2024-03-21,00:15,263
SU7102,Ural Airlines,2024-07-26,03:56,134
SU242,Ural Airlines,2024-07-23,03:25,197
SU962,Ural Airlines,2024-12-02,06:10,58
SU4495,Pobeda,2024-08-09,01:32,209
SU7434,Ural Airlines,2024-11-15,13:35,231
SU8358,Pobeda,2024-07-09,14:08,113
SU8645,Ural Airlines,2024-01-16,08:40,112
SU8616,Pobeda,2024-08-04,09:51,182
SU6194,Rossiya,2024-04-14,08:50,297
SU1492,Nordavia,2024-05-06,18:31,269
SU1221,Red Wings,2024-02-20,17:13,313
SU3083,Azimuth,2024-04-18,16:35,175
SU6517,Pobeda,2024-09-02,05:33,145
SU2924,UTair,2024-08-24,05:49,57
SU8818,Red Wings,2024-12-17,09:25,276
SU4134,Nordavia,2024-11-18,19:11,225
SU7903,Nordavia,2024-09-10,20:13,327
SU329,Red Wings,2024-02-21,14:12,268
SU5686,Ural Airlines,2024-12-22,20:12,234
SU9809,Ural Airlines,2024-09-14,10:48,53
SU2605,Azimuth,2024-09-02,11:04,158
SU7580,Ural Airlines,2024-04-04,15:35,106
SU3040,Nordavia,2024-05-14,18:58,187
SU3202,Pobeda,2024-10-07,16:37,102
SU1064,Ural Airlines,2024-09-18,06:00,80
SU5081,Yakutia,2024-12-05,16:52,232
SU4081,Azimuth,2024-03-06,22:57,204
SU3967,Ural Airlines,2024-11-25,23:57,235
SU8485,S7 Airlines,2024-06-23,11:26,229
SU9400,S7 Airlines,2024-09-06,18:10,299
SU7721,Azimuth,2024-09-10,22:21,187
SU4087,Azimuth,2024-07-24,17:46,163
SU6183,Ural Airlines,2024-09-17,08:29,212
SU4460,Azimuth,2024-01-21,17:39,301
SU3460,Ural Airlines,2024-03-05,20:56,79
SU3254,Rossiya,2024-12-13,12:59,245
SU2729,UTair,2024-08-23,12:42,75
SU4188,Aeroflot,2024-01-04,11:28,209
SU9568,Ural Airlines,2024-05-19,22:09,301
SU2150,Red Wings,2024-12-07,01:48,346
SU1604,Nordavia,2024-09-15,04:00,148
SU5266,Red Wings,2024-03-14,20:51,343
SU1892,Azimuth,2024-01-06,11:05,81
SU4455,Nordavia,2024-12-02,03:26,253
SU7343,Pobeda,2024-03-10,11:59,290
SU4876,Aeroflot,2024-03-12,13:24,213
SU9225,S7 Airlines,2024-03-21,18:00,53
SU9732,S7 Airlines,2024-09-11,06:16,239
SU3239,UTair,2024-06-27,19:53,293
SU4804,UTair,2024-01-07,08:39,298
SU7970,UTair,2024-03-03,15:27,62
SU5400,Red Wings,2024-05-04,02:07,250
SU1766,Ural Airlines,2024-02-08,11:36,202
SU330,Aeroflot,2024-08-19,16:46,190
SU3364,UTair,2024-12-01,10:50,304
SU7995,Nordavia,2024-05-19,17:45,65
SU9089,Aeroflot,2024-07-14,08:11,331
SU8094,UTair,2024-10-14,14:51,55
SU6830,UTair,2024-02-13,00:11,328
SU3583,Ural Airlines,2024-04-21,10:23,111
SU3899,Aeroflot,2024-09-13,08:59,62
SU9474,Rossiya,2024-05-05,01:12,194
SU7448,Yakutia,2024-08-05,05:27,105
SU584,Ural Airlines,2024-08-11,08:17,319
SU2106,Rossiya,2024-02-16,08:23,94
SU6803,Azimuth,2024-08-24,01:32,294
SU3442,Aeroflot,2024-10-16,12:13,229
SU955,Yakutia,2024-05-02,21:45,228
SU218,Pobeda,2024-03-11,11:43,244
SU1040,S7 Airlines,2024-06-21,04:36,69
SU4098,Ural Airlines,2024-05-26,13:18,159
SU8481,Red Wings,2024-11-13,11:50,213
SU5035,S7 Airlines,2024-03-24,23:48,87
SU4050,Aeroflot,2024-04-07,09:21,255
SU5495,Aeroflot,2024-11-05,06:44,139
SU4341,Ural Airlines,2024-06-20,13:01,209
SU3431,Azimuth,2024-02-20,06:15,96
SU6286,Ural Airlines,2024-12-05,14:57,151
SU2184,Red Wings,2024-06-15,17:54,162
SU9532,Azimuth,2024-03-08,04:34,205
SU2244,Red Wings,2024-10-20,15:11,65
SU9594,Rossiya,2024-12-14,11:40,321
SU4130,Red Wings,2024-09-02,22:39,265
SU4159,Pobeda,2024-02-01,00:46,233
SU6381,Aeroflot,2024-04-19,05:52,248
SU4836,Ural Airlines,2024-02-08,12:50,91
SU4844,Aeroflot,2024-06-24,01:31,297
SU7539,Pobeda,2024-11-28,18:55,190
SU6633,Aeroflot,2024-01-10,02:53,218
SU3621,Azimuth,2024-07-01,23:21,230
SU6606,Aeroflot,2024-08-07,06:41,272
SU537,Yakutia,2024-09-04,04:55,210
SU5670,S7 Airlines,2024-05-10,13:30,332
SU8683,Aeroflot,2024-06-21,18:08,282
SU5762,Yakutia,2024-06-10,14:13,217
SU6254,Ural Airlines,2024-08-21,05:58,261
SU1257,S7 Airlines,2024-08-26,21:29,184
SU9223,Rossiya,2024-10-06,05:03,134
SU4254,Ural Airlines,2024-01-21,11:29,338
SU5062,UTair,2024-12-21,04:01,59
SU1492,Aeroflot,2024-10-12,05:42,112
SU7810,Nordavia,2024-09-17,02:00,192
SU4949,Rossiya,2024-08-25,14:13,161
SU5132,Nordavia,2024-03-23,03:11,249
SU1599,Rossiya,2024-05-27,17:05,279
SU3912,S7 Airlines,2024-04-06,10:47,84
SU8139,Nordavia,2024-08-14,22:41,292
SU9351,Red Wings,2024-09-01,20:51,247
SU1032,Azimuth,2024-08-21,19:31,83
SU9262,Red Wings,2024-01-04,03:06,194
SU9980,Azimuth,2024-07-02,02:37,143
SU5360,Ural Airlines,2024-11-05,16:38,349
SU4091,Ural Airlines,2024-02-03,15:33,89
SU1736,Azimuth,2024-03-02,04:19,192
SU1255,Yakutia,2024-09-09,04:33,156
SU3946,Ural Airlines,2024-06-25,11:32,67
SU8601,Azimuth,2024-05-26,04:23,71
SU7562,Red Wings,2024-02-08,17:40,147
SU406,Ural Airlines,2024-06-18,23:22,280
SU7897,Pobeda,2024-11-05,02:25,215
SU158,S7 Airlines,2024-04-06,00:16,267
SU2368,UTair,2024-09-20,19:38,205
SU7892,Azimuth,2024-10-22,11:53,341
SU4230,Rossiya,2024-01-06,21:24,270
SU418,Aeroflot,2024-10-06,18:14,81
SU6781,Rossiya,2024-05-20,08:52,210
SU138,S7 Airlines,2024-05-25,15:48,170
SU7116,Pobeda,2024-01-09,22:31,272
SU5133,Ural Airlines,2024-12-28,23:26,69
SU7559,Nordavia,2024-06-17,22:17,228
SU3386,Azimuth,2024-07-21,00:46,86
SU8572,Rossiya,2024-02-04,08:39,173
SU3312,S7 Airlines,2024-11-08,07:47,194
SU7211,Rossiya,2024-10-20,13:07,285
SU7449,Azimuth,2024-07-12,23:44,345
SU5306,Rossiya,2024-09-02,12:16,316
SU4888,UTair,2024-05-17,03:07,170
SU8316,Azimuth,2024-09-24,17:40,343
SU8264,Nordavia,2024-05-10,10:12,296
SU3446,Pobeda,2024-12-23,13:44,202
SU8872,Nordavia,2024-02-02,17:50,214
SU9474,S7 Airlines,2024-09-11,07:35,340
SU1495,Rossiya,2024-04-08,18:27,132
SU4177,Yakutia,2024-05-28,06:51,195
SU8442,Aeroflot,2024-10-04,05:55,139
SU346,Rossiya,2024-08-11,09:35,335
SU5949,Ural Airlines,2024-12-28,09:46,142
SU2498,Azimuth,2024-05-10,15:25,54
SU1399,Azimuth,2024-04-20,09:10,210
SU8435,Azimuth,2024-02-04,06:12,132
SU949,UTair,2024-07-01,21:36,92
SU7734,Yakutia,2024-05-25,01:51,188
SU2472,Ural Airlines,2024-07-08,20:15,183
SU4278,Ural Airlines,2024-06-13,07:39,73
SU8580,Azimuth,2024-06-22,13:22,211
SU9345,Nordavia,2024-05-26,09:21,181
SU8138,Pobeda,2024-04-22,19:58,50
SU6805,Yakutia,2024-02-20,14:26,182
SU8637,Rossiya,2024-07-10,22:12,297
SU4273,Aeroflot,2024-02-05,13:15,65
SU8581,UTair,2024-08-11,14:13,149
SU929,Ural Airlines,2024-05-24,17:05,251
SU3794,Nordavia,2024-07-20,15:48,128
SU6166,Pobeda,2024-06-24,14:25,264
SU6791,Red Wings,2024-01-11,21:10,268
SU6826,UTair,2024-09-11,06:41,231
SU615,Aeroflot,2024-02-19,14:24,148
SU7311,UTair,2024-11-22,03:21,58
SU8015,Yakutia,2024-10-24,11:08,85
SU4518,Red Wings,2024-11-07,02:26,288
SU8288,Rossiya,2024-09-22,20:31,315
SU3883,S7 Airlines,2024-12-05,08:50,315
SU2565,UTair,2024-03-01,06:03,255
SU1834,Pobeda,2024-09-12,11:20,281
SU6554,Aeroflot,2024-06-10,03:27,173
SU9947,Rossiya,2024-02-27,12:29,169
SU4545,Aeroflot,2024-01-20,07:50,216
SU5932,Nordavia,2024-01-16,22:15,135
SU3832,Aeroflot,2024-06-08,15:12,81
SU4695,Ural Airlines,2024-04-16,04:47,155
SU8361,Rossiya,2024-04-03,08:11,231
SU5890,Red Wings,2024-04-15,07:47,157
SU1593,Aeroflot,2024-10-20,13:12,215
SU9444,Nordavia,2024-04-17,21:57,323
SU4902,Azimuth,2024-03-19,11:09,203
SU2123,Nordavia,2024-02-21,16:27,59
SU3535,Aeroflot,2024-03-28,18:31,249
SU4337,Yakutia,2024-03-06,17:47,275
SU140,Ural Airlines,2024-12-10,23:04,174
SU9489,Rossiya,2024-04-08,15:08,334
SU4621,Red Wings,2024-04-03,21:49,316
SU6665,Ural Airlines,2024-01-14,03:12,302
SU6945,Yakutia,2024-07-07,03:00,117
SU801,UTair,2024-09-15,06:49,278
SU4662,Red Wings,2024-10-18,01:09,112
SU3386,Aeroflot,2024-09-24,12:35,131
SU5068,S7 Airlines,2024-04-22,13:21,165
SU7939,Nordavia,2024-01-07,16:02,151
SU400,S7 Airlines,2024-02-19,08:56,231
SU9016,Yakutia,2024-05-11,10:26,277
SU1091,Red Wings,2024-01-10,23:03,189
SU5770,Ural Airlines,2024-05-19,12:54,242
SU4157,S7 Airlines,2024-03-02,18:45,163
SU8982,Pobeda,2024-07-27,08:34,166
SU1875,Aeroflot,2024-11-03,11:41,345
SU740,Aeroflot,2024-07-25,09:31,107
SU2350,Azimuth,2024-05-26,17:51,171
SU393,S7 Airlines,2024-10-06,02:31,110
SU1394,Aeroflot,2024-03-24,15:52,176
SU486,UTair,2024-02-28,21:14,77
SU5516,Ural Airlines,2024-02-23,03:06,158
SU4056,Rossiya,2024-01-21,00:50,76
SU9369,UTair,2024-07-10,14:57,220
SU1775,Nordavia,2024-04-02,22:41,95
SU1359,Nordavia,2024-08-02,04:55,303
SU635,UTair,2024-05-12,22:50,165
SU1688,Pobeda,2024-12-04,23:24,170
SU5503,Nordavia,2024-04-17,18:43,146
SU9844,S7 Airlines,2024-04-13,11:09,190
SU6547,Nordavia,2024-03-04,15:17,143
SU8317,Pobeda,2024-08-20,01:05,276
SU8108,Ural Airlines,2024-10-18,05:56,88
SU5842,Rossiya,2024-12-16,12:29,268
SU7258,Ural Airlines,2024-02-08,19:39,59
SU8581,Azimuth,2024-08-21,01:49,242
SU1630,S7 Airlines,2024-03-15,13:25,295
SU4867,Azimuth,2024-09-28,06:52,98
SU5019,UTair,2024-06-26,11:59,202
SU8510,Pobeda,2024-07-21,02:21,122
SU2787,Azimuth,2024-02-09,05:31,66
SU7764,Azimuth,2024-05-14,04:59,258
SU7851,UTair,2024-03-17,23:07,321
SU8021,UTair,2024-09-23,16:46,305
SU6963,UTair,2024-02-15,02:33,163
SU142,Azimuth,2024-07-06,22:24,236
SU2351,S7 Airlines,2024-12-20,08:34,203
SU5090,S7 Airlines,2024-07-14,23:34,177
SU5501,Rossiya,2024-02-10,15:09,108
SU7637,UTair,2024-04-03,00:30,206
SU3575,Rossiya,2024-02-08,08:03,263
SU8829,Aeroflot,2024-03-22,17:29,256
SU8417,Azimuth,2024-11-12,16:25,86
SU486,UTair,2024-08-22,08:15,156
SU1697,Rossiya,2024-11-24,13:30,316
SU1918,Pobeda,2024-02-01,04:45,314
SU2381,Pobeda,2024-12-25,22:51,199
SU5334,Azimuth,2024-07-07,16:54,272
SU8813,Nordavia,2024-06-11,04:02,224
SU6372,Red Wings,2024-11-16,20:09,169
SU6549,Azimuth,2024-03-18,08:24,110
SU5838,S7 Airlines,2024-09-24,23:10,139
SU6010,Ural Airlines,2024-04-05,01:31,227
SU6354,Aeroflot,2024-03-15,01:28,257
SU5957,Rossiya,2024-09-01,03:00,325
SU8730,Rossiya,2024-10-07,16:36,196
SU6179,Yakutia,2024-03-06,14:20,308
SU7929,Red Wings,2024-02-05,14:16,272
SU189,Ural Airlines,2024-12-26,09:39,155
SU286,Yakutia,2024-08-22,09:19,313
SU4161,Pobeda,2024-09-17,18:34,312
SU8252,UTair,2024-11-11,15:01,311
SU9840,Ural Airlines,2024-12-11,19:31,139
SU2074,Yakutia,2024-09-16,15:38,276
SU8836,Azimuth,2024-06-21,16:32,260
SU503,Ural Airlines,2024-06-20,09:59,265
SU5848,Azimuth,2024-05-05,17:45,232
SU9412,Aeroflot,2024-06-20,05:40,52
SU4332,Azimuth,2024-11-07,10:12,227
SU619,Pobeda,2024-02-03,07:28,238
SU2886,Red Wings,2024-08-01,02:07,218
SU5240,Ural Airlines,2024-02-17,20:34,196
SU937,S7 Airlines,2024-10-28,08:05,68
SU1393,Nordavia,2024-04-08,15:08,269
SU1250,Red Wings,2024-08-01,16:21,305
SU7066,Pobeda,2024-02-13,13:33,336
SU1744,Azimuth,2024-07-25,22:53,222
SU5639,Azimuth,2024-03-11,12:42,188
SU5129,Azimuth,2024-10-27,07:08,50
SU3507,Azimuth,2024-10-10,01:01,150
SU5455,Yakutia,2024-09-28,06:38,272
SU7186,S7 Airlines,2024-01-17,19:31,268
SU3330,Ural Airlines,2024-11-11,11:49,315
SU5007,S7 Airlines,2024-08-07,13:34,218
SU394,Azimuth,2024-08-16,23:38,184
SU2122,Rossiya,2024-08-25,05:04,175
SU6825,S7 Airlines,2024-02-27,22:48,196
SU1778,Aeroflot,2024-09-11,18:46,324
SU4275,UTair,2024-02-04,23:32,244
SU2747,Rossiya,2024-05-11,11:55,261
SU2706,Red Wings,2024-02-25,00:27,89
SU3358,Red Wings,2024-12-24,03:31,208
SU3795,Rossiya,2024-03-13,20:55,202
SU4786,Pobeda,2024-05-17,08:48,266
SU659,Nordavia,2024-02-25,22:40,309
SU1486,Yakutia,2024-10-14,12:57,102
SU3530,Ural Airlines,2024-07-17,12:50,199
SU1312,Azimuth,2024-02-14,04:40,113
SU8242,Azimuth,2024-04-13,09:30,133
SU847,Nordavia,2024-01-10,16:55,289
SU6954,UTair,2024-03-27,22:46,305
SU4611,Yakutia,2024-06-28,16:41,250
SU4753,UTair,2024-04-09,10:30,237
SU6459,S7 Airlines,2024-06-18,15:48,139
SU7052,Ural Airlines,2024-07-13,20:00,161
SU3662,Yakutia,2024-04-18,23:39,145
SU9543,Ural Airlines,2024-08-28,11:38,239
SU648,Pobeda,2024-05-08,09:40,300
SU9595,Pobeda,2024-05-24,12:49,65
SU585,S7 Airlines,2024-07-01,13:21,170
SU9735,Red Wings,2024-04-02,20:14,324
SU4244,UTair,2024-08-03,20:52,144
SU4230,Red Wings,2024-01-24,03:08,54
SU5832,UTair,2024-05-20,13:34,258
SU6426,Aeroflot,2024-05-28,13:02,332
SU1131,Ural Airlines,2024-08-17,18:33,195
SU9348,Azimuth,2024-02-24,00:53,289
SU9430,Yakutia,2024-06-21,01:02,126
SU6203,Red Wings,2024-01-19,20:25,312
SU9070,Rossiya,2024-04-20,19:11,257
SU7756,Azimuth,2024-03-02,02:19,277
SU3227,S7 Airlines,2024-05-08,06:35,219
SU1087,Azimuth,2024-07-07,03:43,323
SU8310,UTair,2024-06-27,17:21,241
SU2938,Rossiya,2024-08-06,10:48,154
SU5106,UTair,2024-04-25,11:03,206
SU8336,Aeroflot,2024-09-25,04:14,344
SU6671,Pobeda,2024-10-04,04:53,162
SU5674,UTair,2024-02-25,08:37,186
SU8271,Rossiya,2024-01-18,12:34,102
SU7165,Red Wings,2024-06-20,23:13,167
SU9916,Ural Airlines,2024-01-15,04:12,210
SU8696,S7 Airlines,2024-11-03,11:09,342
SU6825,S7 Airlines,2024-11-25,12:27,216
SU2916,Azimuth,2024-09-19,18:23,275
SU2668,UTair,2024-09-15,23:00,120
SU6687,UTair,2024-11-25,02:02,84
SU8335,Rossiya,2024-07-22,13:15,199
SU8207,Ural Airlines,2024-02-12,17:51,119
SU1370,S7 Airlines,2024-03-25,20:44,162
SU2407,Azimuth,2024-12-26,05:44,180
SU1149,Rossiya,2024-10-23,00:31,289
SU965,UTair,2024-09-14,14:23,288
SU1623,UTair,2024-07-13,08:48,87
SU1820,Pobeda,2024-08-23,15:06,316
SU9619,Azimuth,2024-08-20,17:22,305
SU7936,Red Wings,2024-12-19,08:22,340
SU556,UTair,2024-07-13,00:34,242
SU3662,Red Wings,2024-05-13,09:38,236
SU5102,UTair,2024-03-19,05:44,281
SU5499,Aeroflot,2024-07-16,18:09,107
SU277,Azimuth,2024-06-23,15:33,302
SU9896,Aeroflot,2024-04-14,19:47,303
SU8649,Ural Airlines,2024-11-28,00:51,212
SU7535,Rossiya,2024-01-05,12:52,69
SU6910,UTair,2024-12-12,10:22,331
SU5466,Pobeda,2024-11-24,04:21,305
SU2658,Rossiya,2024-05-23,16:46,183
SU3009,Pobeda,2024-05-12,19:32,54
SU7642,Nordavia,2024-08-17,07:37,306
SU2571,S7 Airlines,2024-06-21,07:32,302
SU5796,UTair,2024-09-16,13:15,313
SU248,Aeroflot,2024-01-16,13:37,65
SU7146,Yakutia,2024-02-26,17:25,213
SU8636,UTair,2024-09-05,23:26,239
SU5102,Ural Airlines,2024-01-06,15:02,89
SU5129,Rossiya,2024-09-11,06:54,177
SU3057,UTair,2024-12-28,04:53,257
SU5169,Rossiya,2024-01-24,12:51,56
SU6663,Red Wings,2024-08-11,18:02,318
SU8315,Rossiya,2024-10-18,02:56,328
SU4796,Azimuth,2024-10-23,02:10,320
SU3672,Red Wings,2024-12-09,14:19,238
SU3245,Ural Airlines,2024-10-05,03:50,207
SU2887,Rossiya,2024-09-03,13:18,341
SU1743,Pobeda,2024-08-25,22:44,343
SU2227,Aeroflot,2024-04-03,12:12,114
SU7784,S7 Airlines,2024-02-24,02:12,324
SU5512,S7 Airlines,2024-11-04,09:07,171
SU8186,Ural Airlines,2024-01-10,21:54,196
SU3191,UTair,2024-02-25,06:04,79
SU2457,Azimuth,2024-08-07,07:55,200
SU3792,Aeroflot,2024-09-23,23:51,341
SU2150,Pobeda,2024-01-19,10:26,321
SU4098,Ural Airlines,2024-11-24,03:38,196
SU4920,Nordavia,2024-01-28,11:04,163
SU2732,UTair,2024-08-17,17:45,60
SU9183,Azimuth,2024-01-26,01:18,340
SU7889,S7 Airlines,2024-02-01,15:16,228
SU1629,Aeroflot,2024-05-24,14:20,301
SU214,Pobeda,2024-02-24,14:47,89
SU7559,Red Wings,2024-10-18,18:54,149
SU7970,Nordavia,2024-08-19,11:46,251
SU5629,S7 Airlines,2024-06-22,01:48,248
SU2167,UTair,2024-01-01,18:54,136
SU7193,Yakutia,2024-05-26,16:14,280
SU6195,Aeroflot,2024-02-06,15:39,134
SU2988,Red Wings,2024-07-06,16:07,243
SU7602,Pobeda,2024-09-02,07:44,93
SU8330,S7 Airlines,2024-06-04,21:00,195
SU7655,Azimuth,2024-10-14,23:50,348
SU2537,Nordavia,2024-04-13,07:37,256
SU5435,Rossiya,2024-07-07,12:20,322
SU7074,Azimuth,2024-08-06,01:33,107
SU8939,Azimuth,2024-10-09,05:00,306
SU8054,Red Wings,2024-09-27,23:55,232
SU5595,Yakutia,2024-06-17,15:14,332
SU8466,Red Wings,2024-12-19,19:25,213
SU5137,Yakutia,2024-02-28,09:49,154
SU2734,Rossiya,2024-07-27,21:56,278
SU7771,UTair,2024-04-27,11:28,88
SU3842,Red Wings,2024-09-16,07:49,255
SU8586,S7 Airlines,2024-01-26,08:10,307
SU3666,UTair,2024-11-02,01:27,199
SU9145,Aeroflot,2024-02-14,23:58,136
SU1414,UTair,2024-06-16,12:52,328
SU8461,Azimuth,2024-05-26,08:24,234
SU4095,Ural Airlines,2024-03-23,02:48,75
SU6864,S7 Airlines,2024-10-20,12:48,111
SU9916,S7 Airlines,2024-02-21,03:33,70
SU7067,Nordavia,2024-12-16,17:47,100
SU7313,Yakutia,2024-08-13,11:18,328
SU594,Aeroflot,2024-10-05,03:24,190
SU2729,UTair,2024-08-04,12:04,187
SU5724,Aeroflot,2024-05-10,08:16,195
SU5847,Pobeda,2024-03-05,23:05,209
SU995,Nordavia,2024-04-01,11:15,221
SU6779,Aeroflot,2024-01-26,06:08,309
SU7444,Azimuth,2024-06-05,22:47,295
SU1837,Azimuth,2024-12-24,08:03,93
SU9965,Yakutia,2024-08-20,18:24,174
SU3356,Pobeda,2024-06-09,17:11,330
SU9249,Azimuth,2024-10-24,05:37,172
SU5197,S7 Airlines,2024-12-23,09:12,111
SU7378,Aeroflot,2024-07-10,17:32,69
SU1705,Red Wings,2024-05-16,06:34,116
SU806,S7 Airlines,2024-03-07,08:46,209
SU3826,Aeroflot,2024-11-21,04:39,317
SU7432,Rossiya,2024-08-12,05:02,236
SU9227,S7 Airlines,2024-10-21,15:23,325
SU2801,Aeroflot,2024-10-22,22:16,333
SU6278,S7 Airlines,2024-10-14,00:12,221
SU5197,Rossiya,2024-12-20,06:33,190
SU3196,Rossiya,2024-09-05,19:59,276
SU2193,Azimuth,2024-06-13,05:28,265
SU3049,Aeroflot,2024-12-06,21:18,203
SU6229,Nordavia,2024-03-01,17:37,336
SU1441,S7 Airlines,2024-09-19,22:23,319
SU8209,Nordavia,2024-01-16,22:23,211
SU8473,Yakutia,2024-12-18,12:59,315
SU3069,Rossiya,2024-11-06,00:17,87
SU4412,Ural Airlines,2024-08-23,15:23,247
SU5691,Azimuth,2024-10-13,19:22,89
SU5976,S7 Airlines,2024-06-05,14:42,289
SU8323,Red Wings,2024-10-22,02:06,240
SU4622,Azimuth,2024-04-12,08:54,186
SU6021,Yakutia,2024-11-07,10:01,346
SU9617,UTair,2024-02-26,01:53,158
SU5271,Yakutia,2024-01-26,17:20,204
SU8253,Rossiya,2024-06-08,16:49,57
SU1481,Yakutia,2024-02-12,21:53,254
SU9827,Aeroflot,2024-02-13,20:01,154
SU6896,Yakutia,2024-05-03,01:25,323
SU1083,UTair,2024-09-26,07:38,229
SU9767,Yakutia,2024-04-15,22:56,189
SU7865,UTair,2024-11-11,20:37,123
SU254,Aeroflot,2024-03-09,01:35,55
SU9621,Pobeda,2024-09-13,18:33,245
SU1332,S7 Airlines,2024-04-10,09:35,229
SU4777,UTair,2024-07-23,06:59,162
SU3315,UTair,2024-04-28,21:22,256
SU3759,Nordavia,2024-11-03,14:01,62
SU3069,S7 Airlines,2024-06-03,11:24,215
SU4887,Aeroflot,2024-03-02,19:52,64
SU3788,Pobeda,2024-07-06,13:32,70
SU3854,Nordavia,2024-06-12,04:51,248
SU9876,Nordavia,2024-07-08,04:06,115
SU2623,Red Wings,2024-05-11,23:27,229
SU2641,S7 Airlines,2024-02-16,12:51,107
SU2862,Azimuth,2024-08-08,18:46,287
SU5182,Azimuth,2024-03-23,01:20,218
SU2044,Pobeda,2024-05-25,08:38,215
SU2839,Azimuth,2024-11-14,18:58,116
SU4618,Aeroflot,2024-07-04,22:09,268
SU7230,Ural Airlines,2024-08-25,13:10,276
SU7463,Aeroflot,2024-06-01,17:01,84
SU8372,Pobeda,2024-12-06,08:27,89
SU151,Azimuth,2024-02-12,03:01,62
SU5511,Nordavia,2024-02-05,09:58,175
SU2700,Rossiya,2024-09-06,19:15,92
SU3855,Nordavia,2024-09-20,21:25,102
SU9982,Rossiya,2024-07-25,04:38,206
SU469,Ural Airlines,2024-08-26,08:35,219
SU631,UTair,2024-10-07,11:21,143
SU8179,UTair,2024-02-10,14:09,74
SU1130,Rossiya,2024-06-01,21:41,240
SU1684,Azimuth,2024-06-20,12:55,349
SU6697,Pobeda,2024-06-28,19:04,148
SU4902,Nordavia,2024-11-11,04:34,205
SU4119,Pobeda,2024-06-03,06:01,124
SU4267,Ural Airlines,2024-07-22,09:45,334
SU5206,Nordavia,2024-09-18,23:38,211
SU8879,Nordavia,2024-04-14,19:52,162
SU9061,Azimuth,2024-09-06,09:40,334
SU3406,S7 Airlines,2024-04-03,11:53,111
SU2143,Rossiya,2024-03-06,16:46,214
SU5340,Pobeda,2024-06-10,09:08,285
SU6613,Aeroflot,2024-07-12,15:45,275
SU3537,Nordavia,2024-10-21,16:41,318
SU4765,Azimuth,2024-02-11,09:06,242
SU5723,Yakutia,2024-11-25,20:28,348
SU6150,Rossiya,2024-01-09,08:17,52
SU7434,Rossiya,2024-01-19,19:36,55
SU8239,Ural Airlines,2024-10-28,03:01,110
SU4336,Azimuth,2024-09-08,02:57,82
SU1935,Nordavia,2024-04-28,17:57,201
SU7520,Yakutia,2024-02-03,15:02,258
SU5815,Yakutia,2024-03-25,16:41,175
SU5105,Azimuth,2024-05-05,12:56,217
SU9193,Azimuth,2024-04-13,22:25,330
SU5089,Red Wings,2024-03-03,08:05,64
SU5389,S7 Airlines,2024-12-20,18:34,57
SU9903,Pobeda,2024-08-16,09:37,309
SU1896,Nordavia,2024-02-04,04:07,195
SU5878,Red Wings,2024-01-23,15:28,95
SU4373,Aeroflot,2024-03-28,12:11,244
SU788,Nordavia,2024-09-23,19:04,171
SU9504,Azimuth,2024-01-05,02:30,242
SU9167,Aeroflot,2024-05-20,00:00,197
SU2012,Rossiya,2024-07-01,12:04,222
SU2650,Ural Airlines,2024-01-24,12:56,132
SU4310,Nordavia,2024-09-26,13:11,291
SU1600,Azimuth,2024-06-05,19:06,295
SU6072,Pobeda,2024-02-21,06:05,129
SU9080,Aeroflot,2024-10-24,12:28,260
SU8489,Ural Airlines,2024-12-21,22:00,69
SU3250,UTair,2024-04-28,22:13,218
SU7107,Aeroflot,2024-04-10,20:23,269
SU4382,S7 Airlines,2024-10-16,10:52,266
SU8583,Ural Airlines,2024-08-26,18:12,177
SU6549,Pobeda,2024-11-05,10:08,286
SU7688,Ural Airlines,2024-02-08,02:38,301
SU3711,Azimuth,2024-02-01,06:00,127
SU2609,Yakutia,2024-03-01,22:20,129
SU6111,Ural Airlines,2024-11-08,20:55,317
SU8111,Pobeda,2024-02-14,18:52,147
SU1696,Rossiya,2024-04-27,14:39,282
SU8194,Rossiya,2024-03-12,06:31,293
SU775,Rossiya,2024-03-12,03:48,190
SU8471,Ural Airlines,2024-05-11,06:22,53
SU1286,S7 Airlines,2024-02-25,09:36,275
SU4515,Rossiya,2024-05-06,04:16,227
SU6980,Red Wings,2024-05-05,07:44,116
SU8057,Nordavia,2024-03-15,09:20,70
SU4966,Yakutia,2024-03-25,07:22,92
SU3019,Nordavia,2024-06-27,06:10,238
SU4020,Aeroflot,2024-12-09,05:25,198
SU4869,Yakutia,2024-06-05,03:07,329
SU1979,Ural Airlines,2024-10-13,07:34,276
SU578,Nordavia,2024-04-24,16:22,104
SU6786,UTair,2024-09-20,13:07,278
SU227,Azimuth,2024-08-04,16:59,228
SU2169,Pobeda,2024-06-26,00:54,274
SU3682,Aeroflot,2024-01-19,05:48,244
SU1652,Ural Airlines,2024-12-03,13:13,126
SU3370,Yakutia,2024-11-26,20:15,164
SU2679,Yakutia,2024-05-05,04:29,217
SU5388,Red Wings,2024-08-28,17:25,110
SU7943,Pobeda,2024-01-11,23:16,126
SU9095,Azimuth,2024-04-15,06:19,139
SU2728,Azimuth,2024-11-20,23:58,68
SU5080,Azimuth,2024-12-08,20:07,301
SU7174,Ural Airlines,2024-11-25,17:43,257
SU2740,Nordavia,2024-07-05,03:36,250
SU335,UTair,2024-04-03,23:23,214
SU626,Yakutia,2024-11-21,13:54,287
SU5967,UTair,2024-04-06,18:35,114
SU2493,Yakutia,2024-11-07,00:07,245
SU5589,UTair,2024-08-25,01:19,289
SU5018,Red Wings,2024-06-07,14:18,50
SU5140,Pobeda,2024-07-09,11:07,169
SU433,Azimuth,2024-04-28,00:41,51
SU377,S7 Airlines,2024-04-06,15:53,121
SU3817,UTair,2024-07-14,04:59,182
SU6171,Aeroflot,2024-02-08,22:29,135
SU8439,Ural Airlines,2024-03-20,12:47,331
SU3805,S7 Airlines,2024-01-14,22:33,204
SU6621,S7 Airlines,2024-08-02,05:20,126
SU4343,Nordavia,2024-08-18,17:54,70
SU2196,Azimuth,2024-02-04,13:34,51
SU8639,Nordavia,2024-12-18,15:21,176
SU5266,Yakutia,2024-04-11,16:15,114
SU1350,S7 Airlines,2024-01-11,01:05,326
SU4212,Rossiya,2024-12-18,04:04,335
SU8995,Azimuth,2024-11-02,04:30,164
SU7803,Nordavia,2024-11-07,11:12,119
SU9959,S7 Airlines,2024-02-08,17:54,147
SU499,S7 Airlines,2024-11-17,18:07,186
SU9498,Aeroflot,2024-08-05,21:17,176
SU7437,Aeroflot,2024-10-20,10:19,119
SU3728,Ural Airlines,2024-11-08,15:38,199
SU9480,Ural Airlines,2024-12-09,01:32,144
SU8344,Rossiya,2024-12-08,01:46,276
SU753,Aeroflot,2024-06-10,17:14,226
SU9349,Azimuth,2024-12-18,05:54,229
SU8036,Red Wings,2024-11-04,18:08,104
SU7595,Rossiya,2024-03-20,05:57,143
SU8692,Yakutia,2024-08-21,09:31,329
SU3311,Rossiya,2024-09-13,06:51,335
SU1950,Pobeda,2024-05-03,12:34,236
SU4375,Ural Airlines,2024-07-26,10:21,309
SU5413,Aeroflot,2024-06-20,18:03,308
SU6125,Yakutia,2024-12-01,14:36,95
SU6851,Aeroflot,2024-11-13,20:54,330
SU4231,Azimuth,2024-02-22,21:22,248
SU1101,Azimuth,2024-10-18,21:04,232
SU9016,Aeroflot,2024-04-13,20:08,237
SU7589,Azimuth,2024-12-03,20:47,297
SU6411,Ural Airlines,2024-03-19,11:28,239
SU7732,Nordavia,2024-01-18,04:28,255
SU8933,Pobeda,2024-12-27,10:50,263
SU8428,Red Wings,2024-04-07,14:02,122
SU3829,Yakutia,2024-09-12,16:04,270
SU5311,Azimuth,2024-09-02,12:45,74
SU4672,Yakutia,2024-03-17,13:46,138
SU5964,Nordavia,2024-02-16,10:12,98
SU3649,UTair,2024-05-06,07:26,329
SU4663,S7 Airlines,2024-11-19,17:21,328
SU3551,Nordavia,2024-07-13,14:45,294
SU6567,UTair,2024-08-17,06:26,347
SU1189,UTair,2024-01-11,13:58,195
SU875,Pobeda,2024-09-16,08:30,175
SU8268,Yakutia,2024-02-25,18:20,132
SU3593,Yakutia,2024-02-04,16:50,151
SU1665,UTair,2024-10-25,18:51,75
SU2540,Pobeda,2024-03-19,11:08,152
SU6881,UTair,2024-04-12,21:01,238
SU6850,Aeroflot,2024-05-08,16:43,343
SU787,Pobeda,2024-04-25,08:38,350
SU7841,Azimuth,2024-07-23,12:47,176
SU667,Yakutia,2024-05-01,12:12,103
SU7322,Red Wings,2024-03-06,06:25,187
SU3858,UTair,2024-02-10,16:44,343
SU5662,UTair,2024-03-09,05:26,281
SU573,Yakutia,2024-02-08,21:56,157
SU9392,Aeroflot,2024-03-15,06:50,217
SU8398,Red Wings,2024-04-04,05:51,94
SU9315,Aeroflot,2024-03-22,08:21,170
SU3648,Aeroflot,2024-03-03,00:56,237
SU969,Azimuth,2024-03-05,08:54,222
SU2702,Rossiya,2024-02-28,16:29,169
SU8705,Pobeda,2024-02-23,22:22,293
SU8837,S7 Airlines,2024-09-13,12:26,117
SU4804,Pobeda,2024-03-09,04:37,220
SU106,UTair,2024-12-21,11:40,276
SU7100,Yakutia,2024-04-07,19:39,322
SU1690,S7 Airlines,2024-05-20,18:52,191
SU6489,Yakutia,2024-10-20,01:30,119
SU7336,Red Wings,2024-09-08,15:54,292
SU1125,Ural Airlines,2024-02-19,21:21,150
SU4403,Ural Airlines,2024-03-11,01:18,185
SU1817,S7 Airlines,2024-06-17,01:17,219
SU2024,Rossiya,2024-07-19,21:18,239
SU5125,Ural Airlines,2024-04-06,18:36,326
SU3516,S7 Airlines,2024-07-15,16:31,251
SU2799,Pobeda,2024-05-21,02:22,262
SU2032,Yakutia,2024-10-18,23:04,205
SU5681,UTair,2024-03-26,22:36,50
SU5847,Aeroflot,2024-11-03,00:07,331
SU4918,Aeroflot,2024-05-13,04:02,217
SU4274,Rossiya,2024-04-24,03:13,273
SU8953,Rossiya,2024-08-19,13:55,154
SU5462,Red Wings,2024-02-24,15:33,294
SU8585,Rossiya,2024-03-08,13:47,211
SU6078,Nordavia,2024-12-11,06:01,156
SU6025,Red Wings,2024-11-28,01:36,253
SU2961,Pobeda,2024-02-16,00:10,306
SU6085,Azimuth,2024-12-01,16:39,82
SU7278,Red Wings,2024-09-27,19:07,338
SU3653,Red Wings,2024-08-03,21:29,205
SU9392,Azimuth,2024-12-19,22:30,342
SU131,Rossiya,2024-10-17,13:23,282
SU1025,Red Wings,2024-09-10,10:57,244
SU5640,Rossiya,2024-11-08,02:29,201
SU8729,Aeroflot,2024-11-03,11:05,230
SU9219,UTair,2024-02-01,22:43,157
SU7333,Nordavia,2024-06-10,03:23,91
SU1510,UTair,2024-11-03,10:12,199
SU5345,Ural Airlines,2024-12-11,16:52,321
SU7084,Red Wings,2024-08-01,01:36,292
SU5600,Azimuth,2024-06-20,04:25,178
SU6219,Rossiya,2024-09-04,10:42,208
SU7253,Azimuth,2024-03-12,18:18,295
SU2909,Aeroflot,2024-08-14,03:07,50
SU7162,UTair,2024-06-22,14:20,274
SU5067,Ural Airlines,2024-03-22,15:10,341
SU5023,Aeroflot,2024-06-01,21:11,285
SU4168,Pobeda,2024-05-02,12:57,152
SU2409,Rossiya,2024-05-17,10:52,113
SU9542,Red Wings,2024-06-28,14:59,257
SU4877,Aeroflot,2024-02-20,19:55,184
SU3145,Azimuth,2024-04-12,20:44,145
SU7737,Nordavia,2024-10-07,01:17,241
SU1879,Azimuth,2024-11-08,08:19,225
SU5277,Nordavia,2024-02-05,08:01,316
SU4646,Ural Airlines,2024-03-24,13:04,302
SU5863,Aeroflot,2024-09-27,15:45,183
SU5760,Azimuth,2024-03-19,18:25,191
SU7805,UTair,2024-09-08,09:13,127
SU5692,Ural Airlines,2024-01-26,22:24,226
SU8964,Rossiya,2024-10-23,21:23,84
SU7708,UTair,2024-09-13,10:32,235
SU741,Red Wings,2024-06-16,06:24,173
SU6842,Ural Airlines,2024-10-22,07:21,105
SU8861,Nordavia,2024-12-14,12:04,83
SU5440,Aeroflot,2024-08-27,22:41,132
SU2653,Azimuth,2024-05-18,17:33,272
SU5555,Azimuth,2024-05-01,15:39,124
SU2644,Yakutia,2024-09-25,00:13,313
SU7837,UTair,2024-08-11,13:58,107
SU1205,Rossiya,2024-07-14,00:25,89
SU5430,S7 Airlines,2024-01-05,20:08,339
SU2156,Ural Airlines,2024-09-27,20:16,69
SU9777,Ural Airlines,2024-03-21,23:02,50
SU3049,UTair,2024-10-03,09:07,152
SU9528,Rossiya,2024-02-17,18:39,344
SU2642,Nordavia,2024-06-09,17:43,207
SU7901,Azimuth,2024-05-25,19:02,123
SU9724,Rossiya,2024-07-28,11:29,315
SU6255,Nordavia,2024-10-11,01:59,267
SU5005,UTair,2024-04-13,08:07,324
SU6604,UTair,2024-10-16,14:56,275
SU9125,Ural Airlines,2024-02-26,01:49,222
SU5131,Yakutia,2024-07-18,02:14,248
SU2498,UTair,2024-12-18,09:08,61
SU4684,Aeroflot,2024-12-18,13:28,120
SU9833,Yakutia,2024-10-23,12:47,174
SU7838,Azimuth,2024-01-10,22:49,233
SU5441,Ural Airlines,2024-05-08,14:18,94
SU9365,Rossiya,2024-02-07,04:32,246
SU7786,Ural Airlines,2024-06-15,22:12,173
SU5028,Ural Airlines,2024-08-22,07:17,303
SU1149,Red Wings,2024-06-19,17:18,198
SU2638,Nordavia,2024-01-24,02:59,232
SU305,Nordavia,2024-01-11,20:57,328
SU5769,Yakutia,2024-01-19,15:32,285
SU3261,Ural Airlines,2024-10-09,23:12,255
SU4277,Rossiya,2024-12-19,11:46,257
SU7086,Aeroflot,2024-01-12,22:49,56
SU1219,Yakutia,2024-05-03,15:34,326
SU169,Rossiya,2024-06-08,05:41,158
SU9151,Rossiya,2024-06-08,23:40,123
SU3204,Yakutia,2024-04-07,02:40,120
SU8735,S7 Airlines,2024-04-12,02:14,267
SU941,Nordavia,2024-01-26,13:16,211
SU9138,S7 Airlines,2024-02-13,18:08,218
SU9678,Ural Airlines,2024-10-25,02:33,282
SU4539,Aeroflot,2024-03-03,03:20,158
SU1802,Azimuth,2024-06-11,22:55,246
SU7857,Red Wings,2024-01-08,10:55,305
SU3714,Red Wings,2024-04-23,07:51,87
SU9033,Yakutia,2024-08-09,18:56,165
SU7862,Yakutia,2024-12-22,20:22,146
SU2223,Red Wings,2024-05-03,00:10,152
SU4924,Rossiya,2024-05-15,08:36,339
SU8310,S7 Airlines,2024-06-13,03:00,297
SU3098,Azimuth,2024-08-17,13:30,242
SU6490,S7 Airlines,2024-07-10,10:54,138
SU5652,Ural Airlines,2024-05-19,18:52,227
SU4730,Azimuth,2024-09-16,10:04,175
SU8350,Azimuth,2024-11-18,07:59,139
SU3882,Azimuth,2024-01-12,08:04,74
SU1283,Nordavia,2024-02-17,12:13,304
SU7036,Pobeda,2024-01-07,14:31,75
SU4359,Red Wings,2024-08-20,16:19,286
SU266,Rossiya,2024-09-07,22:37,155
SU1073,Nordavia,2024-10-04,05:05,227
SU7511,Aeroflot,2024-03-13,02:16,245
SU9087,Pobeda,2024-12-18,02:06,345
SU6739,S7 Airlines,2024-10-26,23:22,308
SU1721,Azimuth,2024-12-07,05:25,181
SU3894,Ural Airlines,2024-02-26,19:16,259
SU5290,Nordavia,2024-06-08,21:26,202
SU8416,Yakutia,2024-07-01,23:55,281
SU7659,Red Wings,2024-04-23,02:19,289
SU6479,Rossiya,2024-09-05,11:47,121
SU9283,Azimuth,2024-01-28,06:05,64
SU9935,Red Wings,2024-11-12,21:29,85
SU1291,Azimuth,2024-12-20,17:44,52
SU6425,Pobeda,2024-10-20,10:08,51
SU397,Red Wings,2024-05-16,01:11,176
SU8887,Nordavia,2024-07-12,07:05,119
SU9214,Ural Airlines,2024-07-21,06:54,194
SU2937,Yakutia,2024-03-15,07:10,215
SU9525,Red Wings,2024-05-13,06:20,334
SU7835,Rossiya,2024-04-21,17:05,334
SU3031,Azimuth,2024-06-12,15:18,93
SU4107,Ural Airlines,2024-10-28,02:42,328
SU1103,Pobeda,2024-11-03,17:35,78
SU6998,S7 Airlines,2024-08-10,05:56,99
SU2001,S7 Airlines,2024-02-03,07:19,208
SU3234,Ural Airlines,2024-10-13,21:53,58
SU5217,Nordavia,2024-04-17,07:35,178
SU6778,Ural Airlines,2024-04-18,04:21,297
SU1781,Nordavia,2024-12-03,13:38,174
SU6482,Rossiya,2024-03-14,23:20,123
SU5387,Pobeda,2024-08-17,12:02,76
SU4363,Azimuth,2024-01-24,10:44,119
SU7070,S7 Airlines,2024-01-15,21:23,241
SU9351,Pobeda,2024-08-08,11:32,277
SU257,Aeroflot,2024-02-24,22:54,183
SU931,Aeroflot,2024-08-14,09:04,231
SU3183,Pobeda,2024-05-03,06:10,281
SU4347,S7 Airlines,2024-09-23,01:32,262
SU6036,Yakutia,2024-08-19,22:42,293
SU1816,Pobeda,2024-11-14,03:14,244
SU5169,Ural Airlines,2024-11-21,18:50,302
SU9906,Yakutia,2024-04-20,18:53,172
SU3145,Ural Airlines,2024-09-25,15:34,191
SU4777,Ural Airlines,2024-12-07,09:27,162
SU1593,UTair,2024-06-23,05:48,222
SU6842,Ural Airlines,2024-02-23,10:26,52
SU978,UTair,2024-12-12,16:45,250
SU5337,Red Wings,2024-06-05,14:33,267
SU2555,UTair,2024-02-24,09:14,184
SU7543,Nordavia,2024-03-10,19:52,56
SU5086,Red Wings,2024-07-11,05:52,146
SU6832,Red Wings,2024-03-23,12:50,93
SU8594,Nordavia,2024-11-08,07:44,62
SU9080,Nordavia,2024-04-04,16:32,263
SU2890,UTair,2024-02-05,00:12,88
SU4089,Yakutia,2024-01-25,18:38,122
SU8777,Rossiya,2024-01-08,20:55,307
SU1630,Pobeda,2024-05-10,07:09,345
SU3826,Red Wings,2024-11-22,23:04,111
SU4755,Aeroflot,2024-04-21,21:53,101
SU2640,Pobeda,2024-10-10,01:18,235
SU6213,UTair,2024-04-14,06:59,197
SU3050,Rossiya,2024-12-28,21:06,150
SU1281,Ural Airlines,2024-11-23,16:14,342
SU9439,Aeroflot,2024-11-16,04:53,315
SU1194,Red Wings,2024-04-13,22:27,289
SU5919,Nordavia,2024-04-25,21:43,283
SU700,Rossiya,2024-10-21,17:15,202
SU5233,Rossiya,2024-07-11,00:52,178
SU596,Yakutia,2024-11-21,16:12,119
SU9770,UTair,2024-04-12,05:19,240
SU2947,Nordavia,2024-01-24,13:35,170
SU7971,UTair,2024-11-23,03:46,234
SU4572,Red Wings,2024-10-16,15:56,195
SU5074,Nordavia,2024-01-23,22:22,329
SU4905,Azimuth,2024-12-07,17:11,73
SU2397,Pobeda,2024-05-19,22:52,309
SU2719,Azimuth,2024-04-10,02:33,83
SU4318,Ural Airlines,2024-04-25,00:34,50
SU9380,Ural Airlines,2024-12-05,23:59,271
SU2496,Azimuth,2024-02-17,01:12,221
SU3596,Red Wings,2024-12-16,18:47,108
SU3633,S7 Airlines,2024-01-11,02:05,99
SU9001,Yakutia,2024-09-19,03:23,166
SU7791,Pobeda,2024-05-06,00:18,187
SU7112,Yakutia,2024-01-03,22:52,298
SU3018,UTair,2024-12-19,14:45,118
SU1951,Aeroflot,2024-07-13,22:56,159
SU7557,Ural Airlines,2024-06-18,04:50,155
SU8145,Nordavia,2024-12-22,03:20,298
SU4529,Yakutia,2024-03-14,14:02,86
SU2684,Ural Airlines,2024-11-22,07:40,333
SU9219,Rossiya,2024-09-22,18:02,109
SU2005,Rossiya,2024-06-13,00:11,129
SU3160,Aeroflot,2024-12-19,06:38,295
SU1326,Rossiya,2024-05-24,08:03,243
SU2159,Azimuth,2024-08-08,11:21,243
SU3155,Ural Airlines,2024-05-16,23:03,291
SU2201,Rossiya,2024-11-05,09:06,107
SU246,S7 Airlines,2024-02-06,10:04,346
SU1044,Azimuth,2024-11-06,17:44,238
SU4350,Azimuth,2024-05-24,19:09,254
SU2028,Rossiya,2024-01-01,19:54,131
SU1749,UTair,2024-03-16,10:59,253
SU2124,Pobeda,2024-05-12,07:29,214
SU4278,Yakutia,2024-08-03,23:10,350
SU5256,Rossiya,2024-09-26,01:42,292
SU6381,Pobeda,2024-08-28,19:55,227
SU9187,UTair,2024-02-01,11:47,110
SU1955,Aeroflot,2024-01-21,12:23,189
SU6575,Rossiya,2024-10-06,04:00,208
SU7731,Aeroflot,2024-03-22,00:55,115
SU9383,UTair,2024-10-24,10:12,347
SU7134,Ural Airlines,2024-11-26,17:14,193
SU8080,Pobeda,2024-12-19,15:55,305
SU5775,Aeroflot,2024-02-02,12:03,219
SU7727,Red Wings,2024-12-12,21:35,243
SU4668,Aeroflot,2024-02-05,23:40,232
SU7710,UTair,2024-01-25,20:44,143
SU3234,Pobeda,2024-10-19,20:14,146
SU643,Red Wings,2024-05-02,10:57,212
SU2551,UTair,2024-01-05,16:02,142
SU8952,Nordavia,2024-08-16,06:44,66
SU4068,Red Wings,2024-02-17,21:46,216
SU3406,S7 Airlines,2024-11-11,18:26,93
SU8194,Pobeda,2024-02-22,04:45,136
SU558,UTair,2024-07-24,01:15,237
SU4261,Pobeda,2024-03-25,22:05,128
SU9088,Nordavia,2024-03-02,21:21,282
SU5931,UTair,2024-03-05,05:14,348
SU5261,Red Wings,2024-10-24,11:09,206
SU3806,S7 Airlines,2024-03-04,00:05,150
SU9214,Ural Airlines,2024-07-19,02:20,149
SU4685,Red Wings,2024-09-24,06:46,324
SU6125,Azimuth,2024-01-15,07:16,60
SU5736,Azimuth,2024-10-16,20:47,257
SU9932,Rossiya,2024-12-25,16:43,293
SU4085,S7 Airlines,2024-06-13,19:02,106
SU9379,Red Wings,2024-10-13,07:09,87
SU4935,S7 Airlines,2024-01-13,00:45,100
SU991,Ural Airlines,2024-08-20,19:21,182
SU8848,S7 Airlines,2024-11-06,11:30,76
SU3087,S7 Airlines,2024-09-27,22:41,328
SU3746,Ural Airlines,2024-08-08,00:45,59
SU9505,Azimuth,2024-09-27,10:06,218
SU6530,Rossiya,2024-12-01,22:10,74
SU5758,Red Wings,2024-06-07,16:36,213
SU8761,Ural Airlines,2024-02-23,01:16,206
SU8166,Rossiya,2024-02-22,10:20,250
SU542,Yakutia,2024-06-24,01:55,55
SU6916,Azimuth,2024-01-02,13:39,340
SU7323,Red Wings,2024-02-22,07:29,88
SU1710,Pobeda,2024-08-20,21:06,175
SU3497,Nordavia,2024-01-04,05:42,187
SU2150,Aeroflot,2024-05-09,23:28,317
SU8167,Red Wings,2024-09-28,21:03,51
SU4122,Nordavia,2024-06-13,22:50,161
SU8677,Red Wings,2024-07-22,17:50,91
SU2200,Pobeda,2024-05-18,06:49,218
SU4765,S7 Airlines,2024-05-26,16:47,98
SU1988,S7 Airlines,2024-07-07,03:31,312
SU1144,UTair,2024-02-28,04:40,76
SU6519,Yakutia,2024-07-07,04:27,268
SU3848,Aeroflot,2024-12-27,20:38,104
SU356,UTair,2024-12-12,13:49,135
SU9165,Yakutia,2024-06-13,14:53,225
SU1167,Aeroflot,2024-02-01,13:14,259
SU8099,S7 Airlines,2024-11-27,15:28,78
SU1533,Pobeda,2024-06-24,03:51,321
SU9714,UTair,2024-07-13,06:38,289
SU3468,Azimuth,2024-04-02,22:59,60
SU6313,Rossiya,2024-05-02,07:32,152
SU4236,Yakutia,2024-04-12,23:40,265
SU4753,Red Wings,2024-03-26,14:07,111
SU9325,UTair,2024-05-11,13:19,86
SU4575,Yakutia,2024-03-21,11:44,270
SU6243,Rossiya,2024-06-24,23:59,263
SU2085,Azimuth,2024-01-09,17:12,169
SU2972,Aeroflot,2024-11-20,23:51,123
SU3004,Aeroflot,2024-04-12,18:49,348
SU4419,Nordavia,2024-12-21,00:38,129
SU9838,UTair,2024-06-15,09:43,187
SU3487,S7 Airlines,2024-06-02,12:44,326
SU5721,Azimuth,2024-09-05,06:08,179
SU8732,Aeroflot,2024-02-13,15:02,106
SU3622,Yakutia,2024-12-08,02:23,63
SU3872,Yakutia,2024-04-09,21:48,246
SU8520,UTair,2024-02-15,10:07,337
SU3275,S7 Airlines,2024-06-05,23:15,328
SU3116,Red Wings,2024-01-07,01:05,115
SU6002,Pobeda,2024-03-03,16:18,308
SU4595,Rossiya,2024-02-27,16:43,258
SU1878,S7 Airlines,2024-12-09,08:32,151
SU6480,Aeroflot,2024-04-21,03:55,254
SU5938,Nordavia,2024-04-11,02:16,308
SU7708,UTair,2024-04-10,04:26,88
SU4863,Pobeda,2024-01-09,04:49,342
SU1736,Aeroflot,2024-05-19,07:48,153
SU9275,UTair,2024-05-13,15:08,122
SU3568,Pobeda,2024-01-18,11:44,312
SU5179,Rossiya,2024-08-19,17:06,241
SU3805,S7 Airlines,2024-04-01,03:17,226
SU3773,Nordavia,2024-08-13,10:27,92
SU5932,Ural Airlines,2024-10-07,21:11,158
SU4940,S7 Airlines,2024-02-09,23:14,297
SU2195,Azimuth,2024-12-03,09:38,235
SU8866,UTair,2024-11-24,15:19,301
SU3142,UTair,2024-12-09,14:43,241
SU656,Azimuth,2024-12-05,21:42,202
SU6663,UTair,2024-09-18,05:16,214
SU8874,UTair,2024-06-14,03:30,330
SU6002,Red Wings,2024-10-03,19:25,195
SU5697,Red Wings,2024-12-03,03:57,290
SU8780,Red Wings,2024-11-17,07:53,338
SU4500,UTair,2024-05-11,23:03,300
SU1491,Ural Airlines,2024-03-26,11:08,264
SU1032,Yakutia,2024-06-03,10:08,244
SU1793,Nordavia,2024-03-21,04:12,276
SU9109,Yakutia,2024-06-16,07:13,210
SU890,Yakutia,2024-02-21,02:58,199
SU5819,Yakutia,2024-01-11,18:01,337
SU8857,Yakutia,2024-10-27,23:25,145
SU5529,Yakutia,2024-07-11,13:14,89
SU1496,Rossiya,2024-12-01,05:32,149
SU2146,Red Wings,2024-10-26,15:10,71
SU4676,Red Wings,2024-05-10,12:19,58
SU1670,Red Wings,2024-02-15,17:42,244
SU3392,UTair,2024-07-11,23:01,317
SU4468,Aeroflot,2024-05-25,08:26,265
SU8957,Nordavia,2024-03-13,18:47,139
SU1694,Nordavia,2024-07-08,15:43,178
SU5166,Aeroflot,2024-04-13,05:57,171
SU2755,Red Wings,2024-01-15,02:31,101
SU8933,Nordavia,2024-01-10,15:39,271
SU7798,Pobeda,2024-05-10,02:45,183
SU5930,Nordavia,2024-08-28,22:26,206
SU2043,Azimuth,2024-08-27,07:14,188
SU5902,S7 Airlines,2024-11-22,19:03,156
SU1262,Red Wings,2024-07-20,20:04,287
SU5081,Nordavia,2024-03-21,07:29,285
SU5272,Azimuth,2024-12-22,10:13,169
SU354,UTair,2024-10-27,02:26,131
SU3255,UTair,2024-01-18,13:57,216
SU5159,UTair,2024-08-04,10:48,158
SU2040,Azimuth,2024-11-10,16:25,272
SU1971,Pobeda,2024-09-15,08:24,119
SU4790,S7 Airlines,2024-04-20,20:21,206
SU5336,UTair,2024-08-16,21:25,248
SU4142,Rossiya,2024-04-14,20:19,319
SU3309,Pobeda,2024-06-22,19:26,78
SU7117,Aeroflot,2024-10-04,00:52,322
SU3349,S7 Airlines,2024-12-19,05:58,141
SU1474,Red Wings,2024-04-08,06:22,230
SU1285,Rossiya,2024-09-12,06:57,215
SU1498,Aeroflot,2024-12-06,09:56,199
SU2940,Nordavia,2024-03-13,19:06,105
SU1820,Pobeda,2024-01-23,03:38,307
SU2645,Yakutia,2024-07-13,16:48,63
SU9911,Azimuth,2024-11-23,00:08,336
SU6281,Pobeda,2024-05-25,03:23,60
SU7272,UTair,2024-04-12,02:54,225
SU922,Ural Airlines,2024-02-11,08:36,319
SU9867,Rossiya,2024-07-22,15:48,208
SU8227,Red Wings,2024-05-18,22:46,104
SU884,Azimuth,2024-11-24,00:05,231
SU7694,Azimuth,2024-06-17,02:11,81
SU6971,Yakutia,2024-07-17,07:09,216
SU3788,S7 Airlines,2024-02-06,16:50,333
SU564,Aeroflot,2024-01-01,12:05,181
SU4000,Pobeda,2024-07-26,07:45,64
SU9796,Pobeda,2024-04-15,02:39,57
SU6630,Ural Airlines,2024-03-26,12:21,287
SU3617,Yakutia,2024-05-09,22:26,93
SU8596,Ural Airlines,2024-11-11,21:21,316
SU7879,Aeroflot,2024-04-07,04:35,142
SU2241,S7 Airlines,2024-11-02,06:48,203
SU8476,UTair,2024-07-04,16:17,158
SU3900,Nordavia,2024-06-14,06:10,126
SU9871,Ural Airlines,2024-10-26,07:36,173
SU8162,Azimuth,2024-06-27,21:07,164
SU5331,Aeroflot,2024-05-22,04:27,100
SU1483,Pobeda,2024-12-09,08:00,234
SU1492,Yakutia,2024-05-12,23:04,250
SU5993,Yakutia,2024-05-19,16:55,339
SU5824,Azimuth,2024-04-20,22:19,276
SU9474,Aeroflot,2024-02-17,21:20,68
SU5127,Rossiya,2024-10-24,09:46,327
SU4807,Ural Airlines,2024-02-08,03:53,343
SU3499,Rossiya,2024-03-05,22:36,65
SU8003,Nordavia,2024-11-25,16:05,252
SU7341,Yakutia,2024-02-15,16:05,179
SU9038,Pobeda,2024-04-13,20:46,83
SU8176,Yakutia,2024-03-08,12:40,99
SU8720,Aeroflot,2024-11-25,07:25,50
SU7978,Azimuth,2024-09-23,08:17,230
SU8469,UTair,2024-12-26,10:29,123
SU6604,Ural Airlines,2024-04-04,03:44,74
SU2635,Nordavia,2024-03-18,00:53,169
SU3513,Pobeda,2024-06-13,05:26,127
SU1349,Nordavia,2024-03-17,22:49,137
SU5249,Aeroflot,2024-05-10,06:06,139
SU1417,UTair,2024-01-25,10:38,202
SU5168,Red Wings,2024-09-18,19:35,237
SU3308,Ural Airlines,2024-07-21,17:36,164
SU839,Ural Airlines,2024-12-05,10:52,336
SU1585,Red Wings,2024-09-09,10:31,215
SU4161,Ural Airlines,2024-07-09,09:36,115
SU9031,Yakutia,2024-09-09,17:27,131
SU7475,Rossiya,2024-02-24,17:19,80
SU3815,Ural Airlines,2024-04-22,00:43,248
SU3750,Yakutia,2024-01-12,16:35,226
SU4889,Ural Airlines,2024-12-19,10:44,311
SU783,Aeroflot,2024-10-14,01:17,156
SU671,Rossiya,2024-11-19,04:07,190
SU6784,Nordavia,2024-10-25,23:12,215
SU9713,Ural Airlines,2024-12-10,12:09,66
SU2440,Rossiya,2024-08-09,07:51,88
SU1546,Ural Airlines,2024-08-27,07:33,277
SU7843,S7 Airlines,2024-04-15,13:37,179
SU3352,Yakutia,2024-02-24,20:13,109
SU3261,Nordavia,2024-09-27,02:57,174
SU6898,S7 Airlines,2024-10-23,21:01,223
SU5128,UTair,2024-01-16,09:20,139
SU9267,S7 Airlines,2024-12-01,21:19,232
SU4217,Ural Airlines,2024-10-25,22:33,146
SU7805,UTair,2024-08-07,15:09,259
SU194,Azimuth,2024-09-21,11:04,206
SU1421,Red Wings,2024-10-16,10:23,168
SU913,Pobeda,2024-12-17,13:42,103
SU5821,Rossiya,2024-05-16,02:58,170
SU3572,S7 Airlines,2024-11-27,22:46,102
SU9115,Pobeda,2024-02-07,20:18,307
SU6150,Rossiya,2024-06-03,04:11,125
SU2142,Red Wings,2024-09-13,05:59,103
SU6376,Nordavia,2024-12-03,11:24,320
SU7611,S7 Airlines,2024-04-03,04:57,194
SU7536,Yakutia,2024-07-24,08:18,195
SU4622,Red Wings,2024-11-12,22:12,180
SU2204,S7 Airlines,2024-10-17,05:19,64
SU1432,Nordavia,2024-03-22,00:41,325
SU4989,Nordavia,2024-06-12,19:54,173
SU6915,Pobeda,2024-10-26,03:38,262
SU781,Pobeda,2024-04-08,01:31,317
SU2907,Ural Airlines,2024-10-10,19:27,124
SU7331,Rossiya,2024-01-05,03:20,208
SU9167,Aeroflot,2024-06-07,12:46,203
SU6869,Pobeda,2024-05-08,20:55,299
SU8301,Rossiya,2024-11-23,23:42,167
SU4703,Azimuth,2024-09-25,02:08,277
SU2151,Ural Airlines,2024-11-18,18:39,264
SU1648,Pobeda,2024-02-16,04:45,56
SU8927,Red Wings,2024-10-07,15:00,77
SU2458,Red Wings,2024-06-02,07:09,239
SU5776,Ural Airlines,2024-02-18,17:41,235
SU2121,Rossiya,2024-07-28,04:41,195
SU4127,Pobeda,2024-12-18,12:07,304
SU7739,Red Wings,2024-09-07,20:12,142
SU3761,Aeroflot,2024-01-15,14:13,301
SU6847,Red Wings,2024-02-07,23:43,164
SU4431,Rossiya,2024-12-15,15:50,123
SU1943,UTair,2024-12-19,14:45,87
SU1165,Nordavia,2024-04-10,11:10,347
SU1695,Pobeda,2024-04-04,07:25,192
SU7776,Aeroflot,2024-10-03,21:09,133
SU2758,UTair,2024-02-18,12:14,58
SU4378,Red Wings,2024-01-15,22:32,251
SU749,UTair,2024-07-19,01:21,144
SU2982,Pobeda,2024-05-19,03:14,127
SU2570,Rossiya,2024-12-15,00:21,99
SU3543,Aeroflot,2024-03-17,01:25,250
SU7041,Red Wings,2024-09-20,23:35,170
SU8965,Rossiya,2024-05-23,13:50,232
SU6774,Azimuth,2024-10-19,01:57,52
SU4960,Aeroflot,2024-04-20,10:07,303
SU450,Aeroflot,2024-07-21,12:42,270
SU1078,S7 Airlines,2024-03-22,17:29,270
SU2036,Aeroflot,2024-08-02,00:59,272
SU4513,Yakutia,2024-09-02,17:49,90
SU1052,UTair,2024-01-20,17:03,290
SU3700,Pobeda,2024-04-17,23:10,306
SU1163,Red Wings,2024-10-24,20:42,85
SU6881,Red Wings,2024-09-28,20:08,261
SU3994,Rossiya,2024-11-20,19:54,185
SU3586,Aeroflot,2024-02-02,17:35,67
SU7134,S7 Airlines,2024-06-15,20:14,217
SU5507,Red Wings,2024-08-07,22:06,276
SU2825,Nordavia,2024-08-09,21:14,170
SU7516,Rossiya,2024-05-23,19:28,301
SU6657,Nordavia,2024-09-06,08:58,193
SU5963,Pobeda,2024-08-20,13:29,60
SU4886,Aeroflot,2024-03-07,05:36,276
SU8730,UTair,2024-06-27,10:18,174
SU7984,Ural Airlines,2024-05-28,16:28,50
SU3483,Red Wings,2024-03-26,12:01,318
SU483,Ural Airlines,2024-08-06,13:22,188
SU9403,Azimuth,2024-05-26,13:34,206
SU6533,Aeroflot,2024-12-26,09:58,224
SU1479,Pobeda,2024-08-15,14:19,69
SU2662,Aeroflot,2024-03-17,22:23,110
SU885,Nordavia,2024-06-09,02:36,81
SU7682,Pobeda,2024-08-15,04:14,101
SU3877,Red Wings,2024-07-19,00:25,121
SU3461,Nordavia,2024-08-16,14:42,330
SU169,Azimuth,2024-01-20,08:06,143
SU7310,Azimuth,2024-09-17,13:12,302
SU6965,Aeroflot,2024-03-02,17:09,225
SU6922,S7 Airlines,2024-03-24,14:17,111
SU9414,Azimuth,2024-12-21,22:43,293
SU4049,Yakutia,2024-11-13,02:31,266
SU2811,Pobeda,2024-01-20,08:22,170
SU8005,Yakutia,2024-03-08,06:04,163
SU1009,Ural Airlines,2024-12-25,17:06,286
SU8668,UTair,2024-04-05,13:07,175
SU8972,UTair,2024-05-18,18:23,284
SU2972,UTair,2024-05-07,09:03,138
SU5866,Red Wings,2024-09-19,00:28,123
SU5027,Yakutia,2024-10-09,02:45,206
SU5079,S7 Airlines,2024-10-18,11:19,267
SU1733,Azimuth,2024-04-28,14:18,182
SU3274,S7 Airlines,2024-03-02,16:41,50
SU1958,S7 Airlines,2024-12-24,03:47,349
SU284,Red Wings,2024-06-27,11:16,104
SU1208,Yakutia,2024-02-23,13:37,189
SU1995,Yakutia,2024-02-16,08:59,230
SU7035,Azimuth,2024-10-04,07:19,209
SU8993,Azimuth,2024-07-16,15:09,147
SU5642,Pobeda,2024-11-23,00:05,304
SU6673,Pobeda,2024-09-28,07:27,183
SU6423,Yakutia,2024-10-12,19:54,296
SU8533,Yakutia,2024-06-22,08:33,92
SU148,Pobeda,2024-09-09,12:17,296
SU8226,Red Wings,2024-05-18,20:23,310
SU7195,UTair,2024-03-01,12:31,50
SU1688,Azimuth,2024-10-26,13:35,346
SU6965,Pobeda,2024-04-14,19:39,173
SU2455,Azimuth,2024-07-10,15:05,186
SU1178,Nordavia,2024-10-21,16:09,101
SU8327,S7 Airlines,2024-11-06,09:27,255
SU893,Nordavia,2024-07-03,04:43,338
SU1309,Yakutia,2024-12-04,08:16,272
SU6177,UTair,2024-08-25,22:26,78
SU1130,Azimuth,2024-05-12,04:45,220
SU5613,Ural Airlines,2024-08-25,15:54,167
SU6631,Nordavia,2024-11-05,14:09,297
SU3653,Azimuth,2024-12-23,16:32,252
SU6892,UTair,2024-04-07,22:29,177
SU4995,Aeroflot,2024-05-08,08:40,224
SU7784,Red Wings,2024-09-19,19:33,224
SU9123,Aeroflot,2024-03-14,08:34,325
SU1687,Nordavia,2024-03-21,22:32,181
SU9056,Red Wings,2024-10-03,08:41,179
SU5667,Aeroflot,2024-02-03,15:04,210
SU7286,Pobeda,2024-12-15,10:54,178
SU4750,Red Wings,2024-10-19,14:02,246
SU7041,UTair,2024-06-15,17:03,112
SU9707,Yakutia,2024-01-12,18:40,245
SU2906,Nordavia,2024-03-19,14:30,106
SU3314,UTair,2024-06-19,18:59,90
SU6404,Pobeda,2024-01-02,02:46,281
SU3342,Yakutia,2024-04-21,16:05,129
SU6641,Aeroflot,2024-12-12,19:04,258
SU2556,Rossiya,2024-11-24,13:33,73
SU5457,Nordavia,2024-05-10,08:04,67
SU7201,Aeroflot,2024-09-17,11:44,148
SU4692,Nordavia,2024-12-10,01:26,336
SU869,Aeroflot,2024-12-09,22:09,292
SU6825,Pobeda,2024-10-28,15:36,298
SU8398,Nordavia,2024-08-11,05:34,288
SU5846,UTair,2024-04-24,13:44,219
SU1560,Azimuth,2024-03-05,08:19,208
SU4871,Ural Airlines,2024-06-20,08:40,180
SU7130,Red Wings,2024-04-25,19:28,192
SU7643,Rossiya,2024-06-27,15:40,186
SU8925,S7 Airlines,2024-02-07,08:05,218
SU6219,Azimuth,2024-06-03,11:02,69
SU8371,Red Wings,2024-11-09,06:22,136
SU8698,Azimuth,2024-03-02,13:15,234
SU5262,Nordavia,2024-02-05,07:49,91
SU5400,Nordavia,2024-12-16,03:03,333
SU4665,Rossiya,2024-01-18,03:46,64
SU3314,Pobeda,2024-02-20,10:28,308
SU2550,Rossiya,2024-02-07,05:04,307
SU3477,Rossiya,2024-04-24,02:03,341
SU3663,Red Wings,2024-09-07,03:56,67
SU3275,Red Wings,2024-09-05,17:23,83
SU2434,Azimuth,2024-11-13,00:15,84
SU1545,Rossiya,2024-01-20,10:16,54
SU2230,Red Wings,2024-04-07,16:20,344
SU6049,Azimuth,2024-05-06,12:20,161
SU5861,Rossiya,2024-01-27,01:34,113
SU1402,Rossiya,2024-07-03,10:47,210
SU9143,Aeroflot,2024-09-18,09:25,169
SU4495,Nordavia,2024-08-02,14:26,84
SU1517,Rossiya,2024-03-01,03:04,209
SU9415,Yakutia,2024-10-12,12:31,142
SU8667,Ural Airlines,2024-06-10,09:23,257
SU6712,Rossiya,2024-02-23,20:12,76
SU7850,Pobeda,2024-08-03,16:47,291
SU6547,Azimuth,2024-05-21,04:22,51
SU3561,Yakutia,2024-10-28,05:49,312
SU6175,UTair,2024-11-08,19:45,168
SU9507,UTair,2024-05-08,00:52,108
SU7653,Nordavia,2024-02-01,17:49,163
SU1307,Pobeda,2024-08-13,02:39,305
SU6486,UTair,2024-03-13,19:58,96
SU3079,Azimuth,2024-04-16,21:22,228
SU8548,Ural Airlines,2024-04-02,17:20,196
SU8876,UTair,2024-04-19,03:05,215
SU2667,Yakutia,2024-01-16,00:05,240
SU2802,UTair,2024-01-14,05:21,191
SU5163,Nordavia,2024-06-20,02:31,150
SU3297,Red Wings,2024-04-14,02:41,250
SU1420,Yakutia,2024-08-05,00:07,284
SU1990,Yakutia,2024-07-04,15:42,60
SU7283,Red Wings,2024-03-03,02:18,273
SU4850,UTair,2024-07-03,04:54,143
SU252,Ural Airlines,2024-12-24,22:14,340
SU874,Yakutia,2024-10-07,22:50,313
SU947,Ural Airlines,2024-02-03,23:55,86
SU4041,Pobeda,2024-04-17,11:29,329
SU2185,Red Wings,2024-05-26,16:52,243
SU8646,Pobeda,2024-05-03,22:59,53
SU8356,Yakutia,2024-12-09,07:34,223
SU6224,Aeroflot,2024-10-09,05:15,110
SU1090,UTair,2024-09-05,00:22,210
SU7517,Aeroflot,2024-03-24,13:34,313
SU135,Red Wings,2024-04-25,03:12,291
SU7945,Ural Airlines,2024-06-26,09:19,314
SU6611,S7 Airlines,2024-03-14,09:32,124
SU4886,Nordavia,2024-08-24,17:21,205
SU7727,UTair,2024-01-09,22:47,115
SU2727,Rossiya,2024-12-08,22:02,148
SU7120,Pobeda,2024-05-20,15:28,222
SU2481,Aeroflot,2024-09-27,21:59,56
SU7910,Rossiya,2024-06-24,13:51,194
SU4027,Rossiya,2024-05-13,07:37,171
SU8283,Red Wings,2024-03-26,01:44,117
SU5672,Red Wings,2024-05-21,17:27,127
SU4684,Ural Airlines,2024-08-01,01:53,218
SU9412,Pobeda,2024-10-07,12:21,249
SU3637,Yakutia,2024-07-18,06:40,78
SU8624,S7 Airlines,2024-12-07,04:14,271
SU4096,Red Wings,2024-07-07,07:23,236
SU9511,Azimuth,2024-01-23,20:59,234
SU564,Azimuth,2024-09-04,11:25,215
SU655,Red Wings,2024-09-05,18:50,185
SU8000,Red Wings,2024-03-15,19:20,241
SU1237,S7 Airlines,2024-09-24,16:08,86
SU4961,Rossiya,2024-12-18,15:18,83
SU9367,Pobeda,2024-08-15,21:43,152
SU4650,Azimuth,2024-11-07,15:20,100
SU5053,Nordavia,2024-10-04,00:46,211
SU3022,Yakutia,2024-03-19,22:49,336
SU4404,Nordavia,2024-04-10,19:56,254
SU5345,Red Wings,2024-11-24,16:23,134
SU7754,UTair,2024-10-12,15:08,163
SU4934,Pobeda,2024-05-05,22:33,222
SU4845,S7 Airlines,2024-12-15,15:07,179
SU6828,Ural Airlines,2024-07-06,14:05,219
SU5211,Azimuth,2024-08-06,07:21,307
SU1887,Aeroflot,2024-04-02,09:54,252
SU2675,Nordavia,2024-01-26,04:38,99
SU2685,Pobeda,2024-10-26,01:08,68
SU8683,Pobeda,2024-08-24,15:43,137
SU5695,Red Wings,2024-02-09,02:50,163
SU9043,Yakutia,2024-11-07,11:44,312
SU4114,Yakutia,2024-01-20,20:23,130
SU8558,Red Wings,2024-10-10,20:06,330
SU8768,Nordavia,2024-11-07,02:04,254
SU3982,Nordavia,2024-05-21,21:47,265
SU2192,Red Wings,2024-03-07,00:28,198
SU7341,S7 Airlines,2024-05-15,03:49,196
SU2309,Yakutia,2024-08-24,13:04,132
SU3407,Pobeda,2024-05-11,06:38,251
SU4680,Rossiya,2024-09-04,10:31,163
SU6040,Pobeda,2024-07-27,09:07,187
SU4093,Rossiya,2024-08-17,17:01,142
SU8660,Nordavia,2024-05-01,12:51,161
SU9994,Yakutia,2024-02-07,20:09,331
SU4361,S7 Airlines,2024-10-12,22:09,175
SU2190,Yakutia,2024-06-14,03:48,179
SU2937,Azimuth,2024-04-22,01:43,290
SU8121,Red Wings,2024-05-16,01:31,275
SU5331,Pobeda,2024-02-02,03:43,87
SU9295,Aeroflot,2024-11-02,17:19,338
SU3622,S7 Airlines,2024-02-13,20:29,183
SU3908,Rossiya,2024-02-24,19:55,153
SU246,Azimuth,2024-08-22,06:23,235
SU4822,S7 Airlines,2024-02-02,16:51,321
SU3556,Pobeda,2024-11-24,07:43,177
SU7122,Pobeda,2024-10-19,09:07,213
SU4593,Ural Airlines,2024-07-03,17:30,335
SU9464,S7 Airlines,2024-03-01,23:25,113
SU6807,Aeroflot,2024-10-14,23:41,284
SU5644,Yakutia,2024-12-21,08:24,157
SU2660,Aeroflot,2024-12-25,03:16,262
SU3548,Rossiya,2024-12-02,23:43,79
SU9645,Nordavia,2024-01-16,21:30,50
SU8207,Azimuth,2024-05-12,05:11,208
SU9660,Pobeda,2024-03-01,03:56,245
SU4866,Azimuth,2024-01-27,10:29,57
SU2866,Aeroflot,2024-09-06,14:50,280
SU657,Rossiya,2024-03-10,18:04,80
SU7648,Yakutia,2024-02-14,05:35,283
SU9767,Yakutia,2024-01-23,20:40,277
SU3629,Red Wings,2024-02-19,14:01,299
SU3300,Azimuth,2024-04-22,21:33,123
SU6281,Aeroflot,2024-11-26,04:41,122
SU9725,Nordavia,2024-06-03,14:30,229
SU7979,Yakutia,2024-03-16,01:55,272
SU5432,Aeroflot,2024-11-20,01:04,225
SU5072,S7 Airlines,2024-09-17,12:26,264
SU1901,Ural Airlines,2024-12-14,07:28,279
SU6704,Ural Airlines,2024-03-11,14:36,223
SU4498,Rossiya,2024-01-11,17:32,116
SU7489,Yakutia,2024-07-09,11:13,292
SU5204,Red Wings,2024-04-16,05:17,261
SU3605,Red Wings,2024-03-16,11:03,64
SU5793,UTair,2024-09-06,12:40,117
SU8397,Rossiya,2024-05-19,23:08,176
SU3444,Pobeda,2024-08-01,05:19,75
SU2306,Red Wings,2024-01-07,14:32,113
SU888,Rossiya,2024-06-20,04:49,206
SU4971,Red Wings,2024-01-18,14:24,316
SU6856,UTair,2024-09-10,11:45,284
SU5520,Pobeda,2024-01-07,00:41,230
SU1591,Red Wings,2024-08-26,22:46,214
SU775,Ural Airlines,2024-03-28,15:38,181
SU145,UTair,2024-08-03,19:06,161
SU2395,Ural Airlines,2024-11-25,15:44,266
SU2522,Azimuth,2024-12-16,19:28,262
SU5256,Aeroflot,2024-05-01,12:41,50
SU4843,Nordavia,2024-02-06,04:57,266
SU6679,Red Wings,2024-05-01,10:40,93
SU3135,Ural Airlines,2024-07-28,10:38,143
SU370,Rossiya,2024-04-21,18:19,260
SU2998,UTair,2024-08-22,18:41,292
SU161,Azimuth,2024-08-07,12:34,82
SU3988,UTair,2024-04-03,17:54,163
SU9258,Red Wings,2024-06-26,12:29,247
SU2728,Azimuth,2024-06-05,07:23,79
SU5597,Red Wings,2024-02-24,15:04,129
SU4315,Ural Airlines,2024-05-15,09:49,165
SU998,UTair,2024-10-01,10:32,169
SU5632,Pobeda,2024-08-14,23:35,177
SU5413,Ural Airlines,2024-01-13,00:27,235
SU8653,Pobeda,2024-01-18,04:32,92
SU652,Nordavia,2024-07-20,05:31,232
SU2880,Pobeda,2024-09-05,19:04,171
SU4808,Azimuth,2024-02-17,18:10,286
SU9333,Pobeda,2024-05-18,18:46,266
SU3935,Aeroflot,2024-11-14,13:28,91
SU4306,Aeroflot,2024-09-26,04:09,162
SU829,Ural Airlines,2024-11-02,20:54,64
SU6311,UTair,2024-09-01,04:06,296
SU5901,UTair,2024-08-02,20:55,153
SU2380,Aeroflot,2024-06-12,09:59,251
SU8057,Nordavia,2024-07-17,12:49,54
SU4811,Yakutia,2024-09-13,09:48,322
SU6473,Aeroflot,2024-07-15,17:02,299
SU9679,UTair,2024-10-01,15:12,65
SU3666,UTair,2024-03-28,03:21,109
SU2238,Aeroflot,2024-06-15,03:21,309
SU7025,Azimuth,2024-11-06,17:53,83
SU5256,Aeroflot,2024-02-22,11:48,69
SU9735,Aeroflot,2024-06-27,14:55,133
SU1797,Azimuth,2024-09-07,11:49,235
SU9285,Ural Airlines,2024-05-04,23:44,51
SU9523,Pobeda,2024-08-18,19:07,305
SU2696,UTair,2024-11-17,06:17,66
SU2792,Ural Airlines,2024-02-01,08:02,285
SU5814,S7 Airlines,2024-07-02,06:50,294
SU2528,S7 Airlines,2024-09-11,10:06,171
SU2697,Red Wings,2024-10-04,16:22,97
SU1371,Nordavia,2024-02-17,02:57,199
SU6553,Ural Airlines,2024-03-11,13:25,346
SU991,Azimuth,2024-10-09,22:17,158
SU8950,Nordavia,2024-08-03,03:19,295
SU3391,Nordavia,2024-07-02,10:23,245
SU9646,Nordavia,2024-01-13,13:51,149
SU4011,UTair,2024-01-01,12:52,208
SU6564,Red Wings,2024-08-25,20:08,347
SU6426,Red Wings,2024-08-21,18:24,272
SU9484,Nordavia,2024-06-09,01:58,273
SU7643,Nordavia,2024-01-18,20:23,56
SU8417,Yakutia,2024-09-11,09:26,189
SU7276,Yakutia,2024-12-24,19:38,254
SU4044,Yakutia,2024-03-21,22:12,115
SU1108,Aeroflot,2024-05-04,02:01,249
SU9801,S7 Airlines,2024-12-02,13:41,112
SU7883,UTair,2024-09-15,00:33,341
SU4224,Nordavia,2024-05-26,16:19,172
SU5611,S7 Airlines,2024-05-01,08:45,166
SU7627,Yakutia,2024-02-06,23:48,214
SU3162,Aeroflot,2024-12-05,21:01,203
SU8280,Red Wings,2024-02-16,06:39,348
SU1904,Aeroflot,2024-02-28,21:58,253
SU2281,Rossiya,2024-08-05,06:45,108
SU9442,UTair,2024-03-15,02:26,347
SU915,S7 Airlines,2024-10-10,21:40,180
SU463,Azimuth,2024-08-14,10:06,242
SU4809,Rossiya,2024-01-24,01:15,326
SU8806,Nordavia,2024-07-05,12:06,102
SU8732,Nordavia,2024-12-07,22:03,336
SU5454,Aeroflot,2024-08-13,13:59,81
SU5751,UTair,2024-07-06,04:43,179
SU9125,S7 Airlines,2024-02-09,09:09,307
SU9039,S7 Airlines,2024-09-27,13:56,277
SU7657,Red Wings,2024-04-10,15:09,198
SU5291,S7 Airlines,2024-04-20,22:09,296
SU8104,Rossiya,2024-04-01,00:04,83
SU6512,S7 Airlines,2024-02-08,07:54,270
SU8234,S7 Airlines,2024-05-25,22:54,85
SU2938,Ural Airlines,2024-06-24,21:22,327
SU1813,Rossiya,2024-11-10,14:39,350
SU4956,Rossiya,2024-01-14,08:02,303
SU5305,S7 Airlines,2024-09-03,19:08,264
SU6734,Yakutia,2024-12-15,19:02,99
SU5493,Aeroflot,2024-04-02,11:57,112
SU8538,S7 Airlines,2024-10-27,12:07,229
SU5704,S7 Airlines,2024-01-15,02:07,63
SU2119,Azimuth,2024-09-21,01:40,166
SU5897,Azimuth,2024-12-03,10:23,336
SU4006,Ural Airlines,2024-07-08,01:47,84
SU7563,S7 Airlines,2024-04-12,03:22,272
SU6668,Rossiya,2024-11-26,02:49,227
SU9335,Red Wings,2024-06-12,10:31,246
SU580,Aeroflot,2024-10-20,11:11,74
SU8596,Pobeda,2024-12-08,17:05,245
SU7873,Yakutia,2024-02-07,20:26,126
SU9048,Aeroflot,2024-04-12,02:25,243
SU6841,Pobeda,2024-04-08,20:19,59
SU693,UTair,2024-02-28,17:30,150
SU1072,Pobeda,2024-12-26,12:35,97
SU2861,UTair,2024-02-20,05:48,59
SU7280,UTair,2024-05-04,15:30,73
SU9522,Rossiya,2024-11-24,13:05,75
SU9236,Yakutia,2024-06-19,22:09,210
SU7338,UTair,2024-12-25,16:16,322
SU6145,Azimuth,2024-09-10,17:17,126
SU3590,S7 Airlines,2024-06-21,08:26,206
SU5979,UTair,2024-07-04,00:30,263
SU876,UTair,2024-05-22,20:56,95
SU4143,Aeroflot,2024-07-09,06:06,269
SU1857,S7 Airlines,2024-09-25,03:24,205
SU2816,Aeroflot,2024-08-04,05:14,211
SU8784,Pobeda,2024-02-11,07:23,174
SU2113,S7 Airlines,2024-10-15,18:50,134
SU7051,Nordavia,2024-04-21,17:50,296
SU4594,UTair,2024-02-16,21:52,331
SU767,Red Wings,2024-09-20,05:29,162
SU7498,Ural Airlines,2024-02-23,02:37,308
SU6262,Ural Airlines,2024-09-16,00:35,108
SU7396,S7 Airlines,2024-08-08,21:03,188
SU5651,Rossiya,2024-09-27,21:38,272
SU1086,Nordavia,2024-12-22,00:15,306
SU702,Nordavia,2024-08-27,15:24,68
SU5600,Pobeda,2024-12-03,22:09,247
SU6816,Nordavia,2024-04-12,18:48,185
SU1238,UTair,2024-01-22,05:09,278
SU3381,Nordavia,2024-06-15,23:59,107
SU2159,UTair,2024-03-17,09:06,147
SU4266,Yakutia,2024-12-27,13:07,317
SU8696,S7 Airlines,2024-12-21,23:58,261
SU6851,Rossiya,2024-06-10,19:55,123
SU338,Ural Airlines,2024-11-25,00:42,77
SU2439,S7 Airlines,2024-04-16,03:56,59
SU7151,UTair,2024-12-14,00:24,173
SU3956,UTair,2024-01-26,09:15,336
SU2792,Yakutia,2024-05-23,01:56,101
SU1841,S7 Airlines,2024-12-21,19:16,329
SU6659,S7 Airlines,2024-04-13,04:01,236
SU5399,Yakutia,2024-08-21,10:42,309
SU3070,Yakutia,2024-02-07,14:30,274
SU3303,Pobeda,2024-12-24,00:19,135
SU6949,Azimuth,2024-05-28,14:57,332
SU311,Ural Airlines,2024-02-02,09:12,94
SU8616,Red Wings,2024-03-10,18:42,106
SU6393,UTair,2024-08-19,17:29,257
SU1589,Yakutia,2024-05-14,21:01,76
SU2463,Pobeda,2024-04-10,21:37,342
SU1814,Rossiya,2024-09-21,13:08,237
SU6272,Pobeda,2024-10-05,20:50,190
SU446,Nordavia,2024-09-10,01:38,129
SU1235,Aeroflot,2024-05-19,20:27,62
SU4280,Aeroflot,2024-07-16,16:50,185
SU3002,Yakutia,2024-06-01,02:07,193
SU1365,S7 Airlines,2024-08-13,01:00,72
SU8187,Red Wings,2024-10-05,02:56,240
SU7546,Pobeda,2024-02-05,03:55,102
SU8384,Ural Airlines,2024-02-02,06:59,307
SU1651,Aeroflot,2024-11-07,11:41,195
SU5505,Ural Airlines,2024-06-16,14:39,124
SU2377,UTair,2024-12-23,11:43,272
SU8643,Aeroflot,2024-02-02,09:48,209
SU1840,Rossiya,2024-02-11,01:18,337
SU709,UTair,2024-11-21,20:25,140
SU5737,Pobeda,2024-08-02,16:43,69
SU4092,Azimuth,2024-06-16,17:53,209
SU4361,Red Wings,2024-03-26,07:40,270
SU9576,Red Wings,2024-12-27,10:20,253
SU1073,Azimuth,2024-03-04,07:32,290
SU5124,S7 Airlines,2024-09-14,05:11,295
SU6516,UTair,2024-12-22,03:53,199
SU5686,Nordavia,2024-02-01,15:30,337
SU5349,Nordavia,2024-12-19,23:18,295
SU6669,Aeroflot,2024-01-14,20:01,135
SU2387,Rossiya,2024-02-06,08:29,71
SU1321,Yakutia,2024-09-25,15:25,168
SU2429,Ural Airlines,2024-08-14,09:48,256
SU792,Red Wings,2024-03-10,07:10,50
SU5399,S7 Airlines,2024-04-26,16:21,334
SU8473,Ural Airlines,2024-12-18,06:21,289
SU9996,S7 Airlines,2024-03-06,06:24,238
SU2888,UTair,2024-10-26,14:15,159
SU8880,Rossiya,2024-08-07,00:01,194
SU9151,UTair,2024-07-03,08:57,243
SU4667,Pobeda,2024-02-09,19:49,94
SU2545,Aeroflot,2024-02-04,01:05,247
SU462,Azimuth,2024-07-12,09:24,332
SU120,Ural Airlines,2024-07-11,16:08,318
SU5632,Rossiya,2024-01-04,08:55,233
SU1829,Azimuth,2024-02-26,17:55,124
SU1784,Ural Airlines,2024-05-21,23:41,81
SU2737,UTair,2024-08-05,22:21,154
SU5641,Yakutia,2024-05-28,22:17,124
SU5226,Nordavia,2024-05-23,11:42,140
SU8740,Yakutia,2024-11-08,00:47,341
SU9184,Rossiya,2024-04-11,16:53,322
SU3609,Rossiya,2024-06-09,00:53,145
SU2834,UTair,2024-01-21,12:12,154
SU4035,S7 Airlines,2024-05-13,07:18,132
SU4846,UTair,2024-11-01,11:17,87
SU2583,UTair,2024-09-15,13:22,129
SU3511,Ural Airlines,2024-11-05,22:04,336
SU4388,S7 Airlines,2024-01-16,15:41,315
SU8433,Nordavia,2024-10-03,05:41,84
SU3047,Azimuth,2024-12-10,21:43,235
SU6476,Ural Airlines,2024-09-10,02:45,281
SU203,Nordavia,2024-07-20,19:50,205
SU7282,Azimuth,2024-01-25,04:15,143
SU9885,Ural Airlines,2024-08-26,03:20,79
SU7579,S7 Airlines,2024-08-10,20:15,263
SU9411,Nordavia,2024-09-05,21:29,142
SU7158,S7 Airlines,2024-05-18,03:13,238
SU3412,Red Wings,2024-04-16,12:21,304
SU8727,Red Wings,2024-02-08,13:29,67
SU9863,UTair,2024-07-26,08:52,191
SU5919,Nordavia,2024-09-22,01:59,152
SU9106,Ural Airlines,2024-02-11,22:46,74
SU4763,Yakutia,2024-09-12,18:21,281
SU3925,Red Wings,2024-01-06,12:49,151
SU827,Yakutia,2024-08-06,22:17,54
SU761,UTair,2024-07-19,05:42,242
SU9678,Aeroflot,2024-04-02,13:28,315
SU4673,Azimuth,2024-12-20,09:32,328
SU2055,Yakutia,2024-09-20,12:19,343
SU1498,Red Wings,2024-11-27,22:48,199
SU2559,Rossiya,2024-01-26,03:46,208
SU1996,Yakutia,2024-04-05,13:37,196
SU8940,Ural Airlines,2024-01-25,04:52,65
SU8980,Rossiya,2024-07-25,08:25,91
SU5291,Aeroflot,2024-05-20,22:18,329
SU498,Aeroflot,2024-11-16,10:47,118
SU1113,Yakutia,2024-01-28,06:28,331
SU4838,S7 Airlines,2024-01-19,10:14,116
SU3812,Yakutia,2024-03-26,02:18,133
SU7856,Pobeda,2024-05-06,22:36,242
SU4735,UTair,2024-01-27,12:55,150
SU5417,S7 Airlines,2024-07-21,05:02,335
SU2201,Pobeda,2024-05-27,12:40,148
SU7306,Red Wings,2024-03-19,11:28,133
SU2338,S7 Airlines,2024-03-01,22:28,109
SU9302,Azimuth,2024-02-02,01:23,227
SU6410,Rossiya,2024-08-24,13:56,81
SU6036,Red Wings,2024-10-06,17:29,282
SU9394,Nordavia,2024-02-05,14:36,236
SU3140,Pobeda,2024-10-12,17:08,243
SU9124,Nordavia,2024-04-21,14:51,241
SU8624,Yakutia,2024-09-03,17:30,281
SU363,Aeroflot,2024-05-06,00:05,205
SU2394,Aeroflot,2024-09-02,08:47,227
SU3839,Azimuth,2024-12-18,07:43,174
SU2943,Rossiya,2024-08-01,18:28,152
SU2291,Pobeda,2024-05-18,14:14,104
SU9779,Nordavia,2024-02-11,15:32,207
SU543,Nordavia,2024-07-04,19:55,235
SU7301,S7 Airlines,2024-04-13,12:29,302
SU4555,Yakutia,2024-12-28,00:49,109
SU6254,S7 Airlines,2024-09-23,17:16,98
SU6684,S7 Airlines,2024-02-23,13:46,156
SU6868,Rossiya,2024-04-26,13:48,292
SU8874,S7 Airlines,2024-03-27,00:42,197
SU2547,Ural Airlines,2024-08-04,02:56,178
SU4020,Pobeda,2024-05-22,16:54,315
SU5704,S7 Airlines,2024-12-22,08:49,219
SU8940,Rossiya,2024-07-03,19:23,306
SU1293,Ural Airlines,2024-12-09,02:12,264
SU2098,S7 Airlines,2024-01-18,01:34,341
SU2243,UTair,2024-10-02,02:25,108
SU5917,Azimuth,2024-01-11,14:00,138
SU8713,Pobeda,2024-07-14,05:21,83
SU4173,Rossiya,2024-02-26,10:51,214
SU361,UTair,2024-10-27,09:13,190
SU6662,Yakutia,2024-09-28,13:58,318
SU8934,Aeroflot,2024-03-01,13:27,276
SU6302,UTair,2024-11-20,19:55,237
SU4519,S7 Airlines,2024-12-13,13:19,188
SU8104,Yakutia,2024-12-13,15:09,100
SU6711,Nordavia,2024-06-06,02:01,177
SU5081,Rossiya,2024-06-24,15:12,287
SU2476,Azimuth,2024-04-01,20:55,182
SU1680,UTair,2024-09-12,20:07,147
SU3598,Nordavia,2024-02-09,16:10,291
SU8384,Pobeda,2024-11-02,18:11,322
SU8522,Pobeda,2024-08-17,15:04,60
SU4519,Yakutia,2024-04-23,07:43,250
SU2421,Azimuth,2024-12-02,10:20,74
SU5148,Pobeda,2024-01-02,04:19,300
SU685,Azimuth,2024-01-13,14:08,240
SU2274,S7 Airlines,2024-11-04,10:42,137
SU940,Red Wings,2024-06-08,17:40,190
SU9469,Yakutia,2024-02-12,05:13,184
SU9799,Red Wings,2024-01-10,12:49,146
SU7089,Yakutia,2024-12-25,07:53,80
SU9263,Nordavia,2024-10-05,23:46,213
SU3520,Aeroflot,2024-02-01,10:56,285
SU4909,Rossiya,2024-05-06,22:27,318
SU7359,S7 Airlines,2024-10-16,23:59,148
SU7249,Yakutia,2024-05-20,08:23,184
SU1810,Rossiya,2024-06-28,02:57,70
SU6365,Azimuth,2024-05-16,22:21,160
SU5135,Rossiya,2024-05-14,20:43,250
SU9212,Red Wings,2024-07-15,20:16,186
SU4200,Nordavia,2024-03-09,21:08,347
SU1476,Ural Airlines,2024-02-27,21:11,323
SU2258,Nordavia,2024-09-02,08:57,65
SU6854,Nordavia,2024-05-13,10:03,63
SU1994,UTair,2024-01-17,09:59,314
SU5229,Aeroflot,2024-02-02,11:48,269
SU1217,Aeroflot,2024-04-21,08:26,228
SU6897,Azimuth,2024-01-15,09:53,206
SU661,S7 Airlines,2024-06-24,03:22,321
SU442,Yakutia,2024-01-09,10:02,83
SU7666,Red Wings,2024-02-22,12:29,160
SU9015,S7 Airlines,2024-04-02,11:23,193
SU7432,UTair,2024-10-05,10:51,336
SU1160,Pobeda,2024-08-23,06:39,119
SU1895,Pobeda,2024-09-12,10:13,135
SU9117,Nordavia,2024-09-22,19:16,104
SU7958,Red Wings,2024-09-28,13:58,319
SU4084,Azimuth,2024-05-21,21:08,178
SU7895,Rossiya,2024-06-02,13:58,182
SU1615,Nordavia,2024-05-20,11:22,141
SU2239,Ural Airlines,2024-06-26,01:43,224
SU6149,Nordavia,2024-12-16,14:14,292
SU9483,Aeroflot,2024-03-05,23:35,251
SU5660,Pobeda,2024-05-23,19:30,205
SU3195,Aeroflot,2024-06-23,19:51,241
SU2110,Nordavia,2024-02-25,00:09,209
SU3635,Rossiya,2024-11-03,17:01,120
SU3004,S7 Airlines,2024-10-19,00:12,138
SU5596,Rossiya,2024-06-11,03:41,236
SU6557,Azimuth,2024-06-03,20:34,265
SU5609,S7 Airlines,2024-08-06,20:36,306
SU8034,Pobeda,2024-01-25,23:21,55
SU2347,UTair,2024-04-21,01:26,125
SU3864,Ural Airlines,2024-09-18,23:50,207
SU3447,Azimuth,2024-02-07,11:30,58
SU6666,Pobeda,2024-06-14,01:27,139
SU4948,Ural Airlines,2024-08-02,17:02,227
SU2582,Azimuth,2024-11-09,13:49,264
SU5451,Nordavia,2024-09-26,22:41,323
SU450,Yakutia,2024-11-25,11:26,270
SU1970,UTair,2024-03-22,13:56,223
SU4586,Aeroflot,2024-12-04,07:44,257
SU6207,Ural Airlines,2024-04-26,15:59,70
SU9976,Rossiya,2024-12-26,19:47,158
SU3832,Ural Airlines,2024-04-09,23:53,158
SU6024,Rossiya,2024-07-19,06:30,250
SU3715,Nordavia,2024-05-20,01:08,66
SU6286,Nordavia,2024-11-04,11:49,57
SU4150,Nordavia,2024-08-09,12:03,326
SU5803,S7 Airlines,2024-02-26,16:27,226
SU3089,Nordavia,2024-12-20,21:16,327
SU4054,S7 Airlines,2024-09-17,16:34,112
SU1637,Yakutia,2024-03-03,12:56,283
SU3098,Yakutia,2024-03-14,01:57,99
SU7618,Aeroflot,2024-06-11,01:53,225
SU3323,Yakutia,2024-05-23,20:39,211
SU6800,Yakutia,2024-08-10,14:49,335
SU6841,Red Wings,2024-09-26,22:42,134
SU4154,S7 Airlines,2024-06-12,23:41,147
SU5264,Aeroflot,2024-07-10,02:42,295
SU3281,UTair,2024-10-24,10:03,266
SU5619,Aeroflot,2024-03-15,16:37,199
SU4410,Azimuth,2024-11-02,07:04,196
SU1147,UTair,2024-03-21,07:29,101
SU4798,Aeroflot,2024-12-05,08:58,209
SU7244,Yakutia,2024-10-07,15:27,350
SU9592,Pobeda,2024-04-12,22:07,81
SU6663,Ural Airlines,2024-04-01,18:44,229
SU4403,Nordavia,2024-09-17,08:56,243
SU3503,Rossiya,2024-01-28,13:16,227
SU6887,Rossiya,2024-06-06,19:17,101
SU8303,S7 Airlines,2024-12-16,13:16,109
SU2288,Rossiya,2024-08-15,18:19,107
SU6959,Pobeda,2024-02-01,18:08,62
SU7030,Yakutia,2024-01-18,11:24,172
SU5563,UTair,2024-07-01,18:31,137
SU9352,Rossiya,2024-11-27,15:45,100
SU9774,Azimuth,2024-05-24,03:55,73
SU147,Ural Airlines,2024-12-08,15:07,271
SU4464,S7 Airlines,2024-10-08,04:16,284
SU8203,Rossiya,2024-02-05,03:27,68
SU5730,Yakutia,2024-10-06,06:02,163
SU5169,Pobeda,2024-09-18,15:23,163
SU638,Azimuth,2024-03-01,06:04,293
SU7966,UTair,2024-11-27,10:36,259
SU9830,Red Wings,2024-12-01,03:30,113
SU6353,Red Wings,2024-10-15,19:13,221
SU9137,Aeroflot,2024-07-07,13:59,217
SU7951,Pobeda,2024-11-02,22:16,194
SU8864,Azimuth,2024-05-03,19:32,297
SU6256,Aeroflot,2024-10-24,04:00,246
SU1580,Rossiya,2024-11-20,03:44,204
SU1392,S7 Airlines,2024-04-19,12:00,159
SU2807,UTair,2024-12-25,13:59,70
SU1968,Aeroflot,2024-02-19,18:04,210
SU8354,Pobeda,2024-10-15,04:59,113
SU2631,Azimuth,2024-10-22,17:23,314
SU3884,Azimuth,2024-03-19,11:55,94
SU5842,Red Wings,2024-07-02,05:22,164
SU4758,Pobeda,2024-11-09,05:09,130
SU6949,Rossiya,2024-10-15,21:54,133
SU9833,S7 Airlines,2024-07-11,06:06,128
SU1725,Azimuth,2024-02-17,14:00,328
SU1203,Nordavia,2024-10-14,01:14,65
SU888,UTair,2024-09-23,12:45,150
SU2786,Red Wings,2024-03-10,11:11,242
SU658,S7 Airlines,2024-06-26,01:49,231
SU6161,Red Wings,2024-01-01,04:54,291
SU1044,UTair,2024-01-20,22:04,258
SU8995,Nordavia,2024-08-27,10:40,245
SU2119,Red Wings,2024-11-02,20:53,322
SU2659,Aeroflot,2024-05-20,13:29,207
SU5114,UTair,2024-07-25,17:55,77
SU9244,Aeroflot,2024-11-08,15:52,66
SU8837,Pobeda,2024-09-01,02:17,283
SU8960,Pobeda,2024-01-12,03:08,209
SU7951,Ural Airlines,2024-10-06,05:44,126
SU5695,Yakutia,2024-06-26,03:09,275
SU8872,Pobeda,2024-05-17,15:22,185
SU2356,S7 Airlines,2024-08-11,03:26,278
SU203,Yakutia,2024-07-02,11:36,76
SU4451,Aeroflot,2024-07-06,03:19,272
SU9652,Aeroflot,2024-05-05,17:29,295
SU680,Ural Airlines,2024-07-28,03:53,57
SU9741,S7 Airlines,2024-07-19,23:57,217
SU1867,Red Wings,2024-10-12,16:22,68
SU767,Red Wings,2024-10-22,09:21,75
SU6329,Rossiya,2024-05-15,11:01,272
SU3077,Nordavia,2024-06-11,16:26,60
SU8861,UTair,2024-09-27,12:59,86
SU8264,S7 Airlines,2024-08-12,12:36,209
SU5966,Aeroflot,2024-07-07,13:38,294
SU6043,UTair,2024-06-20,09:25,196
SU764,Red Wings,2024-03-07,22:17,147
SU5018,S7 Airlines,2024-11-28,00:48,90
SU7564,UTair,2024-06-06,08:59,121
SU5730,Pobeda,2024-07-24,22:20,305
SU5632,S7 Airlines,2024-07-25,11:17,168
SU7016,Nordavia,2024-09-07,23:42,287
SU2362,Yakutia,2024-03-14,17:20,274
SU2042,UTair,2024-05-10,19:03,96
SU8865,Azimuth,2024-03-13,02:34,241
SU5792,Red Wings,2024-02-01,16:16,226
SU482,Azimuth,2024-06-23,10:16,131
SU9212,Azimuth,2024-01-08,08:41,270
SU2677,Yakutia,2024-06-04,15:59,271
SU2264,Nordavia,2024-09-21,00:43,333
SU1606,Azimuth,2024-07-20,07:34,255
SU8478,Pobeda,2024-06-09,00:58,98
SU8460,S7 Airlines,2024-01-25,23:12,276
SU5548,S7 Airlines,2024-01-16,04:32,214
SU7864,S7 Airlines,2024-08-14,13:13,330
SU192,Red Wings,2024-06-11,18:50,112
SU6848,Rossiya,2024-10-16,09:27,271
SU7463,S7 Airlines,2024-10-04,09:56,263
SU6135,S7 Airlines,2024-11-14,09:06,349
SU1084,Pobeda,2024-03-27,23:44,261
SU6938,Ural Airlines,2024-04-14,04:25,263
SU9006,UTair,2024-12-26,13:48,233
SU9465,UTair,2024-12-16,21:25,257
SU152,Pobeda,2024-11-04,10:56,299
SU8676,Pobeda,2024-01-15,14:38,296
SU4910,Yakutia,2024-03-28,23:46,249
SU4762,Rossiya,2024-06-22,09:21,276
SU6423,Ural Airlines,2024-10-04,07:11,133
SU2358,S7 Airlines,2024-02-08,03:58,326
SU6177,Aeroflot,2024-05-18,00:11,231
SU6790,Yakutia,2024-02-16,02:41,182
SU6448,Yakutia,2024-10-14,13:32,69
SU8541,Red Wings,2024-07-05,04:55,279
SU3470,Aeroflot,2024-11-17,04:53,162
SU8765,S7 Airlines,2024-10-03,07:30,265
SU2368,Nordavia,2024-05-11,04:11,181
SU7246,Pobeda,2024-10-16,11:00,112
SU5637,UTair,2024-05-18,21:19,256
SU1108,Nordavia,2024-11-07,15:35,146
SU2659,Pobeda,2024-04-19,04:33,221
SU8481,Pobeda,2024-07-25,00:17,327
SU5995,Pobeda,2024-08-17,02:08,266
SU1961,Nordavia,2024-01-06,10:42,91
SU7933,Yakutia,2024-07-12,03:37,155
SU2475,Azimuth,2024-06-02,00:32,150
SU5911,Rossiya,2024-04-05,19:37,348
SU7945,Red Wings,2024-03-08,00:17,203
SU4420,Aeroflot,2024-11-23,22:59,89
SU6098,Nordavia,2024-09-27,13:08,349
SU7090,Aeroflot,2024-08-23,12:07,79
SU3845,Red Wings,2024-06-20,08:46,248
SU3122,Nordavia,2024-09-02,08:02,123
SU220,Ural Airlines,2024-11-27,23:13,261
SU261,Azimuth,2024-01-17,20:43,91
SU7923,Nordavia,2024-04-06,07:56,145
SU1126,Rossiya,2024-05-22,14:55,332
SU5364,Nordavia,2024-11-06,20:36,273
SU9662,Nordavia,2024-03-20,18:24,347
SU2071,Azimuth,2024-03-03,04:22,316
SU7277,Yakutia,2024-03-25,10:38,286
SU6225,UTair,2024-05-04,22:59,52
SU5547,Azimuth,2024-04-06,01:59,313
SU5160,Rossiya,2024-11-12,01:10,205
SU4947,Ural Airlines,2024-08-27,17:44,307
SU6906,Azimuth,2024-07-11,13:36,125
SU7212,UTair,2024-07-24,12:31,72
SU3910,Ural Airlines,2024-06-05,12:03,206
SU9552,Ural Airlines,2024-02-26,07:44,59
SU5518,S7 Airlines,2024-07-22,07:28,287
SU8602,Azimuth,2024-01-24,12:05,59
SU4607,Nordavia,2024-09-01,06:58,271
SU3560,Rossiya,2024-08-10,23:54,228
SU990,Pobeda,2024-08-03,07:18,302
SU7240,Aeroflot,2024-08-19,13:35,141
SU815,S7 Airlines,2024-08-01,05:03,210
SU3139,Aeroflot,2024-03-01,15:46,143
SU7650,Azimuth,2024-01-09,21:59,307
SU5353,S7 Airlines,2024-02-18,14:08,101
SU654,Rossiya,2024-06-08,09:09,203
SU8091,Ural Airlines,2024-04-20,12:37,62
SU8399,Azimuth,2024-07-18,13:52,137
SU6108,Red Wings,2024-08-18,01:00,168
SU6175,UTair,2024-04-04,23:15,122
SU3884,Nordavia,2024-03-24,07:48,193
SU5758,Aeroflot,2024-12-08,03:34,89
SU6148,Yakutia,2024-01-23,20:32,189
SU6771,Aeroflot,2024-04-24,06:37,102
SU5840,Azimuth,2024-02-08,12:22,312
SU737,Yakutia,2024-10-10,07:23,222
SU1041,Aeroflot,2024-07-17,03:08,143
SU1705,UTair,2024-02-03,19:04,312
SU1814,S7 Airlines,2024-07-16,15:03,252
SU5779,Yakutia,2024-01-20,08:14,225
SU7102,Pobeda,2024-10-15,20:44,79
SU6327,Yakutia,2024-03-28,05:17,217
SU3428,Pobeda,2024-08-09,14:30,301
SU8810,Nordavia,2024-08-16,15:28,329
SU436,Azimuth,2024-07-11,01:26,257
SU3164,Aeroflot,2024-05-24,01:17,126
SU6744,Nordavia,2024-05-01,19:15,199
SU621,Nordavia,2024-12-24,16:05,276
SU6681,Aeroflot,2024-06-13,12:06,283
SU9143,S7 Airlines,2024-05-08,04:32,196
SU6384,Red Wings,2024-10-07,14:32,260
SU1287,S7 Airlines,2024-08-21,01:37,309
SU1672,Nordavia,2024-07-26,20:55,133
SU8904,Pobeda,2024-09-24,21:08,296
SU3136,Ural Airlines,2024-12-22,02:21,178
SU6856,Ural Airlines,2024-01-23,20:45,79
SU3656,Pobeda,2024-12-03,03:09,150
SU1669,Pobeda,2024-07-03,18:12,84
SU1637,Azimuth,2024-01-09,09:25,267
SU8248,Rossiya,2024-06-12,09:45,344
SU242,Rossiya,2024-08-13,17:48,209
SU2085,Pobeda,2024-03-12,10:31,208
SU1922,UTair,2024-01-23,00:21,96
SU2926,UTair,2024-02-10,03:37,219
SU4778,Rossiya,2024-05-18,21:09,175
SU8026,Ural Airlines,2024-03-16,22:54,118
SU8503,S7 Airlines,2024-07-16,00:36,83
SU9837,UTair,2024-04-02,16:10,235
SU8210,Red Wings,2024-03-09,01:11,90
SU2123,UTair,2024-11-04,14:52,82
SU7944,Rossiya,2024-05-07,03:57,293
SU6509,S7 Airlines,2024-02-05,17:14,324
SU4752,Nordavia,2024-04-17,04:25,283
SU2427,Aeroflot,2024-08-17,13:30,324
SU3046,Azimuth,2024-05-09,07:24,332
SU3124,UTair,2024-05-16,19:45,185
SU8919,Pobeda,2024-02-19,16:44,339
SU2299,Nordavia,2024-05-04,19:45,52
SU2074,Rossiya,2024-07-07,00:40,89
SU4016,UTair,2024-05-07,06:25,290
SU4025,Pobeda,2024-09-16,00:47,207
SU2739,Nordavia,2024-08-17,09:20,57
SU3996,Pobeda,2024-11-22,01:49,279
SU9874,UTair,2024-07-28,09:26,287
SU2465,S7 Airlines,2024-02-06,10:57,273
SU1370,Azimuth,2024-02-26,06:40,212
SU4193,Red Wings,2024-08-26,20:17,92
SU4403,Rossiya,2024-07-18,20:03,213
SU9669,S7 Airlines,2024-05-12,11:14,327
SU6889,UTair,2024-04-21,03:01,260
SU2797,Red Wings,2024-08-23,00:37,61
SU7708,Ural Airlines,2024-04-03,14:01,93
SU4507,Yakutia,2024-12-22,05:23,176
SU2176,UTair,2024-10-27,13:16,179
SU8215,Yakutia,2024-03-22,15:04,183
SU7768,Azimuth,2024-11-22,16:24,102
SU747,Yakutia,2024-08-21,01:23,215
SU2122,Aeroflot,2024-09-10,04:58,330
SU5704,Azimuth,2024-02-18,21:34,184
SU617,Pobeda,2024-10-20,10:09,102
SU1237,Yakutia,2024-07-24,20:26,246
SU8084,Red Wings,2024-12-12,04:05,104
SU9009,Azimuth,2024-12-19,07:49,246
SU2104,Aeroflot,2024-04-08,22:20,133
SU7905,Yakutia,2024-03-22,19:04,149
SU4900,UTair,2024-10-01,12:03,244
SU4007,Azimuth,2024-11-09,04:07,205
SU4794,S7 Airlines,2024-12-07,17:40,74
SU3626,Pobeda,2024-08-09,02:55,266
SU9605,Red Wings,2024-11-27,13:39,301
SU4544,Yakutia,2024-04-19,15:12,212
SU751,Nordavia,2024-07-20,04:19,350
SU7227,Red Wings,2024-05-04,02:40,83
SU6476,Yakutia,2024-09-04,16:27,338
SU7759,Pobeda,2024-07-19,15:28,265
SU9991,S7 Airlines,2024-05-17,11:32,340
SU3010,Azimuth,2024-10-18,14:04,306
SU862,Nordavia,2024-03-24,21:33,177
SU6012,S7 Airlines,2024-07-26,14:41,192
SU6808,Pobeda,2024-05-17,01:56,318
SU2573,Pobeda,2024-11-28,07:25,247
SU5072,Pobeda,2024-03-20,18:41,58
SU6583,Rossiya,2024-04-09,00:09,160
SU1995,Ural Airlines,2024-09-04,02:58,240
SU252,Red Wings,2024-08-20,01:22,284
SU930,Nordavia,2024-03-07,07:56,235
SU8565,Rossiya,2024-03-22,09:08,196
SU5556,Red Wings,2024-09-01,12:15,252
SU2565,Aeroflot,2024-05-05,10:16,128
SU9247,Red Wings,2024-02-21,09:49,171
SU7938,Aeroflot,2024-06-28,05:46,270
SU3448,Pobeda,2024-05-07,02:58,69
SU2456,Pobeda,2024-02-14,04:47,212
SU7599,Red Wings,2024-02-15,05:35,329
SU9091,Pobeda,2024-10-06,17:04,253
SU4657,Ural Airlines,2024-02-07,22:18,66
SU2573,S7 Airlines,2024-12-01,21:59,77
SU1099,Azimuth,2024-11-14,02:32,259
SU7450,Aeroflot,2024-03-08,04:34,54
SU5237,Ural Airlines,2024-10-19,07:25,334
SU4351,Pobeda,2024-06-10,03:55,213
SU7258,UTair,2024-10-01,23:46,201
SU6072,Nordavia,2024-09-24,05:45,207
SU2267,Pobeda,2024-12-15,00:25,309
SU4646,UTair,2024-02-01,09:43,179
SU4056,UTair,2024-01-01,07:07,184
SU6949,Aeroflot,2024-08-20,15:06,68
SU844,Ural Airlines,2024-11-15,07:29,182
SU2609,Red Wings,2024-06-14,22:29,283
SU3643,Yakutia,2024-02-08,08:38,323
SU9016,Yakutia,2024-12-04,07:00,107
SU8376,Red Wings,2024-08-09,22:29,188
SU619,Azimuth,2024-04-24,11:04,132
SU8842,Rossiya,2024-10-11,14:03,85
SU7762,Rossiya,2024-01-28,02:47,249
SU2182,Rossiya,2024-02-20,15:53,154
SU8778,Nordavia,2024-05-22,15:52,83
SU5482,Aeroflot,2024-04-18,13:44,128
SU3774,Pobeda,2024-05-25,08:35,277
SU2499,Azimuth,2024-04-15,02:36,305
SU8434,Azimuth,2024-03-22,03:09,60
SU4358,Azimuth,2024-07-05,15:31,263
SU6779,Rossiya,2024-01-24,04:49,294
SU3427,Ural Airlines,2024-08-25,18:45,196
SU4379,UTair,2024-11-27,15:13,142
SU7078,Pobeda,2024-04-28,00:51,265
SU9440,S7 Airlines,2024-11-13,04:25,199
SU529,S7 Airlines,2024-02-04,10:24,320
SU9459,S7 Airlines,2024-03-01,03:41,142
SU3533,UTair,2024-01-07,13:12,343
SU4088,UTair,2024-08-16,03:10,99
SU9731,Nordavia,2024-01-08,20:59,163
SU1918,Nordavia,2024-08-16,01:12,119
SU1776,Nordavia,2024-12-15,06:19,136
SU1850,Nordavia,2024-07-14,01:23,58
SU3000,Pobeda,2024-08-20,23:35,74
SU5117,Azimuth,2024-01-17,12:13,151
SU1142,Nordavia,2024-07-06,01:04,126
SU4075,UTair,2024-06-02,13:40,195
SU7493,Aeroflot,2024-12-23,12:19,108
SU312,UTair,2024-08-23,22:43,177
SU1799,UTair,2024-08-01,12:21,158
SU3027,Ural Airlines,2024-07-08,16:27,153
SU2896,Aeroflot,2024-12-21,18:08,174
SU2794,S7 Airlines,2024-03-26,11:28,185
SU472,Aeroflot,2024-10-28,13:48,215
SU163,Aeroflot,2024-05-20,05:42,131
SU238,Rossiya,2024-07-15,04:53,144
SU5436,Ural Airlines,2024-06-06,11:49,100
SU6924,S7 Airlines,2024-05-09,05:04,201
SU7099,Nordavia,2024-03-25,02:16,113
SU6262,Azimuth,2024-04-09,09:25,308
SU3769,Yakutia,2024-11-03,18:13,243
SU3392,UTair,2024-10-17,06:26,290
SU212,Azimuth,2024-05-03,02:47,138
SU9833,UTair,2024-04-16,06:17,334
SU3418,Ural Airlines,2024-12-01,12:34,137
SU4918,Rossiya,2024-11-14,14:41,205
SU1287,UTair,2024-07-03,23:56,288
SU1129,Pobeda,2024-04-25,21:07,82
SU7396,S7 Airlines,2024-03-06,15:07,219
SU663,UTair,2024-07-01,01:19,142
SU1149,Red Wings,2024-04-17,13:57,150
SU9758,Nordavia,2024-04-22,04:20,177
SU1765,Yakutia,2024-02-28,08:22,105
SU6762,Pobeda,2024-01-23,12:42,227
SU1053,UTair,2024-07-17,19:29,348
SU2553,UTair,2024-12-22,21:50,213
SU555,Rossiya,2024-05-16,06:08,228
SU9847,Red Wings,2024-07-21,23:41,253
SU5357,Pobeda,2024-08-22,21:50,195
SU8774,Pobeda,2024-07-25,08:16,83
SU3198,Yakutia,2024-06-24,12:36,85
SU7344,Azimuth,2024-08-06,19:13,165
SU4510,Rossiya,2024-10-06,06:39,144
SU3874,Nordavia,2024-09-24,21:51,55
SU2163,Pobeda,2024-09-23,19:18,139
SU2442,Aeroflot,2024-01-24,19:04,335
SU8372,Yakutia,2024-07-01,09:40,107
SU170,Pobeda,2024-03-21,12:54,166
SU479,Pobeda,2024-06-08,14:52,314
SU5583,Pobeda,2024-04-20,02:40,160
SU2440,Aeroflot,2024-04-01,23:25,267
SU1566,Red Wings,2024-10-25,06:35,117
SU5402,Nordavia,2024-02-02,16:00,259
SU7011,UTair,2024-04-17,04:51,211
SU1136,S7 Airlines,2024-04-22,12:44,257
SU8858,Aeroflot,2024-08-11,08:43,143
SU8010,Nordavia,2024-12-11,14:57,130
SU4947,S7 Airlines,2024-02-08,12:34,105
SU1586,UTair,2024-03-15,16:49,337
SU930,Ural Airlines,2024-09-16,17:40,178
SU1258,Pobeda,2024-05-19,07:50,278
SU3241,S7 Airlines,2024-09-07,15:57,117
SU5628,Nordavia,2024-01-13,20:18,154
SU8017,UTair,2024-08-15,07:22,191
SU646,S7 Airlines,2024-10-01,01:36,105
SU7863,UTair,2024-04-02,17:26,280
SU493,Rossiya,2024-08-13,06:08,141
SU1757,UTair,2024-12-25,17:56,306
SU9947,Azimuth,2024-05-18,14:01,231
SU2023,Nordavia,2024-10-22,11:40,337
SU3412,Ural Airlines,2024-06-22,16:11,250
SU9083,Nordavia,2024-07-10,12:50,342
SU1712,Azimuth,2024-04-20,07:33,267
SU9213,Pobeda,2024-03-28,11:29,119
SU5976,Red Wings,2024-02-27,15:59,318
SU5133,S7 Airlines,2024-03-06,13:10,122
SU3224,Azimuth,2024-11-04,09:47,247
SU7973,Red Wings,2024-04-25,03:45,248
SU5881,Nordavia,2024-10-07,08:20,195
SU8820,Red Wings,2024-02-24,17:51,187
SU7187,Red Wings,2024-08-25,23:11,141
SU2205,UTair,2024-10-09,12:03,163
SU9623,Red Wings,2024-09-16,04:06,216
SU2981,Ural Airlines,2024-05-05,04:38,117
SU9996,UTair,2024-11-15,21:33,257
SU8923,Nordavia,2024-06-06,18:54,217
SU3622,Red Wings,2024-12-18,22:00,243
SU736,Pobeda,2024-02-07,02:06,111
SU5987,Azimuth,2024-08-09,09:32,179
SU8226,Red Wings,2024-02-15,13:13,296
SU1618,Aeroflot,2024-02-05,13:34,52
SU9209,UTair,2024-12-15,10:27,134
SU7844,Nordavia,2024-01-10,05:43,157
SU1696,Pobeda,2024-04-21,13:36,333
SU8843,Aeroflot,2024-09-08,22:01,160
SU281,S7 Airlines,2024-07-24,14:35,308
SU6627,Ural Airlines,2024-02-26,22:27,211
SU373,S7 Airlines,2024-11-08,14:59,191
SU658,Red Wings,2024-09-16,23:16,328
SU7252,S7 Airlines,2024-06-10,01:57,175
SU5997,Ural Airlines,2024-09-27,02:26,100
SU4798,Nordavia,2024-08-23,10:14,77
SU7663,Nordavia,2024-03-07,23:14,260
SU327,Pobeda,2024-07-13,14:31,152
SU5401,Nordavia,2024-08-28,20:44,245
SU4190,Rossiya,2024-11-19,09:47,270
SU6591,Red Wings,2024-08-07,06:11,58
SU2579,S7 Airlines,2024-07-18,11:43,329
SU4365,UTair,2024-03-10,12:21,321
SU6931,Yakutia,2024-12-08,16:12,196
SU5771,Rossiya,2024-02-21,22:29,67
SU5730,Ural Airlines,2024-03-17,13:50,184
SU1916,UTair,2024-08-20,14:05,140
SU6491,Nordavia,2024-01-15,21:40,183
SU2091,Pobeda,2024-10-06,12:53,191
SU565,UTair,2024-05-06,00:12,198
SU3104,Yakutia,2024-05-17,14:09,347
SU1840,Pobeda,2024-04-05,23:41,226
SU9092,Aeroflot,2024-06-17,18:49,148
SU896,Yakutia,2024-01-09,20:01,231
SU7200,Pobeda,2024-10-06,12:46,275
SU5694,Azimuth,2024-03-17,13:54,200
SU9120,S7 Airlines,2024-03-28,00:59,85
SU3119,Yakutia,2024-08-09,09:52,266
SU5619,Red Wings,2024-10-04,12:19,233
SU3545,UTair,2024-12-02,01:24,134
SU3533,Ural Airlines,2024-03-24,13:12,285
SU5322,Azimuth,2024-04-22,04:27,75
SU133,Azimuth,2024-07-01,19:16,109
SU1924,Rossiya,2024-03-03,22:18,50
SU9635,UTair,2024-12-16,23:46,130
SU6281,Pobeda,2024-04-25,19:18,260
SU911,S7 Airlines,2024-05-26,03:09,272
SU2670,Aeroflot,2024-11-20,13:14,332
SU9249,Red Wings,2024-12-25,01:45,137
SU8492,Nordavia,2024-11-08,09:33,271
SU7557,Rossiya,2024-03-14,21:52,53
SU2685,Azimuth,2024-02-27,13:32,164
SU5876,Pobeda,2024-04-28,08:24,76
SU7392,Rossiya,2024-02-13,17:28,151
SU4870,Rossiya,2024-11-02,11:40,176
SU1693,UTair,2024-11-16,17:32,242
SU3900,UTair,2024-10-12,01:19,167
SU8780,Aeroflot,2024-08-24,16:14,157
SU2558,Nordavia,2024-08-08,18:20,298
SU2083,Pobeda,2024-05-16,00:11,102
SU4419,Red Wings,2024-01-21,00:57,82
SU5383,Rossiya,2024-11-17,11:17,143
SU5799,S7 Airlines,2024-05-16,06:12,230
SU6939,Aeroflot,2024-10-19,15:43,290
SU6921,Rossiya,2024-02-26,05:27,184
SU6318,S7 Airlines,2024-09-24,01:54,275
SU4167,Pobeda,2024-12-28,15:16,57
SU508,S7 Airlines,2024-09-15,23:23,206
SU4526,Nordavia,2024-07-11,10:32,54
SU886,Red Wings,2024-05-22,17:16,193
SU130,Pobeda,2024-07-28,03:23,321
SU8278,Red Wings,2024-01-26,19:58,328
SU5778,UTair,2024-08-07,13:02,328
SU6988,Ural Airlines,2024-07-15,17:50,199
SU149,Nordavia,2024-04-14,09:26,336
SU5176,S7 Airlines,2024-11-28,02:55,237
SU6640,Red Wings,2024-10-09,11:59,130
SU7806,Pobeda,2024-08-22,03:51,112
SU5126,Yakutia,2024-05-01,15:16,252
SU1233,Nordavia,2024-07-08,09:21,65
SU5513,Pobeda,2024-01-02,04:37,290
SU8843,Aeroflot,2024-11-04,21:18,221
SU3292,Red Wings,2024-05-08,20:45,133
SU3046,Nordavia,2024-02-13,08:28,303
SU3365,Aeroflot,2024-10-01,15:15,342
SU8373,Red Wings,2024-11-23,14:20,61
SU7649,Ural Airlines,2024-03-16,06:19,103
SU7734,Aeroflot,2024-06-22,16:12,336
SU997,Red Wings,2024-11-09,03:25,206
SU1258,Yakutia,2024-05-17,08:27,141
SU3014,Azimuth,2024-03-28,04:26,342
SU4221,UTair,2024-11-16,20:32,88
SU1830,Azimuth,2024-10-12,07:25,208
SU510,Pobeda,2024-06-04,11:36,140
SU9009,Nordavia,2024-06-27,04:15,279
SU4903,Ural Airlines,2024-04-07,12:28,335
SU7597,Azimuth,2024-02-25,11:16,100
SU8111,Ural Airlines,2024-08-07,01:02,213
SU1636,S7 Airlines,2024-01-18,03:49,342
SU2794,Nordavia,2024-02-13,08:40,281
SU7754,UTair,2024-12-04,18:00,92
SU1647,Red Wings,2024-03-27,16:01,350
SU3145,UTair,2024-04-26,23:45,90
SU1154,Azimuth,2024-07-20,11:48,169
SU1731,S7 Airlines,2024-03-18,18:14,85
SU3267,Red Wings,2024-02-25,03:14,156
SU5013,Nordavia,2024-06-24,03:52,82
SU359,Rossiya,2024-02-02,22:34,78
SU6524,Rossiya,2024-06-17,23:41,67
SU684,Yakutia,2024-10-18,00:45,50
SU3620,Pobeda,2024-09-16,12:26,101
SU1251,Rossiya,2024-02-12,13:25,287
SU6245,Ural Airlines,2024-11-10,02:36,174
SU3650,Yakutia,2024-05-12,20:58,320
SU6933,UTair,2024-09-09,03:56,74
SU7301,Aeroflot,2024-10-21,12:12,81
SU1499,Red Wings,2024-02-20,08:07,116
SU1111,Yakutia,2024-04-02,17:30,247
SU5468,Red Wings,2024-02-26,06:57,261
SU3653,Nordavia,2024-10-19,19:36,272
SU6818,S7 Airlines,2024-08-02,02:31,290
SU3023,Ural Airlines,2024-04-18,11:40,308
SU2623,Pobeda,2024-06-02,01:03,200
SU9638,UTair,2024-04-17,18:05,70
SU8250,Yakutia,2024-06-02,18:03,94
SU7019,Red Wings,2024-01-24,22:27,219
SU3890,Azimuth,2024-03-03,13:24,94
SU3100,Yakutia,2024-12-06,08:47,323
SU3909,Rossiya,2024-04-25,12:43,294
SU8502,Nordavia,2024-09-02,19:33,187
SU4582,Azimuth,2024-05-02,20:57,334
SU1952,S7 Airlines,2024-01-17,14:00,169
SU5540,UTair,2024-03-02,21:23,51
SU8326,Pobeda,2024-10-13,12:50,248
SU6848,Azimuth,2024-04-02,14:22,306
SU9833,Aeroflot,2024-06-20,11:12,84
SU2499,Nordavia,2024-05-27,08:27,223
SU8488,UTair,2024-05-02,02:15,59
SU9972,S7 Airlines,2024-06-08,15:37,331
SU6533,Ural Airlines,2024-01-10,18:43,116
SU8183,S7 Airlines,2024-07-14,20:58,149
SU1188,Nordavia,2024-09-25,06:35,89
SU8194,Aeroflot,2024-06-12,09:50,344
SU2213,Nordavia,2024-08-18,18:43,63
SU4341,Ural Airlines,2024-07-16,22:07,314
SU9020,Yakutia,2024-09-15,21:47,331
SU2811,S7 Airlines,2024-02-07,19:21,122
SU4250,Yakutia,2024-11-22,02:43,264
SU5995,Azimuth,2024-11-01,16:05,50
SU8853,Yakutia,2024-11-25,15:41,154
SU2810,Pobeda,2024-11-09,20:59,189
SU465,Nordavia,2024-10-05,21:15,221
SU7290,Red Wings,2024-01-02,05:55,255
SU4660,Rossiya,2024-10-27,23:56,291
SU6186,Aeroflot,2024-06-23,13:16,299
SU500,Aeroflot,2024-05-25,15:32,100
SU1042,Red Wings,2024-10-18,13:18,55
SU1484,Aeroflot,2024-11-16,09:43,250
SU7728,Azimuth,2024-05-15,08:27,203
SU5173,UTair,2024-02-10,13:14,167
SU8872,Nordavia,2024-07-11,01:09,128
SU6748,Red Wings,2024-06-09,14:25,137
SU3279,UTair,2024-10-01,21:36,161
SU645,S7 Airlines,2024-10-21,02:21,132
SU8465,Ural Airlines,2024-11-10,00:35,135
SU6613,S7 Airlines,2024-04-08,22:44,175
SU7485,Ural Airlines,2024-05-05,17:01,90
SU7572,Pobeda,2024-05-20,17:37,127
SU3035,Pobeda,2024-12-14,14:01,97
SU2121,Rossiya,2024-04-17,11:25,195
SU161,UTair,2024-05-12,05:08,148
SU5266,Pobeda,2024-09-22,12:02,94
SU9475,Pobeda,2024-04-25,23:12,51
SU4577,UTair,2024-10-28,00:37,221
SU2954,Nordavia,2024-10-26,19:26,349
SU8547,UTair,2024-04-06,17:53,170
SU4238,Nordavia,2024-04-05,05:22,81
SU3276,Red Wings,2024-07-11,16:01,184
SU6007,Ural Airlines,2024-04-25,01:55,324
SU9986,UTair,2024-02-23,01:59,206
SU9514,Aeroflot,2024-09-07,07:42,103
SU5391,UTair,2024-07-10,17:45,156
SU1386,Pobeda,2024-06-04,21:39,128
SU5368,Azimuth,2024-02-18,18:41,187
SU1643,Nordavia,2024-04-17,17:15,224
SU1781,S7 Airlines,2024-09-17,06:28,160
SU9445,Azimuth,2024-12-22,04:06,299
SU6374,Nordavia,2024-11-17,15:03,168
SU6130,S7 Airlines,2024-04-11,03:12,293
SU1475,Pobeda,2024-11-19,12:24,88
SU620,Rossiya,2024-06-20,01:11,301
SU7218,Yakutia,2024-09-15,10:25,225
SU4906,Red Wings,2024-09-21,11:29,337
SU6031,UTair,2024-06-14,11:13,324
SU3565,S7 Airlines,2024-09-18,03:38,102
SU7368,Pobeda,2024-09-16,03:17,68
SU568,Yakutia,2024-08-26,20:50,108
SU7439,UTair,2024-08-19,14:27,86
SU7779,UTair,2024-10-18,15:42,59
SU8077,S7 Airlines,2024-09-06,01:00,228
SU933,Yakutia,2024-04-26,08:35,209
SU2110,UTair,2024-09-19,22:15,93
SU4551,Azimuth,2024-01-06,04:08,161
SU5338,Ural Airlines,2024-05-20,13:37,275
SU8851,Ural Airlines,2024-12-17,14:16,83
SU3835,Pobeda,2024-07-24,06:37,83
SU4702,Nordavia,2024-09-03,16:08,273
SU571,S7 Airlines,2024-09-27,16:05,186
SU8402,S7 Airlines,2024-08-23,18:31,297
SU5675,Rossiya,2024-07-15,00:12,266
SU4910,S7 Airlines,2024-12-12,06:06,232
SU8387,Aeroflot,2024-08-05,22:38,139
SU1175,S7 Airlines,2024-08-19,20:26,275
SU989,Ural Airlines,2024-04-04,13:21,56
SU4812,Ural Airlines,2024-01-05,13:59,106
SU5995,Red Wings,2024-02-25,18:28,79
SU7016,Aeroflot,2024-06-25,03:27,159
SU2134,Aeroflot,2024-06-05,05:01,186
SU7901,Ural Airlines,2024-11-26,01:09,118
SU7786,Ural Airlines,2024-01-04,21:04,77
SU8139,Yakutia,2024-04-13,07:12,80
SU1910,S7 Airlines,2024-09-20,09:16,279
SU2200,Ural Airlines,2024-08-22,17:16,329
SU8439,UTair,2024-03-24,08:09,302
SU4191,S7 Airlines,2024-03-04,14:29,259
SU5732,S7 Airlines,2024-05-12,15:38,144
SU5859,Aeroflot,2024-04-11,05:30,209
SU4188,Aeroflot,2024-10-11,06:41,99
SU5089,Yakutia,2024-02-04,20:44,193
SU5569,UTair,2024-05-16,10:41,203
SU6519,Rossiya,2024-03-18,03:51,237
SU8031,Rossiya,2024-01-04,06:51,337
SU6878,Pobeda,2024-08-04,17:09,236
SU8177,S7 Airlines,2024-10-03,10:21,58
SU2008,Aeroflot,2024-08-16,23:34,261
SU3819,UTair,2024-09-12,10:16,75
SU4360,Nordavia,2024-06-28,03:16,63
SU2901,Yakutia,2024-10-11,16:40,254
SU7782,S7 Airlines,2024-09-25,19:35,238
SU1351,Ural Airlines,2024-07-04,08:33,172
SU8848,Ural Airlines,2024-06-09,08:11,213
SU4957,Nordavia,2024-08-03,03:45,119
SU8320,Aeroflot,2024-06-05,23:25,193
SU9349,Rossiya,2024-11-21,18:54,237
SU1991,Yakutia,2024-05-19,13:35,154
SU1405,UTair,2024-08-26,02:39,128
SU6678,Pobeda,2024-04-24,14:53,266
SU4920,Red Wings,2024-02-07,06:56,117
SU4830,S7 Airlines,2024-06-05,04:38,202
SU6419,Yakutia,2024-02-10,15:37,315
SU8552,Rossiya,2024-06-24,01:52,64
SU6771,S7 Airlines,2024-11-06,08:08,317
SU8831,Nordavia,2024-04-17,23:28,256
SU5136,Pobeda,2024-08-19,22:41,343
SU1897,Yakutia,2024-01-26,12:25,249
SU2570,Aeroflot,2024-12-09,18:03,303
SU1671,Yakutia,2024-06-09,11:53,284
SU1778,S7 Airlines,2024-11-02,00:19,86
SU7972,Red Wings,2024-04-09,16:12,256
SU4962,UTair,2024-11-20,00:14,246
SU7593,Aeroflot,2024-06-20,13:52,194
SU7330,Pobeda,2024-09-18,08:49,62
SU1679,Red Wings,2024-04-06,06:18,111
SU9780,Ural Airlines,2024-01-17,08:59,158
SU6389,Aeroflot,2024-08-27,09:32,69
SU304,Rossiya,2024-04-15,16:26,320
SU7643,Aeroflot,2024-05-06,16:53,331
SU8888,Aeroflot,2024-04-19,10:53,300
SU6993,Ural Airlines,2024-06-26,17:31,255
SU6650,UTair,2024-02-15,09:28,76
SU2620,Pobeda,2024-06-23,22:46,341
SU4806,Ural Airlines,2024-08-07,00:36,288
SU328,UTair,2024-04-10,23:22,81
SU2502,S7 Airlines,2024-07-10,13:06,222
SU847,S7 Airlines,2024-04-27,01:19,272
SU5445,Pobeda,2024-09-07,16:08,122
SU7671,S7 Airlines,2024-06-17,04:14,210
SU969,Yakutia,2024-05-23,07:03,209
SU6756,Azimuth,2024-06-27,09:30,331
SU4988,S7 Airlines,2024-11-26,00:01,185
SU5643,Rossiya,2024-06-17,18:19,335
SU1424,Yakutia,2024-02-25,16:41,275
SU9958,Nordavia,2024-03-08,16:59,239
SU159,UTair,2024-10-24,07:50,283
SU5879,Azimuth,2024-05-19,08:14,53
SU7283,Pobeda,2024-07-08,12:40,327
SU757,Yakutia,2024-06-06,13:00,89
SU4044,Nordavia,2024-10-26,11:38,262
SU1723,Rossiya,2024-11-12,15:15,221
SU1427,Pobeda,2024-05-14,23:07,133
SU7527,Aeroflot,2024-10-02,21:28,166
SU9158,Aeroflot,2024-06-06,19:20,334
SU2540,UTair,2024-07-11,06:41,222
SU212,Azimuth,2024-02-05,23:22,331
SU754,Ural Airlines,2024-02-25,01:15,50
SU4220,Red Wings,2024-05-26,23:18,52
SU1266,Red Wings,2024-04-01,21:16,130
SU7586,Nordavia,2024-11-20,12:51,70
SU8927,Rossiya,2024-08-10,16:50,264
SU5900,UTair,2024-03-07,12:36,350
SU5424,Ural Airlines,2024-06-07,14:41,63
SU7258,Red Wings,2024-12-02,06:04,103
SU4234,Nordavia,2024-07-07,20:21,349
SU4391,Pobeda,2024-09-20,01:20,85
SU5633,Pobeda,2024-03-07,08:09,149
SU6375,S7 Airlines,2024-11-02,08:11,345
SU9506,Ural Airlines,2024-02-17,09:17,201
SU550,Pobeda,2024-10-09,11:58,98
SU4297,Azimuth,2024-04-03,02:03,238
SU6215,Aeroflot,2024-05-02,20:31,197
SU8884,UTair,2024-04-26,23:44,297
SU1616,Yakutia,2024-11-16,01:59,314
SU5545,Rossiya,2024-07-04,08:01,74
SU3943,Nordavia,2024-10-12,13:43,167
SU2058,S7 Airlines,2024-12-15,04:40,63
SU2446,Rossiya,2024-08-26,13:22,257
SU7051,Pobeda,2024-05-26,20:56,53
SU6139,Yakutia,2024-09-05,20:22,60
SU1970,S7 Airlines,2024-03-14,09:04,75
SU2107,Aeroflot,2024-01-20,21:35,126
SU892,Rossiya,2024-10-27,06:25,210
SU3158,Ural Airlines,2024-11-09,17:09,259
SU7276,Rossiya,2024-11-07,20:47,94
SU8606,Red Wings,2024-11-26,18:33,62
SU2491,Yakutia,2024-05-06,12:07,268
SU3125,Yakutia,2024-07-14,19:56,283
SU6914,Ural Airlines,2024-01-15,02:51,220
SU5017,Aeroflot,2024-04-06,00:44,268
SU6433,Yakutia,2024-12-13,16:42,74
SU937,Rossiya,2024-08-05,15:27,252
SU3489,Nordavia,2024-04-01,00:03,124
SU4247,Aeroflot,2024-02-19,05:17,145
SU6143,Azimuth,2024-11-06,17:24,192
SU1012,Red Wings,2024-09-11,11:55,155
SU8739,Aeroflot,2024-08-10,18:14,268
SU2626,Nordavia,2024-01-24,21:58,108
SU1233,Yakutia,2024-07-08,03:08,219
SU5202,Ural Airlines,2024-06-09,18:35,118
SU281,UTair,2024-05-27,14:33,319
SU6776,Yakutia,2024-02-06,04:35,271
SU6990,Yakutia,2024-02-02,06:20,305
SU5494,Rossiya,2024-07-21,16:07,53
SU9310,Yakutia,2024-10-08,16:24,140
SU3910,Red Wings,2024-05-21,04:30,237
SU6755,Nordavia,2024-01-19,00:29,328
SU3824,Azimuth,2024-09-25,06:24,129
SU1210,Ural Airlines,2024-02-06,18:20,178
SU4415,Nordavia,2024-10-08,09:42,279
SU5757,Aeroflot,2024-01-07,19:21,341
SU8525,UTair,2024-03-24,19:58,340
SU1868,Rossiya,2024-08-22,15:08,169
SU5441,S7 Airlines,2024-06-24,19:20,96
SU2900,Red Wings,2024-04-21,12:55,317
SU1025,Red Wings,2024-12-19,09:34,116
SU968,Rossiya,2024-05-26,05:32,104
SU8149,Nordavia,2024-02-28,22:57,278
SU3992,Yakutia,2024-01-24,00:14,68
SU8861,UTair,2024-06-20,11:16,209
SU1228,Nordavia,2024-02-16,00:44,83
SU9438,Yakutia,2024-05-24,15:34,335
SU7787,UTair,2024-10-03,17:57,56
SU1972,Nordavia,2024-02-08,10:01,303
SU2604,Red Wings,2024-11-20,23:24,338
SU8803,UTair,2024-09-04,02:49,237
SU3825,UTair,2024-06-10,00:57,292
SU2056,Ural Airlines,2024-10-26,01:40,257
SU157,Ural Airlines,2024-11-21,18:58,274
SU5001,Rossiya,2024-03-11,01:54,116
SU8406,S7 Airlines,2024-01-11,20:05,350
SU2481,Ural Airlines,2024-11-04,23:37,70
SU5360,Rossiya,2024-12-10,08:21,156
SU8693,Nordavia,2024-04-16,06:20,70
SU8985,Red Wings,2024-02-01,21:00,232
SU681,Rossiya,2024-02-22,02:56,192
SU7873,S7 Airlines,2024-05-26,07:23,100
SU4688,Ural Airlines,2024-02-15,07:14,298
SU2469,Aeroflot,2024-12-12,14:27,153
SU8980,Pobeda,2024-03-15,09:48,93
SU8080,UTair,2024-05-25,03:52,246
SU8628,S7 Airlines,2024-09-13,16:23,230
SU467,Rossiya,2024-04-07,14:23,275
SU8208,Yakutia,2024-02-25,19:00,146
SU4852,Red Wings,2024-11-24,09:01,183
SU6893,Aeroflot,2024-07-13,11:28,208
SU6197,Ural Airlines,2024-12-17,16:16,170
SU8822,Azimuth,2024-08-05,06:37,180
SU4605,Nordavia,2024-03-09,03:10,101
SU3282,Rossiya,2024-03-16,10:05,222
SU4537,Red Wings,2024-04-18,23:29,92
SU8318,Pobeda,2024-08-11,05:42,112
SU2883,S7 Airlines,2024-05-25,01:55,212
SU7594,S7 Airlines,2024-06-26,04:30,324
SU8079,Yakutia,2024-11-04,16:52,187
SU4233,UTair,2024-08-27,15:22,289
SU8258,Red Wings,2024-08-09,22:35,230
SU5860,Aeroflot,2024-01-03,06:12,346
SU189,Nordavia,2024-12-05,16:16,339
SU306,Red Wings,2024-11-02,09:35,106
SU6869,Red Wings,2024-11-20,10:34,98
SU4259,UTair,2024-10-24,06:08,181
SU6311,Azimuth,2024-05-06,04:50,322
SU7431,Rossiya,2024-11-20,15:02,350
SU3321,Red Wings,2024-08-15,18:59,328
SU4772,Ural Airlines,2024-01-19,16:53,332
SU1478,Pobeda,2024-07-11,11:26,135
SU1974,S7 Airlines,2024-01-27,08:35,259
SU4445,Aeroflot,2024-06-15,14:06,183
SU8500,Azimuth,2024-02-23,12:22,81
SU8608,Yakutia,2024-12-03,16:51,257
SU5224,Red Wings,2024-02-03,18:51,126
SU9371,Azimuth,2024-01-25,13:04,252
SU6091,Yakutia,2024-11-03,15:38,303
SU7370,Pobeda,2024-10-19,19:57,122
SU8440,Nordavia,2024-02-01,11:50,257
SU4700,Rossiya,2024-09-02,12:15,243
SU1586,S7 Airlines,2024-10-18,13:56,277
SU7597,Red Wings,2024-06-04,17:23,215
SU7072,Nordavia,2024-11-18,18:15,240
SU8265,Rossiya,2024-08-20,03:58,193
SU8534,S7 Airlines,2024-06-22,22:20,157
SU5352,Pobeda,2024-10-09,03:16,253
SU4891,Pobeda,2024-11-23,19:17,110
SU5246,Yakutia,2024-02-17,07:48,87
SU6812,Ural Airlines,2024-08-06,04:22,57
SU9868,S7 Airlines,2024-01-01,01:43,152
SU4853,Nordavia,2024-02-03,09:49,304
SU718,Pobeda,2024-12-17,23:27,266
SU4934,Azimuth,2024-03-28,07:03,141
SU1602,Ural Airlines,2024-04-16,02:04,145
SU2742,Red Wings,2024-01-07,00:04,262
SU571,Ural Airlines,2024-07-06,02:02,228
SU2578,Ural Airlines,2024-05-22,23:07,253
SU3849,Red Wings,2024-01-17,19:20,99
SU6304,Ural Airlines,2024-01-25,14:41,135
SU7236,Azimuth,2024-02-04,06:30,130
SU1216,Yakutia,2024-06-19,21:01,285
SU2491,Rossiya,2024-11-26,21:51,307
SU7969,Ural Airlines,2024-04-15,05:28,320
SU1482,S7 Airlines,2024-12-06,21:53,89
SU7103,Red Wings,2024-07-16,09:03,123
SU6756,Rossiya,2024-11-23,09:53,323
SU3566,Nordavia,2024-04-24,08:57,114
SU4389,UTair,2024-11-14,05:15,319
SU9318,Red Wings,2024-02-07,01:17,132
SU1059,S7 Airlines,2024-04-16,09:50,192
SU4640,Azimuth,2024-11-01,05:03,342
SU3828,S7 Airlines,2024-06-05,16:39,73
SU5345,UTair,2024-03-01,10:36,110
SU8248,Yakutia,2024-11-03,01:06,95
SU9739,Ural Airlines,2024-09-28,02:51,109
SU1412,Rossiya,2024-05-25,04:38,213
SU4890,Rossiya,2024-06-01,12:39,50
SU8486,Pobeda,2024-01-08,17:16,143
SU4090,UTair,2024-05-11,05:31,348
SU9972,Red Wings,2024-11-03,15:30,226
SU8566,Ural Airlines,2024-11-15,07:14,125
SU2002,Rossiya,2024-08-15,04:39,201
SU7726,Azimuth,2024-09-15,18:21,318
SU319,Azimuth,2024-02-15,12:17,79
SU1914,Azimuth,2024-06-18,02:11,164
SU6885,Yakutia,2024-03-07,21:34,307
SU3453,Nordavia,2024-03-08,13:48,118
SU7129,Red Wings,2024-12-17,05:12,121
SU3203,UTair,2024-09-15,14:13,182
SU5944,S7 Airlines,2024-08-17,15:44,345
SU7822,UTair,2024-01-10,14:12,293
SU1344,UTair,2024-04-19,16:13,296
SU6736,S7 Airlines,2024-03-21,00:07,130
SU4600,Red Wings,2024-06-17,00:03,308
SU2704,Ural Airlines,2024-08-14,11:02,75
SU8735,Nordavia,2024-08-08,11:17,268
SU5141,Rossiya,2024-01-05,23:59,152
SU1156,Pobeda,2024-05-10,07:34,340
SU5462,UTair,2024-01-17,15:19,214
SU130,Pobeda,2024-12-27,15:06,94
SU3657,Yakutia,2024-07-28,23:01,132
SU8799,Aeroflot,2024-07-08,03:11,91
SU2600,Aeroflot,2024-01-08,00:17,127
SU1261,Pobeda,2024-11-24,23:50,253
SU141,Pobeda,2024-08-25,10:51,247
SU2867,Azimuth,2024-10-02,14:03,162
SU195,Pobeda,2024-02-03,13:57,199
SU3266,Yakutia,2024-09-01,05:15,172
SU6914,Nordavia,2024-11-06,10:56,290
SU1455,Ural Airlines,2024-10-16,03:45,179
SU7619,Pobeda,2024-03-23,13:18,73
SU9116,Yakutia,2024-03-03,00:10,322
SU3842,Yakutia,2024-07-20,00:14,286
SU6494,Azimuth,2024-03-05,17:09,210
SU2294,Azimuth,2024-07-03,01:22,194
SU553,Pobeda,2024-12-23,16:04,135
SU9875,Nordavia,2024-02-05,04:53,91
SU5501,Aeroflot,2024-06-09,23:33,50
SU6226,Yakutia,2024-12-15,07:01,285
SU802,Ural Airlines,2024-11-16,00:18,111
SU4606,Pobeda,2024-12-03,20:29,179
SU4689,S7 Airlines,2024-12-07,02:01,116
SU4943,Pobeda,2024-11-26,01:19,82
SU4001,Rossiya,2024-04-14,00:38,182
SU2757,Pobeda,2024-02-03,22:06,77
SU437,UTair,2024-02-03,03:51,209
SU5256,UTair,2024-10-26,02:16,113
SU5712,Ural Airlines,2024-11-01,08:06,194
SU8350,Yakutia,2024-10-09,01:53,50
SU4956,Red Wings,2024-11-05,00:14,219
SU6386,Rossiya,2024-03-20,05:23,343
SU3125,Aeroflot,2024-11-27,12:26,312
SU8735,Red Wings,2024-12-15,13:52,277
SU7919,S7 Airlines,2024-12-11,07:36,64
SU7548,Ural Airlines,2024-07-03,04:37,179
SU8037,S7 Airlines,2024-09-18,04:38,225
SU4167,Nordavia,2024-10-28,16:14,170
SU6215,Azimuth,2024-05-19,21:06,316
SU1804,Rossiya,2024-07-13,20:41,94
SU3329,Pobeda,2024-07-22,03:38,321
SU9394,Red Wings,2024-04-13,20:21,68
SU8739,Red Wings,2024-08-16,09:10,343
SU9981,Aeroflot,2024-06-28,11:55,280
SU3861,UTair,2024-11-03,21:12,274
SU8939,Yakutia,2024-02-15,14:16,90
SU9466,Aeroflot,2024-10-07,05:21,301
SU5938,Azimuth,2024-02-03,00:07,85
SU8640,S7 Airlines,2024-11-27,19:13,246
SU6679,Nordavia,2024-07-19,08:41,148
SU8137,Ural Airlines,2024-05-22,05:30,154
SU2494,S7 Airlines,2024-02-15,12:54,283
SU9072,Azimuth,2024-05-02,07:08,210
SU3604,Red Wings,2024-06-21,09:52,129
SU7472,Yakutia,2024-11-22,20:59,103
SU1981,Red Wings,2024-05-02,22:50,164
SU5969,Pobeda,2024-03-10,02:14,254
SU866,Rossiya,2024-04-03,02:40,244
SU8728,Azimuth,2024-02-19,19:47,223
SU9267,UTair,2024-03-07,06:23,53
SU8674,Yakutia,2024-08-18,04:31,262
SU6237,Azimuth,2024-03-01,10:30,197
SU3704,Pobeda,2024-03-17,15:07,153
SU9259,Nordavia,2024-05-22,23:22,66
SU3543,Rossiya,2024-02-17,05:46,66
SU1256,Ural Airlines,2024-04-01,09:14,285
SU9395,S7 Airlines,2024-11-05,22:32,346
SU4687,Rossiya,2024-03-24,01:09,228
SU7064,Aeroflot,2024-11-10,10:03,207
SU4716,UTair,2024-10-23,12:42,141
SU8238,Ural Airlines,2024-08-04,04:30,137
SU7592,Azimuth,2024-07-25,07:40,317
SU8299,Nordavia,2024-06-14,08:41,82
SU2348,UTair,2024-08-01,05:27,272
SU9681,S7 Airlines,2024-02-08,05:39,116
SU535,Yakutia,2024-04-22,05:37,105
SU2091,Nordavia,2024-12-14,15:23,208
SU3976,Aeroflot,2024-07-19,22:44,97
SU5695,Nordavia,2024-10-08,23:26,83
SU3809,Nordavia,2024-04-14,09:37,53
SU3170,Red Wings,2024-03-27,07:17,347
SU3079,Aeroflot,2024-05-15,15:51,310
SU2706,Rossiya,2024-06-01,12:23,336
SU7482,Ural Airlines,2024-07-25,11:56,318
SU4025,UTair,2024-11-25,00:21,208
SU7355,Rossiya,2024-09-14,02:51,189
SU1226,Aeroflot,2024-07-15,17:33,242
SU6004,Yakutia,2024-10-08,02:34,189
SU5144,Yakutia,2024-08-26,22:42,59
SU1126,Red Wings,2024-10-01,18:28,294
SU874,UTair,2024-06-06,03:32,294
SU5071,Pobeda,2024-12-17,19:52,228
SU4710,Rossiya,2024-06-05,14:56,323
SU7216,S7 Airlines,2024-06-07,06:00,273
SU2927,UTair,2024-03-15,14:50,153
SU2255,Nordavia,2024-08-08,09:42,299
SU8042,Ural Airlines,2024-06-09,17:22,312
SU4634,UTair,2024-09-02,03:57,190
SU1127,S7 Airlines,2024-12-25,23:23,328
SU2104,Yakutia,2024-08-19,18:19,93
SU7279,UTair,2024-02-02,12:46,349
SU3033,Pobeda,2024-11-04,20:56,112
SU9550,Nordavia,2024-08-18,01:37,227
SU5639,Azimuth,2024-01-02,14:23,71
SU9706,Yakutia,2024-04-12,10:38,304
SU5701,S7 Airlines,2024-11-01,07:07,100
SU3971,Yakutia,2024-11-12,07:32,143
SU5670,Nordavia,2024-04-21,04:27,229
SU8942,Pobeda,2024-12-19,09:29,283
SU1971,Red Wings,2024-02-21,03:05,272
SU221,Nordavia,2024-08-11,11:47,303
SU7851,Yakutia,2024-10-05,12:49,88
SU7415,Ural Airlines,2024-08-10,22:38,64
SU1646,Nordavia,2024-02-04,21:15,85
SU5461,Pobeda,2024-03-19,23:10,201
SU6823,UTair,2024-08-03,11:19,191
SU556,Yakutia,2024-04-24,03:56,136
SU6352,Aeroflot,2024-03-21,17:08,312
SU219,Aeroflot,2024-09-10,09:38,104
SU3155,Red Wings,2024-08-13,10:03,230
SU7747,Nordavia,2024-07-04,08:44,236
SU6513,Ural Airlines,2024-05-26,23:58,296
SU156,Ural Airlines,2024-07-12,08:19,267
SU2763,Ural Airlines,2024-11-11,03:27,109
SU4912,UTair,2024-05-09,00:55,285
SU5817,Aeroflot,2024-10-02,12:13,215
SU5873,Aeroflot,2024-12-19,19:04,66
SU6237,UTair,2024-02-07,15:34,236
SU5668,Rossiya,2024-11-15,18:26,162
SU2194,Nordavia,2024-08-16,12:22,340
SU8918,Rossiya,2024-02-21,09:32,58
SU9622,S7 Airlines,2024-05-11,05:31,63
SU1107,UTair,2024-09-13,05:53,73
SU789,Rossiya,2024-02-11,00:22,61
SU7478,Red Wings,2024-04-22,08:39,169
SU4445,S7 Airlines,2024-05-12,15:48,111
SU9673,Azimuth,2024-03-22,02:56,111
SU8433,Azimuth,2024-06-22,05:57,135
SU886,S7 Airlines,2024-07-11,15:16,197
SU6810,Aeroflot,2024-09-22,01:07,120
SU339,Aeroflot,2024-10-28,08:56,294
SU9495,Aeroflot,2024-12-02,01:37,138
SU6224,Azimuth,2024-08-10,09:56,341
SU505,S7 Airlines,2024-03-14,07:36,308
SU2061,S7 Airlines,2024-04-21,03:46,87
SU2227,Rossiya,2024-07-07,16:59,294
SU7875,Pobeda,2024-09-07,07:34,294
SU8687,Nordavia,2024-01-21,18:27,268
SU5949,Aeroflot,2024-11-18,22:13,322
SU9758,Nordavia,2024-02-17,12:09,129
SU9012,Red Wings,2024-08-12,07:40,63
SU1464,S7 Airlines,2024-12-19,17:25,114
SU9563,UTair,2024-03-27,10:13,176
SU1965,Ural Airlines,2024-08-01,20:28,50
SU7600,S7 Airlines,2024-03-10,11:49,225
SU5696,S7 Airlines,2024-07-14,20:05,265
SU8784,Aeroflot,2024-03-11,06:12,276
SU2148,S7 Airlines,2024-08-14,05:37,154
SU9534,Aeroflot,2024-04-28,00:44,123
SU4251,S7 Airlines,2024-02-16,12:49,342
SU4432,Pobeda,2024-04-16,19:23,96
SU8648,Nordavia,2024-09-21,10:24,295
SU3925,Pobeda,2024-06-11,19:09,83
SU6285,Nordavia,2024-09-18,20:04,266
SU3837,Pobeda,2024-10-08,23:49,192
SU2211,Ural Airlines,2024-04-05,19:51,96
SU4204,Red Wings,2024-12-01,03:09,312
SU6249,Red Wings,2024-06-12,23:51,110
SU3725,Aeroflot,2024-05-21,21:54,150
SU1241,Aeroflot,2024-04-16,13:56,151
SU1141,Rossiya,2024-01-07,06:55,86
SU7860,Nordavia,2024-10-01,10:24,97
SU4706,Rossiya,2024-05-02,08:18,98
SU4949,Azimuth,2024-04-12,01:27,233
SU855,Rossiya,2024-09-26,17:46,107
SU8720,Ural Airlines,2024-12-26,01:58,210
SU2515,Nordavia,2024-01-21,09:19,52
SU1988,Rossiya,2024-08-08,19:35,273
SU2885,S7 Airlines,2024-01-14,05:13,125
SU3398,UTair,2024-04-13,16:10,103
SU1713,Yakutia,2024-08-28,13:12,288
SU3432,Rossiya,2024-04-26,06:10,170
SU2564,Rossiya,2024-02-10,16:56,210
SU2489,Nordavia,2024-07-21,13:51,287
SU4318,Ural Airlines,2024-10-20,16:17,142
SU8866,Pobeda,2024-09-21,14:15,64
SU5071,Aeroflot,2024-09-25,17:16,159
SU7653,Aeroflot,2024-07-21,11:57,313
SU667,Red Wings,2024-04-07,22:56,75
SU2391,UTair,2024-01-25,13:53,135
SU2364,Red Wings,2024-06-04,19:42,82
SU2239,Nordavia,2024-11-11,02:32,276
SU4442,Ural Airlines,2024-09-20,03:28,226
SU894,Red Wings,2024-02-04,13:14,185
SU7983,Red Wings,2024-08-11,02:29,138
SU7887,Yakutia,2024-11-14,08:44,134
SU6977,Yakutia,2024-06-20,00:15,298
SU1415,Aeroflot,2024-04-27,11:14,235
SU8047,Pobeda,2024-06-19,12:12,87
SU7692,Red Wings,2024-10-07,23:38,189
SU9942,Aeroflot,2024-08-08,10:00,129
SU8057,Red Wings,2024-01-25,07:04,64
SU7318,Pobeda,2024-06-02,17:17,257
SU6116,Aeroflot,2024-06-24,17:17,140
SU9123,Aeroflot,2024-03-06,22:45,259
SU3839,Nordavia,2024-04-04,07:35,315
SU1363,Rossiya,2024-02-03,01:28,112
SU8687,UTair,2024-10-01,05:06,311
SU6065,Pobeda,2024-09-26,12:01,100
SU9467,Red Wings,2024-02-17,10:04,321
SU2588,Rossiya,2024-08-19,11:00,195
SU513,Rossiya,2024-01-26,09:18,200
SU2701,Nordavia,2024-11-14,12:24,55
SU1000,Nordavia,2024-12-16,06:05,52
SU6712,Rossiya,2024-05-28,02:25,138
SU7198,Azimuth,2024-11-15,12:53,243
SU5372,S7 Airlines,2024-05-15,07:42,155
SU8216,S7 Airlines,2024-07-17,04:06,165
SU179,UTair,2024-07-27,14:35,231
SU3062,Yakutia,2024-05-04,23:11,63
SU8308,Pobeda,2024-06-18,00:11,240
SU8583,S7 Airlines,2024-08-27,14:56,82
SU3035,Pobeda,2024-03-11,02:55,72
SU7935,UTair,2024-11-01,08:31,98
SU4084,Azimuth,2024-05-24,23:34,329
SU1797,Rossiya,2024-09-18,18:09,236
SU3363,S7 Airlines,2024-07-18,22:56,92
SU435,Nordavia,2024-10-06,09:56,277
SU5395,Aeroflot,2024-02-06,22:07,81
SU3801,Ural Airlines,2024-07-18,08:20,217
SU4280,Aeroflot,2024-12-28,05:18,239
SU6146,S7 Airlines,2024-08-14,20:15,270
SU8785,Rossiya,2024-08-01,16:59,135
SU3043,Red Wings,2024-03-09,01:14,272
SU4657,Red Wings,2024-11-27,17:46,175
SU2886,Nordavia,2024-10-23,19:14,264
SU2939,UTair,2024-11-15,11:16,55
SU2906,Yakutia,2024-12-11,18:59,153
SU6501,Ural Airlines,2024-04-06,03:02,272
SU8119,UTair,2024-04-17,13:57,167
SU9329,Azimuth,2024-05-09,03:28,302
SU9155,Yakutia,2024-02-02,03:37,247
SU7451,Pobeda,2024-10-02,10:27,142
SU6815,Yakutia,2024-12-23,03:31,277
SU8129,Red Wings,2024-08-17,22:21,315
SU7327,S7 Airlines,2024-11-22,13:46,69
SU4613,UTair,2024-08-22,01:11,144
SU5933,Ural Airlines,2024-08-21,17:41,253
SU8730,Nordavia,2024-02-26,18:05,274
SU2367,Yakutia,2024-08-08,16:29,292
SU8138,Azimuth,2024-03-03,11:51,59
SU1887,UTair,2024-03-05,12:03,95
SU9971,Azimuth,2024-08-16,22:27,189
SU7416,S7 Airlines,2024-11-25,09:10,278
SU4321,Red Wings,2024-11-18,08:05,88
SU5597,UTair,2024-12-13,17:41,324
SU4816,S7 Airlines,2024-08-22,12:35,330
SU2297,Ural Airlines,2024-12-28,19:18,270
SU7457,S7 Airlines,2024-01-02,05:20,183
SU7364,Red Wings,2024-03-24,03:34,218
SU8997,Red Wings,2024-04-17,23:23,218
SU5028,UTair,2024-02-07,21:16,287
SU4242,Rossiya,2024-10-04,03:29,216
SU187,Ural Airlines,2024-04-18,08:50,250
SU5749,Ural Airlines,2024-05-13,23:46,241
SU177,Rossiya,2024-02-25,15:20,169
SU9349,Aeroflot,2024-10-18,09:47,99
SU7583,S7 Airlines,2024-12-21,02:01,139
SU6735,Pobeda,2024-04-11,17:51,142
SU4984,Pobeda,2024-10-04,02:30,102
SU4898,Rossiya,2024-06-01,06:20,89
SU2534,S7 Airlines,2024-04-25,10:45,57
SU3072,S7 Airlines,2024-02-09,14:42,86
SU424,Azimuth,2024-04-15,03:51,287
SU6162,UTair,2024-01-20,04:56,226
SU4118,S7 Airlines,2024-09-23,01:08,288
SU411,Rossiya,2024-01-21,00:01,128
SU346,UTair,2024-12-16,23:40,281
SU7298,Rossiya,2024-03-25,13:13,236
SU2577,S7 Airlines,2024-01-08,13:09,92
SU8101,UTair,2024-04-05,23:16,340
SU3473,Pobeda,2024-09-07,01:31,90
SU9022,Ural Airlines,2024-03-26,01:52,312
SU3623,Pobeda,2024-04-05,00:51,187
SU6514,Red Wings,2024-11-14,22:26,173
SU1436,Yakutia,2024-12-16,01:02,187
SU8908,Ural Airlines,2024-08-25,23:30,208
SU4629,Nordavia,2024-08-12,04:19,169
SU7879,Aeroflot,2024-12-16,13:58,105
SU8846,Red Wings,2024-06-12,04:52,330
SU4655,Nordavia,2024-09-23,02:06,97
SU9880,Pobeda,2024-11-15,16:13,311
SU1210,Yakutia,2024-07-14,07:25,218
SU4291,Ural Airlines,2024-03-03,01:27,273
SU6570,S7 Airlines,2024-10-26,12:53,327
SU414,Nordavia,2024-04-28,07:56,271
SU6300,Rossiya,2024-12-02,13:39,202
SU3865,Nordavia,2024-08-17,10:05,175
SU3055,Pobeda,2024-02-25,19:31,275
SU9024,Pobeda,2024-05-07,10:56,304
SU294,Ural Airlines,2024-06-15,22:21,335
SU4068,Ural Airlines,2024-01-13,23:45,136
SU7784,UTair,2024-07-03,02:37,316
SU2796,Yakutia,2024-07-12,21:33,143
SU279,Aeroflot,2024-08-06,14:31,69
SU5868,S7 Airlines,2024-10-08,12:24,81
SU5902,Nordavia,2024-04-02,11:38,324
SU521,S7 Airlines,2024-10-03,14:34,228
SU769,Pobeda,2024-06-17,20:53,190
SU3433,Ural Airlines,2024-01-15,04:34,308
SU6889,Aeroflot,2024-01-20,02:01,143
SU9820,Rossiya,2024-09-28,17:16,112
SU3205,Red Wings,2024-11-27,08:27,287
SU1908,UTair,2024-03-20,21:34,244
SU871,S7 Airlines,2024-06-06,19:02,206
SU2067,S7 Airlines,2024-06-07,14:00,309
SU8411,Yakutia,2024-12-26,07:32,275
SU6216,Nordavia,2024-04-03,01:09,327
SU4735,Aeroflot,2024-11-15,23:27,151
SU6670,Rossiya,2024-11-01,00:54,203
SU3929,Yakutia,2024-09-09,02:49,348
SU2155,Yakutia,2024-05-07,07:45,217
SU1303,Azimuth,2024-10-24,07:03,193
SU2674,Red Wings,2024-08-17,06:53,148
SU8207,Ural Airlines,2024-01-18,23:01,326
SU7753,UTair,2024-11-04,18:56,239
SU3636,Azimuth,2024-07-08,10:09,81
SU7650,S7 Airlines,2024-08-24,11:20,336
SU1396,Azimuth,2024-06-27,12:29,294
SU8024,Red Wings,2024-06-02,08:39,294
SU7388,Red Wings,2024-10-13,17:22,335
SU300,UTair,2024-03-15,18:40,62
SU8091,Aeroflot,2024-04-25,19:17,253
SU7256,Red Wings,2024-10-14,21:01,154
SU4132,S7 Airlines,2024-03-03,19:45,227
SU6242,Nordavia,2024-06-06,15:54,196
SU6988,Pobeda,2024-04-26,03:01,275
SU1731,Ural Airlines,2024-11-26,15:29,219
SU6635,Rossiya,2024-03-25,12:30,294
SU1184,Red Wings,2024-06-23,17:54,190
SU6383,Pobeda,2024-04-22,09:44,174
SU7786,Pobeda,2024-02-08,16:24,161
SU2416,Pobeda,2024-08-23,09:36,84
SU7166,Pobeda,2024-02-03,13:52,217
SU233,Yakutia,2024-12-23,16:53,203
SU3929,Aeroflot,2024-06-07,20:43,305
SU7814,UTair,2024-09-12,06:33,129
SU7385,Red Wings,2024-06-18,18:37,227
SU9294,Ural Airlines,2024-04-16,21:22,296
SU7214,Azimuth,2024-03-15,16:57,326
SU9284,Red Wings,2024-12-23,11:55,120
SU377,Red Wings,2024-12-17,14:31,96
SU5554,S7 Airlines,2024-07-15,14:11,300
SU4513,Ural Airlines,2024-02-20,04:59,302
SU8428,Red Wings,2024-09-27,03:51,80
SU6675,UTair,2024-02-05,14:33,315
SU5347,S7 Airlines,2024-11-11,14:57,288
SU3353,Yakutia,2024-06-19,11:03,194
SU4862,UTair,2024-10-21,07:53,339
SU7952,Ural Airlines,2024-09-13,17:14,157
SU4800,Ural Airlines,2024-06-02,23:00,275
SU5738,Azimuth,2024-10-19,03:56,219
SU7260,Ural Airlines,2024-06-01,11:55,107
SU5481,Azimuth,2024-05-06,18:34,94
SU2423,Nordavia,2024-05-03,04:37,69
SU6031,Ural Airlines,2024-05-13,23:03,247
SU3540,Nordavia,2024-04-06,20:03,348
SU5138,Pobeda,2024-10-09,22:02,264
SU7455,Red Wings,2024-04-05,23:44,140
SU2091,UTair,2024-12-01,18:19,144
SU2986,Rossiya,2024-03-14,22:49,189
SU4042,UTair,2024-01-04,22:25,57
SU7099,Red Wings,2024-04-25,07:04,348
SU8910,Nordavia,2024-05-22,08:11,231
SU6474,Red Wings,2024-09-26,03:13,306
SU9508,Red Wings,2024-07-18,01:42,113
SU2856,UTair,2024-01-06,18:58,316
SU4160,Azimuth,2024-07-25,18:37,189
SU8011,UTair,2024-01-12,09:58,128
SU3864,Nordavia,2024-06-15,08:21,234
SU3874,Rossiya,2024-12-20,00:23,57
SU9043,Pobeda,2024-10-07,17:28,76
SU2068,Yakutia,2024-04-05,02:44,243
SU8796,Nordavia,2024-07-23,17:15,301
SU2382,Red Wings,2024-11-23,17:58,252
SU4115,Yakutia,2024-05-15,21:22,237
SU6212,Aeroflot,2024-05-10,23:51,229
SU7660,Nordavia,2024-04-10,17:41,151
SU7342,Red Wings,2024-10-25,15:04,280
SU1521,Azimuth,2024-05-04,23:26,187
SU6099,Rossiya,2024-08-14,06:51,323
SU3436,Azimuth,2024-09-18,22:07,116
SU6332,Nordavia,2024-02-03,01:38,183
SU9187,Nordavia,2024-05-14,10:31,116
SU7939,Nordavia,2024-06-04,00:21,126
SU4906,Rossiya,2024-04-21,04:10,259
SU7116,Azimuth,2024-06-28,13:04,105
SU2060,S7 Airlines,2024-12-07,02:53,156
SU435,Ural Airlines,2024-05-20,21:25,192
SU3433,Rossiya,2024-03-03,05:55,76
SU3767,Yakutia,2024-04-03,19:50,100
SU2447,Yakutia,2024-08-19,16:28,191
SU6098,S7 Airlines,2024-08-02,15:29,283
SU2309,S7 Airlines,2024-11-21,18:40,223
SU8877,Yakutia,2024-04-03,10:21,250
SU1357,Azimuth,2024-06-19,01:35,330
SU1864,Yakutia,2024-06-21,21:26,123
SU121,Yakutia,2024-03-18,06:08,68
SU4442,Ural Airlines,2024-06-09,11:41,327
SU9560,S7 Airlines,2024-02-20,19:03,78
SU1078,Nordavia,2024-07-15,22:19,94
SU9162,Ural Airlines,2024-10-02,21:49,99
SU5088,Nordavia,2024-03-08,14:04,156
SU7052,Nordavia,2024-05-24,12:49,289
SU6347,Nordavia,2024-12-14,11:45,188
SU2255,Aeroflot,2024-07-08,05:21,65
SU8737,Aeroflot,2024-12-22,07:46,204
SU7186,Aeroflot,2024-06-04,22:32,140
SU1716,Rossiya,2024-11-21,23:29,173
SU184,Yakutia,2024-07-27,13:28,200
SU1814,UTair,2024-07-07,15:05,125
SU6150,Azimuth,2024-02-21,21:26,155
SU1237,S7 Airlines,2024-03-17,12:57,263
SU9945,Nordavia,2024-05-04,03:57,69
SU8261,Nordavia,2024-06-13,08:02,245
SU4408,S7 Airlines,2024-03-23,07:00,278
SU6003,Pobeda,2024-02-03,08:15,103
SU1540,UTair,2024-01-13,23:59,73
SU7551,Nordavia,2024-01-03,11:46,255
SU784,Pobeda,2024-07-10,04:20,133
SU2816,Ural Airlines,2024-03-22,03:10,188
SU8289,Azimuth,2024-12-18,22:10,116
SU9914,Nordavia,2024-03-21,08:42,199
SU563,Aeroflot,2024-05-05,03:22,76
SU4023,Red Wings,2024-03-01,21:13,174
SU9287,Red Wings,2024-03-12,01:25,305
SU2413,S7 Airlines,2024-08-19,10:02,234
SU8824,Rossiya,2024-11-13,04:11,209
SU8193,Pobeda,2024-09-22,10:54,140
SU6490,Nordavia,2024-11-15,07:20,96
SU3626,Red Wings,2024-02-06,09:44,102
SU6410,Yakutia,2024-07-18,11:01,303
SU701,Ural Airlines,2024-01-04,01:18,62
SU9985,Nordavia,2024-12-14,19:14,120
SU9999,Nordavia,2024-02-20,00:21,224
SU7371,Pobeda,2024-08-26,21:00,113
SU3835,S7 Airlines,2024-08-12,16:13,237
SU3435,S7 Airlines,2024-03-07,03:36,131
SU3451,Yakutia,2024-01-02,22:09,172
SU2627,UTair,2024-10-13,23:18,228
SU7744,Nordavia,2024-07-15,15:18,103
SU5337,Rossiya,2024-08-12,04:09,343
SU9185,Ural Airlines,2024-08-25,01:23,87
SU3152,Aeroflot,2024-06-02,06:17,201
SU1660,Azimuth,2024-02-04,23:14,203
SU386,Rossiya,2024-10-04,01:05,87
SU9858,Aeroflot,2024-08-24,08:32,148
SU9136,Rossiya,2024-01-08,14:33,98
SU5719,Azimuth,2024-07-03,14:58,107
SU295,Aeroflot,2024-02-10,08:17,268
SU9241,UTair,2024-03-23,18:55,56
SU5368,S7 Airlines,2024-04-10,22:36,241
SU9757,Red Wings,2024-09-13,03:05,171
SU8881,Aeroflot,2024-09-07,18:23,72
SU5535,S7 Airlines,2024-02-16,03:12,126
SU5702,Aeroflot,2024-07-28,14:13,194
SU2908,Rossiya,2024-09-06,23:06,147
SU9922,Red Wings,2024-09-07,08:45,158
SU8554,Red Wings,2024-07-21,17:01,238
SU3902,Ural Airlines,2024-09-25,11:21,101
SU3197,UTair,2024-04-11,21:00,174
SU6113,Yakutia,2024-12-14,05:05,215
SU3758,Pobeda,2024-08-01,16:02,265
SU420,Yakutia,2024-10-04,08:31,62
SU693,Azimuth,2024-01-12,21:50,127
SU1731,Aeroflot,2024-05-20,22:55,174
SU3249,Red Wings,2024-08-20,10:16,297
SU766,Pobeda,2024-07-11,18:49,349
SU482,Yakutia,2024-06-21,17:59,260
SU1947,Yakutia,2024-06-24,12:19,81
SU5437,UTair,2024-10-18,14:57,222
SU3926,UTair,2024-07-09,04:49,261
SU9576,Pobeda,2024-08-11,14:03,118
SU4883,Azimuth,2024-12-03,18:44,177
SU8842,Nordavia,2024-11-28,05:31,328
SU5660,Rossiya,2024-06-27,05:54,188
SU4940,Pobeda,2024-09-17,04:14,119
SU8145,Rossiya,2024-02-01,06:14,297
SU5441,Ural Airlines,2024-04-08,10:08,111
SU8050,Yakutia,2024-12-09,17:40,119
SU8664,Rossiya,2024-05-26,12:54,55
SU3598,Nordavia,2024-07-16,21:55,230
SU493,Red Wings,2024-09-22,22:19,102
SU5438,Aeroflot,2024-02-27,01:20,197
SU3122,S7 Airlines,2024-04-03,15:05,75
SU6488,S7 Airlines,2024-02-08,05:19,233
SU3029,Rossiya,2024-03-08,03:54,340
SU9959,Rossiya,2024-11-18,04:58,200
SU1166,Azimuth,2024-08-15,21:45,147
SU4695,UTair,2024-07-17,22:50,338
SU453,Nordavia,2024-09-08,18:47,68
SU4807,UTair,2024-05-14,14:51,340
SU8083,Red Wings,2024-01-10,21:19,137
SU2264,Yakutia,2024-06-21,22:00,73
SU4558,S7 Airlines,2024-03-05,13:33,239
SU5156,Red Wings,2024-07-22,10:30,268
SU8298,Nordavia,2024-12-16,20:09,259
SU2984,Azimuth,2024-09-02,20:14,238
SU1530,UTair,2024-02-10,16:23,71
SU2358,Pobeda,2024-08-07,12:56,165
SU6065,S7 Airlines,2024-04-20,16:30,170
SU8085,S7 Airlines,2024-03-09,09:25,166
SU2917,Nordavia,2024-05-14,11:04,140
SU5635,UTair,2024-04-17,03:02,291
SU6847,UTair,2024-01-19,13:45,222
SU6410,S7 Airlines,2024-10-09,07:14,132
SU9704,Red Wings,2024-04-25,17:57,192
SU5773,Azimuth,2024-11-16,02:40,89
SU3310,Ural Airlines,2024-07-06,17:02,320
SU1388,S7 Airlines,2024-12-17,14:27,73
SU3113,Rossiya,2024-09-05,06:29,191
SU3308,Nordavia,2024-06-17,16:02,279
SU9820,Ural Airlines,2024-01-19,07:25,286
SU7709,Pobeda,2024-12-27,13:50,175
SU6914,Ural Airlines,2024-11-15,04:26,138
SU4659,Yakutia,2024-08-20,06:00,106
SU7090,Aeroflot,2024-08-01,22:00,54
SU8046,Ural Airlines,2024-11-05,16:39,344
SU1062,Nordavia,2024-12-01,16:16,214
SU1512,Aeroflot,2024-08-01,13:02,154
SU8576,Azimuth,2024-05-18,14:51,278
SU9530,S7 Airlines,2024-05-12,15:04,343
SU4519,Azimuth,2024-10-20,16:48,170
SU8872,Azimuth,2024-07-05,20:29,284
SU271,Azimuth,2024-05-18,15:47,71
SU3896,Rossiya,2024-04-08,03:55,133
SU7836,S7 Airlines,2024-01-05,07:22,139
SU7067,Ural Airlines,2024-03-25,12:53,231
SU7501,UTair,2024-12-18,11:25,332
SU8530,Nordavia,2024-12-13,02:09,188
SU3052,Nordavia,2024-01-28,04:38,329
SU935,Rossiya,2024-09-02,18:57,122
SU7408,Rossiya,2024-01-27,13:34,100
SU4103,Ural Airlines,2024-09-26,21:49,240
SU2493,Aeroflot,2024-11-16,22:37,281
SU4110,S7 Airlines,2024-02-03,17:19,58
SU4305,UTair,2024-08-26,21:43,297
SU4120,Rossiya,2024-05-15,04:41,294
SU6556,Rossiya,2024-10-05,11:05,311
SU9650,S7 Airlines,2024-04-13,10:43,348
SU6662,Pobeda,2024-12-01,12:12,332
SU7972,Rossiya,2024-11-17,09:32,266
SU1573,Nordavia,2024-02-06,10:31,309
SU6128,Azimuth,2024-12-22,14:04,213
SU8723,Pobeda,2024-03-06,19:39,88
SU2533,Nordavia,2024-06-28,17:51,58
SU5120,Ural Airlines,2024-11-21,05:07,203
SU5412,Ural Airlines,2024-08-25,12:24,126
SU4642,Nordavia,2024-08-25,09:40,178
SU9163,Azimuth,2024-01-24,13:16,236
SU5222,Azimuth,2024-03-28,01:57,160
SU8514,Yakutia,2024-02-26,04:35,98
SU3868,Rossiya,2024-01-24,03:37,284
SU3965,Red Wings,2024-03-12,02:34,147
SU2676,Azimuth,2024-03-03,22:52,192
SU1814,S7 Airlines,2024-03-26,19:32,176
SU9280,Pobeda,2024-09-20,14:25,58
SU227,Nordavia,2024-07-26,22:11,226
SU9750,Aeroflot,2024-01-26,17:08,170
SU3456,Azimuth,2024-05-19,20:19,337
SU1238,S7 Airlines,2024-10-27,23:30,92
SU5476,Ural Airlines,2024-11-12,20:02,66
SU1610,UTair,2024-02-24,16:29,156
SU4767,Azimuth,2024-12-07,11:35,340
SU6497,Rossiya,2024-09-27,10:01,225
SU3795,Rossiya,2024-10-02,16:49,64
SU9114,Yakutia,2024-11-21,04:43,291
SU5827,Ural Airlines,2024-12-03,20:30,297
SU2514,Ural Airlines,2024-04-11,01:54,306
SU8267,Aeroflot,2024-08-14,20:45,224
SU2928,UTair,2024-09-01,01:50,218
SU5384,Azimuth,2024-04-03,23:48,72
SU3006,Nordavia,2024-01-22,01:43,52
SU9539,Ural Airlines,2024-02-28,01:27,309
SU2661,Pobeda,2024-05-21,19:00,64
SU7008,Red Wings,2024-06-01,01:45,232
SU3920,UTair,2024-01-25,08:05,83
SU7163,Nordavia,2024-05-18,20:15,226
SU9255,Aeroflot,2024-04-26,13:36,68
SU351,S7 Airlines,2024-02-18,18:08,178
SU5331,S7 Airlines,2024-02-09,18:31,292
SU4459,S7 Airlines,2024-03-01,17:57,58
SU9000,Yakutia,2024-03-14,20:11,260
SU711,Azimuth,2024-07-07,02:51,254
SU9054,Pobeda,2024-07-15,18:56,120
SU5060,Pobeda,2024-06-05,17:58,297
SU7907,S7 Airlines,2024-09-06,19:11,69
SU9280,S7 Airlines,2024-02-04,07:12,251
SU5825,Ural Airlines,2024-01-07,16:00,213
SU198,Azimuth,2024-08-11,01:49,297
SU9942,Azimuth,2024-11-17,14:15,139
SU6020,Pobeda,2024-07-20,18:50,191
SU5993,Red Wings,2024-04-20,10:38,268
SU7961,Azimuth,2024-03-01,22:18,117
SU6550,Pobeda,2024-01-11,08:49,240
SU2873,Pobeda,2024-03-16,16:46,315
SU7838,UTair,2024-02-28,07:38,51
SU424,Ural Airlines,2024-11-09,08:23,209
SU4545,S7 Airlines,2024-08-02,17:35,306
SU3970,Yakutia,2024-08-15,14:22,58
SU8917,Red Wings,2024-07-10,22:06,195
SU2356,S7 Airlines,2024-06-05,15:14,135
SU1954,Red Wings,2024-11-03,13:55,292
SU8129,Yakutia,2024-02-27,04:48,99
SU5742,Red Wings,2024-05-04,14:38,88
SU4633,S7 Airlines,2024-06-05,16:22,263
SU2957,Rossiya,2024-11-26,18:41,275
SU6690,Yakutia,2024-03-16,03:27,199
SU7662,Pobeda,2024-10-06,07:28,113
SU4246,Red Wings,2024-08-11,21:03,264
SU2447,Pobeda,2024-08-08,11:27,242
SU7746,Pobeda,2024-08-18,06:12,50
SU640,Pobeda,2024-03-04,01:15,130
SU6211,Azimuth,2024-05-09,23:42,296
SU632,UTair,2024-07-07,19:17,55
SU6726,Yakutia,2024-03-15,14:37,198
SU9419,S7 Airlines,2024-02-21,18:23,71
SU674,UTair,2024-12-27,14:34,81
SU1995,Yakutia,2024-04-22,01:17,251
SU988,Red Wings,2024-07-13,07:03,57
SU5724,Ural Airlines,2024-09-07,23:47,142
SU9694,Yakutia,2024-02-06,06:20,296
SU9161,Yakutia,2024-11-28,10:00,194
SU2097,Pobeda,2024-06-19,23:35,83
SU3285,Rossiya,2024-11-20,15:39,274
SU951,Red Wings,2024-04-04,08:13,295
SU2066,Yakutia,2024-03-14,12:19,322
SU579,Ural Airlines,2024-08-28,02:04,214
SU1805,UTair,2024-10-06,10:22,177
SU8544,Nordavia,2024-11-26,02:27,242
SU7944,Pobeda,2024-03-20,06:45,336
SU4440,Pobeda,2024-10-09,04:01,172
SU7729,Nordavia,2024-09-18,11:13,333
SU1496,Red Wings,2024-05-16,05:17,246
SU2739,UTair,2024-12-12,13:24,205
SU6215,Nordavia,2024-01-09,22:30,338
SU6130,Ural Airlines,2024-02-19,17:26,331
SU1997,Aeroflot,2024-05-16,05:50,54
SU1952,Rossiya,2024-07-20,06:54,96
SU8748,S7 Airlines,2024-01-15,14:14,286
SU1094,UTair,2024-11-23,22:42,118
SU119,Yakutia,2024-03-02,21:59,204
SU2719,Aeroflot,2024-01-27,08:17,264
SU9904,Yakutia,2024-11-15,02:23,319
SU5659,Aeroflot,2024-06-16,07:19,267
SU9554,Azimuth,2024-03-02,03:28,205
SU7414,Ural Airlines,2024-11-23,16:35,134
SU8342,Aeroflot,2024-05-22,15:12,107
SU8874,S7 Airlines,2024-10-20,15:08,277
SU3131,Ural Airlines,2024-12-26,19:13,224
SU5967,Red Wings,2024-04-23,12:50,275
SU1991,Rossiya,2024-01-09,04:13,164
SU5521,UTair,2024-09-14,14:51,123
SU6088,Yakutia,2024-11-06,14:02,95
SU2853,Nordavia,2024-05-07,01:12,313
SU8999,Pobeda,2024-08-17,19:23,158
SU6961,Yakutia,2024-01-21,19:45,256
SU9227,Aeroflot,2024-04-12,03:43,93
SU5773,S7 Airlines,2024-01-05,13:06,222
SU3314,Ural Airlines,2024-07-26,00:51,162
SU695,Yakutia,2024-02-15,01:31,115
SU5157,UTair,2024-01-24,13:00,90
SU1391,S7 Airlines,2024-07-18,04:11,209
SU4952,Red Wings,2024-05-07,20:06,295
SU1508,Rossiya,2024-06-14,13:50,111
SU8767,S7 Airlines,2024-04-17,13:56,190
SU8673,Nordavia,2024-08-19,14:30,156
SU6484,Pobeda,2024-12-23,04:02,350
SU2349,S7 Airlines,2024-07-16,21:21,77
SU1378,Nordavia,2024-09-03,23:54,146
SU7860,Red Wings,2024-11-21,11:17,283
SU2230,Pobeda,2024-09-15,21:19,261
SU6455,Aeroflot,2024-07-25,01:18,244
SU1038,Red Wings,2024-10-03,22:15,182
SU6777,Pobeda,2024-06-20,00:41,50
SU3346,Rossiya,2024-04-21,02:58,129
SU8403,Azimuth,2024-01-27,02:20,320
SU315,Red Wings,2024-12-12,08:23,96
SU532,Red Wings,2024-01-26,03:27,283
SU786,Rossiya,2024-09-28,18:48,67
SU6970,Rossiya,2024-06-19,03:29,235
SU4033,Azimuth,2024-01-23,00:58,107
SU9584,Pobeda,2024-09-05,07:17,57
SU9820,Ural Airlines,2024-03-03,02:05,334
SU2965,S7 Airlines,2024-09-16,21:03,251
SU7575,Red Wings,2024-03-26,04:28,300
SU3594,Red Wings,2024-05-23,13:53,250
SU5925,Nordavia,2024-11-15,00:07,58
SU6551,UTair,2024-09-19,21:13,158
SU9707,Azimuth,2024-12-17,15:50,182
SU866,S7 Airlines,2024-06-01,07:58,191
SU122,Pobeda,2024-12-08,04:05,106
SU2140,Red Wings,2024-11-10,03:23,131
SU1793,Pobeda,2024-07-20,02:29,220
SU1019,Yakutia,2024-11-26,01:27,266
SU4740,Red Wings,2024-09-11,21:28,120
SU5717,Azimuth,2024-07-06,01:42,207
SU525,Pobeda,2024-04-12,18:13,270
SU4096,Red Wings,2024-11-12,23:50,109
SU484,Nordavia,2024-01-01,19:41,69
SU7233,Rossiya,2024-12-02,00:21,91
SU6369,UTair,2024-01-03,13:24,268
SU2925,UTair,2024-12-19,13:08,241
SU6955,Nordavia,2024-01-13,00:02,277
SU4911,Ural Airlines,2024-08-24,16:00,323
SU2620,Red Wings,2024-08-08,10:46,308
SU9334,Nordavia,2024-04-03,04:09,131
SU699,Ural Airlines,2024-09-13,13:48,348
SU4346,Rossiya,2024-11-18,06:18,267
SU1834,Red Wings,2024-01-20,15:24,288
SU9322,S7 Airlines,2024-10-27,00:05,105
SU7465,UTair,2024-12-04,00:14,185
SU8499,Ural Airlines,2024-02-10,15:27,314
SU7646,Azimuth,2024-12-13,16:54,126
SU5059,Azimuth,2024-06-23,20:17,72
SU5594,Pobeda,2024-09-07,00:21,340
SU6210,Aeroflot,2024-03-12,05:47,56
SU8731,Red Wings,2024-03-07,12:29,226
SU7699,S7 Airlines,2024-02-13,01:18,305
SU1840,S7 Airlines,2024-07-21,00:32,92
SU9159,Aeroflot,2024-12-20,23:35,100
SU2339,Yakutia,2024-10-02,05:34,72
SU200,Aeroflot,2024-06-18,04:32,235
SU6737,S7 Airlines,2024-01-17,22:19,234
SU3665,Yakutia,2024-07-17,08:31,231
SU9798,Nordavia,2024-09-11,05:17,184
SU2540,Pobeda,2024-03-08,10:59,218
SU532,Ural Airlines,2024-02-25,20:12,74
SU4333,Pobeda,2024-07-10,09:48,190
SU5913,Azimuth,2024-02-09,23:51,52
SU5493,UTair,2024-08-22,11:57,350
SU297,Ural Airlines,2024-10-15,13:56,57
SU6162,Pobeda,2024-06-08,05:37,233
SU9966,Aeroflot,2024-11-15,00:38,328
SU3228,Yakutia,2024-09-03,15:55,238
SU2704,Pobeda,2024-05-24,20:32,85
SU8709,Ural Airlines,2024-03-28,01:17,256
SU4234,S7 Airlines,2024-02-08,00:02,295
SU5738,S7 Airlines,2024-02-11,09:53,107
SU276,Pobeda,2024-05-17,09:50,302
SU1746,Yakutia,2024-03-19,12:23,226
SU3007,Azimuth,2024-01-26,21:33,194
SU1288,Rossiya,2024-09-20,07:05,331
SU5644,UTair,2024-10-11,12:41,57
SU6134,Aeroflot,2024-07-23,11:39,97
SU8320,Yakutia,2024-01-22,22:50,60
SU654,Nordavia,2024-08-14,11:31,93
SU5841,Pobeda,2024-10-18,18:16,315
SU8913,Ural Airlines,2024-09-27,07:08,107
SU5412,Red Wings,2024-02-15,22:41,341
SU3310,Azimuth,2024-09-24,03:41,339
SU4910,Ural Airlines,2024-04-27,02:56,333
SU4574,Rossiya,2024-06-21,20:46,240
SU7468,Pobeda,2024-04-16,03:40,262
SU4253,Ural Airlines,2024-07-16,15:08,141
SU8873,Red Wings,2024-11-12,09:51,303
SU4409,UTair,2024-12-02,01:15,135
SU2565,S7 Airlines,2024-10-14,14:08,69
SU5868,Nordavia,2024-07-12,08:48,123
SU8908,Aeroflot,2024-12-07,05:43,195
SU6881,Ural Airlines,2024-09-04,09:44,295
SU1687,Pobeda,2024-09-17,22:10,107
SU1806,S7 Airlines,2024-11-11,11:44,254
SU315,UTair,2024-01-16,02:54,110
SU2080,Pobeda,2024-12-02,14:34,70
SU3020,UTair,2024-12-03,19:23,225
SU5004,Nordavia,2024-07-26,19:27,156
SU6512,UTair,2024-09-18,18:24,260
SU5889,Ural Airlines,2024-07-10,22:46,312
SU7962,Ural Airlines,2024-07-22,20:25,57
SU7524,Yakutia,2024-06-19,13:41,211
SU1601,Ural Airlines,2024-01-07,13:53,165
SU8320,Rossiya,2024-04-23,12:37,67
SU5850,Ural Airlines,2024-05-05,22:40,227
SU7145,Nordavia,2024-11-14,02:45,83
SU2041,Nordavia,2024-05-19,12:11,87
SU4390,Aeroflot,2024-01-15,22:17,264
SU2440,Nordavia,2024-05-28,08:01,345
SU5585,Nordavia,2024-07-10,03:57,272
SU6300,S7 Airlines,2024-03-19,16:06,91
SU8550,Red Wings,2024-09-24,18:34,204
SU8828,Aeroflot,2024-10-22,07:34,244
SU9192,Rossiya,2024-02-09,19:19,297
SU3510,Rossiya,2024-07-08,03:40,209
SU4669,Nordavia,2024-03-21,18:18,281
SU7881,S7 Airlines,2024-05-21,21:58,257
SU3334,Pobeda,2024-05-02,08:51,341
SU9143,Aeroflot,2024-09-16,10:35,323
SU4982,UTair,2024-11-13,16:36,250
SU2988,Ural Airlines,2024-03-13,22:42,322
SU502,Azimuth,2024-06-19,18:09,292
SU8512,Pobeda,2024-02-18,02:16,225
SU9824,Azimuth,2024-10-09,07:03,301
SU4110,Ural Airlines,2024-05-25,04:28,80
SU2440,Pobeda,2024-05-24,01:50,274
SU209,Yakutia,2024-08-23,16:16,75
SU6515,Aeroflot,2024-03-21,05:03,280
SU6546,Red Wings,2024-08-11,19:17,64
SU7489,S7 Airlines,2024-05-08,01:07,333
SU3084,Aeroflot,2024-01-18,02:46,248
SU1283,Nordavia,2024-01-13,10:57,235
SU7183,S7 Airlines,2024-12-10,05:48,310
SU194,Azimuth,2024-09-27,05:58,95
SU9061,Azimuth,2024-08-25,20:27,176
SU5499,Yakutia,2024-01-23,23:45,237
SU1779,Ural Airlines,2024-09-07,21:02,327
SU1278,Yakutia,2024-08-24,23:05,179
SU8007,UTair,2024-12-05,14:39,71
SU6699,Aeroflot,2024-03-13,07:11,242
SU9143,Red Wings,2024-12-23,12:27,163
SU4611,Ural Airlines,2024-09-08,06:37,72
SU1845,Nordavia,2024-02-03,01:38,278
SU7981,Aeroflot,2024-07-14,11:31,170
SU8746,Azimuth,2024-09-23,16:35,161
SU8756,Red Wings,2024-05-04,18:17,165
SU9795,Pobeda,2024-08-12,05:18,270
SU3704,Azimuth,2024-11-27,11:10,339
SU6513,S7 Airlines,2024-04-22,18:28,276
SU5875,Azimuth,2024-09-11,17:38,247
SU5066,Yakutia,2024-08-27,08:14,236
SU4082,Azimuth,2024-09-13,00:53,171
SU8477,Aeroflot,2024-04-01,20:16,340
SU6724,Pobeda,2024-09-13,06:14,242
SU4935,Ural Airlines,2024-11-23,20:32,318
SU1815,UTair,2024-02-24,17:21,162
SU6634,UTair,2024-12-08,23:56,91
SU5193,Azimuth,2024-08-05,19:03,216
SU7526,Red Wings,2024-04-21,02:59,233
SU787,Azimuth,2024-01-07,16:43,251
SU4052,Rossiya,2024-06-26,13:59,66
SU7474,S7 Airlines,2024-08-09,15:01,290
SU9254,Nordavia,2024-02-10,23:00,232
SU3105,Yakutia,2024-09-24,19:46,94
SU3085,Red Wings,2024-08-12,18:27,180
SU5990,Rossiya,2024-02-27,23:36,186
SU8258,Nordavia,2024-04-09,07:01,328
SU8285,Pobeda,2024-10-19,21:10,311
SU313,Nordavia,2024-07-22,14:22,256
SU8728,Azimuth,2024-04-21,16:41,107
SU8441,Yakutia,2024-05-04,20:04,98
SU4149,Ural Airlines,2024-04-13,05:51,168
SU1762,Red Wings,2024-03-09,08:16,303
SU3645,S7 Airlines,2024-01-03,07:09,107
SU3261,Red Wings,2024-05-06,17:57,187
SU4966,Pobeda,2024-09-06,12:11,274
SU5097,UTair,2024-12-05,23:36,333
SU4704,Nordavia,2024-06-12,18:18,175
SU9349,Nordavia,2024-07-23,22:00,348
SU3462,Azimuth,2024-11-18,17:28,307
SU641,UTair,2024-09-25,22:49,204
SU1677,Ural Airlines,2024-12-02,02:09,130
SU9430,Rossiya,2024-06-03,13:54,103
SU7287,S7 Airlines,2024-10-25,00:29,103
SU9358,Aeroflot,2024-02-26,21:57,204
SU6503,S7 Airlines,2024-06-19,12:04,71
SU3658,Ural Airlines,2024-03-22,19:31,339
SU6180,UTair,2024-10-28,18:31,149
SU8423,UTair,2024-07-28,02:22,79
SU7221,S7 Airlines,2024-07-22,21:59,225
SU1164,S7 Airlines,2024-12-19,21:32,321
SU8695,Azimuth,2024-01-02,02:30,266
SU179,Ural Airlines,2024-04-28,03:52,281
SU2262,S7 Airlines,2024-09-12,00:36,270
SU396,Rossiya,2024-08-24,20:12,206
SU4058,Aeroflot,2024-08-23,12:38,158
SU6846,Azimuth,2024-08-24,21:00,189
SU230,S7 Airlines,2024-08-08,19:59,336
SU9846,Rossiya,2024-12-17,20:13,238
SU2706,S7 Airlines,2024-05-21,09:11,144
SU3026,S7 Airlines,2024-07-16,14:52,238
SU7284,Aeroflot,2024-09-04,15:40,87
SU6850,S7 Airlines,2024-06-08,15:40,171
SU9273,Aeroflot,2024-05-20,11:27,270
SU1964,Aeroflot,2024-10-28,22:40,171
SU7835,Ural Airlines,2024-12-14,06:11,213
SU7008,Rossiya,2024-10-18,00:54,186
SU1841,Pobeda,2024-11-06,18:08,100
SU1972,Rossiya,2024-11-28,01:31,61
SU4144,Red Wings,2024-02-11,07:13,220
SU3608,Aeroflot,2024-12-04,07:25,72
SU9183,Red Wings,2024-11-20,03:10,292
SU8315,Aeroflot,2024-07-20,22:46,244
SU122,Ural Airlines,2024-05-25,16:57,73
SU6933,UTair,2024-08-02,23:53,235
SU8658,Yakutia,2024-12-25,05:59,140
SU6630,Red Wings,2024-07-13,21:32,99
SU1542,Pobeda,2024-03-06,00:03,282
SU9347,S7 Airlines,2024-10-22,13:33,221
SU1111,Rossiya,2024-05-07,16:42,73
SU509,UTair,2024-04-19,13:39,99
SU8024,Aeroflot,2024-09-10,00:05,231
SU5607,Yakutia,2024-01-12,04:44,340
SU9611,Azimuth,2024-02-25,14:46,313
SU2818,Azimuth,2024-08-06,09:31,191
SU2790,Ural Airlines,2024-09-20,22:40,222
SU4491,S7 Airlines,2024-05-02,15:41,333
SU257,Rossiya,2024-11-01,03:27,332
SU7688,Ural Airlines,2024-11-24,11:00,203
SU9760,Aeroflot,2024-06-28,06:40,288
SU4382,Red Wings,2024-02-11,08:40,63
SU2979,Rossiya,2024-06-12,04:10,149
SU3400,Nordavia,2024-05-10,16:22,55
SU280,Yakutia,2024-02-26,03:19,93
SU1223,S7 Airlines,2024-08-16,07:04,265
SU5760,Azimuth,2024-12-09,18:43,258
SU852,Rossiya,2024-12-14,01:38,105
SU4070,Aeroflot,2024-04-14,16:54,233
SU7638,Pobeda,2024-02-02,04:14,147
SU4094,Red Wings,2024-06-26,17:48,272
SU464,Pobeda,2024-11-21,19:27,263
SU3798,Aeroflot,2024-11-13,05:26,273
SU7696,Pobeda,2024-04-15,21:34,344
SU3039,Aeroflot,2024-04-25,23:22,72
SU3179,Nordavia,2024-04-18,04:12,171
SU3851,Azimuth,2024-12-21,06:52,202
SU9633,Red Wings,2024-06-07,17:54,162
SU7958,Azimuth,2024-04-26,00:35,72
SU9945,Azimuth,2024-05-07,11:19,93
SU4411,Azimuth,2024-02-10,23:07,187
SU6271,Yakutia,2024-12-08,10:39,318
SU8475,Red Wings,2024-11-01,18:58,167
SU5606,Pobeda,2024-11-08,01:59,224
SU2257,Aeroflot,2024-09-18,06:12,206
SU2743,Ural Airlines,2024-12-07,22:27,143
SU4964,Ural Airlines,2024-09-18,21:18,298
SU2007,Red Wings,2024-05-07,02:15,155
SU2722,S7 Airlines,2024-12-13,00:13,306
SU5633,Azimuth,2024-04-07,02:00,124
SU3501,UTair,2024-09-05,21:49,72
SU6324,S7 Airlines,2024-09-24,18:17,144
SU5863,Azimuth,2024-10-08,23:59,238
SU1651,UTair,2024-05-25,10:21,250
SU275,Aeroflot,2024-11-26,04:02,201
SU616,S7 Airlines,2024-11-06,00:35,311
SU2136,Ural Airlines,2024-11-14,06:23,117
SU3909,Yakutia,2024-08-21,07:37,267
SU3581,Rossiya,2024-07-21,05:06,299
SU7339,Yakutia,2024-11-01,13:48,125
SU485,Pobeda,2024-06-14,02:37,323
SU3896,Azimuth,2024-06-26,15:28,72
SU4977,S7 Airlines,2024-08-18,13:14,58
SU9120,Red Wings,2024-11-28,10:16,284
SU3519,Rossiya,2024-06-18,09:26,128
SU5575,Pobeda,2024-10-10,11:27,128
SU7985,Yakutia,2024-06-17,05:41,78
SU8230,Rossiya,2024-08-03,05:24,273
SU7850,Pobeda,2024-07-28,12:59,198
SU7231,Rossiya,2024-05-26,21:52,283
SU477,Aeroflot,2024-05-23,16:17,271
SU8170,UTair,2024-11-28,14:49,294
SU3707,UTair,2024-12-15,06:08,238
SU744,Rossiya,2024-05-07,22:30,105
SU7579,Aeroflot,2024-04-03,17:30,141
SU631,UTair,2024-09-22,10:51,273
SU7014,Ural Airlines,2024-04-19,09:20,153
SU2626,UTair,2024-07-08,16:56,99
SU9464,Nordavia,2024-08-24,04:20,176
SU4785,Red Wings,2024-04-17,07:13,258
SU2443,S7 Airlines,2024-05-11,17:39,57
SU2428,Ural Airlines,2024-09-02,22:22,68
SU1868,Aeroflot,2024-08-07,07:37,86
SU5304,Ural Airlines,2024-11-18,17:58,239
SU3362,Red Wings,2024-05-04,23:05,241
SU6683,Nordavia,2024-10-26,05:05,144
SU3150,Aeroflot,2024-10-02,15:01,220
SU1870,Yakutia,2024-07-04,21:23,113
SU6801,UTair,2024-09-04,06:57,300
SU8282,UTair,2024-04-07,08:12,227
SU990,S7 Airlines,2024-09-17,22:52,157
SU8271,Pobeda,2024-12-16,07:30,69
SU2258,Aeroflot,2024-02-25,20:41,311
SU8182,Nordavia,2024-05-25,21:16,218
SU436,S7 Airlines,2024-03-26,13:13,240
SU1401,Pobeda,2024-11-06,04:21,293
SU5430,S7 Airlines,2024-06-01,16:32,307
SU7865,Aeroflot,2024-03-17,06:08,152
SU6636,S7 Airlines,2024-07-03,03:31,341
SU9302,Rossiya,2024-08-20,15:08,224
SU2416,UTair,2024-02-17,23:00,338
SU7482,S7 Airlines,2024-01-23,21:52,185
SU9908,Rossiya,2024-12-19,13:02,295
SU7933,Azimuth,2024-10-18,18:46,252
SU7498,Azimuth,2024-04-07,12:45,328
SU8561,UTair,2024-01-05,18:55,280
SU8390,S7 Airlines,2024-12-22,03:51,274
SU9514,UTair,2024-10-14,03:36,338
SU6333,Pobeda,2024-10-03,12:45,110
SU3354,Nordavia,2024-02-10,11:48,296
SU1624,UTair,2024-07-11,16:06,196
SU2547,Rossiya,2024-03-10,12:39,60
SU5448,UTair,2024-11-27,06:18,314
SU1546,S7 Airlines,2024-06-19,09:48,151
SU1394,Pobeda,2024-05-26,04:44,253
SU5986,UTair,2024-04-03,22:38,338
SU6575,Pobeda,2024-12-22,01:44,121
SU4327,Azimuth,2024-03-07,05:10,196
SU419,Pobeda,2024-06-16,23:43,286
SU8933,Rossiya,2024-11-12,09:17,213
SU5563,Azimuth,2024-04-26,01:26,128
SU4152,Aeroflot,2024-06-21,05:53,191
SU2545,Nordavia,2024-07-24,03:13,84
SU2831,Yakutia,2024-11-03,16:24,114
SU2559,Azimuth,2024-02-26,09:40,229
SU2828,Nordavia,2024-06-27,00:12,187
SU3402,UTair,2024-09-10,18:58,232
SU436,S7 Airlines,2024-06-15,21:20,310
SU5759,Nordavia,2024-11-21,05:53,265
SU5570,Rossiya,2024-11-12,16:27,227
SU4675,Pobeda,2024-05-19,15:15,299
SU1776,S7 Airlines,2024-05-04,03:26,265
SU1963,UTair,2024-06-25,09:03,198
SU2814,Red Wings,2024-05-21,07:16,144
SU2452,Nordavia,2024-08-16,21:19,324
SU5718,Nordavia,2024-06-07,17:25,216
SU4220,Nordavia,2024-10-13,06:44,135
SU3016,S7 Airlines,2024-09-04,12:00,99
SU4541,UTair,2024-10-03,10:37,82
SU8618,Red Wings,2024-02-28,01:34,67
SU8831,UTair,2024-09-15,14:03,179
SU3888,Aeroflot,2024-02-01,08:21,205
SU1933,S7 Airlines,2024-06-24,20:55,108
SU3619,UTair,2024-12-19,07:34,164
SU321,Nordavia,2024-11-09,03:24,125
SU638,Pobeda,2024-02-26,08:55,251
SU2603,UTair,2024-01-05,01:20,179
SU3109,Yakutia,2024-10-17,00:57,235
SU5700,Nordavia,2024-07-13,09:08,275
SU3315,Red Wings,2024-06-24,10:31,219
SU5089,Ural Airlines,2024-11-02,13:13,344
SU634,Pobeda,2024-01-02,08:11,193
SU4721,Azimuth,2024-02-06,02:42,332
SU5334,Yakutia,2024-05-09,23:28,128
SU7734,Yakutia,2024-04-18,02:15,317
SU3762,UTair,2024-12-19,19:03,346
SU6916,Red Wings,2024-09-09,18:06,334
SU9264,Ural Airlines,2024-07-25,16:25,110
SU6923,Nordavia,2024-01-19,17:09,247
SU6157,Azimuth,2024-12-11,19:44,335
SU9994,Azimuth,2024-02-09,14:51,57
SU9909,Red Wings,2024-02-01,08:07,70
SU7398,Yakutia,2024-11-18,06:46,137
SU8509,Ural Airlines,2024-06-01,21:21,185
SU1736,Rossiya,2024-05-19,04:18,58
SU9989,Yakutia,2024-06-07,14:08,330
SU1249,UTair,2024-03-28,00:14,309
SU8910,S7 Airlines,2024-01-01,00:40,166
SU2959,Red Wings,2024-11-21,12:29,62
SU8832,Ural Airlines,2024-09-24,02:17,121
SU159,Ural Airlines,2024-01-21,20:58,223
SU6680,Ural Airlines,2024-01-28,17:08,238
SU2554,Rossiya,2024-02-10,10:39,333
SU5631,Yakutia,2024-09-07,11:36,95
SU1228,S7 Airlines,2024-07-26,05:05,209
SU4343,Pobeda,2024-08-02,01:00,254
SU2582,Ural Airlines,2024-02-23,19:28,123
SU1121,S7 Airlines,2024-04-15,08:37,294
SU1917,Nordavia,2024-06-20,15:26,337
SU1007,Yakutia,2024-04-27,09:38,312
SU6330,Red Wings,2024-11-13,04:05,122
SU7899,UTair,2024-04-27,10:08,74
SU8966,Rossiya,2024-04-15,10:30,292
SU9943,Aeroflot,2024-11-09,21:27,275
SU5005,UTair,2024-12-05,20:54,98
SU4729,Ural Airlines,2024-04-10,08:15,127
SU6178,Red Wings,2024-02-08,19:45,221
SU8270,Azimuth,2024-07-16,00:50,332
SU3476,S7 Airlines,2024-11-02,03:05,247
SU219,Nordavia,2024-07-11,02:19,295
SU6337,Red Wings,2024-07-26,03:39,239
SU7058,Azimuth,2024-12-13,18:43,258
SU9834,Nordavia,2024-09-06,16:52,87
SU7257,Nordavia,2024-09-10,21:03,320
SU2856,Aeroflot,2024-06-11,10:10,135
SU4244,Pobeda,2024-02-04,13:14,321
SU5492,Aeroflot,2024-02-21,13:11,57
SU3218,Ural Airlines,2024-02-09,12:40,166
SU9637,Pobeda,2024-03-04,08:34,272
SU7308,Pobeda,2024-09-20,08:09,51
SU9799,Ural Airlines,2024-02-21,20:16,107
SU983,Yakutia,2024-12-19,14:10,119
SU2106,UTair,2024-10-10,14:58,136
SU7990,Aeroflot,2024-01-06,03:17,331
SU178,Red Wings,2024-09-19,02:11,120
SU3430,S7 Airlines,2024-05-27,09:17,308
SU3253,Azimuth,2024-11-23,08:58,149
SU5288,Red Wings,2024-11-04,14:17,186
SU6996,Rossiya,2024-08-16,05:39,102
SU7501,Azimuth,2024-11-01,16:03,97
SU489,Yakutia,2024-04-07,20:14,199
SU1021,Nordavia,2024-01-03,02:15,178
SU8678,S7 Airlines,2024-09-09,17:33,62
SU9866,Red Wings,2024-05-21,03:39,219
SU6507,Red Wings,2024-01-02,02:51,87
SU1007,Pobeda,2024-02-23,12:04,57
SU1280,Rossiya,2024-12-04,16:34,139
SU5336,Yakutia,2024-06-27,07:21,271
SU4896,Nordavia,2024-05-17,18:50,98
SU2314,Pobeda,2024-08-25,01:28,244
SU4253,Pobeda,2024-10-12,03:54,119
SU7813,Rossiya,2024-11-09,19:00,188
SU323,Pobeda,2024-11-17,12:12,107
SU3969,Pobeda,2024-03-02,16:06,245
SU6004,UTair,2024-12-19,06:06,287
SU5442,Yakutia,2024-03-09,07:39,280
SU3922,UTair,2024-04-05,22:12,140
SU6090,Red Wings,2024-01-21,10:35,155
SU2041,Yakutia,2024-01-13,17:23,170
SU2753,Aeroflot,2024-09-19,10:12,265
SU8924,Rossiya,2024-05-22,03:32,253
SU5660,Ural Airlines,2024-11-14,22:50,122
SU8134,Aeroflot,2024-02-24,05:40,70
SU9383,Nordavia,2024-09-16,09:35,290
SU4071,Ural Airlines,2024-06-09,20:19,296
SU2242,Aeroflot,2024-12-17,09:11,242
SU4972,Red Wings,2024-05-11,15:37,80
SU4810,UTair,2024-04-26,17:06,69
SU8643,UTair,2024-06-20,10:10,251
SU5420,Azimuth,2024-01-26,13:44,97
SU9266,Ural Airlines,2024-12-12,17:08,296
SU8326,Azimuth,2024-04-23,04:26,266
SU5505,Red Wings,2024-04-04,07:02,94
SU3687,Azimuth,2024-01-07,05:42,87
SU1332,S7 Airlines,2024-11-25,19:19,346
SU8508,Azimuth,2024-06-08,22:05,208
SU7177,Nordavia,2024-09-08,06:54,93
SU5539,Yakutia,2024-09-16,20:45,94
SU791,Rossiya,2024-05-13,17:55,125
SU6701,Yakutia,2024-07-04,20:45,246
SU7121,Yakutia,2024-01-23,13:26,267
SU400,Pobeda,2024-04-05,04:54,121
SU1652,Yakutia,2024-10-18,18:20,323
SU871,Pobeda,2024-11-09,07:20,145
SU3565,UTair,2024-04-20,13:20,293
SU6887,Azimuth,2024-01-10,12:16,82
SU3049,S7 Airlines,2024-08-20,21:09,238
SU4625,Ural Airlines,2024-06-07,11:26,310
SU9845,Aeroflot,2024-02-08,06:00,192
SU7403,UTair,2024-01-07,02:49,243
SU635,Red Wings,2024-01-04,18:22,339
SU5526,S7 Airlines,2024-08-23,15:31,289
SU8439,Pobeda,2024-05-27,18:09,104
SU5234,S7 Airlines,2024-05-05,03:03,109
SU1653,Rossiya,2024-03-15,07:33,65
SU7282,Yakutia,2024-03-07,23:22,312
SU360,Red Wings,2024-05-10,18:46,286
SU7681,Ural Airlines,2024-11-11,05:13,347
SU3443,UTair,2024-09-03,12:05,316
SU8794,Rossiya,2024-08-07,21:09,338
SU8625,Rossiya,2024-10-06,10:28,226
SU1692,Aeroflot,2024-12-13,07:18,331
SU5066,UTair,2024-03-07,17:44,271
SU4126,Ural Airlines,2024-03-04,20:16,332
SU7847,Rossiya,2024-01-17,01:15,239
SU4813,Nordavia,2024-01-17,10:47,285
SU4562,Aeroflot,2024-04-17,19:35,157
SU4437,S7 Airlines,2024-04-02,18:31,323
SU3644,UTair,2024-10-28,13:12,176
SU1404,Red Wings,2024-12-22,23:30,84
SU6252,Red Wings,2024-02-04,14:58,285
SU7001,Rossiya,2024-05-03,09:21,198
SU6436,Azimuth,2024-09-10,17:34,230
SU6129,Aeroflot,2024-01-09,23:58,260
SU8745,Nordavia,2024-06-16,22:15,229
SU9225,Red Wings,2024-05-20,23:32,159
SU9999,Azimuth,2024-11-08,07:00,173
SU7489,Aeroflot,2024-10-23,08:51,109
SU4842,UTair,2024-04-02,16:29,280
SU2432,Ural Airlines,2024-02-19,10:50,308
SU5010,Rossiya,2024-04-28,06:00,177
SU2987,Aeroflot,2024-05-03,18:19,73
SU3628,Red Wings,2024-03-18,07:55,275
SU6082,S7 Airlines,2024-02-27,04:58,308
SU2288,Aeroflot,2024-06-12,17:15,60
SU5679,Yakutia,2024-01-14,01:45,132
SU6329,Red Wings,2024-04-24,11:35,258
SU7432,Red Wings,2024-07-23,18:22,269
SU1139,Ural Airlines,2024-05-23,15:38,270
SU9877,Ural Airlines,2024-03-17,14:18,246
SU392,Rossiya,2024-07-23,05:40,53
SU339,S7 Airlines,2024-07-06,08:03,79
SU541,UTair,2024-02-20,19:12,251
SU2639,Nordavia,2024-02-20,05:14,74
SU988,Ural Airlines,2024-10-13,18:04,326
SU4433,Aeroflot,2024-09-08,10:49,136
SU6142,Pobeda,2024-03-24,12:50,164
SU546,Nordavia,2024-05-02,02:17,237
SU1065,Red Wings,2024-05-14,07:20,92
SU5552,S7 Airlines,2024-09-22,17:04,226
SU3479,Azimuth,2024-09-06,15:33,173
SU7817,Azimuth,2024-01-18,05:28,196
SU8257,UTair,2024-11-23,02:13,289
SU4554,Azimuth,2024-10-16,18:44,319
SU2284,S7 Airlines,2024-10-22,02:18,90
SU1829,Red Wings,2024-05-27,13:18,65
SU7452,Azimuth,2024-08-25,07:44,301
SU3919,Yakutia,2024-03-20,16:44,111
SU9663,Pobeda,2024-01-06,20:56,129
SU3856,UTair,2024-06-06,18:31,230
SU8750,Nordavia,2024-10-09,17:30,106
SU8068,Nordavia,2024-05-23,09:24,151
SU3238,Yakutia,2024-12-09,04:55,276
SU6617,Yakutia,2024-11-12,06:13,75
SU3358,Nordavia,2024-12-18,03:55,343
SU9674,Nordavia,2024-09-25,16:24,75
SU6769,Azimuth,2024-02-19,04:55,78
SU419,Aeroflot,2024-11-06,15:09,273
SU6941,UTair,2024-09-24,17:04,118
SU8620,Ural Airlines,2024-04-05,18:58,53
SU413,Azimuth,2024-10-18,10:06,251
SU9733,UTair,2024-04-14,00:07,225
SU7825,UTair,2024-05-18,06:54,345
SU5170,Aeroflot,2024-02-10,13:33,280
SU7569,Ural Airlines,2024-03-17,09:04,86
SU1256,Nordavia,2024-11-01,02:29,244
SU5194,Azimuth,2024-10-08,12:25,200
SU1424,Pobeda,2024-03-24,20:07,86
SU7807,Aeroflot,2024-01-28,05:35,148
SU9677,Yakutia,2024-11-23,09:18,309
SU6137,Azimuth,2024-05-20,04:50,218
SU1180,Yakutia,2024-01-22,10:39,296
SU617,Pobeda,2024-09-19,12:46,188
SU905,Azimuth,2024-03-16,16:33,83
SU9436,Aeroflot,2024-02-24,16:48,126
SU4641,Azimuth,2024-05-14,09:03,158
SU4263,Rossiya,2024-10-17,23:40,324
SU5477,Red Wings,2024-04-18,12:18,55
SU4553,Aeroflot,2024-05-03,18:00,219
SU1572,UTair,2024-08-15,05:04,72
SU8791,Yakutia,2024-10-03,21:59,249
SU5012,Pobeda,2024-07-09,17:56,313
SU1169,Red Wings,2024-08-19,02:36,270
SU691,Rossiya,2024-01-26,18:29,131
SU9184,Ural Airlines,2024-06-24,09:44,72
SU7377,Azimuth,2024-07-19,02:45,172
SU5321,Nordavia,2024-06-26,12:39,236
SU7207,Rossiya,2024-04-26,15:02,105
SU3805,Pobeda,2024-03-21,04:24,94
SU4890,Pobeda,2024-10-26,16:50,91
SU6139,Red Wings,2024-01-21,10:18,192
SU8106,Pobeda,2024-04-12,11:41,238
SU7089,Pobeda,2024-10-10,06:09,182
SU9183,Nordavia,2024-06-23,11:09,85
SU7527,Pobeda,2024-10-07,02:44,175
SU3492,Ural Airlines,2024-03-27,12:03,229
SU3917,Aeroflot,2024-05-25,13:38,181
SU5127,Red Wings,2024-09-15,20:29,315
SU5145,S7 Airlines,2024-03-20,05:56,239
SU7921,Rossiya,2024-08-04,14:36,309
SU1112,Rossiya,2024-06-28,07:37,178
SU543,Pobeda,2024-03-21,02:02,247
SU7886,Red Wings,2024-02-01,12:45,226
SU4733,Red Wings,2024-03-21,13:46,253
SU8562,Rossiya,2024-11-13,07:26,322
SU3705,Yakutia,2024-08-13,18:43,94
SU2664,Nordavia,2024-02-26,00:00,241
SU203,Red Wings,2024-01-09,04:39,56
SU4177,Nordavia,2024-09-20,11:52,293
SU8844,Pobeda,2024-02-04,09:24,86
SU2477,UTair,2024-04-06,17:40,181
SU4860,Red Wings,2024-06-02,07:10,165
SU693,Pobeda,2024-04-02,13:21,272
SU279,Ural Airlines,2024-04-03,16:15,148
SU3209,Nordavia,2024-01-27,00:05,263
SU8866,Rossiya,2024-06-09,20:53,53
SU1376,Yakutia,2024-06-27,06:46,258
SU8242,Nordavia,2024-05-15,19:47,302
SU1899,S7 Airlines,2024-03-14,22:32,139
SU7525,Red Wings,2024-08-13,09:41,132
SU6545,S7 Airlines,2024-01-22,20:31,238
SU1032,Yakutia,2024-12-04,03:42,98
SU2769,UTair,2024-09-15,15:09,299
SU8958,Yakutia,2024-09-04,17:59,121
SU5388,S7 Airlines,2024-03-03,14:33,113
SU8197,UTair,2024-03-09,14:37,316
SU7963,Red Wings,2024-01-01,00:18,157
SU9418,Pobeda,2024-03-26,18:41,302
SU5276,Pobeda,2024-12-08,06:54,143
SU2562,Rossiya,2024-11-13,18:46,51
SU1849,Nordavia,2024-04-04,19:38,244
SU3692,Ural Airlines,2024-06-28,18:03,216
SU3619,Aeroflot,2024-01-05,04:48,270
SU6082,UTair,2024-12-19,10:09,233
SU945,Red Wings,2024-12-25,13:53,249
SU2934,S7 Airlines,2024-01-28,22:21,329
SU8436,Red Wings,2024-03-22,04:51,114
SU8491,Ural Airlines,2024-09-09,18:32,192
SU5337,Yakutia,2024-12-25,05:43,65
SU2571,Ural Airlines,2024-01-13,12:00,50
SU6019,Rossiya,2024-10-02,08:13,181
SU514,Azimuth,2024-04-16,17:52,224
SU2196,Aeroflot,2024-03-08,18:46,332
SU5910,Ural Airlines,2024-09-18,05:40,228
SU8198,Rossiya,2024-08-27,20:46,324
SU1031,Rossiya,2024-02-17,02:37,330
SU7632,Yakutia,2024-02-28,01:58,180
SU5603,Pobeda,2024-02-16,10:17,212
SU1560,Nordavia,2024-02-07,00:43,182
SU9353,Azimuth,2024-02-09,09:01,266
SU9696,Aeroflot,2024-12-07,10:10,184
SU4646,Pobeda,2024-03-20,02:22,68
SU2274,S7 Airlines,2024-09-28,08:25,340
SU6948,Azimuth,2024-04-02,20:16,304
SU2258,S7 Airlines,2024-09-19,13:03,347
SU1303,Azimuth,2024-08-19,21:26,189
SU9256,S7 Airlines,2024-12-22,09:56,92
SU1744,Yakutia,2024-04-15,13:11,333
SU1904,Red Wings,2024-07-03,02:33,281
SU8330,UTair,2024-05-08,19:13,258
SU5170,Rossiya,2024-09-22,15:28,84
SU9365,Ural Airlines,2024-07-27,04:08,204
SU7714,Azimuth,2024-01-02,14:43,294
SU706,Nordavia,2024-01-22,18:04,174
SU3195,Pobeda,2024-11-27,22:57,75
SU4128,Red Wings,2024-07-10,20:55,115
SU8959,Ural Airlines,2024-01-15,07:41,55
SU3583,Rossiya,2024-03-24,18:43,335
SU9181,Pobeda,2024-05-01,22:09,265
SU7958,Nordavia,2024-12-01,16:40,118
SU3904,Red Wings,2024-06-01,09:15,286
SU609,UTair,2024-09-06,21:56,319
SU2554,Yakutia,2024-08-14,09:38,168
SU3878,Aeroflot,2024-04-01,14:25,154
SU4424,Red Wings,2024-12-22,07:37,182
SU2607,Yakutia,2024-11-10,17:32,331
SU1593,Azimuth,2024-12-11,05:38,120
SU5111,Ural Airlines,2024-10-18,22:46,313
SU9623,Ural Airlines,2024-03-25,08:30,133
SU9299,Rossiya,2024-04-03,16:17,77
SU9609,Ural Airlines,2024-07-28,04:09,71
SU1377,S7 Airlines,2024-08-27,20:47,279
SU4938,Aeroflot,2024-05-17,23:17,151
SU2411,Aeroflot,2024-12-21,21:59,151
SU8513,S7 Airlines,2024-08-25,13:27,335
SU7378,Red Wings,2024-04-06,22:56,184
SU7333,Ural Airlines,2024-02-05,11:19,72
SU524,UTair,2024-10-05,09:43,266
SU4372,Azimuth,2024-11-13,18:55,131
SU2333,Yakutia,2024-07-28,01:31,93
SU7180,UTair,2024-10-15,19:09,207
SU2817,Yakutia,2024-11-20,21:15,154
SU6965,Azimuth,2024-08-09,02:44,344
SU3443,Yakutia,2024-01-11,22:22,316
SU8856,Ural Airlines,2024-12-13,22:00,305
SU2973,Pobeda,2024-05-20,10:39,272
SU1807,Ural Airlines,2024-06-22,18:32,186
SU6404,Yakutia,2024-05-13,04:59,194
SU7150,Nordavia,2024-10-27,21:27,216
SU4619,Azimuth,2024-11-14,09:06,51
SU4502,Rossiya,2024-10-10,01:30,154
SU2844,Red Wings,2024-02-12,20:14,178
SU6142,UTair,2024-05-23,19:28,277
SU228,Pobeda,2024-04-24,16:21,248
SU4636,Rossiya,2024-04-08,23:25,200
SU2204,UTair,2024-06-17,22:57,283
SU8574,Ural Airlines,2024-10-07,02:59,247
SU7080,Ural Airlines,2024-07-02,18:17,340
SU8624,Azimuth,2024-12-25,12:52,345
SU3567,Aeroflot,2024-10-05,06:09,221
SU7212,Nordavia,2024-11-02,05:33,148
SU4089,Pobeda,2024-06-20,05:03,127
SU2441,Pobeda,2024-02-17,14:13,276
SU1513,Ural Airlines,2024-10-28,22:24,192
SU5003,Ural Airlines,2024-04-13,10:26,171
SU1517,Nordavia,2024-07-22,23:02,173
SU7141,Aeroflot,2024-04-06,11:21,54
SU227,Azimuth,2024-11-01,13:08,218
SU6208,Yakutia,2024-01-13,16:24,61
SU6184,Yakutia,2024-10-01,13:18,149
SU9541,Yakutia,2024-04-22,07:22,148
SU9857,Ural Airlines,2024-11-27,08:37,130
SU9957,Yakutia,2024-07-24,21:21,207
SU1343,S7 Airlines,2024-03-19,23:27,188
SU4049,UTair,2024-06-03,20:28,350
SU6696,Rossiya,2024-06-09,18:56,248
SU8697,Nordavia,2024-06-25,03:03,125
SU6754,Rossiya,2024-11-13,05:22,70
SU4799,S7 Airlines,2024-08-11,00:18,175
SU9657,Azimuth,2024-08-08,05:47,152
SU3869,Rossiya,2024-02-24,23:44,157
SU2446,Ural Airlines,2024-03-04,02:02,222
SU6747,Aeroflot,2024-11-07,06:06,323
SU477,Red Wings,2024-11-21,05:09,259
SU7510,Azimuth,2024-06-10,22:30,200
SU6422,Pobeda,2024-02-23,01:47,107
SU8056,Ural Airlines,2024-04-04,13:48,65
SU1329,Yakutia,2024-07-02,10:10,283
SU9879,Azimuth,2024-10-27,19:37,243
SU2571,Azimuth,2024-08-02,16:09,179
SU3644,Rossiya,2024-07-02,09:46,207
SU6317,Yakutia,2024-04-01,23:53,59
SU3895,Aeroflot,2024-04-27,22:56,262
SU2934,Yakutia,2024-12-11,02:38,227
SU9303,Pobeda,2024-05-24,22:08,279
SU2567,Nordavia,2024-02-02,03:03,163
SU4098,Aeroflot,2024-03-02,22:34,61
SU6359,Ural Airlines,2024-05-21,01:18,285
SU6801,Ural Airlines,2024-06-05,19:10,167
SU940,S7 Airlines,2024-09-12,06:57,174
SU420,Ural Airlines,2024-03-28,21:59,251
SU8451,Rossiya,2024-02-20,17:24,285
SU9848,Nordavia,2024-06-13,09:57,123
SU662,Ural Airlines,2024-12-01,20:11,102
SU9170,Ural Airlines,2024-01-20,13:37,107
SU8224,Rossiya,2024-06-13,13:18,185
SU2759,Yakutia,2024-01-03,15:40,195
SU7001,Azimuth,2024-04-13,06:41,174
SU2356,S7 Airlines,2024-05-02,11:56,319
SU1694,S7 Airlines,2024-08-27,10:36,131
SU335,UTair,2024-01-19,06:25,64
SU286,UTair,2024-02-13,22:41,186
SU3885,Rossiya,2024-03-03,20:44,266
SU4152,Pobeda,2024-03-21,13:49,176
SU8773,Pobeda,2024-04-19,09:28,287
SU9148,Ural Airlines,2024-01-01,18:23,256
SU6294,S7 Airlines,2024-03-26,06:42,289
SU5008,Red Wings,2024-12-22,09:21,93
SU3857,S7 Airlines,2024-02-25,06:30,53
SU7158,Yakutia,2024-02-20,15:52,234
SU7186,Ural Airlines,2024-09-23,05:28,197
SU3000,Yakutia,2024-08-18,20:30,301
SU8429,Red Wings,2024-08-01,23:46,68
SU1805,Azimuth,2024-02-01,14:50,225
SU2196,Rossiya,2024-07-15,06:36,258
SU954,Pobeda,2024-12-27,17:15,285
SU8436,Yakutia,2024-11-13,18:33,233
SU319,Pobeda,2024-08-12,20:28,217
SU3598,S7 Airlines,2024-08-19,20:15,240
SU9767,Azimuth,2024-07-22,14:47,284
SU1308,UTair,2024-08-18,10:01,195
SU7614,Ural Airlines,2024-06-14,05:18,302
SU8631,UTair,2024-09-26,14:33,292
SU5000,Pobeda,2024-06-05,21:56,256
SU7203,S7 Airlines,2024-01-03,13:59,263
SU5562,Rossiya,2024-04-09,02:46,279
SU1499,Nordavia,2024-11-09,01:48,72
SU131,Yakutia,2024-01-19,14:11,156
SU6635,Rossiya,2024-09-15,15:49,90
SU1482,Yakutia,2024-04-23,04:09,192
SU6105,Nordavia,2024-01-10,21:45,320
SU3476,Nordavia,2024-09-09,10:57,126
SU525,Rossiya,2024-04-16,20:23,174
SU719,Ural Airlines,2024-04-16,11:02,133
SU3200,Yakutia,2024-12-15,11:43,117
SU3676,Red Wings,2024-03-21,06:57,97
SU6485,Ural Airlines,2024-09-28,16:42,321
SU6042,Rossiya,2024-12-21,19:08,319
SU1923,Yakutia,2024-10-27,23:15,67
SU3968,Pobeda,2024-12-28,19:36,132
SU6782,S7 Airlines,2024-12-27,13:45,71
SU5637,Rossiya,2024-11-09,12:57,181
SU1071,Red Wings,2024-11-28,09:04,340
SU1573,Azimuth,2024-04-01,01:34,171
SU9877,UTair,2024-03-24,16:24,85
SU336,Ural Airlines,2024-05-28,20:01,348
SU1650,S7 Airlines,2024-08-04,10:26,102
SU5304,S7 Airlines,2024-11-09,17:07,111
SU8156,Nordavia,2024-07-19,03:27,54
SU8665,Nordavia,2024-01-11,15:06,104
SU7203,Yakutia,2024-04-12,00:23,79
SU8239,Aeroflot,2024-11-23,12:08,217
SU3272,Ural Airlines,2024-12-08,21:49,79
SU3916,Azimuth,2024-03-18,15:42,211
SU5806,Aeroflot,2024-06-26,09:59,222
SU5280,Yakutia,2024-10-20,17:26,281
SU3487,Pobeda,2024-03-20,21:46,77
SU7375,Yakutia,2024-07-14,11:36,101
SU4657,Nordavia,2024-02-28,21:42,238
SU2341,S7 Airlines,2024-12-14,17:53,190
SU9934,Nordavia,2024-10-11,17:20,122
SU5635,Red Wings,2024-05-07,12:41,342
SU1514,UTair,2024-07-23,13:50,108
SU1835,Pobeda,2024-09-16,22:53,141
SU7790,Nordavia,2024-01-01,12:54,157
SU4008,UTair,2024-11-05,00:12,309
SU6307,Ural Airlines,2024-05-11,08:21,66
SU9071,Yakutia,2024-01-04,12:55,245
SU2499,S7 Airlines,2024-01-23,12:03,342
SU7870,Rossiya,2024-11-24,04:58,95
SU3045,Rossiya,2024-02-13,23:33,291
SU141,Aeroflot,2024-11-14,09:28,72
SU8923,S7 Airlines,2024-10-22,19:49,285
SU8522,Ural Airlines,2024-08-08,08:45,176
SU6386,Pobeda,2024-01-23,19:59,113
SU5689,Pobeda,2024-11-17,14:09,318
SU3240,Pobeda,2024-01-15,08:23,237
SU1617,S7 Airlines,2024-04-24,10:22,151
SU9418,UTair,2024-09-14,15:00,307
SU5511,Aeroflot,2024-12-26,11:05,236
SU3249,Rossiya,2024-08-26,02:35,120
SU6403,UTair,2024-11-24,03:30,296
SU1575,Aeroflot,2024-09-25,10:24,253
SU3173,Yakutia,2024-01-21,20:03,292
SU9461,S7 Airlines,2024-06-02,15:44,86
SU6351,Aeroflot,2024-04-10,22:52,205
SU6605,Azimuth,2024-09-07,00:57,224
SU2639,Aeroflot,2024-11-12,12:33,164
SU8432,Ural Airlines,2024-10-19,03:47,178
SU4822,S7 Airlines,2024-06-17,03:34,339
SU1076,UTair,2024-08-27,14:25,270
SU8769,Red Wings,2024-04-08,00:57,128
SU6779,Azimuth,2024-03-08,06:36,273
SU1738,UTair,2024-04-02,05:02,180
SU3499,S7 Airlines,2024-03-26,19:30,327
SU6104,Rossiya,2024-01-02,13:01,161
SU463,Azimuth,2024-12-04,14:14,66
SU7405,S7 Airlines,2024-08-25,16:49,238
SU7876,Pobeda,2024-12-06,17:01,241
SU2607,Pobeda,2024-01-21,04:29,218
SU3754,Rossiya,2024-04-02,12:51,184
SU8967,Rossiya,2024-06-03,20:09,322
SU4513,Yakutia,2024-09-15,07:33,337
SU5169,Nordavia,2024-07-06,21:09,248
SU2319,Pobeda,2024-07-20,03:13,112
SU3047,Azimuth,2024-12-24,11:05,225
SU9762,S7 Airlines,2024-01-02,07:09,152
SU3047,UTair,2024-11-28,08:31,161
SU8714,Azimuth,2024-05-21,08:58,101
SU5605,Aeroflot,2024-02-05,13:05,282
SU2591,S7 Airlines,2024-09-03,20:36,209
SU6269,Red Wings,2024-06-08,15:19,55
SU723,Red Wings,2024-06-13,07:53,153
SU1874,Aeroflot,2024-09-10,10:39,64
SU3989,Rossiya,2024-03-23,15:20,273
SU1163,Aeroflot,2024-01-17,15:28,76
SU3072,Pobeda,2024-09-11,20:33,62
SU417,Red Wings,2024-11-02,05:00,157
SU6474,Nordavia,2024-04-20,02:50,307
SU4835,UTair,2024-10-11,01:10,198
SU1976,Rossiya,2024-01-28,21:38,100
SU7391,Ural Airlines,2024-04-18,22:17,74
SU6509,Nordavia,2024-01-02,08:53,203
SU2726,Rossiya,2024-09-17,13:03,64
SU4163,Pobeda,2024-05-20,21:02,307
SU3092,Yakutia,2024-07-03,02:49,110
SU9633,Nordavia,2024-07-22,19:10,93
SU3823,Azimuth,2024-02-11,12:40,285
SU1140,Rossiya,2024-01-16,12:47,204
SU2826,Aeroflot,2024-12-07,22:57,69
SU2304,Pobeda,2024-12-28,02:54,314
SU2232,S7 Airlines,2024-04-02,17:34,234
SU3105,Nordavia,2024-04-21,13:50,138
SU1864,Red Wings,2024-09-05,05:17,278
SU1579,Red Wings,2024-10-03,17:11,202
SU2466,Pobeda,2024-02-03,10:53,168
SU1398,Azimuth,2024-10-06,15:11,275
SU9587,Azimuth,2024-08-14,13:40,322
SU7215,Aeroflot,2024-07-03,14:08,338
SU4765,Nordavia,2024-09-26,00:06,346
SU6523,Ural Airlines,2024-05-02,04:32,282
SU6231,Red Wings,2024-03-13,22:17,293
SU3058,Rossiya,2024-03-02,11:17,131
SU6660,Azimuth,2024-10-06,15:15,238
SU8136,UTair,2024-05-19,12:23,218
SU8966,Rossiya,2024-09-01,23:01,303
SU5292,Red Wings,2024-04-13,16:27,303
SU2436,Ural Airlines,2024-06-05,18:05,321
SU4981,Ural Airlines,2024-10-19,01:06,267
SU4114,Red Wings,2024-02-07,08:45,256
SU121,S7 Airlines,2024-06-28,18:36,233
SU2106,Ural Airlines,2024-11-13,21:53,290
SU2629,Aeroflot,2024-10-16,13:13,138
SU5902,Pobeda,2024-11-03,22:57,212
SU3164,Rossiya,2024-11-26,23:21,255
SU6047,Ural Airlines,2024-01-05,22:59,55
SU6322,Rossiya,2024-10-22,07:14,137
SU6147,Nordavia,2024-02-12,01:29,210
SU6121,Azimuth,2024-01-28,21:10,287
SU1166,Azimuth,2024-02-28,15:31,91
SU2598,UTair,2024-12-13,06:03,180
SU3096,Azimuth,2024-11-18,21:38,175
SU2980,Aeroflot,2024-07-22,20:03,210
SU5046,UTair,2024-11-18,00:40,250
SU2035,Nordavia,2024-03-05,17:59,160
SU1224,Red Wings,2024-08-13,03:24,50
SU9285,UTair,2024-09-04,13:56,176
SU3926,Pobeda,2024-01-27,00:28,188
SU5734,Red Wings,2024-01-12,03:17,209
SU3569,Pobeda,2024-06-22,16:52,270
SU5898,Red Wings,2024-12-20,13:26,159
SU9350,Aeroflot,2024-08-26,05:56,119
SU3038,Nordavia,2024-02-19,20:14,94
SU4443,UTair,2024-07-19,13:56,177
SU9449,UTair,2024-06-21,20:27,125
SU6762,Pobeda,2024-10-19,13:35,148
SU349,Pobeda,2024-07-24,04:27,236
SU9549,Red Wings,2024-02-23,18:28,262
SU2659,UTair,2024-08-07,20:16,116
SU4159,Azimuth,2024-06-15,08:33,166
SU4834,S7 Airlines,2024-05-09,10:03,191
SU4068,Yakutia,2024-01-09,05:07,270
SU2833,Nordavia,2024-04-15,17:17,302
SU8514,Nordavia,2024-11-03,05:39,123
SU4994,Aeroflot,2024-11-05,11:24,257
SU6209,Ural Airlines,2024-08-05,13:53,191
SU978,Ural Airlines,2024-12-05,18:26,280
SU4781,Red Wings,2024-07-14,16:47,80
SU4780,Ural Airlines,2024-04-15,07:55,161
SU8777,Ural Airlines,2024-01-28,21:11,85
SU4114,Rossiya,2024-11-12,18:00,202
SU4060,Nordavia,2024-06-19,14:43,230
SU2873,Aeroflot,2024-03-28,01:04,262
SU7681,Nordavia,2024-03-02,03:44,153
SU2984,Aeroflot,2024-08-19,11:55,132
SU1059,Ural Airlines,2024-03-13,05:44,290
SU3210,Aeroflot,2024-03-23,18:38,251
SU877,Rossiya,2024-01-09,21:17,133
SU7153,Pobeda,2024-06-26,14:38,61
SU5848,Aeroflot,2024-07-07,21:44,268
SU6656,Aeroflot,2024-01-27,07:51,270
SU209,UTair,2024-08-13,02:39,63
SU1254,Red Wings,2024-06-23,00:21,144
SU5482,Yakutia,2024-07-19,08:58,128
SU5556,Yakutia,2024-02-23,19:34,202
SU102,Red Wings,2024-04-20,14:54,197
SU3297,Azimuth,2024-02-22,08:50,107
SU3611,Nordavia,2024-02-12,12:55,121
SU8894,Rossiya,2024-03-19,01:48,348
SU9685,Red Wings,2024-08-18,12:19,292
SU2273,Rossiya,2024-09-20,13:12,169
SU318,UTair,2024-08-06,02:45,134
SU2138,Red Wings,2024-01-21,06:17,142
SU8065,UTair,2024-12-15,18:15,84
SU9160,Yakutia,2024-12-20,03:06,186
SU6739,Rossiya,2024-07-27,20:23,206
SU8840,Aeroflot,2024-01-21,10:27,219
SU197,Azimuth,2024-05-25,08:44,247
SU4475,UTair,2024-09-21,06:59,321
SU9548,Ural Airlines,2024-04-05,18:45,130
SU2997,Yakutia,2024-01-16,19:53,222
SU1721,Azimuth,2024-10-07,00:04,285
SU8301,Rossiya,2024-02-17,20:02,83
SU6561,Pobeda,2024-07-28,05:12,347
SU2930,S7 Airlines,2024-01-04,11:39,168
SU8887,Azimuth,2024-12-17,22:02,327
SU2360,Rossiya,2024-03-28,02:07,305
SU9683,Red Wings,2024-09-10,09:43,245
SU6573,Rossiya,2024-06-06,05:53,161
SU3246,Yakutia,2024-07-17,04:20,127
SU5998,Red Wings,2024-04-04,17:03,242
SU3214,Nordavia,2024-09-07,16:18,93
SU2207,S7 Airlines,2024-02-13,12:03,69
SU1441,Azimuth,2024-09-19,15:51,241
SU3832,Nordavia,2024-07-13,17:44,221
SU5605,Yakutia,2024-08-14,12:55,50
SU4404,Aeroflot,2024-10-13,08:21,244
SU6517,UTair,2024-03-04,20:12,53
SU7535,UTair,2024-07-25,09:33,92
SU2404,S7 Airlines,2024-12-13,11:48,324
SU7436,Azimuth,2024-07-12,04:02,271
