flightNumber,airline,arrivalDate,arrivalTime,passengers
SU2546,Pobeda,2024-12-26,17:00,317
SU5595,Ural Airlines,2024-06-13,13:47,198
SU7749,Pobeda,2024-08-26,11:16,111
SU8624,Azimuth,2024-07-26,01:44,165
SU4799,Ural Airlines,2024-02-05,03:34,260
SU2504,S7 Airlines,2024-01-24,00:57,53
SU2657,Ural Airlines,2024-07-25,01:59,155
SU2025,Pobeda,2024-07-19,19:06,137
SU6587,Yakutia,2024-11-18,03:16,152
SU7843,Rossiya,2024-08-14,09:42,147
SU5278,Yakutia,2024-05-22,17:08,54
SU6381,Red Wings,2024-03-09,12:43,126
SU4746,Pobeda,2024-11-16,18:16,237
SU4672,Nordavia,2024-06-16,14:53,143
SU4623,UTair,2024-06-14,17:19,163
SU5133,S7 Airlines,2024-10-16,12:51,260
SU5504,Pobeda,2024-07-27,22:41,55
SU9168,Nordavia,2024-09-20,03:55,333
SU3498,Nordavia,2024-11-09,09:40,136
SU1482,Nordavia,2024-06-01,07:40,332
SU7005,S7 Airlines,2024-12-21,22:10,340
SU8876,UTair,2024-09-02,23:14,188
SU7510,Azimuth,2024-11-10,11:20,141
SU7430,Rossiya,2024-01-11,07:13,118
SU6833,Pobeda,2024-03-07,14:57,121
SU3814,Aeroflot,2024-10-17,18:23,285
SU1419,Aeroflot,2024-11-15,15:49,158
SU2385,S7 Airlines,2024-03-19,05:06,204
SU3717,Pobeda,2024-06-01,11:11,293
SU2520,Azimuth,2024-11-04,11:42,209
SU5897,Rossiya,2024-09-06,15:39,91
SU4679,Aeroflot,2024-01-26,01:03,269
SU2271,Ural Airlines,2024-08-09,16:43,88
SU4678,UTair,2024-07-04,07:51,55
SU8635,Aeroflot,2024-01-13,19:57,162
SU967,Red Wings,2024-04-06,13:58,345
SU4892,Pobeda,2024-03-21,22:07,271
SU701,Yakutia,2024-09-20,08:53,227
SU3808,S7 Airlines,2024-05-03,11:20,193
SU6097,Aeroflot,2024-01-24,19:39,213
SU1749,Ural Airlines,2024-05-04,17:54,139
SU1372,UTair,2024-05-02,07:53,221
SU9925,Aeroflot,2024-04-09,00:54,60
SU6506,Red Wings,2024-08-17,02:34,122
SU5442,S7 Airlines,2024-11-01,00:20,215
SU2598,UTair,2024-08-13,13:14,325
SU8560,Nordavia,2024-12-17,17:54,208
SU9382,S7 Airlines,2024-04-16,19:39,147
SU2965,Rossiya,2024-11-01,14:29,271
SU4099,Aeroflot,2024-04-14,08:07,123
SU3210,Pobeda,2024-08-24,04:21,316
SU334,UTair,2024-04-25,20:13,188
SU3256,Yakutia,2024-03-09,21:55,65
SU3118,Aeroflot,2024-10-23,13:11,215
SU6857,Rossiya,2024-02-19,04:00,225
SU6052,Aeroflot,2024-10-28,05:56,145
SU6810,Azimuth,2024-05-14,18:21,94
SU3772,Rossiya,2024-11-12,14:41,59
SU1249,S7 Airlines,2024-12-01,15:12,87
SU3489,Red Wings,2024-12-17,07:11,260
SU6434,UTair,2024-12-13,16:08,190
SU9988,Red Wings,2024-08-13,11:19,248
SU7206,Aeroflot,2024-11-07,22:28,293
SU9039,Yakutia,2024-07-13,17:34,329
SU9870,Azimuth,2024-02-11,06:33,203
SU5233,Nordavia,2024-07-12,09:58,97
SU2643,Yakutia,2024-11-03,18:55,164
SU3317,Aeroflot,2024-12-25,09:48,313
SU4873,Pobeda,2024-03-15,23:53,64
SU6643,Rossiya,2024-06-28,21:24,251
SU3809,Aeroflot,2024-05-20,01:44,101
SU5909,Red Wings,2024-10-03,20:44,198
SU737,Aeroflot,2024-08-10,20:46,214
SU2295,Yakutia,2024-05-24,21:45,174
SU4350,Yakutia,2024-12-04,11:54,294
SU6317,S7 Airlines,2024-04-12,12:20,205
SU3525,Azimuth,2024-02-22,21:54,118
SU7943,Rossiya,2024-10-25,11:47,309
SU4661,Nordavia,2024-12-20,22:11,235
SU2278,UTair,2024-04-19,23:49,61
SU2779,Aeroflot,2024-08-22,10:49,284
SU8249,Yakutia,2024-11-23,17:46,221
SU276,Ural Airlines,2024-06-14,21:49,349
SU9755,Nordavia,2024-10-11,04:58,97
SU9581,UTair,2024-06-09,00:21,71
SU7531,Yakutia,2024-12-11,14:41,267
SU8305,Azimuth,2024-01-09,21:45,275
SU2080,Ural Airlines,2024-04-19,13:08,251
SU7673,Azimuth,2024-01-14,03:43,170
SU7601,Ural Airlines,2024-09-23,07:26,182
SU9267,Yakutia,2024-11-17,19:33,151
SU2969,Yakutia,2024-04-28,23:20,238
SU4058,S7 Airlines,2024-09-24,20:22,269
SU8583,Nordavia,2024-10-19,09:44,335
SU906,Aeroflot,2024-04-04,04:47,313
SU2923,Red Wings,2024-07-13,19:26,225
SU5226,Aeroflot,2024-03-25,16:19,278
SU6398,Nordavia,2024-04-25,04:52,140
SU5053,Nordavia,2024-11-07,14:12,285
SU2351,UTair,2024-01-01,11:55,260
SU2677,Pobeda,2024-01-15,19:44,342
SU8676,S7 Airlines,2024-03-16,18:24,198
SU1078,Red Wings,2024-02-17,06:30,254
SU9167,Red Wings,2024-02-03,17:11,136
SU9276,Rossiya,2024-08-05,12:53,90
SU3732,Ural Airlines,2024-02-13,21:38,51
SU6525,UTair,2024-04-01,03:38,109
SU7688,Azimuth,2024-07-10,01:40,142
SU6724,Ural Airlines,2024-12-25,20:01,131
SU1382,Nordavia,2024-07-17,17:06,329
SU5371,Nordavia,2024-02-24,08:50,54
SU1196,Nordavia,2024-09-12,21:34,153
SU672,Pobeda,2024-01-07,06:27,329
SU7849,S7 Airlines,2024-01-28,18:45,115
SU9570,S7 Airlines,2024-12-15,23:33,92
SU9219,Nordavia,2024-07-09,18:44,194
SU9379,Red Wings,2024-11-10,22:59,340
SU6384,Azimuth,2024-07-21,17:22,304
SU4883,Yakutia,2024-02-02,20:29,114
SU6770,Aeroflot,2024-12-23,11:48,109
SU4432,Nordavia,2024-07-03,08:24,163
SU850,UTair,2024-09-24,07:44,63
SU2288,Azimuth,2024-02-22,17:56,257
SU795,Red Wings,2024-02-27,17:00,81
SU2466,Nordavia,2024-02-19,20:00,57
SU2477,Azimuth,2024-09-01,03:39,147
SU7210,Yakutia,2024-12-13,12:59,293
SU8649,Rossiya,2024-10-16,09:21,102
SU8038,Yakutia,2024-11-03,07:29,168
SU7809,Rossiya,2024-09-25,18:58,155
SU7738,Nordavia,2024-03-16,10:01,305
SU3431,S7 Airlines,2024-07-22,20:11,328
SU752,UTair,2024-12-23,06:45,233
SU3592,Azimuth,2024-03-27,18:00,59
SU7312,Pobeda,2024-06-01,19:36,227
SU2156,UTair,2024-08-14,19:00,161
SU344,Azimuth,2024-11-24,16:24,87
SU809,Pobeda,2024-09-18,07:33,290
SU1644,Ural Airlines,2024-12-28,22:31,223
SU4610,Aeroflot,2024-03-25,23:19,153
SU921,Pobeda,2024-01-16,06:45,286
SU8636,Aeroflot,2024-03-19,03:08,122
SU8719,Azimuth,2024-03-12,23:04,337
SU3762,S7 Airlines,2024-05-28,18:25,246
SU3072,UTair,2024-04-25,21:14,349
SU9872,Nordavia,2024-07-20,13:24,131
SU7632,Red Wings,2024-03-18,09:41,136
SU3634,Rossiya,2024-04-21,19:09,248
SU8342,Aeroflot,2024-04-27,12:07,81
SU6888,Aeroflot,2024-02-26,09:21,148
SU8348,Ural Airlines,2024-10-04,22:45,51
SU3447,Yakutia,2024-05-22,08:35,350
SU157,Rossiya,2024-12-17,20:27,221
SU3825,Azimuth,2024-03-11,05:13,298
SU9635,Nordavia,2024-03-25,14:15,145
SU8321,Rossiya,2024-10-21,01:15,53
SU6061,UTair,2024-01-02,10:39,130
SU7750,Rossiya,2024-08-12,19:10,198
SU9671,Pobeda,2024-06-21,21:41,138
SU2042,Pobeda,2024-07-14,08:47,271
SU3689,UTair,2024-03-16,08:38,240
SU4223,Aeroflot,2024-11-27,15:13,334
SU878,UTair,2024-10-25,18:34,328
SU852,S7 Airlines,2024-11-14,11:32,77
SU6802,Ural Airlines,2024-04-01,20:33,194
SU7010,Rossiya,2024-11-11,07:40,261
SU6662,Pobeda,2024-03-11,06:35,254
SU1392,Rossiya,2024-11-23,13:32,330
SU2507,Yakutia,2024-11-27,02:44,156
SU4889,Ural Airlines,2024-04-07,09:18,194
SU9862,Ural Airlines,2024-09-03,22:52,216
SU4161,Ural Airlines,2024-02-28,15:07,146
SU3046,Nordavia,2024-12-08,17:53,268
SU6885,S7 Airlines,2024-03-19,10:33,339
SU4355,Azimuth,2024-11-27,21:07,74
SU7431,Rossiya,2024-10-18,00:10,85
SU3324,Yakutia,2024-04-03,23:02,121
SU7557,UTair,2024-04-14,12:59,141
SU6745,Aeroflot,2024-09-15,18:55,114
SU9348,Azimuth,2024-03-08,07:02,72
SU5769,Rossiya,2024-07-09,07:01,219
SU3430,Rossiya,2024-07-15,09:55,137
SU7578,Red Wings,2024-10-27,16:49,242
SU2556,Azimuth,2024-11-28,03:19,181
SU5880,Ural Airlines,2024-02-17,21:00,84
SU1605,Aeroflot,2024-11-19,19:53,237
SU7863,Ural Airlines,2024-12-05,20:26,316
SU9827,Yakutia,2024-09-12,16:06,188
SU6151,Rossiya,2024-08-10,13:24,227
SU5017,S7 Airlines,2024-05-18,18:35,240
SU568,S7 Airlines,2024-06-06,13:37,289
SU3838,S7 Airlines,2024-01-03,10:44,223
SU833,Aeroflot,2024-11-19,16:53,176
SU1655,Pobeda,2024-01-26,16:50,257
SU7205,Nordavia,2024-06-19,02:22,183
SU2220,Red Wings,2024-03-27,01:07,114
SU6134,Rossiya,2024-03-06,13:36,201
SU7188,Red Wings,2024-02-09,20:23,144
SU6326,Pobeda,2024-09-23,16:12,199
SU9996,S7 Airlines,2024-06-11,15:09,160
SU8771,Nordavia,2024-06-13,10:28,310
SU360,Ural Airlines,2024-12-08,20:53,123
SU1339,Yakutia,2024-02-06,03:36,169
SU3030,UTair,2024-02-12,04:07,116
SU981,S7 Airlines,2024-03-02,19:37,296
SU7269,Rossiya,2024-02-15,10:16,288
SU4828,Ural Airlines,2024-05-19,15:46,88
SU5811,UTair,2024-06-18,08:48,75
SU3623,Pobeda,2024-03-25,13:39,178
SU2908,Nordavia,2024-01-05,18:02,80
SU4938,S7 Airlines,2024-05-04,04:55,267
SU5430,S7 Airlines,2024-02-24,06:26,168
SU9117,Yakutia,2024-01-15,21:46,269
SU9075,Rossiya,2024-03-21,18:45,52
SU3673,Yakutia,2024-05-02,09:03,177
SU3093,Ural Airlines,2024-01-08,02:00,117
SU4441,Yakutia,2024-11-04,11:48,66
SU3018,Yakutia,2024-11-23,10:11,208
SU2228,Ural Airlines,2024-06-14,08:31,194
SU6489,Aeroflot,2024-10-21,07:42,90
SU9957,Azimuth,2024-02-22,21:23,270
SU4810,Ural Airlines,2024-12-12,20:53,55
SU9240,UTair,2024-10-16,12:01,168
SU7784,UTair,2024-06-19,04:26,131
SU4501,Pobeda,2024-11-27,01:07,340
SU9317,UTair,2024-06-03,22:48,239
SU6431,Aeroflot,2024-10-09,07:47,155
SU7464,Azimuth,2024-01-02,01:17,137
SU4891,UTair,2024-02-27,15:52,275
SU7678,Ural Airlines,2024-08-27,06:40,258
SU5835,Rossiya,2024-06-07,07:28,223
SU2078,Azimuth,2024-02-23,20:40,263
SU8767,S7 Airlines,2024-10-12,01:20,202
SU9926,Red Wings,2024-03-05,18:57,254
SU4909,Yakutia,2024-12-18,16:52,81
SU1111,Ural Airlines,2024-09-16,06:23,67
SU4426,Azimuth,2024-07-14,12:51,208
SU6999,S7 Airlines,2024-11-27,14:22,165
SU6738,Rossiya,2024-11-24,15:13,270
SU5340,S7 Airlines,2024-10-25,15:08,263
SU7800,S7 Airlines,2024-04-28,06:05,162
SU9218,Rossiya,2024-09-21,04:34,55
SU5526,Aeroflot,2024-09-13,12:45,138
SU6150,Azimuth,2024-10-03,11:28,219
SU8472,Rossiya,2024-09-06,08:13,316
SU2685,Yakutia,2024-04-02,18:27,303
SU9218,UTair,2024-11-14,22:06,77
SU4164,UTair,2024-11-16,13:13,238
SU2241,Ural Airlines,2024-06-20,17:00,279
SU8140,Ural Airlines,2024-10-08,05:37,326
SU4228,Red Wings,2024-01-19,19:13,66
SU6912,Azimuth,2024-07-09,23:13,268
SU7404,UTair,2024-04-20,11:08,104
SU433,Ural Airlines,2024-09-17,14:57,295
SU7384,UTair,2024-01-07,20:30,156
SU2621,Azimuth,2024-11-27,21:43,165
SU4726,Nordavia,2024-04-20,09:19,245
SU7801,Pobeda,2024-10-11,23:56,65
SU5028,Aeroflot,2024-12-04,19:05,313
SU2199,Azimuth,2024-09-27,18:15,232
SU3503,S7 Airlines,2024-03-28,20:10,313
SU7973,Pobeda,2024-04-15,07:36,79
SU392,Pobeda,2024-10-05,06:37,302
SU4037,Rossiya,2024-06-25,13:09,214
SU3449,UTair,2024-08-07,22:34,96
SU7904,S7 Airlines,2024-09-19,00:11,79
SU3851,Red Wings,2024-06-21,13:36,277
SU8261,Nordavia,2024-12-05,17:23,102
SU4692,Yakutia,2024-04-12,18:32,142
SU2254,Rossiya,2024-08-21,05:30,333
SU7463,Yakutia,2024-04-22,01:17,99
SU1211,Nordavia,2024-08-16,13:17,281
SU844,Yakutia,2024-01-18,20:05,159
SU9721,Azimuth,2024-12-15,17:39,333
SU4657,Aeroflot,2024-01-21,04:30,164
SU6930,Nordavia,2024-11-18,02:16,273
SU1916,Ural Airlines,2024-04-22,13:39,103
SU2424,Azimuth,2024-07-20,00:38,116
SU408,Aeroflot,2024-09-10,12:38,163
SU3149,Nordavia,2024-02-14,16:17,349
SU7058,S7 Airlines,2024-06-10,19:17,157
SU8480,Azimuth,2024-06-07,21:26,334
SU4943,Rossiya,2024-03-10,21:55,214
SU2825,UTair,2024-11-16,15:55,317
SU2877,Aeroflot,2024-01-25,18:56,176
SU5414,UTair,2024-07-14,06:25,174
SU5033,Pobeda,2024-02-25,18:27,347
SU5419,S7 Airlines,2024-11-07,07:04,326
SU6477,Azimuth,2024-07-26,15:39,172
SU6856,Rossiya,2024-10-18,02:23,121
SU7349,Red Wings,2024-06-28,04:43,160
SU199,Ural Airlines,2024-08-18,22:13,173
SU4113,Ural Airlines,2024-05-13,17:16,102
SU3152,Azimuth,2024-07-11,19:29,259
SU4783,Azimuth,2024-05-13,15:34,87
SU4836,Pobeda,2024-02-16,21:46,120
SU4163,Azimuth,2024-06-24,14:11,120
SU7724,Azimuth,2024-02-15,13:43,94
SU2981,Nordavia,2024-12-24,18:06,123
SU5702,Azimuth,2024-11-24,03:08,117
SU5083,Rossiya,2024-07-28,18:12,191
SU2096,Yakutia,2024-12-02,19:42,181
SU810,Azimuth,2024-02-25,18:09,223
SU2531,S7 Airlines,2024-05-10,07:47,294
SU6950,Rossiya,2024-08-26,22:55,68
SU3920,Pobeda,2024-08-04,03:30,223
SU313,Nordavia,2024-11-15,09:51,56
SU5243,Aeroflot,2024-03-04,23:40,89
SU4750,Pobeda,2024-08-25,20:21,198
SU6337,Yakutia,2024-12-23,09:37,175
SU8671,UTair,2024-08-12,13:50,98
SU4501,Yakutia,2024-09-09,16:07,208
SU6765,S7 Airlines,2024-07-10,00:02,255
SU3290,S7 Airlines,2024-09-04,06:05,69
SU485,Red Wings,2024-03-12,05:24,109
SU5356,UTair,2024-04-01,15:47,268
SU3160,Rossiya,2024-10-20,04:32,314
SU6811,Azimuth,2024-05-27,03:57,203
SU6030,Azimuth,2024-09-13,15:26,76
SU2960,Nordavia,2024-03-21,22:20,287
SU6854,Rossiya,2024-07-23,14:13,184
SU7128,Aeroflot,2024-05-07,22:09,175
SU2588,Red Wings,2024-02-16,04:47,164
SU1910,Ural Airlines,2024-10-14,22:44,182
SU8700,UTair,2024-06-28,18:42,285
SU9403,Pobeda,2024-12-05,07:07,109
SU7817,UTair,2024-06-19,14:09,145
SU265,S7 Airlines,2024-06-26,12:55,98
SU2839,Aeroflot,2024-04-05,18:56,141
SU4090,Yakutia,2024-12-05,03:19,189
SU4656,Ural Airlines,2024-10-19,07:24,250
SU8405,UTair,2024-08-15,02:18,185
SU2313,UTair,2024-04-05,15:21,280
SU2269,Ural Airlines,2024-01-27,19:05,160
SU9253,Azimuth,2024-10-14,08:02,54
SU5357,UTair,2024-11-08,06:26,238
SU3445,Pobeda,2024-12-02,14:50,349
SU8115,Aeroflot,2024-10-03,08:14,298
SU1016,Ural Airlines,2024-08-21,14:39,60
SU3198,Azimuth,2024-07-02,00:23,304
SU8039,Nordavia,2024-06-17,17:29,210
SU1136,S7 Airlines,2024-08-26,23:16,125
SU3348,Pobeda,2024-12-27,07:33,172
SU3422,Azimuth,2024-04-16,11:17,192
SU9386,Yakutia,2024-12-02,05:26,262
SU4234,UTair,2024-05-17,10:58,62
SU9524,Pobeda,2024-11-10,16:36,316
SU3541,Ural Airlines,2024-10-28,00:59,324
SU4434,Rossiya,2024-08-11,03:06,65
SU5401,Nordavia,2024-04-14,08:33,107
SU1771,Aeroflot,2024-08-14,20:38,240
SU1987,Pobeda,2024-10-06,08:39,114
SU1951,Red Wings,2024-01-26,22:26,316
SU160,UTair,2024-01-25,03:13,337
SU7592,Azimuth,2024-02-16,15:08,278
SU5279,UTair,2024-11-08,04:47,84
SU2721,UTair,2024-09-10,16:33,125
SU5225,Azimuth,2024-04-18,17:12,250
SU9810,Nordavia,2024-07-10,11:21,273
SU974,UTair,2024-04-28,19:44,232
SU9314,Rossiya,2024-06-17,12:59,221
SU3753,Pobeda,2024-05-28,11:44,324
SU6018,S7 Airlines,2024-04-27,17:11,66
SU5106,Rossiya,2024-06-17,11:50,201
SU2430,Azimuth,2024-01-05,11:27,77
SU1459,Azimuth,2024-10-21,14:18,346
SU4600,Rossiya,2024-02-28,09:41,146
SU2529,Rossiya,2024-05-14,10:25,272
SU7483,S7 Airlines,2024-06-24,12:30,258
SU3941,Aeroflot,2024-01-28,11:35,160
SU9315,Yakutia,2024-04-23,09:42,264
SU2378,Rossiya,2024-10-05,16:15,222
SU3512,Yakutia,2024-07-24,03:39,339
SU6147,S7 Airlines,2024-11-03,13:53,197
SU7408,Aeroflot,2024-11-03,03:44,175
SU226,UTair,2024-11-03,16:54,187
SU7023,Ural Airlines,2024-05-16,14:28,301
SU5437,Rossiya,2024-10-05,00:15,271
SU1496,Ural Airlines,2024-09-02,15:20,206
SU9903,Aeroflot,2024-03-27,17:21,280
SU595,Pobeda,2024-12-07,21:14,88
SU7786,Pobeda,2024-11-28,17:39,220
SU802,UTair,2024-05-09,03:11,314
SU4883,Pobeda,2024-06-02,15:13,151
SU2376,Yakutia,2024-04-24,09:00,285
SU9612,Nordavia,2024-04-24,19:14,265
SU7220,Yakutia,2024-05-07,11:20,295
SU9735,Pobeda,2024-11-28,01:26,161
SU4190,UTair,2024-12-16,03:10,159
SU3674,Nordavia,2024-08-15,23:20,158
SU4689,Yakutia,2024-06-19,05:51,288
SU2058,Pobeda,2024-12-28,19:22,331
SU2006,Yakutia,2024-08-09,12:31,208
SU2751,Red Wings,2024-05-12,15:21,168
SU2988,Aeroflot,2024-06-19,03:10,208
SU2972,UTair,2024-02-28,23:24,179
SU7489,UTair,2024-04-05,04:17,115
SU5919,UTair,2024-09-09,20:51,185
SU3684,Pobeda,2024-02-26,14:23,78
SU7425,Nordavia,2024-06-24,10:02,223
SU2100,Rossiya,2024-11-20,17:59,136
SU8697,S7 Airlines,2024-08-27,19:54,315
SU8526,S7 Airlines,2024-06-02,17:18,158
SU9849,Rossiya,2024-09-04,11:31,270
SU5051,Aeroflot,2024-07-28,16:39,229
SU5706,Aeroflot,2024-10-15,20:32,321
SU1313,Yakutia,2024-12-17,01:35,96
SU1050,Yakutia,2024-08-28,01:09,291
SU3391,Rossiya,2024-03-28,15:36,102
SU4273,Pobeda,2024-07-27,11:28,261
SU6651,Ural Airlines,2024-04-18,15:41,290
SU5394,Aeroflot,2024-08-24,22:45,320
SU1389,Rossiya,2024-07-25,10:11,204
SU936,Pobeda,2024-11-16,19:50,255
SU3583,UTair,2024-01-07,15:10,318
SU8561,Rossiya,2024-09-11,05:04,242
SU3708,S7 Airlines,2024-12-22,05:15,82
SU3020,S7 Airlines,2024-02-10,02:18,240
SU7837,Red Wings,2024-02-28,00:45,244
SU1627,Aeroflot,2024-06-03,15:04,223
SU6282,Ural Airlines,2024-09-27,18:23,298
SU6846,Ural Airlines,2024-07-16,22:53,210
SU6972,Yakutia,2024-10-01,14:16,97
SU1933,Rossiya,2024-12-12,08:17,256
SU3931,Nordavia,2024-05-07,08:41,155
SU964,Pobeda,2024-03-03,02:38,77
SU8848,Pobeda,2024-05-17,03:59,143
SU473,Red Wings,2024-02-17,06:03,299
SU3920,Aeroflot,2024-09-13,03:16,102
SU140,Aeroflot,2024-04-26,22:53,346
SU2330,Azimuth,2024-10-19,23:48,107
SU6721,Yakutia,2024-04-28,01:19,98
SU8586,Rossiya,2024-01-16,01:28,79
SU2370,Pobeda,2024-08-02,00:29,246
SU6339,Rossiya,2024-12-26,01:46,340
SU2710,Ural Airlines,2024-05-19,16:40,162
SU3988,Red Wings,2024-03-07,23:00,255
SU8525,UTair,2024-03-18,08:39,129
SU5416,Azimuth,2024-09-20,13:51,280
SU4574,Ural Airlines,2024-02-17,14:19,178
SU6654,Ural Airlines,2024-07-14,09:36,167
SU8785,Yakutia,2024-11-02,18:16,348
SU6934,UTair,2024-02-07,10:16,184
SU7520,Nordavia,2024-04-17,13:18,99
SU9533,UTair,2024-05-22,13:49,336
SU8017,Aeroflot,2024-05-14,10:41,97
SU5289,Aeroflot,2024-11-16,06:42,161
SU5200,Aeroflot,2024-11-06,05:24,333
SU5251,Ural Airlines,2024-09-12,01:41,337
SU3532,S7 Airlines,2024-07-22,06:52,75
SU4012,Azimuth,2024-08-02,11:19,230
SU6908,Yakutia,2024-05-05,04:29,326
SU9416,Ural Airlines,2024-03-26,23:43,330
SU617,Aeroflot,2024-02-14,01:45,253
SU8341,Pobeda,2024-12-28,23:40,219
SU4863,Red Wings,2024-07-17,01:51,311
SU7125,S7 Airlines,2024-11-12,18:56,157
SU4407,Ural Airlines,2024-12-03,00:30,153
SU7292,Red Wings,2024-10-21,06:56,143
SU8081,UTair,2024-09-25,21:19,168
SU2047,Rossiya,2024-01-06,09:47,239
SU2384,Rossiya,2024-02-28,04:59,325
SU5473,Ural Airlines,2024-12-09,08:14,235
SU4051,Red Wings,2024-01-11,20:46,201
SU7007,Ural Airlines,2024-10-21,20:13,292
SU9829,Pobeda,2024-12-13,04:41,291
SU3844,Aeroflot,2024-11-02,01:42,341
SU6626,Aeroflot,2024-12-05,03:01,153
SU3730,UTair,2024-10-11,19:17,187
SU5971,Pobeda,2024-09-25,01:14,101
SU7227,Red Wings,2024-10-19,04:07,329
SU6186,Red Wings,2024-03-19,14:47,243
SU2076,Rossiya,2024-10-19,06:06,284
SU1468,Ural Airlines,2024-12-16,14:43,176
SU8758,Rossiya,2024-11-21,00:19,141
SU4724,Nordavia,2024-06-24,01:17,237
SU8528,Nordavia,2024-09-10,19:24,179
SU8107,Yakutia,2024-09-15,10:28,154
SU426,Azimuth,2024-12-13,07:00,231
SU1050,S7 Airlines,2024-07-09,07:21,255
SU9914,Red Wings,2024-08-10,21:20,94
SU1795,Rossiya,2024-11-06,11:24,202
SU3791,Azimuth,2024-07-04,20:05,328
SU2618,Aeroflot,2024-06-17,21:35,302
SU5976,Ural Airlines,2024-10-13,17:09,278
SU826,Ural Airlines,2024-01-17,00:03,99
SU3832,Yakutia,2024-01-14,13:05,237
SU3414,Red Wings,2024-08-18,16:06,100
SU734,Azimuth,2024-01-03,08:55,132
SU1189,Ural Airlines,2024-09-06,16:20,208
SU7906,S7 Airlines,2024-04-08,11:12,283
SU7405,Nordavia,2024-01-13,22:19,91
SU2640,Pobeda,2024-07-13,07:14,232
SU7018,Nordavia,2024-12-19,09:21,221
SU2979,S7 Airlines,2024-04-08,06:14,176
SU7041,Rossiya,2024-10-04,16:38,304
SU7235,S7 Airlines,2024-07-26,17:25,60
SU1098,Azimuth,2024-03-18,08:11,186
SU1907,Red Wings,2024-02-28,01:22,255
SU2447,Pobeda,2024-11-06,20:16,319
SU8911,Azimuth,2024-07-16,13:07,141
SU3496,Red Wings,2024-05-25,03:33,66
SU7781,Red Wings,2024-08-27,07:44,111
SU6872,UTair,2024-07-03,14:10,213
SU1407,Pobeda,2024-04-27,08:55,259
SU2249,Yakutia,2024-07-24,01:24,77
SU9525,Rossiya,2024-12-04,16:40,233
SU9216,Red Wings,2024-10-06,23:01,130
SU2376,Nordavia,2024-12-01,19:04,85
SU5144,UTair,2024-08-22,16:47,307
SU6533,UTair,2024-11-20,00:25,254
SU9816,Red Wings,2024-12-27,10:06,135
SU7360,Red Wings,2024-04-07,19:41,297
SU8379,Azimuth,2024-03-27,10:13,143
SU5597,Yakutia,2024-09-26,22:39,179
SU9950,Azimuth,2024-03-15,03:47,243
SU9737,S7 Airlines,2024-10-28,18:03,285
SU4611,Azimuth,2024-05-21,04:37,319
SU5527,Red Wings,2024-09-27,05:27,81
SU4203,Aeroflot,2024-04-04,10:51,340
SU4747,Azimuth,2024-06-12,10:40,205
SU8463,Yakutia,2024-10-12,09:40,202
SU627,UTair,2024-12-12,23:27,270
SU4704,Rossiya,2024-09-14,22:13,112
SU8165,Aeroflot,2024-10-11,04:13,135
SU1349,Rossiya,2024-05-03,11:33,160
SU6337,Azimuth,2024-03-27,09:39,63
SU1369,Red Wings,2024-03-18,08:17,257
SU7534,Pobeda,2024-02-23,17:46,316
SU6351,S7 Airlines,2024-09-17,23:03,270
SU8242,Rossiya,2024-09-12,11:13,83
SU6142,Aeroflot,2024-08-18,17:14,185
SU9306,Aeroflot,2024-04-18,21:52,173
SU3236,S7 Airlines,2024-11-26,19:18,135
SU8308,Rossiya,2024-11-07,21:48,243
SU2520,Ural Airlines,2024-11-24,18:28,79
SU7655,Pobeda,2024-02-12,21:29,219
SU6908,S7 Airlines,2024-12-21,12:38,152
SU8489,Aeroflot,2024-04-16,05:17,228
SU9238,Aeroflot,2024-09-20,04:08,161
SU9366,Pobeda,2024-12-15,07:18,108
SU539,Nordavia,2024-11-20,09:49,115
SU5768,UTair,2024-01-12,08:29,314
SU6306,S7 Airlines,2024-12-01,09:43,207
SU8973,Rossiya,2024-09-12,17:28,79
SU2805,Azimuth,2024-06-07,07:13,293
SU3073,Nordavia,2024-08-25,03:57,128
SU8731,UTair,2024-04-08,23:14,262
SU4934,Nordavia,2024-08-04,10:35,56
SU9564,Pobeda,2024-03-21,21:03,135
SU8849,Nordavia,2024-06-28,13:10,152
SU9117,Yakutia,2024-04-04,22:53,348
SU7649,Azimuth,2024-08-03,03:26,312
SU5201,Red Wings,2024-02-10,09:36,124
SU6707,S7 Airlines,2024-11-06,23:05,149
SU7806,Azimuth,2024-09-12,11:41,333
SU6827,Rossiya,2024-04-26,01:23,304
SU4576,Yakutia,2024-07-19,07:38,132
SU3380,Ural Airlines,2024-02-09,02:24,201
SU8425,Azimuth,2024-08-04,09:10,255
SU3220,Ural Airlines,2024-08-01,02:16,124
SU5709,Red Wings,2024-08-21,05:05,174
SU3634,Nordavia,2024-05-20,15:46,249
SU3026,Nordavia,2024-10-19,05:42,115
SU7343,S7 Airlines,2024-10-04,10:09,245
SU3827,Ural Airlines,2024-08-24,13:14,234
SU4757,Nordavia,2024-08-24,10:52,104
SU3280,Rossiya,2024-05-12,05:56,318
SU8474,Rossiya,2024-02-18,18:22,76
SU2267,Azimuth,2024-09-16,12:14,206
SU7965,Aeroflot,2024-03-28,00:33,176
SU9170,Aeroflot,2024-10-19,15:31,145
SU1341,Red Wings,2024-11-18,01:55,333
SU282,Rossiya,2024-08-19,13:21,106
SU7130,Ural Airlines,2024-10-26,22:19,91
SU5482,Pobeda,2024-09-02,12:34,217
SU2233,S7 Airlines,2024-12-03,03:25,334
SU7470,Pobeda,2024-04-02,21:44,85
SU1864,S7 Airlines,2024-05-04,21:10,243
SU7195,Ural Airlines,2024-03-25,14:19,318
SU5327,S7 Airlines,2024-10-25,12:49,316
SU5122,Red Wings,2024-08-26,10:12,247
SU4571,Azimuth,2024-09-09,20:38,147
SU8773,Pobeda,2024-09-27,15:46,82
SU2419,S7 Airlines,2024-10-12,10:36,311
SU2593,Azimuth,2024-02-01,14:20,281
SU2047,Aeroflot,2024-09-23,04:59,266
SU5387,Red Wings,2024-02-06,11:56,225
SU4773,Aeroflot,2024-11-16,15:18,255
SU4029,Red Wings,2024-05-07,18:25,289
SU4829,Azimuth,2024-01-14,17:10,321
SU5792,UTair,2024-12-10,13:00,122
SU6402,Red Wings,2024-10-10,03:42,319
SU3241,S7 Airlines,2024-07-15,08:57,146
SU4830,Yakutia,2024-03-14,16:28,196
SU9633,Nordavia,2024-01-23,04:25,154
SU7732,Yakutia,2024-01-25,21:13,249
SU583,Azimuth,2024-11-21,22:46,78
SU9170,Nordavia,2024-08-16,20:48,272
SU3282,Nordavia,2024-01-19,09:25,55
SU9659,S7 Airlines,2024-06-27,06:09,217
SU722,Ural Airlines,2024-02-07,11:32,237
SU8526,Yakutia,2024-01-09,01:46,143
SU5750,Rossiya,2024-03-21,10:18,295
SU6352,Ural Airlines,2024-06-16,23:49,61
SU297,Yakutia,2024-05-01,05:45,79
SU9778,Aeroflot,2024-11-12,16:52,146
SU2468,Ural Airlines,2024-11-04,22:32,174
SU5311,Nordavia,2024-04-11,03:51,193
SU791,Aeroflot,2024-10-10,10:53,150
SU912,Rossiya,2024-06-10,12:20,75
SU3080,Azimuth,2024-01-14,15:49,319
SU9875,UTair,2024-08-12,23:59,282
SU7618,Nordavia,2024-07-17,13:51,189
SU3209,Nordavia,2024-04-03,17:03,215
SU9689,UTair,2024-04-06,11:04,131
SU435,UTair,2024-05-21,07:55,248
SU8323,Yakutia,2024-11-08,10:19,201
SU1793,Red Wings,2024-02-03,23:47,200
SU5929,Red Wings,2024-07-27,19:21,115
SU4202,Ural Airlines,2024-02-26,18:49,270
SU2104,UTair,2024-05-12,04:08,344
SU5537,Aeroflot,2024-03-28,17:10,214
SU9291,Azimuth,2024-05-16,01:17,114
SU4700,S7 Airlines,2024-03-03,19:15,94
SU4455,UTair,2024-01-04,03:18,176
SU2875,Aeroflot,2024-01-07,11:05,158
SU3955,S7 Airlines,2024-11-26,04:58,186
SU8370,Pobeda,2024-06-27,15:16,212
SU2444,Aeroflot,2024-06-26,10:59,322
SU4179,Rossiya,2024-08-23,02:40,326
SU1072,Azimuth,2024-08-12,20:45,334
SU4852,Red Wings,2024-11-06,04:10,213
SU3354,Red Wings,2024-06-13,18:16,271
SU2269,Nordavia,2024-11-24,01:04,95
SU9414,Azimuth,2024-06-17,21:13,136
SU699,Nordavia,2024-11-15,21:12,258
SU6756,Nordavia,2024-05-12,23:10,217
SU2121,Aeroflot,2024-03-08,01:46,350
SU1122,Aeroflot,2024-12-20,09:05,201
SU6276,UTair,2024-07-08,00:47,168
SU5422,S7 Airlines,2024-05-03,17:54,211
SU9077,Azimuth,2024-01-19,08:54,280
SU9135,Aeroflot,2024-03-14,09:49,87
SU6222,Nordavia,2024-07-24,11:57,258
SU968,Nordavia,2024-09-02,19:19,321
SU9193,UTair,2024-09-22,16:01,89
SU9407,Yakutia,2024-05-02,23:23,173
SU9875,Nordavia,2024-06-06,19:30,153
SU4960,UTair,2024-05-13,20:26,234
SU6730,Azimuth,2024-11-23,23:58,164
SU4801,Ural Airlines,2024-03-11,07:30,233
SU590,Ural Airlines,2024-04-10,14:36,253
SU5574,Red Wings,2024-09-07,15:58,96
SU7462,Yakutia,2024-08-25,17:43,79
SU2228,S7 Airlines,2024-03-16,00:59,196
SU3806,S7 Airlines,2024-02-11,20:42,321
SU4059,Azimuth,2024-09-09,16:44,301
SU4518,Ural Airlines,2024-11-07,11:43,76
SU447,Ural Airlines,2024-11-17,11:13,118
SU2568,Yakutia,2024-10-05,19:02,249
SU8043,Aeroflot,2024-11-05,23:50,114
SU153,Aeroflot,2024-05-03,07:16,205
SU4467,Ural Airlines,2024-06-17,12:21,271
SU6332,S7 Airlines,2024-02-17,11:22,328
SU9389,Red Wings,2024-12-28,00:31,303
SU2612,UTair,2024-02-15,01:18,186
SU5285,Red Wings,2024-07-12,06:05,96
SU6025,Aeroflot,2024-05-23,20:37,69
SU117,S7 Airlines,2024-06-17,14:34,216
SU3912,S7 Airlines,2024-08-16,03:46,273
SU8472,Yakutia,2024-04-12,00:08,60
SU4385,Yakutia,2024-12-15,14:23,103
SU3888,Ural Airlines,2024-08-05,06:47,256
SU4884,Azimuth,2024-07-15,18:42,279
SU294,Yakutia,2024-07-28,16:11,248
SU6647,UTair,2024-01-14,01:19,152
SU4299,UTair,2024-11-08,21:56,81
SU6706,Pobeda,2024-01-24,19:43,71
SU7515,Aeroflot,2024-12-03,23:39,70
SU7146,Aeroflot,2024-03-07,10:44,220
SU6267,Yakutia,2024-12-04,00:35,247
SU8281,S7 Airlines,2024-12-20,03:57,146
SU4613,Red Wings,2024-02-15,16:15,343
SU4025,Ural Airlines,2024-06-09,21:50,62
SU6524,Yakutia,2024-08-21,18:28,141
SU683,Ural Airlines,2024-07-07,20:34,55
SU9762,Azimuth,2024-06-03,23:04,100
SU420,Azimuth,2024-02-12,08:58,225
SU2305,Red Wings,2024-06-17,01:33,231
SU124,Nordavia,2024-04-02,11:44,344
SU8335,Nordavia,2024-11-08,12:53,239
SU3444,Yakutia,2024-10-01,01:22,124
SU6076,S7 Airlines,2024-01-24,15:09,246
SU8945,Nordavia,2024-06-01,21:25,210
SU7785,UTair,2024-01-10,04:31,298
SU6735,Yakutia,2024-12-17,10:05,220
SU7685,Nordavia,2024-05-09,09:35,155
SU7849,Pobeda,2024-05-04,05:46,272
SU6735,Yakutia,2024-07-01,09:45,165
SU2168,UTair,2024-03-14,11:18,294
SU9519,S7 Airlines,2024-02-19,01:38,278
SU201,S7 Airlines,2024-12-24,09:05,167
SU5546,Ural Airlines,2024-12-15,10:53,123
SU7881,Aeroflot,2024-03-20,01:20,213
SU7789,Red Wings,2024-02-21,09:14,336
SU317,Nordavia,2024-06-15,02:27,198
SU5850,Yakutia,2024-12-03,07:50,338
SU6543,Azimuth,2024-12-08,15:50,62
SU2160,S7 Airlines,2024-05-14,11:35,147
SU5522,Yakutia,2024-02-01,19:17,187
SU5727,UTair,2024-08-08,08:30,327
SU7787,Pobeda,2024-02-27,21:25,345
SU3797,Red Wings,2024-07-13,22:11,63
SU1435,Ural Airlines,2024-06-25,12:06,151
SU416,Azimuth,2024-06-28,21:07,329
SU4932,Nordavia,2024-05-19,02:54,316
SU1789,Nordavia,2024-02-11,15:37,89
SU9351,Pobeda,2024-09-14,08:30,56
SU8179,Rossiya,2024-09-11,16:54,111
SU5461,S7 Airlines,2024-03-24,16:44,167
SU5180,Red Wings,2024-09-21,21:42,164
SU7752,Ural Airlines,2024-03-14,17:28,234
SU1547,S7 Airlines,2024-12-20,04:29,273
SU6404,Red Wings,2024-07-15,23:59,306
SU7833,Rossiya,2024-09-19,16:33,344
SU2106,UTair,2024-11-16,01:39,106
SU9477,UTair,2024-02-09,10:44,264
SU1805,UTair,2024-08-11,17:16,322
SU9281,Yakutia,2024-04-23,20:19,329
SU8340,Rossiya,2024-10-04,14:21,179
SU2954,Pobeda,2024-03-06,14:48,252
SU9657,Rossiya,2024-11-09,22:33,84
SU2223,UTair,2024-02-07,23:20,218
SU1979,Red Wings,2024-08-02,20:55,80
SU6211,Pobeda,2024-06-14,15:52,127
SU8955,S7 Airlines,2024-11-07,02:03,208
SU7024,Aeroflot,2024-04-02,23:45,213
SU8301,S7 Airlines,2024-12-17,02:21,209
SU7294,Red Wings,2024-01-06,02:08,231
SU9944,Ural Airlines,2024-08-03,14:36,225
SU1672,Azimuth,2024-12-28,18:05,66
SU6522,Rossiya,2024-08-15,16:32,343
SU1041,Pobeda,2024-02-14,15:38,175
SU3412,Nordavia,2024-11-02,05:00,144
SU7946,Pobeda,2024-10-05,01:33,192
SU6691,Yakutia,2024-01-09,06:54,68
SU9136,Rossiya,2024-01-21,13:41,233
SU8960,Aeroflot,2024-07-21,21:38,77
SU2498,Rossiya,2024-03-11,06:16,271
SU6414,S7 Airlines,2024-10-20,08:45,202
SU3973,S7 Airlines,2024-08-21,06:55,153
SU3505,Azimuth,2024-01-05,11:23,64
SU2182,Aeroflot,2024-09-19,15:21,192
SU6439,S7 Airlines,2024-04-14,15:25,58
SU2929,Red Wings,2024-12-23,18:58,167
SU8353,Ural Airlines,2024-12-13,06:32,90
SU5609,Azimuth,2024-04-22,15:32,250
SU2735,Yakutia,2024-07-02,11:12,350
SU2614,Nordavia,2024-07-07,01:45,59
SU3222,Azimuth,2024-02-25,06:07,117
SU5869,Aeroflot,2024-06-28,06:51,184
SU9722,Red Wings,2024-03-16,22:41,221
SU3777,Red Wings,2024-05-28,23:06,259
SU6601,Pobeda,2024-06-19,10:59,58
SU6048,Yakutia,2024-02-02,19:25,184
SU7798,Rossiya,2024-11-25,01:57,174
SU9687,Nordavia,2024-03-22,01:25,245
SU8466,S7 Airlines,2024-04-14,18:49,126
SU729,Nordavia,2024-12-06,05:34,341
SU1583,Red Wings,2024-03-13,21:48,248
SU362,Yakutia,2024-08-11,17:10,324
SU6420,UTair,2024-02-23,00:16,300
SU4340,UTair,2024-02-25,23:15,200
SU1819,Azimuth,2024-06-09,01:18,187
SU3739,Pobeda,2024-01-25,10:12,218
SU6383,Azimuth,2024-06-14,05:58,284
SU1189,Ural Airlines,2024-08-05,21:07,280
SU3476,S7 Airlines,2024-03-07,23:05,96
SU2507,Azimuth,2024-01-05,06:42,67
SU9618,S7 Airlines,2024-10-15,01:24,167
SU3686,Azimuth,2024-03-17,03:15,328
SU6699,Red Wings,2024-10-08,13:10,227
SU5571,Rossiya,2024-04-20,12:24,208
SU626,Nordavia,2024-03-18,23:16,332
SU1124,Rossiya,2024-03-08,19:13,328
SU3791,Red Wings,2024-10-06,19:16,277
SU3007,Yakutia,2024-11-13,05:03,191
SU225,Red Wings,2024-01-15,01:57,256
SU9028,Red Wings,2024-08-01,18:53,329
SU9225,S7 Airlines,2024-09-28,07:50,181
SU3399,Nordavia,2024-01-13,06:20,134
SU6195,S7 Airlines,2024-04-16,15:59,181
SU7739,Red Wings,2024-11-12,19:48,103
SU5849,Rossiya,2024-01-06,18:57,115
SU8688,Rossiya,2024-08-18,08:24,290
SU5665,S7 Airlines,2024-12-19,10:01,345
SU6429,Nordavia,2024-08-25,12:18,319
SU5946,Azimuth,2024-12-22,08:01,187
SU988,Yakutia,2024-12-12,05:58,154
SU9091,UTair,2024-04-01,13:42,223
SU4485,S7 Airlines,2024-01-14,19:31,303
SU2173,Yakutia,2024-04-22,02:12,339
SU1183,Ural Airlines,2024-01-20,21:40,213
SU4858,Ural Airlines,2024-12-21,11:23,53
SU7539,Pobeda,2024-07-09,23:50,296
SU4069,UTair,2024-07-27,00:18,191
SU9458,S7 Airlines,2024-01-05,23:33,295
SU6019,Azimuth,2024-01-26,18:53,173
SU8742,Aeroflot,2024-05-23,21:47,66
SU6017,Nordavia,2024-11-25,23:12,138
SU623,Red Wings,2024-03-04,04:25,161
SU1443,Azimuth,2024-09-18,12:15,83
SU6835,Aeroflot,2024-04-20,22:41,72
SU1058,Yakutia,2024-11-24,12:00,277
SU9860,Nordavia,2024-03-13,00:40,319
SU6669,Ural Airlines,2024-01-19,04:49,164
SU6998,UTair,2024-07-07,19:29,200
SU7615,S7 Airlines,2024-08-20,17:11,314
SU1694,UTair,2024-02-27,22:48,234
SU607,Pobeda,2024-06-28,15:15,306
SU841,Nordavia,2024-01-14,00:33,193
SU9428,Nordavia,2024-10-06,10:37,181
SU461,Yakutia,2024-08-15,07:01,101
SU4523,Nordavia,2024-10-28,09:03,327
SU5493,Ural Airlines,2024-06-23,23:13,110
SU5039,S7 Airlines,2024-09-15,19:11,56
SU1599,Yakutia,2024-05-01,19:48,333
SU9706,Rossiya,2024-01-03,23:36,171
SU4762,Aeroflot,2024-09-20,00:48,240
SU9220,UTair,2024-05-25,12:41,86
SU9778,Ural Airlines,2024-09-27,23:41,139
SU3383,Pobeda,2024-01-22,22:42,268
SU6364,Nordavia,2024-01-13,16:46,73
SU4876,UTair,2024-06-14,10:34,148
SU4646,Azimuth,2024-12-10,21:02,232
SU3849,Ural Airlines,2024-07-10,07:15,308
SU1700,Azimuth,2024-07-25,19:21,238
SU6917,Red Wings,2024-07-26,09:54,284
SU5724,S7 Airlines,2024-10-08,06:46,152
SU5688,Rossiya,2024-01-27,15:31,134
SU4199,Rossiya,2024-12-25,00:44,330
SU7559,Nordavia,2024-02-21,04:07,59
SU8188,Pobeda,2024-02-10,17:01,173
SU2184,Azimuth,2024-10-16,08:28,293
SU2735,Pobeda,2024-06-03,00:42,269
SU1338,Yakutia,2024-04-19,15:29,275
SU4586,Red Wings,2024-02-28,06:59,270
SU2079,Red Wings,2024-06-12,00:07,117
SU2534,Nordavia,2024-03-02,11:13,80
SU6964,Yakutia,2024-10-24,20:33,314
SU4957,Azimuth,2024-04-14,13:42,284
SU8220,S7 Airlines,2024-04-07,12:01,100
SU8403,Pobeda,2024-05-20,00:38,211
SU3929,Aeroflot,2024-05-23,16:38,50
SU4917,UTair,2024-02-04,09:37,231
SU9876,Red Wings,2024-07-17,05:59,294
SU169,UTair,2024-04-20,14:28,133
SU7803,UTair,2024-03-01,09:04,188
SU292,Pobeda,2024-12-15,05:40,106
SU2355,UTair,2024-05-20,13:34,110
SU7156,Ural Airlines,2024-12-04,01:13,212
SU4188,Yakutia,2024-03-16,17:14,90
SU3487,Aeroflot,2024-03-14,07:48,236
SU7886,Nordavia,2024-11-04,14:25,112
SU3743,S7 Airlines,2024-11-15,15:50,157
SU1276,Azimuth,2024-01-08,07:53,105
SU5232,Azimuth,2024-03-20,20:38,299
SU9182,Pobeda,2024-02-28,13:39,332
SU5422,Rossiya,2024-04-02,00:58,191
SU3698,UTair,2024-03-12,23:49,56
SU6229,Aeroflot,2024-12-04,12:06,117
SU6020,Ural Airlines,2024-01-23,02:03,336
SU1000,Azimuth,2024-05-09,11:46,285
SU3501,Rossiya,2024-08-05,15:01,317
SU1516,Azimuth,2024-12-07,12:31,228
SU3115,Nordavia,2024-01-24,09:35,217
SU2883,Pobeda,2024-12-11,19:58,268
SU3779,Yakutia,2024-06-20,17:37,149
SU9628,Red Wings,2024-09-11,10:05,221
SU9767,UTair,2024-11-20,18:37,274
SU7029,Rossiya,2024-08-11,16:54,65
SU7627,Pobeda,2024-11-17,22:38,158
SU2070,Ural Airlines,2024-09-26,11:36,293
SU9868,Aeroflot,2024-02-11,06:59,279
SU6391,Yakutia,2024-01-13,04:13,276
SU8813,Azimuth,2024-04-17,23:06,187
SU1192,Ural Airlines,2024-02-02,21:02,242
SU5087,Rossiya,2024-01-28,01:59,83
SU3183,Azimuth,2024-02-27,07:28,129
SU1548,UTair,2024-04-06,18:20,63
SU6116,UTair,2024-05-26,09:33,262
SU9011,Ural Airlines,2024-06-15,08:25,160
SU2830,Ural Airlines,2024-05-23,14:34,259
SU4226,Yakutia,2024-04-16,17:50,200
SU6208,Aeroflot,2024-12-18,10:31,279
SU6547,Ural Airlines,2024-07-16,20:46,267
SU6620,Azimuth,2024-11-11,12:20,146
SU5513,Aeroflot,2024-12-17,18:18,305
SU4319,Rossiya,2024-09-28,13:08,253
SU599,Pobeda,2024-02-01,16:56,343
SU1450,Yakutia,2024-08-21,01:18,93
SU2039,Yakutia,2024-11-18,02:17,305
SU4012,Red Wings,2024-12-04,15:02,198
SU7819,Rossiya,2024-10-24,07:07,244
SU3403,Red Wings,2024-08-18,10:45,225
SU5158,Nordavia,2024-02-20,08:02,133
SU2278,S7 Airlines,2024-10-11,20:25,145
SU6411,Ural Airlines,2024-05-26,00:38,262
SU5728,S7 Airlines,2024-06-02,12:29,328
SU2114,Yakutia,2024-10-22,12:56,118
SU296,Nordavia,2024-07-18,10:22,278
SU5757,Aeroflot,2024-06-27,21:52,254
SU6756,Aeroflot,2024-03-21,08:05,55
SU8447,Azimuth,2024-07-28,07:08,134
SU5752,Nordavia,2024-08-06,16:57,331
SU7741,S7 Airlines,2024-05-08,21:23,182
SU5989,Azimuth,2024-09-16,18:13,53
SU4205,Rossiya,2024-02-17,09:08,241
SU9046,Ural Airlines,2024-07-16,07:54,340
SU2891,Azimuth,2024-09-23,18:29,210
SU721,Yakutia,2024-01-19,09:29,240
SU2029,Aeroflot,2024-03-13,06:39,293
SU9354,Yakutia,2024-09-22,15:14,256
SU2091,Nordavia,2024-05-10,11:38,98
SU2096,UTair,2024-12-19,11:04,294
SU5451,S7 Airlines,2024-10-13,03:56,291
SU6175,UTair,2024-08-20,17:47,131
SU756,S7 Airlines,2024-11-21,08:53,312
SU9874,Ural Airlines,2024-09-20,17:33,271
SU4101,Yakutia,2024-08-12,14:49,144
SU1929,Red Wings,2024-06-10,18:57,120
SU9832,Aeroflot,2024-02-20,17:48,197
SU1529,Azimuth,2024-02-06,06:53,73
SU4503,Nordavia,2024-02-24,02:27,85
SU6048,Azimuth,2024-06-14,20:10,318
SU5532,Azimuth,2024-06-06,12:40,277
SU9483,Ural Airlines,2024-12-25,06:54,299
SU7752,Aeroflot,2024-05-16,21:40,122
SU953,S7 Airlines,2024-11-27,01:39,234
SU4187,S7 Airlines,2024-03-05,16:33,316
SU1533,S7 Airlines,2024-07-16,08:34,109
SU9011,Nordavia,2024-03-17,04:25,108
SU8825,Aeroflot,2024-02-15,00:59,88
SU509,Azimuth,2024-07-08,19:00,272
SU834,Rossiya,2024-11-19,11:20,305
SU9796,Azimuth,2024-06-09,09:05,117
SU7389,Yakutia,2024-11-10,11:11,282
SU8809,S7 Airlines,2024-07-25,15:31,151
SU4632,Yakutia,2024-06-19,06:38,120
SU6541,Ural Airlines,2024-01-02,09:29,126
SU8559,Azimuth,2024-04-17,19:29,87
SU3927,Azimuth,2024-10-27,03:48,149
SU2070,Azimuth,2024-06-18,04:17,271
SU3626,Red Wings,2024-10-17,01:30,146
SU5334,Aeroflot,2024-07-01,08:33,261
SU4698,Nordavia,2024-06-17,18:35,165
SU2476,Azimuth,2024-01-28,08:28,293
SU229,UTair,2024-03-15,20:49,133
SU1403,Pobeda,2024-07-27,09:39,102
SU4050,Yakutia,2024-11-28,02:46,192
SU322,Rossiya,2024-09-07,23:00,150
SU8724,Pobeda,2024-12-13,09:54,99
SU3151,Ural Airlines,2024-12-16,11:12,263
SU206,Yakutia,2024-06-22,02:17,104
SU3060,S7 Airlines,2024-06-15,16:34,189
SU6360,Yakutia,2024-07-06,19:41,326
SU5796,Pobeda,2024-01-14,13:55,60
SU2124,Ural Airlines,2024-03-15,19:47,253
SU1551,Nordavia,2024-09-09,14:51,80
SU5600,Rossiya,2024-12-04,19:05,238
SU9773,Ural Airlines,2024-09-23,13:57,262
SU665,UTair,2024-09-21,12:31,71
SU1840,Rossiya,2024-02-27,08:50,271
SU5749,Yakutia,2024-06-10,13:57,142
SU7148,Ural Airlines,2024-10-24,08:00,84
SU8305,S7 Airlines,2024-07-01,00:54,259
SU7510,Aeroflot,2024-12-14,13:15,220
SU2295,S7 Airlines,2024-01-02,16:21,185
SU9297,Red Wings,2024-07-04,15:56,246
SU4109,Rossiya,2024-02-27,15:41,143
SU5146,Red Wings,2024-11-24,02:22,115
SU6197,Ural Airlines,2024-10-06,21:11,294
SU8801,Azimuth,2024-01-08,04:15,99
SU7288,Azimuth,2024-02-13,16:11,150
SU3101,UTair,2024-12-10,02:57,259
SU866,Yakutia,2024-05-17,17:37,114
SU8177,Ural Airlines,2024-02-22,16:02,123
SU7056,Yakutia,2024-04-08,11:15,251
SU7223,Rossiya,2024-06-24,04:00,76
SU1726,UTair,2024-09-04,15:22,113
SU1740,S7 Airlines,2024-01-21,23:27,82
SU8648,Pobeda,2024-11-08,07:30,298
SU4947,Ural Airlines,2024-05-06,01:49,262
SU5942,Pobeda,2024-07-22,22:08,104
SU4815,Aeroflot,2024-09-03,14:48,65
SU4675,Ural Airlines,2024-08-12,13:17,185
SU5011,S7 Airlines,2024-07-11,05:26,166
SU3284,Rossiya,2024-06-20,16:57,180
SU6464,Red Wings,2024-04-21,09:59,345
SU3792,Ural Airlines,2024-04-03,06:33,106
SU1144,Ural Airlines,2024-10-08,05:14,266
SU7294,Nordavia,2024-11-16,10:06,273
SU4570,Aeroflot,2024-12-09,08:22,256
SU2782,Nordavia,2024-08-11,05:44,306
SU9240,Yakutia,2024-04-26,14:47,341
SU5692,Ural Airlines,2024-06-07,20:56,162
SU1533,Rossiya,2024-08-16,21:30,135
SU5832,Pobeda,2024-02-10,15:55,264
SU9414,Pobeda,2024-03-08,04:28,229
SU2573,Aeroflot,2024-07-15,05:23,65
SU7322,S7 Airlines,2024-12-05,22:46,338
SU4181,Aeroflot,2024-09-27,11:36,77
SU2540,Pobeda,2024-06-18,15:16,234
SU359,UTair,2024-06-27,19:42,282
SU5963,Red Wings,2024-03-09,12:24,181
SU4980,Azimuth,2024-03-23,12:30,259
SU6065,Yakutia,2024-12-20,22:47,227
SU5339,UTair,2024-02-12,05:34,108
SU4811,UTair,2024-12-20,19:14,164
SU1871,S7 Airlines,2024-04-03,00:59,258
SU8256,Pobeda,2024-08-23,13:42,53
SU5680,Red Wings,2024-12-01,09:56,293
SU1969,Yakutia,2024-05-23,01:35,205
SU7123,Pobeda,2024-09-21,05:39,51
SU4955,Red Wings,2024-07-05,06:14,161
SU3045,Pobeda,2024-02-08,16:34,248
SU5673,Ural Airlines,2024-05-01,06:49,208
SU6005,Ural Airlines,2024-06-13,19:39,286
SU1764,Rossiya,2024-01-03,20:16,111
SU859,Aeroflot,2024-12-08,22:08,237
SU7673,Azimuth,2024-09-13,05:38,206
SU1803,Azimuth,2024-01-24,00:37,281
SU5311,Azimuth,2024-11-06,14:56,296
SU5748,UTair,2024-04-25,05:47,259
SU9536,UTair,2024-07-19,20:18,282
SU7662,Ural Airlines,2024-02-06,09:26,79
SU8712,Pobeda,2024-05-09,06:56,98
SU2735,Nordavia,2024-09-06,16:30,57
SU7928,Azimuth,2024-01-03,03:33,229
SU6459,UTair,2024-10-09,19:42,276
SU4134,Rossiya,2024-04-03,12:59,188
SU1364,Azimuth,2024-10-01,02:45,268
SU7056,Nordavia,2024-04-04,21:44,87
SU8834,Aeroflot,2024-11-08,20:08,214
SU8823,UTair,2024-05-17,16:37,71
SU629,Aeroflot,2024-01-16,21:06,59
SU9512,Aeroflot,2024-01-24,15:33,220
SU7798,Nordavia,2024-06-21,21:08,207
SU8185,S7 Airlines,2024-06-03,19:04,229
SU2565,Nordavia,2024-03-27,23:42,89
SU4848,Azimuth,2024-09-21,21:32,260
SU580,Aeroflot,2024-11-05,21:42,213
SU8606,Rossiya,2024-07-17,13:01,178
SU9889,Red Wings,2024-06-15,16:24,334
SU2846,Pobeda,2024-01-16,16:59,55
SU2501,Pobeda,2024-11-02,20:58,256
SU6059,Yakutia,2024-03-18,12:16,209
SU9956,Aeroflot,2024-02-17,15:50,109
SU7380,Pobeda,2024-02-10,22:35,88
SU4148,Nordavia,2024-05-22,22:28,286
SU6274,UTair,2024-05-18,09:06,303
SU7504,Ural Airlines,2024-09-11,21:52,276
SU6549,Nordavia,2024-12-22,15:18,200
SU5373,Red Wings,2024-03-22,09:15,299
SU2896,Azimuth,2024-05-03,20:08,257
SU6587,Azimuth,2024-11-03,15:16,331
SU3563,Nordavia,2024-03-09,12:19,348
SU2242,Aeroflot,2024-03-09,22:37,311
SU6142,Pobeda,2024-08-28,21:06,151
SU6298,Pobeda,2024-06-02,13:13,72
SU2256,Aeroflot,2024-07-20,05:57,327
SU1037,Nordavia,2024-03-02,04:04,190
SU7892,S7 Airlines,2024-04-22,11:18,169
SU4017,Red Wings,2024-01-09,08:10,349
SU2218,Aeroflot,2024-05-15,14:49,129
SU5732,Ural Airlines,2024-07-05,00:30,176
SU1131,Ural Airlines,2024-01-03,15:40,107
SU9413,Pobeda,2024-01-21,19:28,181
SU3888,Yakutia,2024-03-26,22:09,297
SU2913,Ural Airlines,2024-07-28,00:23,345
SU9764,Azimuth,2024-11-22,17:22,84
SU2808,Red Wings,2024-06-21,01:14,295
SU2683,Ural Airlines,2024-01-17,21:48,173
SU4412,Red Wings,2024-01-19,07:35,151
SU4276,Aeroflot,2024-04-07,17:51,107
SU6030,Aeroflot,2024-07-04,18:07,296
SU242,S7 Airlines,2024-07-20,09:39,270
SU1045,Pobeda,2024-06-11,19:03,281
SU1496,Aeroflot,2024-09-17,19:58,311
SU9917,Ural Airlines,2024-02-25,10:14,61
SU4227,Yakutia,2024-03-04,22:42,207
SU7837,Red Wings,2024-02-26,12:13,252
SU3267,Pobeda,2024-05-22,23:06,346
SU447,Aeroflot,2024-04-20,07:08,96
SU5034,Pobeda,2024-11-14,17:40,277
SU5577,S7 Airlines,2024-03-07,12:41,136
SU7850,UTair,2024-06-04,04:19,264
SU2541,Red Wings,2024-12-11,14:27,350
SU3595,Rossiya,2024-05-28,00:33,270
SU467,Rossiya,2024-06-03,15:25,292
SU9830,Nordavia,2024-04-27,19:22,272
SU2369,S7 Airlines,2024-04-25,06:05,246
SU2969,UTair,2024-10-13,16:56,173
SU6094,Pobeda,2024-09-21,09:10,186
SU8065,Pobeda,2024-11-19,03:36,82
SU1583,UTair,2024-11-07,09:56,324
SU2725,UTair,2024-11-08,02:09,226
SU5465,Ural Airlines,2024-09-05,05:46,342
SU3268,Yakutia,2024-08-15,16:00,317
SU2297,Azimuth,2024-09-01,03:41,153
SU3545,S7 Airlines,2024-07-05,13:23,228
SU8737,Yakutia,2024-05-05,19:03,302
SU3256,Azimuth,2024-02-10,10:21,210
SU8643,UTair,2024-09-14,09:56,247
SU1151,Yakutia,2024-09-04,14:32,328
SU6406,Aeroflot,2024-03-10,04:01,247
SU4275,Azimuth,2024-07-14,10:49,318
SU2917,Yakutia,2024-05-16,07:20,348
SU8439,Yakutia,2024-04-27,13:15,277
SU4908,Ural Airlines,2024-08-02,17:40,152
SU4053,Azimuth,2024-01-16,10:07,217
SU546,Pobeda,2024-09-06,10:26,63
SU3452,S7 Airlines,2024-04-03,15:11,115
SU8027,Red Wings,2024-01-04,14:40,331
SU2495,Rossiya,2024-07-01,09:10,124
SU5760,Red Wings,2024-04-04,13:57,76
SU5001,UTair,2024-10-01,05:56,168
SU2286,Yakutia,2024-05-23,13:13,230
SU201,UTair,2024-08-05,09:47,240
SU6994,Azimuth,2024-04-21,15:00,344
SU7083,Pobeda,2024-04-09,19:53,183
SU1675,Yakutia,2024-12-08,21:36,349
SU5279,Ural Airlines,2024-12-15,17:59,65
SU325,Yakutia,2024-01-20,14:46,241
SU2868,Red Wings,2024-05-08,20:02,127
SU5357,Nordavia,2024-04-25,23:30,78
SU1170,UTair,2024-06-10,02:24,133
SU7478,Azimuth,2024-07-05,21:46,187
SU7413,UTair,2024-11-18,12:52,116
SU2512,Yakutia,2024-04-03,12:22,152
SU7793,S7 Airlines,2024-03-28,04:13,180
SU4480,Red Wings,2024-11-18,01:30,165
SU8268,Pobeda,2024-06-16,20:31,340
SU8685,Azimuth,2024-10-07,04:49,313
SU4690,Azimuth,2024-07-13,22:45,244
SU3359,Aeroflot,2024-05-06,14:39,279
SU4377,Azimuth,2024-04-27,08:30,330
SU4591,UTair,2024-04-09,01:24,314
SU5521,Azimuth,2024-06-15,20:23,202
SU1202,Ural Airlines,2024-12-26,15:39,158
SU6467,S7 Airlines,2024-01-07,17:15,269
SU8983,Yakutia,2024-11-21,20:16,281
SU9771,Rossiya,2024-01-05,16:04,288
SU4380,Azimuth,2024-07-11,19:37,346
SU1143,Rossiya,2024-09-06,17:40,60
SU7685,Nordavia,2024-09-11,20:01,213
SU845,Azimuth,2024-02-16,05:23,343
SU5416,UTair,2024-10-13,02:49,335
SU5426,Red Wings,2024-04-21,00:07,170
SU7961,Pobeda,2024-05-04,11:01,251
SU2440,Ural Airlines,2024-08-22,13:19,176
SU9217,Red Wings,2024-02-25,00:32,214
SU9800,Yakutia,2024-09-22,02:30,57
SU7204,Nordavia,2024-12-20,19:07,156
SU6604,Pobeda,2024-09-20,10:01,306
SU3573,Rossiya,2024-08-06,08:42,253
SU8986,Azimuth,2024-03-23,21:35,217
SU4863,Azimuth,2024-10-08,23:23,108
SU710,Red Wings,2024-11-11,00:47,251
SU6848,Yakutia,2024-03-08,10:54,162
SU4601,Nordavia,2024-05-16,05:53,344
SU6014,Azimuth,2024-04-17,03:39,270
SU7166,S7 Airlines,2024-11-26,14:56,53
SU7831,Azimuth,2024-07-01,22:02,303
SU2313,Aeroflot,2024-12-03,23:40,213
SU425,Yakutia,2024-03-14,05:54,244
SU5095,Azimuth,2024-06-01,00:20,332
SU6789,Ural Airlines,2024-12-12,22:35,187
SU663,Ural Airlines,2024-05-20,02:22,224
SU9783,Ural Airlines,2024-11-13,11:22,261
SU9662,Azimuth,2024-06-13,11:09,207
SU7975,Red Wings,2024-09-04,06:47,57
SU421,Rossiya,2024-09-26,19:27,159
SU5571,Azimuth,2024-11-28,14:33,328
SU5210,Azimuth,2024-08-03,05:30,193
SU6606,Yakutia,2024-05-07,01:30,348
SU8859,Rossiya,2024-10-15,04:15,83
SU7984,Nordavia,2024-05-21,19:43,314
SU7207,Ural Airlines,2024-07-21,14:56,135
SU3801,Aeroflot,2024-01-01,06:13,207
SU4056,S7 Airlines,2024-01-12,18:11,242
SU8075,Nordavia,2024-04-10,00:05,96
SU5466,UTair,2024-08-07,03:40,195
SU6476,S7 Airlines,2024-02-16,22:17,261
SU6870,Yakutia,2024-11-24,22:19,237
SU3347,Rossiya,2024-03-05,14:34,204
SU7594,UTair,2024-06-10,10:32,98
SU3809,Aeroflot,2024-06-19,15:39,280
SU5968,Azimuth,2024-12-23,11:53,86
SU4816,Azimuth,2024-09-28,04:15,112
SU9881,Azimuth,2024-11-16,11:59,227
SU3960,S7 Airlines,2024-10-18,01:31,167
SU2842,Aeroflot,2024-07-24,17:17,308
SU3305,S7 Airlines,2024-05-14,23:02,116
SU8337,Red Wings,2024-08-01,09:47,234
SU3988,Pobeda,2024-10-02,23:13,61
SU1144,Azimuth,2024-10-15,22:53,271
SU6976,Azimuth,2024-08-19,07:11,158
SU9014,Azimuth,2024-01-21,07:41,218
SU5686,Yakutia,2024-04-18,21:47,225
SU8219,Pobeda,2024-10-18,06:38,341
SU4670,Red Wings,2024-12-04,00:53,206
SU9224,Red Wings,2024-10-15,11:57,278
SU8824,UTair,2024-12-01,05:58,91
SU5146,Ural Airlines,2024-03-17,12:21,338
SU9556,Red Wings,2024-08-07,07:12,274
SU6446,Azimuth,2024-05-05,18:07,293
SU2569,Rossiya,2024-09-20,19:54,323
SU5255,Pobeda,2024-10-01,00:37,80
SU3728,Rossiya,2024-04-01,04:27,265
SU6666,Pobeda,2024-12-02,06:24,141
SU3802,Yakutia,2024-03-03,07:30,118
SU4121,Yakutia,2024-09-13,18:31,120
SU8994,Yakutia,2024-06-14,00:08,350
SU4561,Pobeda,2024-03-13,06:43,263
SU4568,Pobeda,2024-04-03,21:02,129
SU2337,S7 Airlines,2024-09-14,06:58,220
SU1684,Yakutia,2024-05-02,11:30,301
SU5644,Nordavia,2024-10-09,16:27,219
SU8298,Rossiya,2024-06-03,16:17,271
SU4670,Pobeda,2024-11-16,12:27,178
SU7121,Aeroflot,2024-12-13,12:17,56
SU7948,UTair,2024-11-07,03:36,179
SU7373,Pobeda,2024-12-11,02:14,135
SU7245,Rossiya,2024-08-11,13:19,73
SU2340,Nordavia,2024-11-23,13:24,196
SU9429,Red Wings,2024-02-02,04:41,342
SU8776,Nordavia,2024-03-20,12:25,244
SU952,UTair,2024-01-13,17:45,88
SU5460,Pobeda,2024-10-27,14:28,285
SU392,Yakutia,2024-11-12,21:32,272
SU6880,Red Wings,2024-07-01,03:34,133
SU3857,Nordavia,2024-06-24,17:39,72
SU6996,S7 Airlines,2024-04-27,03:56,245
SU6414,Nordavia,2024-10-19,11:36,277
SU388,Nordavia,2024-12-04,22:37,72
SU6837,Ural Airlines,2024-06-27,06:16,318
SU5456,Yakutia,2024-11-05,03:35,229
SU8691,Yakutia,2024-12-01,13:00,215
SU4434,Ural Airlines,2024-10-22,22:29,204
SU5897,Nordavia,2024-01-03,00:54,98
SU8660,Aeroflot,2024-06-11,00:58,157
SU2363,Red Wings,2024-10-16,00:27,133
SU8021,Rossiya,2024-03-25,13:58,61
SU2425,Aeroflot,2024-03-02,21:04,311
SU493,Yakutia,2024-08-06,04:38,220
SU7372,Rossiya,2024-03-19,04:06,273
SU4663,Nordavia,2024-06-14,10:32,102
SU5541,S7 Airlines,2024-07-09,17:18,119
SU6767,UTair,2024-05-18,08:22,204
SU1505,Rossiya,2024-06-19,07:14,200
SU4855,Azimuth,2024-02-20,22:58,174
SU4119,Ural Airlines,2024-05-19,10:52,348
SU4425,UTair,2024-09-17,05:11,147
SU2392,Pobeda,2024-05-25,22:44,101
SU2747,UTair,2024-01-20,06:04,89
SU2171,Yakutia,2024-08-25,14:07,241
SU9042,Pobeda,2024-07-27,05:11,162
SU6401,Yakutia,2024-12-22,02:49,105
SU7183,S7 Airlines,2024-01-19,00:22,143
SU9336,Azimuth,2024-11-27,05:35,80
SU9096,Azimuth,2024-03-22,09:42,297
SU1033,Rossiya,2024-08-06,03:55,337
SU3352,Pobeda,2024-03-07,14:23,282
SU3955,Yakutia,2024-08-02,08:16,54
SU5391,Azimuth,2024-01-14,07:14,140
SU3223,S7 Airlines,2024-04-28,22:58,231
SU6813,Ural Airlines,2024-04-22,10:03,64
SU6489,Azimuth,2024-03-04,16:30,131
SU8764,Rossiya,2024-06-04,07:37,93
SU2732,Aeroflot,2024-05-14,09:59,219
SU4626,Azimuth,2024-12-17,05:42,140
SU6925,Pobeda,2024-03-13,08:38,86
SU5694,Red Wings,2024-11-23,01:18,224
SU8981,S7 Airlines,2024-03-21,05:45,238
SU9210,Red Wings,2024-04-05,09:22,229
SU416,Rossiya,2024-02-07,10:52,342
SU2734,S7 Airlines,2024-10-04,15:50,180
SU3252,Rossiya,2024-12-19,18:37,224
SU3077,S7 Airlines,2024-11-08,09:05,286
SU2788,Pobeda,2024-01-14,15:08,294
SU4024,Red Wings,2024-09-24,02:32,299
SU4656,Yakutia,2024-04-05,07:52,52
SU1373,Pobeda,2024-12-19,10:50,124
SU9582,Ural Airlines,2024-04-08,02:38,144
SU3369,Red Wings,2024-09-01,14:45,234
SU6297,Ural Airlines,2024-10-19,20:11,278
SU5467,S7 Airlines,2024-12-22,20:13,258
SU3051,UTair,2024-02-05,09:37,337
SU2630,Yakutia,2024-03-07,12:30,92
SU6932,Ural Airlines,2024-01-18,08:49,308
SU7292,UTair,2024-01-18,11:33,86
SU7564,Yakutia,2024-02-17,23:39,186
SU4821,Aeroflot,2024-09-14,03:03,109
SU1074,Azimuth,2024-10-28,23:25,250
SU6024,UTair,2024-04-01,03:33,91
SU4917,Ural Airlines,2024-04-15,11:32,51
SU3772,Pobeda,2024-09-26,08:43,58
SU8189,Yakutia,2024-10-14,07:54,234
SU9785,Red Wings,2024-05-01,06:09,205
SU7082,Ural Airlines,2024-07-19,02:07,209
SU423,Pobeda,2024-05-16,04:48,140
SU3485,Red Wings,2024-10-03,14:42,148
SU4039,S7 Airlines,2024-08-09,00:48,80
SU9654,Azimuth,2024-04-17,11:19,312
SU9817,Azimuth,2024-11-23,04:52,170
SU6084,Pobeda,2024-10-09,06:15,234
SU1123,UTair,2024-10-06,03:44,265
SU2163,Rossiya,2024-12-22,16:30,345
SU156,Ural Airlines,2024-04-06,09:36,237
SU3090,Aeroflot,2024-03-20,11:32,334
SU7812,S7 Airlines,2024-07-26,12:57,111
SU1754,Ural Airlines,2024-07-28,16:05,111
SU3002,UTair,2024-04-19,03:12,121
SU5421,Rossiya,2024-09-15,17:53,149
SU1700,Rossiya,2024-04-16,14:09,319
SU1004,Rossiya,2024-02-15,23:38,174
SU7911,Yakutia,2024-11-07,17:17,96
SU2618,Rossiya,2024-09-26,16:15,146
SU3333,Yakutia,2024-03-16,12:21,51
SU8353,Pobeda,2024-01-23,17:51,177
SU8281,UTair,2024-12-01,13:29,99
SU4257,Rossiya,2024-03-16,20:03,310
SU1003,Azimuth,2024-01-10,00:25,67
SU2653,Rossiya,2024-03-20,00:30,117
SU2872,S7 Airlines,2024-01-16,22:17,92
SU2871,Red Wings,2024-04-23,17:58,200
SU9013,S7 Airlines,2024-09-19,21:55,247
SU7126,Aeroflot,2024-04-27,14:39,130
SU4353,Nordavia,2024-12-21,23:17,262
SU9501,Yakutia,2024-09-23,09:28,184
SU2731,Aeroflot,2024-02-07,02:29,230
SU2541,Ural Airlines,2024-10-21,08:06,286
SU2491,Yakutia,2024-06-10,06:22,67
SU9101,Rossiya,2024-05-14,22:57,186
SU2243,Pobeda,2024-09-10,19:45,213
SU1436,Ural Airlines,2024-07-06,12:54,245
SU9665,Red Wings,2024-09-16,09:50,103
SU701,Aeroflot,2024-08-07,14:29,303
SU9670,Pobeda,2024-04-18,07:23,297
SU3147,Ural Airlines,2024-03-16,02:16,315
SU7597,Azimuth,2024-08-16,06:25,337
SU102,UTair,2024-06-14,13:21,155
SU352,Red Wings,2024-10-26,13:25,227
SU3713,Azimuth,2024-06-14,01:03,65
SU6558,UTair,2024-01-14,19:35,56
SU4111,UTair,2024-08-15,15:02,329
SU6859,Azimuth,2024-03-19,03:39,119
SU5741,Pobeda,2024-10-17,03:06,97
SU9647,UTair,2024-06-25,21:12,281
SU9557,Red Wings,2024-09-10,08:28,270
SU2407,Azimuth,2024-10-28,11:21,55
SU3993,Pobeda,2024-05-02,18:06,152
SU1863,Aeroflot,2024-04-04,17:41,210
SU8252,Aeroflot,2024-06-24,00:35,80
SU5088,Ural Airlines,2024-05-16,06:46,308
SU3963,Yakutia,2024-06-28,23:30,140
SU517,UTair,2024-12-22,14:29,246
SU7619,Nordavia,2024-11-19,21:04,267
SU586,Azimuth,2024-12-11,09:36,55
SU2344,Azimuth,2024-09-15,03:21,88
SU2223,Yakutia,2024-07-05,07:02,174
SU9891,UTair,2024-10-14,08:04,168
SU1180,Aeroflot,2024-05-07,07:37,136
SU205,Ural Airlines,2024-05-15,12:10,348
SU465,Nordavia,2024-07-14,08:23,331
SU9586,S7 Airlines,2024-09-19,06:44,110
SU8824,Ural Airlines,2024-06-12,12:43,72
SU6903,Red Wings,2024-11-06,06:29,62
SU1335,Aeroflot,2024-04-15,12:05,70
SU9410,Pobeda,2024-05-28,13:53,63
SU4428,Nordavia,2024-06-10,14:40,292
SU556,Red Wings,2024-03-18,04:30,191
SU8810,Ural Airlines,2024-10-03,10:02,158
SU124,UTair,2024-02-20,23:29,105
SU4759,Azimuth,2024-04-09,17:11,253
SU4259,Ural Airlines,2024-01-04,18:43,264
SU2870,UTair,2024-02-14,01:35,199
SU9600,Rossiya,2024-04-25,05:51,223
SU4085,UTair,2024-09-12,18:00,261
SU659,Yakutia,2024-01-22,02:50,94
SU8604,Nordavia,2024-03-10,22:45,307
SU1791,Yakutia,2024-01-18,06:21,80
SU9469,S7 Airlines,2024-06-14,10:52,254
SU6686,Yakutia,2024-02-06,11:50,241
SU2807,Ural Airlines,2024-10-10,00:33,291
SU5821,S7 Airlines,2024-12-02,17:55,344
SU962,Ural Airlines,2024-03-16,02:16,161
SU7202,UTair,2024-02-26,12:51,244
SU9263,Aeroflot,2024-12-08,00:51,322
SU2278,UTair,2024-04-08,11:08,129
SU7003,Pobeda,2024-09-11,03:58,99
SU731,Azimuth,2024-07-23,07:21,110
SU3937,Azimuth,2024-02-09,18:28,134
SU3423,Azimuth,2024-05-28,09:42,232
SU5328,Rossiya,2024-05-13,01:40,104
SU2453,Red Wings,2024-06-08,04:44,243
SU386,Red Wings,2024-01-16,18:28,267
SU376,Nordavia,2024-07-02,20:29,178
SU4495,UTair,2024-12-27,20:05,104
SU7858,Nordavia,2024-03-12,13:12,284
SU6764,Nordavia,2024-12-02,00:11,261
SU1243,S7 Airlines,2024-04-06,00:50,274
SU8753,Pobeda,2024-11-04,23:37,201
SU3826,Azimuth,2024-01-21,01:10,251
SU6117,UTair,2024-07-26,22:39,214
SU1659,Yakutia,2024-07-27,11:10,235
SU1302,Nordavia,2024-05-16,13:44,155
SU4799,Nordavia,2024-10-24,06:28,135
SU1373,Pobeda,2024-03-26,16:44,292
SU9682,Aeroflot,2024-10-21,00:47,225
SU8670,Pobeda,2024-08-19,10:13,338
SU3508,Red Wings,2024-04-12,18:33,89
SU7646,UTair,2024-04-08,05:38,308
SU9510,UTair,2024-02-03,08:30,211
SU2813,UTair,2024-11-01,22:07,136
SU3794,Azimuth,2024-01-08,14:14,110
SU9773,Aeroflot,2024-05-17,20:11,208
SU4847,Pobeda,2024-03-25,08:06,86
SU1129,S7 Airlines,2024-12-13,05:35,138
SU5423,Yakutia,2024-10-02,08:19,53
SU8904,Rossiya,2024-10-17,17:15,181
SU845,S7 Airlines,2024-07-04,08:58,220
SU3592,Ural Airlines,2024-02-01,09:17,188
SU7568,Rossiya,2024-12-03,10:35,303
SU8282,Yakutia,2024-01-19,20:45,309
SU6883,Azimuth,2024-04-05,18:19,136
SU9284,Azimuth,2024-06-28,11:34,101
SU132,S7 Airlines,2024-04-27,16:05,95
SU3309,Ural Airlines,2024-05-18,01:53,329
SU8342,Ural Airlines,2024-12-26,12:43,235
SU5145,Azimuth,2024-03-06,00:32,278
SU9600,Red Wings,2024-02-22,06:39,74
SU9376,Red Wings,2024-12-17,19:25,144
SU1608,S7 Airlines,2024-05-04,02:55,213
SU2075,UTair,2024-05-20,18:34,241
SU7431,Red Wings,2024-02-13,13:40,266
SU5805,Azimuth,2024-02-17,07:01,133
SU7051,Azimuth,2024-07-21,18:17,168
SU6955,Red Wings,2024-04-04,13:22,217
SU8424,Pobeda,2024-07-19,14:48,323
SU9310,S7 Airlines,2024-02-22,01:36,307
SU6303,Nordavia,2024-09-25,04:34,300
SU4854,Azimuth,2024-08-10,21:02,166
SU1098,Yakutia,2024-06-09,20:16,142
SU2395,Aeroflot,2024-07-18,01:46,240
SU8541,Aeroflot,2024-04-06,11:16,205
SU272,UTair,2024-02-18,00:11,98
SU5284,S7 Airlines,2024-01-13,03:59,109
SU9297,UTair,2024-02-01,14:26,271
SU8741,Aeroflot,2024-09-28,07:44,85
SU7637,S7 Airlines,2024-03-25,22:58,273
SU8944,Ural Airlines,2024-07-24,08:04,99
SU783,Yakutia,2024-09-14,10:16,164
SU4051,Azimuth,2024-04-04,07:43,214
SU3721,Ural Airlines,2024-06-28,07:26,215
SU5916,UTair,2024-08-14,02:43,180
SU5671,Rossiya,2024-05-24,13:18,105
SU6474,Ural Airlines,2024-06-20,22:06,295
SU7127,Nordavia,2024-04-23,04:42,241
SU8837,Red Wings,2024-05-03,22:13,83
SU9428,S7 Airlines,2024-12-17,00:37,190
SU8187,S7 Airlines,2024-03-09,18:15,139
SU6522,Red Wings,2024-01-23,10:46,119
SU9202,Azimuth,2024-05-28,14:31,198
SU523,S7 Airlines,2024-08-27,20:33,265
SU8047,Red Wings,2024-01-12,12:45,335
SU4980,Ural Airlines,2024-10-08,15:40,145
SU5562,Ural Airlines,2024-07-15,22:04,166
SU5459,Rossiya,2024-06-26,22:15,109
SU5943,UTair,2024-05-12,22:14,318
SU9888,Rossiya,2024-12-16,11:06,149
SU7544,Yakutia,2024-05-25,07:48,333
SU4164,Nordavia,2024-12-16,08:18,165
SU6706,S7 Airlines,2024-02-08,20:33,108
SU4592,UTair,2024-07-09,23:15,140
SU7186,Pobeda,2024-05-13,18:47,266
SU4703,Red Wings,2024-12-09,17:02,263
SU6795,Aeroflot,2024-12-20,02:30,63
SU8955,UTair,2024-07-14,14:07,230
SU8789,S7 Airlines,2024-05-01,02:58,110
SU2563,Yakutia,2024-01-14,19:38,69
SU8949,Ural Airlines,2024-03-03,23:03,271
SU4144,Yakutia,2024-09-17,00:42,183
SU5222,UTair,2024-06-23,10:41,145
SU9030,Nordavia,2024-09-07,14:34,300
SU6388,Rossiya,2024-12-14,14:14,170
SU1969,Rossiya,2024-01-27,00:17,118
SU1810,Azimuth,2024-09-13,05:06,322
SU787,Pobeda,2024-04-19,21:30,156
SU6226,Aeroflot,2024-12-08,12:10,102
SU7114,Pobeda,2024-06-06,17:08,191
SU8761,UTair,2024-10-01,23:54,104
SU8804,Nordavia,2024-12-11,02:12,148
SU4796,Nordavia,2024-07-14,09:04,248
SU904,S7 Airlines,2024-04-20,17:36,160
SU4427,Azimuth,2024-12-18,18:03,151
SU1585,Nordavia,2024-11-13,08:50,241
SU1358,Pobeda,2024-12-02,13:49,311
SU3842,Yakutia,2024-06-24,06:36,282
SU1187,Yakutia,2024-10-28,07:49,253
SU4737,UTair,2024-12-03,06:28,242
SU6611,Azimuth,2024-09-06,18:13,67
SU829,Ural Airlines,2024-01-04,01:00,124
SU7597,Pobeda,2024-10-17,06:55,211
SU2205,Ural Airlines,2024-02-28,08:43,313
SU8105,Nordavia,2024-12-06,20:16,74
SU9442,Rossiya,2024-07-11,02:06,262
SU8069,Aeroflot,2024-10-05,14:39,263
SU3738,S7 Airlines,2024-05-20,15:12,286
SU8844,Pobeda,2024-08-24,21:15,297
SU6673,S7 Airlines,2024-02-21,01:24,136
SU9135,Red Wings,2024-08-16,13:30,215
SU6792,Red Wings,2024-09-03,05:49,86
SU8507,Nordavia,2024-01-10,19:00,275
SU2767,Ural Airlines,2024-07-04,14:17,230
SU2898,Yakutia,2024-11-22,06:44,338
SU5724,Rossiya,2024-02-04,07:50,135
SU2729,Red Wings,2024-05-22,12:13,206
SU6135,Aeroflot,2024-12-01,09:19,217
SU7603,Yakutia,2024-03-11,18:29,183
SU4025,Aeroflot,2024-08-25,22:45,92
SU8017,Azimuth,2024-05-12,05:01,129
SU7053,Red Wings,2024-06-20,21:36,182
SU555,Rossiya,2024-10-23,14:37,261
SU7760,Red Wings,2024-04-27,01:28,287
SU2710,Yakutia,2024-09-01,00:43,297
SU9140,Pobeda,2024-05-13,02:53,93
SU1219,UTair,2024-03-12,16:22,90
SU5180,Pobeda,2024-04-23,06:06,268
SU9144,Yakutia,2024-06-08,03:54,54
SU4938,Red Wings,2024-10-23,03:11,87
SU4730,S7 Airlines,2024-10-19,15:28,132
SU7995,Azimuth,2024-03-17,12:33,76
SU3663,Nordavia,2024-04-23,12:56,326
SU3978,Aeroflot,2024-10-22,00:20,296
SU1380,Red Wings,2024-08-28,04:09,347
SU135,Nordavia,2024-09-04,04:52,229
SU572,Rossiya,2024-08-22,06:04,348
SU6767,Rossiya,2024-11-01,17:16,78
SU8360,Red Wings,2024-10-15,07:28,213
SU2686,Rossiya,2024-02-23,14:35,137
SU3000,S7 Airlines,2024-01-14,06:44,244
SU9801,S7 Airlines,2024-06-07,19:32,100
SU4703,Red Wings,2024-08-02,13:26,184
SU3854,Pobeda,2024-02-13,16:07,154
SU4415,Yakutia,2024-09-27,21:42,322
SU8236,Nordavia,2024-10-20,06:16,322
SU2398,Nordavia,2024-06-17,07:27,152
SU8206,Nordavia,2024-12-19,20:09,68
SU2528,Yakutia,2024-05-20,13:05,301
SU7177,UTair,2024-09-20,15:17,170
SU3116,Ural Airlines,2024-02-25,10:26,155
SU1082,Azimuth,2024-07-24,23:49,173
SU4862,Yakutia,2024-02-24,06:56,243
SU229,UTair,2024-04-12,09:47,252
SU9679,Red Wings,2024-07-02,15:45,301
SU5630,Nordavia,2024-02-14,09:58,276
SU3530,Azimuth,2024-08-17,21:01,341
SU4024,Ural Airlines,2024-12-13,11:24,132
SU1605,Yakutia,2024-05-10,05:35,81
SU3927,Ural Airlines,2024-06-24,11:03,157
SU5326,Aeroflot,2024-07-06,09:29,289
SU4739,Nordavia,2024-06-28,07:48,203
SU2605,Aeroflot,2024-04-20,16:32,187
SU2202,S7 Airlines,2024-12-16,03:59,346
SU8362,UTair,2024-05-04,09:49,105
SU4997,Yakutia,2024-01-20,12:53,136
SU3140,Nordavia,2024-08-07,14:26,249
SU7861,Pobeda,2024-09-05,16:21,347
SU9528,Red Wings,2024-03-17,18:50,154
SU7910,UTair,2024-03-10,07:04,58
SU8428,Nordavia,2024-11-09,00:01,195
SU7310,Aeroflot,2024-11-01,06:43,70
SU2595,S7 Airlines,2024-02-08,07:42,96
SU6230,Red Wings,2024-01-04,18:48,319
SU3685,Red Wings,2024-04-23,01:40,77
SU5578,Aeroflot,2024-11-12,08:17,146
SU7186,UTair,2024-10-09,14:36,99
SU4534,S7 Airlines,2024-11-23,23:31,210
SU2851,Aeroflot,2024-03-23,23:23,265
SU3844,UTair,2024-11-24,20:12,153
SU815,UTair,2024-03-15,22:49,290
SU4290,Nordavia,2024-10-11,09:25,308
SU5554,Nordavia,2024-09-22,10:11,91
SU6419,Yakutia,2024-10-26,16:47,138
SU9233,Red Wings,2024-10-13,10:38,297
SU3274,Aeroflot,2024-05-18,12:52,127
SU9682,Pobeda,2024-07-22,07:20,78
SU989,Azimuth,2024-08-27,20:47,166
SU3628,Azimuth,2024-11-05,21:10,235
SU8127,UTair,2024-01-09,00:56,252
SU4886,Azimuth,2024-03-27,00:06,218
SU1587,Azimuth,2024-03-15,19:38,277
SU9144,S7 Airlines,2024-11-24,11:06,237
SU7501,Nordavia,2024-08-05,03:25,250
SU8162,Ural Airlines,2024-07-14,17:04,223
SU4060,Nordavia,2024-01-05,21:50,194
SU4027,Red Wings,2024-12-28,15:50,142
SU2067,Ural Airlines,2024-12-12,23:14,277
SU5054,Azimuth,2024-01-04,04:20,69
SU6381,Nordavia,2024-04-26,19:25,261
SU6547,UTair,2024-12-08,06:25,118
SU5284,Ural Airlines,2024-03-06,15:42,189
SU4936,S7 Airlines,2024-06-26,09:37,154
SU8248,UTair,2024-11-05,16:59,274
SU3840,Aeroflot,2024-04-18,03:05,318
SU6931,Ural Airlines,2024-02-23,23:26,146
SU8969,Pobeda,2024-11-22,03:26,246
SU2291,Azimuth,2024-04-01,18:02,82
SU6702,Azimuth,2024-07-04,19:18,214
SU9221,Pobeda,2024-11-21,16:02,160
SU8904,S7 Airlines,2024-03-13,17:51,324
SU9252,Nordavia,2024-12-10,10:06,296
SU6289,Aeroflot,2024-08-09,19:39,90
SU9395,Azimuth,2024-10-23,21:27,59
SU9727,Aeroflot,2024-02-06,20:42,237
SU3367,Nordavia,2024-08-08,20:52,100
SU1825,Rossiya,2024-12-05,16:17,331
SU7444,S7 Airlines,2024-01-04,13:07,250
SU2508,Nordavia,2024-04-07,17:28,77
SU1615,Rossiya,2024-03-26,23:30,276
SU9348,Yakutia,2024-01-27,18:06,294
SU5996,Aeroflot,2024-04-08,20:51,79
SU5200,Rossiya,2024-09-22,09:54,204
SU7157,S7 Airlines,2024-02-27,16:32,120
SU4591,Aeroflot,2024-07-24,07:17,219
SU775,Red Wings,2024-10-24,12:21,224
SU2073,Red Wings,2024-12-28,01:56,168
SU583,S7 Airlines,2024-04-21,20:16,161
SU1682,S7 Airlines,2024-01-28,05:43,162
SU8720,S7 Airlines,2024-10-09,15:07,265
SU2477,Ural Airlines,2024-10-25,06:26,299
SU145,Azimuth,2024-01-22,08:16,111
SU504,Red Wings,2024-06-19,00:45,245
SU1945,Ural Airlines,2024-12-16,01:13,123
SU1484,Red Wings,2024-09-16,09:41,249
SU5505,Nordavia,2024-03-21,19:16,259
SU6349,Pobeda,2024-08-15,03:32,112
SU6802,Pobeda,2024-09-26,20:55,333
SU3955,Ural Airlines,2024-10-20,18:07,302
SU5182,Red Wings,2024-05-11,15:05,50
SU4350,UTair,2024-06-18,12:18,249
SU6733,Nordavia,2024-09-25,07:27,176
SU5201,Pobeda,2024-05-20,20:22,221
SU4943,Pobeda,2024-10-02,11:07,308
SU1758,UTair,2024-09-21,16:38,247
SU1902,Rossiya,2024-01-05,17:18,205
SU9821,Rossiya,2024-02-19,22:56,215
SU7868,Red Wings,2024-12-13,14:50,203
SU2284,Azimuth,2024-10-13,01:22,173
SU5590,Aeroflot,2024-04-11,06:26,306
SU8326,UTair,2024-11-27,13:57,329
SU1982,Pobeda,2024-10-14,08:23,84
SU2518,Yakutia,2024-06-17,14:28,339
SU8135,UTair,2024-02-28,17:24,125
SU2365,Red Wings,2024-04-05,11:39,274
SU562,Aeroflot,2024-01-20,21:27,176
SU8799,Rossiya,2024-10-21,14:04,340
SU7449,Ural Airlines,2024-03-28,14:19,243
SU9565,Aeroflot,2024-12-27,16:49,345
SU5325,Aeroflot,2024-03-19,15:46,197
SU7779,Azimuth,2024-12-20,16:21,339
SU5359,Pobeda,2024-10-02,17:55,108
SU7935,UTair,2024-08-21,00:16,342
SU7161,Aeroflot,2024-02-20,18:49,143
SU8360,Red Wings,2024-01-06,15:31,334
SU264,Nordavia,2024-01-07,17:21,191
SU1725,Aeroflot,2024-03-04,03:43,120
SU3620,Red Wings,2024-10-12,23:54,263
SU6077,Aeroflot,2024-11-10,21:21,236
SU5018,Azimuth,2024-02-24,22:30,243
SU7134,Red Wings,2024-08-21,00:34,106
SU6352,Red Wings,2024-01-27,05:39,228
SU8738,Ural Airlines,2024-07-01,07:11,350
SU2437,Rossiya,2024-12-02,19:56,292
SU5973,Aeroflot,2024-04-22,12:14,133
SU7162,Nordavia,2024-11-14,14:19,326
SU1651,Pobeda,2024-11-07,07:24,73
SU9761,Rossiya,2024-07-18,15:48,129
SU2066,Rossiya,2024-12-23,11:14,85
SU4247,Aeroflot,2024-08-17,00:42,104
SU6233,Yakutia,2024-04-20,18:30,126
SU7202,Pobeda,2024-07-28,12:20,296
SU2426,Ural Airlines,2024-02-26,21:50,100
SU9433,UTair,2024-05-08,22:59,136
SU3157,UTair,2024-08-15,08:24,251
SU6795,Yakutia,2024-03-08,14:53,143
SU8452,UTair,2024-07-19,03:39,113
SU1243,Aeroflot,2024-08-28,18:44,348
SU8341,Aeroflot,2024-08-12,01:56,268
SU3000,Red Wings,2024-03-24,11:54,349
SU1807,Nordavia,2024-02-02,05:12,52
SU7085,S7 Airlines,2024-01-03,13:54,249
SU2358,Aeroflot,2024-08-11,13:28,201
SU9932,S7 Airlines,2024-03-17,13:33,198
SU1528,Aeroflot,2024-08-11,21:16,268
SU9767,Nordavia,2024-01-04,01:50,288
SU4873,S7 Airlines,2024-01-02,03:27,185
SU929,Azimuth,2024-06-20,14:52,194
SU2639,Azimuth,2024-11-18,21:47,261
SU1373,Aeroflot,2024-09-16,22:30,287
SU8627,UTair,2024-07-19,10:06,138
SU426,S7 Airlines,2024-04-26,23:02,266
SU5309,Ural Airlines,2024-06-19,20:48,327
SU1169,S7 Airlines,2024-11-19,17:05,264
SU3637,Rossiya,2024-07-11,11:48,77
SU9317,S7 Airlines,2024-05-06,11:37,286
SU6977,Nordavia,2024-05-28,15:42,72
SU463,Yakutia,2024-06-12,02:17,323
SU6032,UTair,2024-03-07,09:27,249
SU2770,Rossiya,2024-11-10,19:29,122
SU3422,UTair,2024-01-15,00:32,321
SU4094,Nordavia,2024-11-26,10:57,131
SU6784,Aeroflot,2024-12-27,03:27,271
SU5074,Ural Airlines,2024-02-17,16:43,208
SU1660,Yakutia,2024-10-14,14:56,183
SU2122,Yakutia,2024-09-02,05:42,189
SU2039,Pobeda,2024-11-05,16:35,316
SU7890,UTair,2024-10-03,14:39,264
SU4660,Nordavia,2024-08-23,14:01,50
SU4298,Pobeda,2024-03-25,19:11,249
SU6513,Nordavia,2024-08-28,00:14,346
SU4547,Nordavia,2024-12-03,02:12,176
SU6002,Red Wings,2024-11-27,03:51,323
SU3087,Red Wings,2024-07-01,13:52,80
SU6977,Aeroflot,2024-06-16,12:15,328
SU8215,Aeroflot,2024-12-12,06:15,305
SU7369,Rossiya,2024-04-24,16:00,135
SU120,Aeroflot,2024-12-28,14:29,212
SU8083,UTair,2024-03-16,08:41,209
SU5816,Ural Airlines,2024-04-02,14:43,169
SU498,S7 Airlines,2024-12-13,05:22,231
SU5940,Azimuth,2024-09-06,01:29,113
SU6720,Yakutia,2024-07-06,04:59,71
SU8952,S7 Airlines,2024-12-14,12:17,254
SU6554,Ural Airlines,2024-02-07,14:31,318
SU1055,Red Wings,2024-10-05,06:09,305
SU7287,Pobeda,2024-12-22,17:59,99
SU8629,S7 Airlines,2024-10-22,23:40,203
SU6701,Ural Airlines,2024-01-25,07:31,335
SU8964,Pobeda,2024-09-14,20:49,299
SU928,Rossiya,2024-01-04,07:06,155
SU574,UTair,2024-03-18,10:17,106
SU5826,S7 Airlines,2024-01-09,12:07,148
SU3408,UTair,2024-04-18,18:46,123
SU7835,Yakutia,2024-06-08,05:57,105
SU7686,Aeroflot,2024-09-02,05:43,83
SU4003,Red Wings,2024-05-19,00:19,78
SU8061,S7 Airlines,2024-06-25,12:26,138
SU8616,Azimuth,2024-06-19,20:40,308
SU6248,Red Wings,2024-01-13,11:28,338
SU6771,S7 Airlines,2024-04-10,20:05,249
SU9566,Yakutia,2024-06-03,08:19,51
SU8773,UTair,2024-01-10,06:40,269
SU6683,Rossiya,2024-07-10,22:23,205
SU626,S7 Airlines,2024-08-20,22:53,235
SU3357,Ural Airlines,2024-11-23,23:50,247
SU4182,Yakutia,2024-07-16,00:09,72
SU3215,Ural Airlines,2024-02-25,21:45,236
SU4855,Yakutia,2024-08-25,20:44,141
SU7455,Aeroflot,2024-09-21,14:58,317
SU6347,Nordavia,2024-06-12,01:03,284
SU1312,UTair,2024-06-26,03:47,335
SU5014,Azimuth,2024-01-17,14:38,188
SU268,Azimuth,2024-11-24,03:06,314
SU5772,Ural Airlines,2024-06-27,02:02,346
SU5096,S7 Airlines,2024-05-05,16:48,195
SU3613,UTair,2024-08-18,07:54,123
SU6036,UTair,2024-11-23,11:57,329
SU2484,UTair,2024-10-16,21:28,139
SU6258,UTair,2024-11-26,21:59,339
SU8489,S7 Airlines,2024-08-02,05:13,302
SU1440,Ural Airlines,2024-12-04,21:50,275
SU4511,Nordavia,2024-07-06,20:04,251
SU1822,Nordavia,2024-09-02,11:38,315
SU5954,Rossiya,2024-01-24,13:59,154
SU2631,Ural Airlines,2024-01-23,02:43,165
SU2469,Aeroflot,2024-08-25,13:22,344
SU3802,Aeroflot,2024-01-07,06:54,280
SU3287,Nordavia,2024-05-27,14:47,183
SU7353,Rossiya,2024-09-14,19:47,60
SU4271,Red Wings,2024-06-03,19:38,178
SU3629,UTair,2024-01-10,10:18,60
SU8347,Aeroflot,2024-07-06,11:43,55
SU7099,S7 Airlines,2024-12-17,15:15,64
SU5182,Aeroflot,2024-06-23,09:02,208
SU2539,S7 Airlines,2024-01-15,02:31,136
SU655,UTair,2024-01-04,21:16,124
SU2650,Pobeda,2024-04-26,01:50,96
SU7522,Pobeda,2024-03-23,13:28,234
SU9561,Yakutia,2024-07-04,07:43,311
SU1822,Rossiya,2024-12-01,14:41,342
SU6348,Ural Airlines,2024-09-01,08:46,257
SU9007,Aeroflot,2024-06-08,01:04,208
SU1939,Aeroflot,2024-05-03,10:21,330
SU9604,Yakutia,2024-07-09,05:18,110
SU2183,Pobeda,2024-07-13,11:30,229
SU3984,Yakutia,2024-10-27,20:15,142
SU2406,Red Wings,2024-04-25,09:17,184
SU2704,S7 Airlines,2024-12-07,17:28,93
SU3001,Nordavia,2024-12-20,07:49,92
SU5517,Ural Airlines,2024-02-02,17:32,328
SU563,S7 Airlines,2024-05-12,13:47,51
SU1169,Azimuth,2024-12-27,13:58,346
SU9279,Aeroflot,2024-09-13,18:39,336
SU1030,Nordavia,2024-07-27,09:50,347
SU6535,Ural Airlines,2024-03-03,11:19,264
SU1510,Azimuth,2024-11-23,17:39,128
SU3310,Pobeda,2024-04-05,02:14,316
SU5239,UTair,2024-11-20,08:12,97
SU9684,S7 Airlines,2024-05-17,15:47,233
SU4183,Aeroflot,2024-06-16,12:46,242
SU3587,Pobeda,2024-10-24,00:53,264
SU6317,Pobeda,2024-11-06,05:27,340
SU7840,Pobeda,2024-10-16,19:18,215
SU9551,Aeroflot,2024-05-18,21:08,102
SU8800,Azimuth,2024-08-16,10:37,337
SU9802,Rossiya,2024-10-03,07:37,77
SU8765,Yakutia,2024-10-12,05:05,210
SU6184,UTair,2024-11-23,10:19,289
SU9353,Rossiya,2024-02-25,10:19,301
SU6952,Nordavia,2024-01-06,10:43,103
SU1968,Rossiya,2024-11-16,21:19,163
SU1067,Red Wings,2024-03-27,14:08,300
SU5897,S7 Airlines,2024-02-17,01:45,156
SU4469,Yakutia,2024-09-02,06:11,79
SU5021,Ural Airlines,2024-09-19,06:52,286
SU275,Aeroflot,2024-06-26,18:41,275
SU9585,Azimuth,2024-02-16,12:21,55
SU993,Nordavia,2024-04-26,10:25,91
SU3235,UTair,2024-12-13,05:38,103
SU7827,Azimuth,2024-03-18,20:24,316
SU6418,Red Wings,2024-03-11,11:44,84
SU5892,Rossiya,2024-04-23,12:17,159
SU8018,Pobeda,2024-05-21,10:09,187
SU3249,Pobeda,2024-09-28,17:22,152
SU5325,UTair,2024-07-02,03:01,147
SU6893,Red Wings,2024-09-02,21:11,342
SU3751,Red Wings,2024-11-04,15:24,292
SU5579,Ural Airlines,2024-08-09,17:49,175
SU1247,Yakutia,2024-04-22,00:15,330
SU6708,Rossiya,2024-07-01,05:25,211
SU2864,Nordavia,2024-11-21,00:18,196
SU8922,S7 Airlines,2024-03-19,15:19,158
SU4895,Yakutia,2024-08-07,10:23,54
SU3422,Ural Airlines,2024-01-15,02:39,154
SU7193,Pobeda,2024-09-12,19:08,313
SU9008,Red Wings,2024-01-11,05:22,208
SU5640,Yakutia,2024-05-04,10:31,144
SU5068,Rossiya,2024-06-24,14:46,200
SU6489,Red Wings,2024-12-12,01:24,105
SU4118,Red Wings,2024-06-19,04:11,211
SU5759,Pobeda,2024-10-07,02:43,330
SU5026,Ural Airlines,2024-03-03,16:49,319
SU7914,Rossiya,2024-02-22,23:30,71
SU3021,Nordavia,2024-11-26,15:01,343
SU8760,Ural Airlines,2024-04-25,13:13,264
SU8196,Yakutia,2024-04-22,05:39,323
SU8975,Red Wings,2024-11-22,14:28,142
SU1203,Pobeda,2024-03-08,18:20,228
SU2897,Red Wings,2024-06-11,06:26,171
SU3054,Azimuth,2024-06-24,03:18,253
SU4268,Yakutia,2024-01-13,08:14,88
SU5998,Ural Airlines,2024-04-04,19:00,270
SU8195,Pobeda,2024-02-24,17:21,308
SU5878,Nordavia,2024-09-04,15:59,92
SU7798,Rossiya,2024-02-09,01:15,256
SU7043,Nordavia,2024-02-08,23:57,315
SU2873,S7 Airlines,2024-02-19,20:23,234
SU4361,Yakutia,2024-02-14,03:23,182
SU9870,UTair,2024-10-08,06:41,66
SU7117,UTair,2024-05-12,06:07,295
SU9896,Pobeda,2024-07-18,15:41,287
SU1805,Ural Airlines,2024-09-17,17:00,198
SU5974,Ural Airlines,2024-06-13,22:26,305
SU2143,Aeroflot,2024-07-24,14:28,98
SU635,Rossiya,2024-07-19,07:34,300
SU6945,S7 Airlines,2024-08-03,21:48,89
SU3895,UTair,2024-07-07,07:22,232
SU8174,Ural Airlines,2024-10-28,02:42,96
SU6375,Ural Airlines,2024-10-19,14:48,285
SU5234,UTair,2024-06-22,20:33,123
SU5703,Azimuth,2024-08-14,07:48,192
SU4515,Red Wings,2024-02-26,03:35,74
SU9150,Red Wings,2024-03-01,14:04,332
SU3298,Pobeda,2024-07-23,16:19,333
SU4251,Yakutia,2024-07-21,18:12,248
SU9177,Yakutia,2024-02-22,04:54,205
SU8425,Aeroflot,2024-05-07,03:02,256
SU1184,Nordavia,2024-08-14,21:31,339
SU3306,Ural Airlines,2024-07-02,03:27,160
SU1171,Pobeda,2024-08-17,03:07,242
SU1004,Pobeda,2024-10-28,10:46,51
SU4563,UTair,2024-02-18,12:52,244
SU6430,UTair,2024-03-16,01:01,137
SU6885,Rossiya,2024-06-15,10:44,136
SU1171,UTair,2024-08-25,13:54,188
SU6859,Nordavia,2024-11-05,07:00,289
SU5526,Ural Airlines,2024-07-07,09:07,110
SU8103,S7 Airlines,2024-04-12,01:05,188
SU1769,Nordavia,2024-10-24,03:55,233
SU9758,Azimuth,2024-08-04,19:16,348
SU2436,Aeroflot,2024-11-28,07:29,133
SU1969,Pobeda,2024-11-03,07:57,348
SU2739,Nordavia,2024-08-16,04:47,283
SU4702,Rossiya,2024-12-22,08:40,222
SU8602,Nordavia,2024-03-05,16:48,104
SU1709,UTair,2024-11-14,09:27,314
SU2819,Rossiya,2024-12-27,06:50,218
SU2017,Red Wings,2024-02-24,10:44,140
SU4790,S7 Airlines,2024-09-20,13:41,61
SU2061,Nordavia,2024-02-01,06:46,201
SU9804,Pobeda,2024-08-24,21:07,102
SU5205,Nordavia,2024-04-05,17:31,216
SU3677,Yakutia,2024-10-08,04:03,163
SU380,Rossiya,2024-08-23,19:18,341
SU2690,Aeroflot,2024-01-09,02:21,336
SU1161,Pobeda,2024-07-25,18:27,330
SU9975,Aeroflot,2024-03-15,10:16,191
SU3066,UTair,2024-07-19,06:44,50
SU2048,Ural Airlines,2024-12-24,11:48,197
SU893,S7 Airlines,2024-10-27,10:45,343
SU5113,Azimuth,2024-03-17,23:45,329
SU7967,Azimuth,2024-05-05,01:04,155
SU1794,Red Wings,2024-07-09,01:57,182
SU3777,S7 Airlines,2024-02-06,17:39,258
SU5531,Red Wings,2024-04-04,06:44,74
SU4683,Red Wings,2024-07-08,10:25,340
SU1374,Aeroflot,2024-08-27,14:56,64
SU9713,Aeroflot,2024-08-21,00:15,329
SU542,Aeroflot,2024-02-25,14:37,93
SU4051,Pobeda,2024-04-02,05:31,210
SU4953,Rossiya,2024-01-05,00:40,210
SU7007,UTair,2024-08-18,22:20,304
SU6592,Azimuth,2024-10-01,03:50,268
SU8881,S7 Airlines,2024-11-05,09:50,231
SU3741,Pobeda,2024-05-10,10:16,256
SU8759,Ural Airlines,2024-07-06,14:16,130
SU5019,Rossiya,2024-09-06,04:26,331
SU9227,Nordavia,2024-04-04,14:48,100
SU9352,UTair,2024-09-11,09:28,51
SU2023,Rossiya,2024-01-28,11:00,133
SU9266,Aeroflot,2024-11-20,20:59,300
SU2012,Rossiya,2024-05-06,06:29,314
SU9395,Red Wings,2024-03-14,20:47,183
SU1185,Ural Airlines,2024-09-26,21:36,245
SU4541,Ural Airlines,2024-04-06,10:56,210
SU229,UTair,2024-10-28,06:58,104
SU7160,Rossiya,2024-08-22,20:22,62
SU8581,Yakutia,2024-12-01,19:19,194
SU2404,Azimuth,2024-05-21,10:10,150
SU133,Pobeda,2024-10-23,15:35,77
SU1495,Ural Airlines,2024-01-18,13:57,181
SU537,Yakutia,2024-07-27,14:20,54
SU8380,Rossiya,2024-03-01,21:05,300
SU5890,Aeroflot,2024-10-18,21:47,324
SU7775,Rossiya,2024-08-22,22:01,189
SU4797,S7 Airlines,2024-02-05,13:59,341
SU2331,Azimuth,2024-04-13,09:36,77
SU4830,Ural Airlines,2024-08-10,22:40,74
SU6126,Yakutia,2024-04-24,16:03,66
SU5298,Aeroflot,2024-05-01,18:55,123
SU7816,Rossiya,2024-05-09,22:23,150
SU3680,Ural Airlines,2024-09-24,19:19,120
SU4081,S7 Airlines,2024-07-01,05:08,166
SU7795,Rossiya,2024-04-03,16:54,135
SU846,UTair,2024-06-25,00:34,219
SU8157,Ural Airlines,2024-06-28,10:43,332
SU9279,Azimuth,2024-03-23,07:39,274
SU1866,Ural Airlines,2024-08-23,02:38,242
SU7226,UTair,2024-10-17,00:19,326
SU4099,Azimuth,2024-03-08,05:25,218
SU7893,Red Wings,2024-06-07,23:21,85
SU1999,UTair,2024-12-25,03:59,146
SU4631,UTair,2024-03-27,05:50,111
SU4891,Rossiya,2024-10-15,11:59,219
SU3834,Azimuth,2024-05-09,11:44,76
SU2712,Yakutia,2024-05-09,17:01,323
SU1325,Nordavia,2024-08-05,12:08,278
SU807,Azimuth,2024-04-04,15:26,198
SU2786,Nordavia,2024-03-15,06:18,275
SU9512,Yakutia,2024-01-17,00:02,225
SU1918,Nordavia,2024-10-04,12:34,183
SU9550,Aeroflot,2024-07-17,00:26,182
SU151,Ural Airlines,2024-01-06,14:02,342
SU4816,Azimuth,2024-03-01,13:21,134
SU4903,Rossiya,2024-04-19,16:38,207
SU2085,Red Wings,2024-03-13,05:10,96
SU776,Red Wings,2024-07-15,19:59,250
SU2922,S7 Airlines,2024-09-24,08:10,173
SU4972,Nordavia,2024-09-15,03:43,260
SU8586,Red Wings,2024-06-02,15:40,55
SU6047,Pobeda,2024-03-25,09:42,103
SU4999,Rossiya,2024-02-01,21:52,89
SU4652,Rossiya,2024-08-09,21:31,61
SU6726,Red Wings,2024-09-08,01:09,215
SU3745,Nordavia,2024-12-13,21:39,252
SU8012,UTair,2024-09-18,06:45,264
SU859,UTair,2024-04-02,02:57,177
SU3951,Yakutia,2024-02-10,15:06,176
SU1637,Red Wings,2024-07-07,17:48,262
SU1239,Ural Airlines,2024-10-24,19:13,110
SU2771,Nordavia,2024-09-26,19:02,291
SU350,Aeroflot,2024-12-05,08:07,54
SU8330,Aeroflot,2024-06-21,02:48,89
SU4032,Yakutia,2024-05-19,05:07,225
SU8458,UTair,2024-06-25,22:56,309
SU9575,Yakutia,2024-12-22,06:12,236
SU8037,UTair,2024-06-13,12:46,127
SU9460,Aeroflot,2024-04-11,11:40,250
SU865,Nordavia,2024-03-20,05:21,287
SU4270,UTair,2024-01-11,19:07,321
SU7705,Yakutia,2024-02-07,14:52,264
SU5330,S7 Airlines,2024-04-01,19:25,142
SU7014,Nordavia,2024-10-17,22:34,144
SU940,UTair,2024-09-03,22:23,319
SU1714,Red Wings,2024-11-14,09:40,138
SU1454,Yakutia,2024-01-05,11:33,322
SU6227,Aeroflot,2024-08-08,15:39,216
SU9357,UTair,2024-11-06,20:59,348
SU9516,UTair,2024-04-24,03:51,340
SU2496,S7 Airlines,2024-02-10,12:26,271
SU3411,S7 Airlines,2024-11-10,10:20,246
SU301,UTair,2024-12-16,05:37,284
SU826,Nordavia,2024-12-13,02:07,340
SU4565,Azimuth,2024-02-11,17:03,222
SU1498,Azimuth,2024-01-17,09:33,184
SU7902,Nordavia,2024-02-17,14:31,86
SU5763,Red Wings,2024-10-23,20:16,325
SU2318,Rossiya,2024-03-16,01:35,190
SU2184,Ural Airlines,2024-01-15,18:53,180
SU9250,Ural Airlines,2024-05-08,23:00,230
SU8095,Red Wings,2024-06-13,09:56,71
SU9378,Rossiya,2024-08-27,23:06,187
SU4635,Yakutia,2024-08-04,10:23,301
SU6694,Yakutia,2024-01-26,20:59,51
SU3374,Yakutia,2024-03-19,00:15,202
SU3649,Red Wings,2024-09-17,10:54,102
SU6215,Aeroflot,2024-05-17,05:06,323
SU1607,Ural Airlines,2024-02-09,02:52,326
SU3910,S7 Airlines,2024-07-13,19:04,123
SU8548,Pobeda,2024-02-04,00:05,343
SU4736,Azimuth,2024-08-03,22:59,272
SU868,UTair,2024-09-22,15:20,257
SU1557,S7 Airlines,2024-07-07,22:07,234
SU5409,Rossiya,2024-08-24,00:58,171
SU7680,Yakutia,2024-01-09,15:48,52
SU3913,Ural Airlines,2024-10-08,08:57,267
SU7464,Rossiya,2024-08-06,23:13,331
SU3299,Rossiya,2024-05-20,08:41,60
SU1562,Red Wings,2024-05-05,05:18,166
SU1139,S7 Airlines,2024-10-16,22:13,163
SU5297,Aeroflot,2024-12-06,13:29,176
SU9303,Aeroflot,2024-10-03,06:25,118
SU1880,Pobeda,2024-06-04,13:04,57
SU7632,Nordavia,2024-12-24,07:38,229
SU4584,UTair,2024-07-13,16:52,149
SU1167,Red Wings,2024-05-18,14:46,257
SU500,S7 Airlines,2024-08-05,21:28,196
SU9140,Pobeda,2024-11-14,06:03,115
SU3850,Azimuth,2024-10-08,18:53,78
SU5390,S7 Airlines,2024-12-27,19:56,193
SU3599,Yakutia,2024-08-01,08:46,136
SU165,UTair,2024-07-22,06:53,118
SU5373,UTair,2024-01-07,06:53,311
SU7040,Azimuth,2024-04-15,08:44,130
SU2504,S7 Airlines,2024-02-08,03:30,139
SU618,Aeroflot,2024-06-02,05:31,202
SU430,Pobeda,2024-02-05,16:45,319
SU4282,Nordavia,2024-09-01,22:13,311
SU4464,Azimuth,2024-07-19,23:18,239
SU2858,Rossiya,2024-03-02,19:30,223
SU8054,Nordavia,2024-12-06,02:48,153
SU4080,Ural Airlines,2024-06-07,07:27,50
SU1466,UTair,2024-07-22,00:26,96
SU6112,Red Wings,2024-10-05,20:01,316
SU9784,UTair,2024-07-05,03:40,182
SU6120,Azimuth,2024-12-26,09:11,200
SU8109,Pobeda,2024-10-24,01:36,164
SU6737,UTair,2024-11-15,15:16,305
SU6513,Ural Airlines,2024-12-21,09:44,115
SU5134,Ural Airlines,2024-05-19,18:12,125
SU4458,Nordavia,2024-02-03,05:08,296
SU4994,UTair,2024-01-26,05:39,270
SU504,Aeroflot,2024-05-05,16:07,224
SU3471,Rossiya,2024-02-04,07:36,245
SU9251,Yakutia,2024-02-10,18:00,340
SU9380,Red Wings,2024-09-13,16:39,208
SU1239,Pobeda,2024-08-07,06:16,277
SU2258,Ural Airlines,2024-12-26,16:09,199
SU9848,Nordavia,2024-10-08,13:27,264
SU9604,Yakutia,2024-04-06,01:05,253
SU7121,UTair,2024-05-19,16:51,335
SU7011,Aeroflot,2024-05-28,12:20,206
SU8804,S7 Airlines,2024-11-08,08:18,183
SU7194,Nordavia,2024-03-07,10:21,145
SU4301,Red Wings,2024-02-03,20:09,80
SU8959,S7 Airlines,2024-10-13,08:06,192
SU2084,Nordavia,2024-11-07,18:07,295
SU6853,Yakutia,2024-01-07,08:44,149
SU7867,Nordavia,2024-01-18,13:23,118
SU5552,Rossiya,2024-06-26,18:07,250
SU1584,Azimuth,2024-12-03,19:04,93
SU738,Aeroflot,2024-03-05,08:07,62
SU3846,UTair,2024-09-27,09:15,275
SU7531,Azimuth,2024-06-03,01:58,226
SU2925,S7 Airlines,2024-11-20,07:21,128
SU2481,Yakutia,2024-01-16,15:42,315
SU2369,Nordavia,2024-07-21,19:11,324
SU8616,Aeroflot,2024-09-23,16:19,279
SU6136,UTair,2024-01-11,04:58,250
SU6415,Red Wings,2024-04-01,21:38,175
SU2871,Aeroflot,2024-01-26,19:15,65
SU4652,Azimuth,2024-03-07,09:49,153
SU3981,Ural Airlines,2024-11-01,13:42,248
SU8722,UTair,2024-05-13,14:29,216
SU3926,Azimuth,2024-08-13,16:38,159
SU3785,Aeroflot,2024-10-14,00:38,85
SU4174,S7 Airlines,2024-11-04,03:04,313
SU8051,Azimuth,2024-08-26,11:26,102
SU8248,Pobeda,2024-11-25,06:35,274
SU5154,Ural Airlines,2024-02-16,10:02,209
SU2436,Ural Airlines,2024-07-26,03:22,99
SU8570,Pobeda,2024-05-27,07:29,271
SU9933,Nordavia,2024-04-02,09:03,146
SU8409,Azimuth,2024-01-15,17:12,316
SU847,Rossiya,2024-12-22,07:32,146
SU8683,Nordavia,2024-12-16,09:52,335
SU3823,Ural Airlines,2024-05-02,15:10,50
SU5605,Azimuth,2024-01-13,00:08,331
SU9991,S7 Airlines,2024-03-20,19:10,292
SU2459,Aeroflot,2024-07-21,03:00,334
SU1679,Rossiya,2024-08-06,02:19,344
SU4181,Pobeda,2024-10-27,06:10,263
SU7058,Rossiya,2024-06-09,21:25,236
SU8169,S7 Airlines,2024-10-27,01:57,163
SU6995,Azimuth,2024-11-20,21:05,54
SU7157,UTair,2024-01-17,14:56,267
SU6551,UTair,2024-06-23,15:34,93
SU6475,Ural Airlines,2024-02-20,08:06,55
SU963,Pobeda,2024-07-20,08:00,257
SU9874,Rossiya,2024-07-23,14:13,154
SU5495,Ural Airlines,2024-09-19,12:01,299
SU4036,S7 Airlines,2024-03-01,11:51,167
SU2842,S7 Airlines,2024-11-15,17:17,263
SU9995,S7 Airlines,2024-03-07,05:27,107
SU2616,Pobeda,2024-09-28,13:39,312
SU3142,Azimuth,2024-01-22,13:28,337
SU6425,Pobeda,2024-04-11,07:36,281
SU4500,Red Wings,2024-10-03,18:17,299
SU1660,Yakutia,2024-06-17,17:16,217
SU8463,Pobeda,2024-09-26,08:09,317
SU5441,Red Wings,2024-04-28,18:10,62
SU1585,Nordavia,2024-11-18,09:37,135
SU3598,Yakutia,2024-10-17,12:38,126
SU4690,Rossiya,2024-12-25,04:22,123
SU101,Pobeda,2024-04-24,19:10,138
SU3994,Pobeda,2024-02-03,13:57,289
SU9313,Nordavia,2024-03-01,05:13,309
SU5344,Rossiya,2024-12-23,18:42,211
SU9151,Ural Airlines,2024-07-12,02:07,211
SU2005,Aeroflot,2024-05-01,02:09,298
SU3406,Rossiya,2024-09-22,00:58,152
SU1890,Pobeda,2024-01-14,00:20,193
SU5581,Aeroflot,2024-10-28,11:04,303
SU8685,Aeroflot,2024-09-19,11:07,325
SU8701,Nordavia,2024-11-20,20:26,335
SU5937,Nordavia,2024-02-25,07:42,117
SU5216,Azimuth,2024-10-12,18:49,124
SU5917,Nordavia,2024-04-12,07:20,176
SU3871,Nordavia,2024-12-06,18:41,239
SU2749,Yakutia,2024-05-17,22:47,215
SU5762,Aeroflot,2024-05-01,12:44,205
SU6026,Pobeda,2024-07-20,00:41,248
SU6811,Pobeda,2024-11-24,08:49,158
SU1159,Rossiya,2024-02-04,16:05,52
SU9235,UTair,2024-02-02,01:59,86
SU7775,Azimuth,2024-10-10,02:17,325
SU4652,Pobeda,2024-05-04,04:46,186
SU3532,Yakutia,2024-07-02,14:58,63
SU2978,Rossiya,2024-02-04,07:46,322
SU2051,Red Wings,2024-03-06,22:20,228
SU9749,Yakutia,2024-03-05,07:00,63
SU2387,Yakutia,2024-08-14,12:21,295
SU1982,Azimuth,2024-09-21,20:42,91
SU582,S7 Airlines,2024-04-02,13:47,270
SU172,Rossiya,2024-06-06,22:05,62
SU3802,Rossiya,2024-07-21,15:15,182
SU1602,Aeroflot,2024-05-03,10:24,65
SU6662,S7 Airlines,2024-02-20,09:16,123
SU6465,Aeroflot,2024-10-06,08:10,252
SU2210,Yakutia,2024-04-12,20:21,219
SU701,Nordavia,2024-05-08,04:51,268
SU8754,UTair,2024-12-24,18:22,281
SU7461,Azimuth,2024-03-06,23:49,119
SU3048,Aeroflot,2024-05-02,03:56,344
SU2450,UTair,2024-04-20,03:54,303
SU604,Aeroflot,2024-02-12,09:16,348
SU3138,Azimuth,2024-08-14,10:36,144
SU7463,Nordavia,2024-07-15,20:34,346
SU825,Yakutia,2024-07-08,17:34,63
SU5820,Pobeda,2024-08-07,15:13,258
SU6703,UTair,2024-05-02,13:44,122
SU3519,Aeroflot,2024-05-08,21:07,348
SU355,Yakutia,2024-05-12,10:15,340
SU217,Pobeda,2024-11-28,11:32,173
SU2270,Ural Airlines,2024-04-22,10:36,243
SU8355,UTair,2024-05-26,22:23,230
SU7923,UTair,2024-10-08,03:45,162
SU3741,Aeroflot,2024-03-20,06:29,82
SU3035,Pobeda,2024-11-03,14:04,121
SU299,Yakutia,2024-06-22,14:14,53
SU4816,UTair,2024-08-20,16:35,244
SU5533,Ural Airlines,2024-05-08,02:24,321
SU1446,UTair,2024-11-12,07:47,220
SU1510,S7 Airlines,2024-05-19,10:03,253
SU4432,Aeroflot,2024-06-12,20:16,314
SU1836,Rossiya,2024-04-19,19:33,256
SU5194,Ural Airlines,2024-08-28,07:53,51
SU2542,Aeroflot,2024-06-04,21:59,307
SU9172,Nordavia,2024-09-18,23:29,149
SU5302,UTair,2024-03-21,04:20,110
SU8137,Ural Airlines,2024-08-20,07:04,205
SU2259,Pobeda,2024-07-03,09:56,307
SU669,Rossiya,2024-01-20,21:46,278
SU8567,Rossiya,2024-07-01,21:15,181
SU7510,S7 Airlines,2024-04-24,14:21,349
SU8998,S7 Airlines,2024-06-23,17:20,259
SU6799,Red Wings,2024-09-26,20:34,149
SU2712,S7 Airlines,2024-08-23,06:16,145
SU5073,Yakutia,2024-06-12,21:30,267
SU6620,Pobeda,2024-06-13,02:16,62
SU8894,S7 Airlines,2024-03-24,09:21,61
SU6676,Yakutia,2024-04-28,14:57,150
SU6984,Pobeda,2024-05-09,12:08,126
SU2197,Yakutia,2024-07-18,00:51,174
SU7086,Aeroflot,2024-03-12,14:39,144
SU2370,S7 Airlines,2024-08-23,10:40,276
SU7648,Rossiya,2024-04-04,11:41,99
SU1377,UTair,2024-03-09,01:49,144
SU5284,Pobeda,2024-12-06,12:49,119
SU3221,Azimuth,2024-07-19,10:58,94
SU9375,UTair,2024-04-08,08:28,156
SU8099,Azimuth,2024-03-20,21:30,172
SU5440,S7 Airlines,2024-04-12,08:11,327
SU7091,UTair,2024-08-22,05:25,318
SU3794,Ural Airlines,2024-09-10,12:18,220
SU4452,Pobeda,2024-11-03,15:24,260
SU8652,Aeroflot,2024-10-21,06:44,121
SU5080,Aeroflot,2024-01-17,04:50,322
SU6922,UTair,2024-07-28,12:06,169
SU656,UTair,2024-12-17,21:29,281
SU7010,Pobeda,2024-11-08,22:38,128
SU2281,Azimuth,2024-12-21,15:26,164
SU7108,Nordavia,2024-08-26,04:29,255
SU1321,Rossiya,2024-10-23,07:22,194
SU3063,Pobeda,2024-09-13,18:42,341
SU9218,Red Wings,2024-11-22,06:11,174
SU4430,UTair,2024-09-22,17:13,224
SU1152,Nordavia,2024-06-14,01:37,199
SU4932,Nordavia,2024-09-15,17:03,176
SU7818,UTair,2024-05-15,07:24,205
SU3297,Ural Airlines,2024-11-09,17:12,315
SU4720,Yakutia,2024-08-01,08:17,182
SU4515,Ural Airlines,2024-02-19,17:01,118
SU9948,Nordavia,2024-07-28,09:52,298
SU6462,S7 Airlines,2024-07-16,08:35,288
SU8455,Azimuth,2024-02-04,01:23,288
SU4377,Ural Airlines,2024-06-19,21:00,89
SU6019,Aeroflot,2024-10-05,23:21,150
SU2577,S7 Airlines,2024-08-06,08:48,136
SU1742,Red Wings,2024-01-09,12:57,112
SU3936,Red Wings,2024-05-23,08:52,303
SU899,Yakutia,2024-08-23,08:14,236
SU547,Red Wings,2024-04-14,22:40,174
SU7953,UTair,2024-10-11,01:55,290
SU7264,Red Wings,2024-09-15,11:08,92
SU5853,UTair,2024-10-08,02:54,318
SU8093,S7 Airlines,2024-05-02,07:48,339
SU3765,Pobeda,2024-03-05,15:31,124
SU8911,Rossiya,2024-10-03,02:04,215
SU7454,Aeroflot,2024-12-22,16:11,181
SU5311,Nordavia,2024-09-16,10:27,232
SU5119,Red Wings,2024-10-14,19:10,84
SU3215,Nordavia,2024-07-08,05:51,131
SU6774,Aeroflot,2024-03-12,16:05,330
SU4669,Pobeda,2024-04-06,05:41,71
SU8069,Red Wings,2024-06-24,19:52,102
SU3589,Azimuth,2024-03-28,15:16,71
SU312,Aeroflot,2024-01-17,21:45,330
SU7766,Nordavia,2024-04-09,23:20,189
SU5823,Azimuth,2024-10-08,14:30,230
SU4065,Yakutia,2024-10-08,19:10,166
SU4368,Yakutia,2024-11-01,23:17,119
SU3693,Yakutia,2024-09-04,15:24,126
SU5027,Red Wings,2024-08-13,19:52,68
SU6508,Red Wings,2024-07-15,23:26,338
SU7850,Nordavia,2024-01-22,10:12,349
SU4716,Pobeda,2024-10-14,21:28,324
SU485,Pobeda,2024-10-23,15:46,343
SU6563,Azimuth,2024-08-15,08:38,349
SU9151,Aeroflot,2024-05-22,23:40,337
SU3511,Aeroflot,2024-01-07,11:29,82
SU5794,Yakutia,2024-08-17,20:41,175
SU1619,Pobeda,2024-10-04,21:32,150
SU5416,Azimuth,2024-01-19,15:43,122
SU788,UTair,2024-07-24,13:43,289
SU5603,S7 Airlines,2024-01-18,05:17,129
SU5916,Rossiya,2024-08-16,18:25,320
SU7856,Red Wings,2024-09-18,17:14,86
SU6231,Ural Airlines,2024-09-24,10:43,332
SU9800,Aeroflot,2024-11-15,20:27,65
SU457,Yakutia,2024-07-24,16:51,75
SU1567,Pobeda,2024-09-28,04:44,109
SU6996,Azimuth,2024-09-05,05:12,249
SU3125,Red Wings,2024-05-24,02:39,67
SU8104,Pobeda,2024-01-20,07:13,88
SU1644,UTair,2024-07-12,05:58,253
SU3745,Rossiya,2024-06-20,14:38,129
SU9261,UTair,2024-10-26,12:11,310
SU5214,Aeroflot,2024-02-03,07:36,119
SU748,Yakutia,2024-11-15,17:59,116
SU2659,Red Wings,2024-11-28,22:54,127
SU3000,Red Wings,2024-02-13,01:34,314
SU1677,Yakutia,2024-02-23,23:03,290
SU4510,Aeroflot,2024-04-04,12:41,101
SU4012,Pobeda,2024-01-20,12:47,322
SU4281,S7 Airlines,2024-02-10,06:24,153
SU953,Azimuth,2024-09-10,01:33,155
SU3125,Pobeda,2024-05-21,09:39,122
SU8578,Yakutia,2024-12-23,05:24,61
SU464,Nordavia,2024-04-08,09:34,96
SU6910,Rossiya,2024-05-22,04:58,253
SU403,Azimuth,2024-12-04,16:39,83
SU8914,Aeroflot,2024-06-11,04:49,182
SU7764,S7 Airlines,2024-06-09,21:47,212
SU7891,Nordavia,2024-10-19,19:23,349
SU9293,Ural Airlines,2024-05-23,03:59,105
SU9431,Azimuth,2024-09-17,17:27,324
SU7619,UTair,2024-01-09,22:56,84
SU2047,Rossiya,2024-04-17,10:37,287
SU5757,Red Wings,2024-10-24,02:26,278
SU6513,Azimuth,2024-06-27,01:21,102
SU8491,UTair,2024-06-06,11:12,227
SU667,Pobeda,2024-02-06,17:27,106
SU5482,Pobeda,2024-05-02,13:49,149
SU7420,Ural Airlines,2024-09-10,11:01,175
SU5141,Aeroflot,2024-10-18,20:32,275
SU7037,Aeroflot,2024-10-05,23:05,157
SU5201,Nordavia,2024-11-04,16:19,238
SU2723,Aeroflot,2024-01-27,23:01,209
SU1252,Nordavia,2024-07-04,08:48,91
SU5196,S7 Airlines,2024-10-02,05:55,130
SU4128,Red Wings,2024-06-04,13:15,196
SU410,S7 Airlines,2024-11-06,00:55,252
SU2030,Yakutia,2024-12-14,13:42,209
SU8105,Red Wings,2024-07-01,13:02,231
SU2167,Rossiya,2024-03-14,06:26,174
SU294,Yakutia,2024-06-03,13:09,200
SU6695,Aeroflot,2024-08-15,08:35,310
SU7141,Azimuth,2024-09-03,00:40,63
SU5052,Azimuth,2024-03-06,09:17,244
SU9220,Nordavia,2024-08-28,21:47,300
SU188,Aeroflot,2024-12-06,23:08,212
SU7628,Azimuth,2024-12-16,14:30,267
SU7281,Pobeda,2024-11-04,01:26,277
SU3004,Rossiya,2024-11-09,16:16,288
SU6132,Pobeda,2024-01-20,18:02,117
SU3536,Aeroflot,2024-07-24,05:07,276
SU3979,UTair,2024-11-09,13:35,169
SU9695,Aeroflot,2024-12-09,00:07,110
SU3360,Rossiya,2024-09-03,13:15,222
SU9027,Rossiya,2024-11-07,18:55,285
SU2508,UTair,2024-06-01,01:34,328
SU8968,Rossiya,2024-08-11,05:04,55
SU6871,S7 Airlines,2024-05-01,13:59,77
SU691,UTair,2024-11-19,16:20,193
SU1943,UTair,2024-09-12,11:55,274
SU5014,UTair,2024-05-06,18:51,204
SU763,Azimuth,2024-03-05,04:08,180
SU2886,UTair,2024-11-10,20:52,129
SU703,Azimuth,2024-01-08,06:15,56
SU5184,Azimuth,2024-08-17,22:31,340
SU8817,Nordavia,2024-02-28,16:54,115
SU2241,Pobeda,2024-10-16,14:12,139
SU4282,Nordavia,2024-11-23,05:29,124
SU6453,Pobeda,2024-07-06,01:41,122
SU4923,S7 Airlines,2024-11-16,11:28,94
SU9995,Yakutia,2024-05-19,00:23,169
SU7472,Ural Airlines,2024-04-03,09:29,72
SU1116,S7 Airlines,2024-09-03,10:42,221
SU6093,Azimuth,2024-02-12,11:58,264
SU9780,Ural Airlines,2024-09-14,10:11,345
SU7042,Rossiya,2024-08-06,20:00,250
SU6957,Nordavia,2024-12-12,11:38,94
SU4803,Azimuth,2024-11-06,12:33,228
SU8698,S7 Airlines,2024-03-02,01:23,253
SU2714,S7 Airlines,2024-01-19,23:25,54
SU4966,Red Wings,2024-07-17,23:10,174
SU3508,Azimuth,2024-02-10,09:29,243
SU387,UTair,2024-12-01,16:44,154
SU5825,Yakutia,2024-02-23,21:22,216
SU4994,Aeroflot,2024-12-10,17:30,217
SU6435,Nordavia,2024-12-13,23:06,126
SU8174,Pobeda,2024-12-20,06:47,137
SU7715,Azimuth,2024-06-03,03:46,129
SU4582,Azimuth,2024-08-14,02:14,90
SU8936,Rossiya,2024-05-05,19:44,221
SU3671,Azimuth,2024-02-09,16:26,283
SU8524,S7 Airlines,2024-06-22,12:20,75
SU3317,Rossiya,2024-04-22,02:03,279
SU4108,Rossiya,2024-04-03,15:19,220
SU9861,Yakutia,2024-08-16,19:01,123
SU5804,UTair,2024-08-28,01:31,145
SU827,UTair,2024-07-22,10:06,224
SU1276,Aeroflot,2024-02-07,06:02,263
SU1068,UTair,2024-06-25,02:23,304
SU1927,Pobeda,2024-08-02,01:01,304
SU1688,UTair,2024-10-18,12:33,225
SU6904,Pobeda,2024-05-21,11:33,343
SU826,Rossiya,2024-01-15,18:55,55
SU3156,Rossiya,2024-07-05,12:23,274
SU2471,Pobeda,2024-11-07,08:00,207
SU6250,Nordavia,2024-08-23,02:08,331
SU8748,Nordavia,2024-10-01,08:51,241
SU8760,Rossiya,2024-07-03,14:58,135
SU5684,Ural Airlines,2024-11-01,06:47,181
SU813,S7 Airlines,2024-05-17,15:57,260
SU1334,Azimuth,2024-08-10,23:42,274
SU2608,Ural Airlines,2024-10-14,14:50,144
SU349,Yakutia,2024-11-21,04:02,77
SU4960,Rossiya,2024-08-14,22:31,268
SU8285,S7 Airlines,2024-02-08,08:44,185
SU832,Ural Airlines,2024-11-19,23:18,285
SU8606,Rossiya,2024-06-07,09:49,169
SU1993,Yakutia,2024-04-01,10:43,86
SU1182,UTair,2024-12-09,18:30,138
SU8402,Yakutia,2024-05-24,12:48,184
SU4054,Azimuth,2024-01-23,16:40,202
SU259,Nordavia,2024-07-03,23:15,125
SU6023,Rossiya,2024-03-22,12:00,321
SU9540,Azimuth,2024-06-21,09:01,281
SU5363,Nordavia,2024-04-01,20:23,124
SU7354,Ural Airlines,2024-08-25,19:42,295
SU8173,Nordavia,2024-04-09,19:20,175
SU1811,UTair,2024-06-08,17:29,215
SU165,Yakutia,2024-07-07,17:09,237
SU9941,Ural Airlines,2024-04-11,12:09,283
SU2486,Aeroflot,2024-11-05,07:57,128
SU1931,S7 Airlines,2024-06-26,19:43,309
SU6762,UTair,2024-12-27,12:10,183
SU4645,Ural Airlines,2024-10-11,13:55,280
SU6005,Aeroflot,2024-04-27,01:33,193
SU2507,S7 Airlines,2024-06-28,06:32,156
SU1369,Ural Airlines,2024-11-09,22:52,240
SU6424,Yakutia,2024-02-11,16:26,216
SU1890,UTair,2024-06-13,20:45,67
SU4874,Ural Airlines,2024-04-12,10:54,222
SU4499,Aeroflot,2024-03-01,07:52,151
SU3872,Nordavia,2024-07-24,07:31,194
SU1763,Ural Airlines,2024-03-02,18:24,194
SU191,Yakutia,2024-08-28,06:56,205
SU6097,S7 Airlines,2024-07-06,14:30,156
SU6292,Yakutia,2024-01-13,08:26,70
SU5318,Aeroflot,2024-04-26,03:02,130
SU4201,Aeroflot,2024-04-14,05:33,209
SU6839,Red Wings,2024-10-15,15:53,134
SU611,Pobeda,2024-04-05,13:11,203
SU8129,Ural Airlines,2024-01-11,05:01,107
SU5036,Azimuth,2024-04-08,20:50,301
SU2552,Ural Airlines,2024-10-20,22:33,65
SU4642,Yakutia,2024-07-14,15:19,304
SU2653,Rossiya,2024-05-09,08:51,249
SU6014,Aeroflot,2024-01-14,12:00,310
SU2833,Aeroflot,2024-12-04,13:48,165
SU8235,Ural Airlines,2024-07-25,10:05,138
SU2009,Red Wings,2024-04-15,00:45,83
SU210,Rossiya,2024-07-26,09:17,311
SU4266,Yakutia,2024-04-28,03:04,347
SU6757,Nordavia,2024-07-23,17:57,298
SU8101,S7 Airlines,2024-08-12,23:27,299
SU6170,Nordavia,2024-01-18,15:07,272
SU9570,Yakutia,2024-03-03,21:45,123
SU1819,Yakutia,2024-10-24,06:03,95
SU5396,Azimuth,2024-01-12,16:16,258
SU6189,Aeroflot,2024-02-02,03:26,217
SU8877,S7 Airlines,2024-12-12,06:52,75
SU9579,Ural Airlines,2024-02-10,09:52,229
SU1987,Pobeda,2024-12-07,09:04,212
SU8893,Pobeda,2024-05-19,05:06,184
SU5460,Pobeda,2024-07-28,17:43,267
SU7190,Pobeda,2024-03-20,22:30,295
SU8642,Red Wings,2024-11-24,20:42,237
SU1088,Pobeda,2024-05-28,06:42,326
SU9900,Rossiya,2024-03-05,16:45,100
SU4613,Aeroflot,2024-07-08,10:03,230
SU4825,Red Wings,2024-05-05,11:39,335
SU7445,Yakutia,2024-09-17,03:39,69
SU5365,UTair,2024-07-24,14:12,83
SU5808,Aeroflot,2024-03-01,06:25,182
SU4507,Azimuth,2024-06-03,05:45,160
SU5389,S7 Airlines,2024-11-09,22:13,60
SU1531,Pobeda,2024-03-02,23:20,196
SU4255,Ural Airlines,2024-05-26,23:46,57
SU9424,Rossiya,2024-06-28,17:25,328
SU906,Nordavia,2024-10-16,10:30,139
SU4518,Nordavia,2024-11-13,08:54,331
SU3284,Ural Airlines,2024-11-17,07:53,152
SU4892,Nordavia,2024-07-11,07:21,117
SU7154,Nordavia,2024-03-01,12:03,177
SU9720,Red Wings,2024-04-25,23:29,107
SU4037,UTair,2024-05-07,13:49,322
SU5112,Azimuth,2024-07-24,18:46,57
SU3357,S7 Airlines,2024-10-09,13:05,64
SU2390,Red Wings,2024-05-04,14:40,332
SU3447,Pobeda,2024-11-06,09:21,99
SU1616,Yakutia,2024-05-02,13:02,94
SU8334,S7 Airlines,2024-09-07,09:35,299
SU9986,Yakutia,2024-12-12,22:56,145
SU275,Aeroflot,2024-01-14,04:23,146
SU8181,Yakutia,2024-06-03,05:29,266
SU4190,Yakutia,2024-08-28,23:22,200
SU1155,Rossiya,2024-08-21,15:24,213
SU7830,UTair,2024-02-13,10:36,333
SU9800,Rossiya,2024-06-25,04:43,188
SU7066,Rossiya,2024-11-23,04:45,349
SU562,Red Wings,2024-05-01,18:36,77
SU9231,Red Wings,2024-01-24,21:31,209
SU3670,Ural Airlines,2024-03-22,05:20,191
SU4527,UTair,2024-03-25,14:33,314
SU6304,Pobeda,2024-07-26,01:01,134
SU7477,Ural Airlines,2024-09-03,16:04,343
SU1123,Azimuth,2024-01-14,21:26,88
SU2314,UTair,2024-06-01,22:19,221
SU8905,Ural Airlines,2024-09-13,02:19,277
SU8164,Pobeda,2024-03-06,17:13,302
SU4643,UTair,2024-02-17,06:32,145
SU1697,S7 Airlines,2024-04-06,01:59,296
SU5134,Ural Airlines,2024-06-20,01:31,139
SU6962,Ural Airlines,2024-05-16,04:44,141
SU4226,S7 Airlines,2024-06-24,23:32,240
SU5635,Rossiya,2024-10-11,04:03,299
SU5379,Rossiya,2024-06-21,03:06,262
SU4768,Red Wings,2024-03-26,01:37,68
SU8049,Rossiya,2024-10-15,15:41,152
SU5602,Red Wings,2024-11-09,09:07,144
SU8123,Ural Airlines,2024-05-02,23:01,261
SU7974,Nordavia,2024-02-11,10:24,268
SU9936,S7 Airlines,2024-07-11,21:38,247
SU7971,Yakutia,2024-04-13,17:40,227
SU6678,Rossiya,2024-09-14,01:47,253
SU6338,UTair,2024-02-27,00:07,242
SU1689,Ural Airlines,2024-11-17,00:29,105
SU9947,Aeroflot,2024-04-16,03:57,60
SU7933,Rossiya,2024-10-20,01:46,78
SU1661,Red Wings,2024-11-22,13:50,325
SU1689,Pobeda,2024-05-13,12:54,126
SU2021,Nordavia,2024-10-18,22:12,293
SU8292,UTair,2024-06-13,09:41,342
SU4991,Red Wings,2024-10-18,21:48,165
SU5571,Aeroflot,2024-06-04,11:07,323
SU8324,Red Wings,2024-05-21,17:22,58
SU2704,Azimuth,2024-10-26,03:27,150
SU6708,Nordavia,2024-06-14,21:58,92
SU9717,Yakutia,2024-04-10,07:18,242
SU9430,Azimuth,2024-03-14,16:10,211
SU2115,S7 Airlines,2024-03-13,06:17,128
SU5759,Pobeda,2024-02-14,19:50,244
SU7120,Nordavia,2024-03-15,07:34,301
SU4315,Nordavia,2024-01-02,06:00,311
SU4710,Yakutia,2024-02-09,20:29,64
SU9041,Nordavia,2024-12-27,04:47,304
SU8449,Red Wings,2024-06-06,09:53,131
SU9908,Yakutia,2024-11-08,11:00,54
SU6776,UTair,2024-04-25,03:14,172
SU8053,UTair,2024-09-13,17:01,78
SU6004,Red Wings,2024-02-18,15:03,350
SU7274,Ural Airlines,2024-01-26,00:48,69
SU8612,UTair,2024-11-11,07:22,339
SU1239,Yakutia,2024-04-13,20:08,205
SU2579,Pobeda,2024-07-20,08:05,113
SU5520,S7 Airlines,2024-08-05,23:17,109
SU4387,Rossiya,2024-10-23,11:37,99
SU3583,UTair,2024-07-14,12:54,89
SU8424,Ural Airlines,2024-03-17,21:16,106
SU7193,Aeroflot,2024-11-01,21:30,289
SU5877,Azimuth,2024-01-23,19:56,311
SU9822,Nordavia,2024-04-14,13:26,207
SU4197,Pobeda,2024-03-18,18:07,223
SU8504,Aeroflot,2024-04-05,00:49,203
SU9643,Rossiya,2024-08-15,11:33,221
SU1418,Ural Airlines,2024-08-22,10:41,314
SU6640,Red Wings,2024-05-18,20:48,280
SU1988,Red Wings,2024-06-13,09:17,152
SU144,Pobeda,2024-10-16,00:27,153
SU487,Yakutia,2024-08-05,05:26,248
SU8109,S7 Airlines,2024-06-04,08:38,342
SU4292,Azimuth,2024-09-14,19:12,264
SU9189,Nordavia,2024-03-28,21:19,53
SU4818,Aeroflot,2024-02-10,10:25,325
SU7539,Yakutia,2024-06-27,09:38,214
SU7022,Rossiya,2024-05-24,08:44,166
SU4478,S7 Airlines,2024-12-21,12:05,143
SU7453,UTair,2024-03-20,03:26,108
SU8253,Pobeda,2024-11-20,23:55,325
SU6635,Red Wings,2024-11-12,05:18,327
SU3333,Nordavia,2024-02-20,09:56,122
SU1995,Yakutia,2024-09-12,01:30,61
SU6831,Red Wings,2024-09-07,02:53,150
SU8314,Aeroflot,2024-02-17,13:46,338
SU4580,Nordavia,2024-01-23,07:55,240
SU4686,Rossiya,2024-03-20,11:24,282
SU3343,Yakutia,2024-04-17,00:43,307
SU4601,Rossiya,2024-01-10,01:05,71
SU8077,Ural Airlines,2024-07-15,07:17,302
SU7858,Yakutia,2024-04-08,23:13,170
SU3814,S7 Airlines,2024-06-27,21:34,63
SU1171,Azimuth,2024-04-02,23:08,156
SU7744,Rossiya,2024-12-19,05:27,81
SU6777,Aeroflot,2024-09-03,16:10,226
SU6937,Yakutia,2024-09-18,02:32,335
SU1671,Azimuth,2024-11-22,17:11,157
SU6915,Azimuth,2024-10-23,20:35,312
SU455,Red Wings,2024-06-10,12:09,86
SU5608,Yakutia,2024-01-19,06:56,142
SU1448,Red Wings,2024-07-13,04:13,92
SU138,Pobeda,2024-02-08,13:40,256
SU1398,Aeroflot,2024-06-14,18:52,183
SU3549,Ural Airlines,2024-05-24,08:21,203
SU2886,S7 Airlines,2024-12-07,10:07,265
SU5547,Azimuth,2024-01-28,03:03,183
SU1301,Aeroflot,2024-09-13,21:15,92
SU4096,Azimuth,2024-03-04,08:50,341
SU9625,Ural Airlines,2024-05-18,08:21,347
SU5476,Red Wings,2024-04-15,00:29,267
SU3458,S7 Airlines,2024-06-12,01:41,315
SU9124,UTair,2024-05-08,12:40,55
SU144,S7 Airlines,2024-11-25,12:26,160
SU3039,Ural Airlines,2024-06-09,04:43,234
SU6653,Yakutia,2024-11-15,02:23,276
SU2708,Nordavia,2024-06-10,10:16,144
SU1969,Azimuth,2024-12-08,09:23,315
SU3266,Yakutia,2024-04-10,15:21,247
SU9473,Aeroflot,2024-07-05,08:57,309
SU1036,S7 Airlines,2024-12-17,07:27,332
SU5474,Azimuth,2024-04-09,19:18,255
SU3491,Red Wings,2024-10-12,22:50,119
SU9544,Nordavia,2024-08-26,09:18,217
SU6155,Rossiya,2024-06-22,09:10,87
SU1263,UTair,2024-07-25,06:13,243
SU5903,Ural Airlines,2024-07-24,05:11,243
SU1101,Nordavia,2024-12-12,19:25,178
SU8776,Pobeda,2024-05-26,03:53,250
SU6980,Red Wings,2024-10-17,14:52,52
SU6750,Aeroflot,2024-11-28,11:01,60
SU6736,Pobeda,2024-05-19,05:19,319
SU4236,Azimuth,2024-07-02,17:47,205
SU3781,S7 Airlines,2024-10-23,02:04,118
SU7193,Red Wings,2024-08-19,00:49,68
SU1013,Azimuth,2024-07-26,21:27,191
SU5674,Azimuth,2024-06-18,19:10,200
SU5807,S7 Airlines,2024-04-21,21:06,219
SU6431,Ural Airlines,2024-04-12,18:03,232
SU3543,Red Wings,2024-03-10,10:18,110
SU6732,S7 Airlines,2024-04-25,13:51,149
SU9291,S7 Airlines,2024-09-19,11:15,237
SU2398,Rossiya,2024-09-08,10:47,159
SU236,Rossiya,2024-02-24,04:13,160
SU6170,Red Wings,2024-11-03,15:08,297
SU1024,Yakutia,2024-01-18,17:26,326
SU4326,Ural Airlines,2024-05-05,21:58,242
SU2090,Aeroflot,2024-04-13,02:32,121
SU6285,Yakutia,2024-04-22,17:32,252
SU6508,S7 Airlines,2024-05-27,06:25,212
SU5273,Ural Airlines,2024-01-24,11:43,87
SU6127,Nordavia,2024-01-19,12:30,64
SU5427,Pobeda,2024-02-16,21:03,339
SU4321,Ural Airlines,2024-01-27,18:43,302
SU6960,Azimuth,2024-07-18,05:56,164
SU5111,Yakutia,2024-01-12,02:39,126
SU6608,Rossiya,2024-08-21,18:50,242
SU1857,S7 Airlines,2024-05-22,08:23,152
SU3126,Aeroflot,2024-08-11,12:38,235
SU1818,Yakutia,2024-01-18,21:04,53
SU5272,Red Wings,2024-07-07,22:35,155
SU8161,Nordavia,2024-08-19,07:02,177
SU1328,S7 Airlines,2024-09-01,19:43,57
SU6299,Azimuth,2024-05-19,16:23,108
SU2083,Nordavia,2024-05-18,08:32,143
SU5299,Azimuth,2024-07-05,03:32,312
SU9714,Azimuth,2024-01-07,04:51,170
SU5436,Aeroflot,2024-11-27,17:35,123
SU9644,Pobeda,2024-10-08,05:18,196
SU9663,S7 Airlines,2024-03-04,05:52,116
SU260,Ural Airlines,2024-06-05,11:41,327
SU7043,Ural Airlines,2024-07-26,05:20,79
SU5150,Azimuth,2024-10-27,03:10,347
SU7691,Red Wings,2024-06-03,16:39,212
SU8485,Azimuth,2024-11-24,02:15,296
SU4152,Nordavia,2024-03-14,17:17,216
SU3854,Ural Airlines,2024-04-24,19:57,131
SU6255,Yakutia,2024-05-22,20:43,52
SU129,Azimuth,2024-10-13,00:00,285
SU4362,Yakutia,2024-04-10,14:48,62
SU5093,UTair,2024-04-15,17:50,226
SU9183,Pobeda,2024-03-22,14:04,227
SU190,Aeroflot,2024-08-01,09:27,220
SU302,Pobeda,2024-09-02,04:17,193
SU7229,Red Wings,2024-09-07,10:51,170
SU5065,Nordavia,2024-08-16,14:59,215
SU6546,Nordavia,2024-09-06,09:17,323
SU1784,UTair,2024-07-14,17:50,234
SU5659,Yakutia,2024-01-18,15:47,346
SU7476,Red Wings,2024-08-10,05:24,152
SU1537,Rossiya,2024-03-05,13:01,89
SU9905,Azimuth,2024-01-07,13:32,72
SU5743,Aeroflot,2024-06-22,08:54,240
SU3923,Yakutia,2024-06-06,04:58,228
SU4332,Rossiya,2024-07-28,00:11,215
SU8929,Ural Airlines,2024-12-07,11:58,275
SU6003,Yakutia,2024-09-21,08:59,288
SU8712,Azimuth,2024-09-19,04:10,176
SU9022,Nordavia,2024-04-22,07:42,67
SU9112,Ural Airlines,2024-07-26,19:43,116
SU4449,Azimuth,2024-11-08,21:39,277
SU282,Red Wings,2024-02-26,13:56,301
SU2262,Rossiya,2024-01-01,21:08,157
SU2684,Ural Airlines,2024-12-12,08:21,252
SU6923,Rossiya,2024-12-17,08:40,79
SU4750,Azimuth,2024-05-22,06:19,145
SU8790,Ural Airlines,2024-07-15,16:52,94
SU7160,Ural Airlines,2024-12-19,12:37,341
SU1047,Pobeda,2024-05-11,13:10,198
SU2665,S7 Airlines,2024-12-18,21:23,175
SU5336,Azimuth,2024-08-01,01:40,113
SU1782,Pobeda,2024-10-26,22:20,348
SU360,UTair,2024-05-13,15:01,342
SU5477,Red Wings,2024-11-11,01:51,63
SU2175,Yakutia,2024-01-14,06:30,140
SU514,UTair,2024-10-20,17:52,290
SU131,Yakutia,2024-01-25,19:15,313
SU8441,Yakutia,2024-11-18,08:48,162
SU5964,Rossiya,2024-06-25,23:13,219
SU2472,Yakutia,2024-02-13,19:38,69
SU6673,UTair,2024-06-24,10:28,215
SU519,Aeroflot,2024-06-14,04:41,171
SU3669,Yakutia,2024-04-06,10:14,144
SU7530,Rossiya,2024-10-15,15:43,86
SU8048,Pobeda,2024-01-16,03:11,162
SU390,Red Wings,2024-01-19,20:59,125
SU3665,Aeroflot,2024-04-19,19:17,249
SU5250,Azimuth,2024-06-06,16:16,157
SU2322,UTair,2024-05-18,03:03,94
SU5956,Pobeda,2024-12-07,21:54,83
SU1255,Rossiya,2024-07-15,13:43,80
SU8300,Pobeda,2024-01-22,10:45,170
SU4457,Ural Airlines,2024-04-12,17:10,93
SU7217,Nordavia,2024-06-22,10:48,86
SU3271,Rossiya,2024-01-08,10:48,137
SU8714,UTair,2024-08-12,07:00,186
SU2068,S7 Airlines,2024-09-25,07:24,322
SU2606,Aeroflot,2024-02-15,02:29,302
SU4124,S7 Airlines,2024-12-16,22:04,274
SU2852,Nordavia,2024-03-03,00:38,298
SU8541,Red Wings,2024-08-20,02:22,272
SU8618,Azimuth,2024-08-16,08:29,213
SU2804,Aeroflot,2024-07-21,17:36,209
SU8466,Rossiya,2024-12-16,05:01,297
SU1026,S7 Airlines,2024-08-17,19:05,137
SU2947,UTair,2024-08-19,06:03,272
SU4012,Rossiya,2024-09-27,07:10,204
SU7324,Aeroflot,2024-05-22,10:39,64
SU983,Red Wings,2024-11-05,00:31,244
SU3788,Ural Airlines,2024-05-15,21:27,261
SU7707,Pobeda,2024-03-04,17:09,340
SU1433,Red Wings,2024-11-02,06:08,62
SU4334,Pobeda,2024-03-14,13:00,104
SU5275,Rossiya,2024-11-25,02:03,338
SU6931,Rossiya,2024-04-24,06:13,283
SU2518,Red Wings,2024-06-20,21:46,144
SU8206,Aeroflot,2024-12-21,02:32,349
SU3967,Aeroflot,2024-01-02,19:53,321
SU9086,Ural Airlines,2024-05-25,23:47,88
SU4480,Azimuth,2024-03-03,12:47,118
SU9250,UTair,2024-11-23,02:54,349
SU8575,Azimuth,2024-08-19,02:40,145
SU4794,Rossiya,2024-06-22,09:10,268
SU8133,S7 Airlines,2024-12-01,22:57,220
SU9066,Ural Airlines,2024-11-27,20:22,138
SU1098,Aeroflot,2024-05-10,18:32,59
SU2723,UTair,2024-03-18,00:31,124
SU6856,Ural Airlines,2024-04-17,09:35,122
SU1884,Yakutia,2024-03-04,00:41,126
SU3651,Rossiya,2024-07-20,04:42,160
SU2656,Red Wings,2024-05-21,14:43,136
SU3519,Nordavia,2024-09-08,10:16,61
SU7285,UTair,2024-12-23,02:36,332
SU9127,Pobeda,2024-08-01,05:07,247
SU6757,Ural Airlines,2024-01-09,05:42,63
SU1470,Aeroflot,2024-05-08,21:55,207
SU3285,Nordavia,2024-10-06,23:18,314
SU594,Ural Airlines,2024-08-17,21:13,73
SU3023,Aeroflot,2024-07-13,02:20,117
SU1943,S7 Airlines,2024-09-10,02:36,160
SU9241,Yakutia,2024-09-21,13:22,341
SU1991,Pobeda,2024-05-16,19:53,252
SU4314,Ural Airlines,2024-09-06,01:01,211
SU6362,Pobeda,2024-09-08,18:56,66
SU6598,S7 Airlines,2024-06-12,22:32,337
SU4790,Red Wings,2024-02-28,01:20,222
SU3440,Yakutia,2024-12-23,19:15,327
SU6614,S7 Airlines,2024-12-18,04:19,221
SU9970,Nordavia,2024-10-19,10:49,122
SU8235,Aeroflot,2024-02-19,19:40,300
SU6322,Azimuth,2024-07-14,04:36,110
SU5259,Aeroflot,2024-09-22,13:04,140
SU1784,Pobeda,2024-06-03,08:19,52
SU969,UTair,2024-10-22,08:58,160
SU1245,UTair,2024-09-05,23:26,124
SU1925,Red Wings,2024-02-13,14:00,107
SU4052,Aeroflot,2024-03-20,08:07,120
SU6882,Nordavia,2024-08-17,20:31,127
SU9284,Yakutia,2024-03-10,02:12,341
SU995,Pobeda,2024-08-25,05:42,340
SU8825,Nordavia,2024-07-08,20:34,193
SU9003,Red Wings,2024-01-27,01:54,203
SU6941,Yakutia,2024-08-16,07:24,159
SU7455,Pobeda,2024-12-02,20:45,72
SU5371,Ural Airlines,2024-01-14,03:34,255
SU5505,S7 Airlines,2024-10-14,22:47,196
SU7752,UTair,2024-07-13,23:29,249
SU3646,Azimuth,2024-11-15,10:50,115
SU606,Azimuth,2024-02-09,17:44,268
SU2512,Red Wings,2024-08-13,21:34,147
SU7575,S7 Airlines,2024-01-02,18:48,184
SU9974,S7 Airlines,2024-02-03,00:04,243
SU600,Rossiya,2024-03-11,00:54,213
SU6493,Red Wings,2024-02-01,17:52,65
SU5404,Yakutia,2024-06-14,15:44,74
SU4458,Pobeda,2024-02-12,10:51,291
SU330,Ural Airlines,2024-06-06,21:13,59
SU3051,Yakutia,2024-11-19,04:50,204
SU6258,Aeroflot,2024-05-17,04:28,234
SU681,Ural Airlines,2024-10-11,02:41,284
SU8681,Ural Airlines,2024-01-26,18:29,189
SU5233,Rossiya,2024-05-13,14:47,128
SU568,Ural Airlines,2024-02-24,09:25,235
SU9821,S7 Airlines,2024-03-25,19:16,294
SU2371,Yakutia,2024-04-27,00:24,193
SU192,S7 Airlines,2024-07-25,01:15,195
SU3596,Red Wings,2024-06-04,14:45,265
SU8748,Aeroflot,2024-04-04,09:04,123
SU3680,UTair,2024-08-14,16:13,174
SU8470,S7 Airlines,2024-02-06,14:41,305
SU1200,Ural Airlines,2024-05-21,12:47,310
SU2698,S7 Airlines,2024-08-10,14:13,339
SU1056,UTair,2024-06-27,17:07,323
SU4697,Rossiya,2024-01-22,03:19,99
SU130,Yakutia,2024-03-21,02:05,267
SU6623,Nordavia,2024-04-05,13:12,324
SU8614,Ural Airlines,2024-06-26,03:13,286
SU606,Nordavia,2024-01-20,08:04,234
SU1189,UTair,2024-09-24,18:25,333
SU2784,UTair,2024-09-15,09:35,124
SU9854,Rossiya,2024-07-11,19:04,135
SU1331,Nordavia,2024-03-13,05:05,99
SU3888,Azimuth,2024-03-17,21:08,336
SU9929,Ural Airlines,2024-02-25,17:48,165
SU753,Azimuth,2024-01-11,18:23,291
SU552,S7 Airlines,2024-04-18,18:45,198
SU8909,Red Wings,2024-01-19,04:08,313
SU7966,Nordavia,2024-05-26,12:41,180
SU1495,Pobeda,2024-07-06,15:23,271
SU827,Azimuth,2024-08-27,23:27,268
SU5319,Red Wings,2024-07-05,18:17,327
SU8469,Red Wings,2024-11-02,21:34,215
SU8784,Rossiya,2024-05-05,12:56,349
SU4293,Rossiya,2024-12-06,17:26,275
SU8102,Ural Airlines,2024-03-16,09:33,97
SU8767,UTair,2024-01-10,21:17,84
SU1039,S7 Airlines,2024-07-02,23:08,147
SU4874,Yakutia,2024-08-20,07:04,300
SU5770,Azimuth,2024-02-07,14:46,308
SU4881,UTair,2024-10-13,11:41,103
SU3270,Ural Airlines,2024-04-18,16:28,292
SU5552,Pobeda,2024-04-22,18:18,89
SU1126,Rossiya,2024-08-03,16:45,60
SU7992,Nordavia,2024-11-04,07:14,295
SU9113,Azimuth,2024-08-06,12:39,311
SU7647,S7 Airlines,2024-02-06,17:35,210
SU388,S7 Airlines,2024-04-20,10:13,72
SU6076,Rossiya,2024-02-19,01:04,62
SU1376,Azimuth,2024-04-25,19:07,300
SU3031,Red Wings,2024-07-15,10:23,261
SU8433,Azimuth,2024-01-15,12:14,216
SU6793,Aeroflot,2024-06-06,09:53,313
SU2810,UTair,2024-05-23,20:43,255
SU2920,Ural Airlines,2024-05-26,22:58,291
SU3643,Aeroflot,2024-09-08,02:01,338
SU2358,Ural Airlines,2024-05-26,11:19,53
SU6252,Aeroflot,2024-09-15,16:56,229
SU3083,Pobeda,2024-06-28,12:03,252
SU9847,Yakutia,2024-08-08,09:21,170
SU6092,Nordavia,2024-03-17,23:16,269
SU1456,Yakutia,2024-10-23,08:14,332
SU1394,UTair,2024-07-07,23:46,321
SU3927,Rossiya,2024-07-13,09:15,291
SU336,UTair,2024-02-26,19:46,149
SU8243,Red Wings,2024-07-18,18:13,196
SU7370,Azimuth,2024-02-12,06:30,95
SU3898,Red Wings,2024-06-23,14:07,145
SU9932,Yakutia,2024-07-08,09:06,230
SU4253,Rossiya,2024-09-23,02:45,285
SU7462,Azimuth,2024-09-26,00:25,258
SU4830,Aeroflot,2024-02-11,20:52,184
SU5852,Aeroflot,2024-06-19,04:33,280
SU1161,Red Wings,2024-06-22,18:07,212
SU9538,Pobeda,2024-04-27,13:02,95
SU4030,Rossiya,2024-08-02,04:54,128
SU6376,UTair,2024-01-28,21:11,112
SU3320,Pobeda,2024-05-09,14:20,138
SU3072,Ural Airlines,2024-04-02,23:24,348
SU6237,Nordavia,2024-01-17,14:35,101
SU8881,Azimuth,2024-04-17,13:20,346
SU3143,UTair,2024-12-15,06:39,271
SU2812,Pobeda,2024-09-26,10:09,169
SU7686,Ural Airlines,2024-03-18,05:30,84
SU872,Azimuth,2024-05-21,18:53,204
SU2290,Ural Airlines,2024-06-25,01:11,233
SU1701,Pobeda,2024-02-16,12:37,199
SU7201,Azimuth,2024-07-07,16:19,109
SU5021,Rossiya,2024-07-21,19:14,232
SU8896,Red Wings,2024-07-01,01:51,118
SU2228,Pobeda,2024-11-02,04:20,124
SU6142,UTair,2024-07-12,05:49,232
SU5893,Nordavia,2024-10-11,19:26,144
SU2773,Yakutia,2024-09-15,01:21,87
SU6574,Azimuth,2024-05-27,16:42,197
SU938,UTair,2024-07-25,20:10,170
SU765,Rossiya,2024-10-02,14:26,161
SU1806,Rossiya,2024-11-12,17:58,188
SU1717,Pobeda,2024-05-22,08:56,67
SU8911,Azimuth,2024-02-15,05:08,111
SU5894,Yakutia,2024-03-18,07:15,159
SU2362,UTair,2024-07-13,14:42,128
SU1097,Rossiya,2024-06-22,04:36,245
SU322,Red Wings,2024-09-14,12:08,194
SU8583,UTair,2024-05-24,23:25,212
SU3319,Azimuth,2024-08-20,02:41,62
SU1794,S7 Airlines,2024-07-16,06:44,86
SU7600,Aeroflot,2024-11-27,20:00,58
SU7538,Pobeda,2024-08-18,17:14,333
SU8926,Rossiya,2024-09-17,04:22,177
SU5280,Rossiya,2024-07-04,02:23,339
SU6365,Pobeda,2024-04-19,16:26,173
SU7503,Ural Airlines,2024-09-28,23:17,145
SU3667,Azimuth,2024-11-28,05:48,304
SU7259,Aeroflot,2024-11-07,09:06,186
SU8946,Nordavia,2024-06-07,23:37,70
SU5751,Ural Airlines,2024-07-02,12:45,345
SU2930,Pobeda,2024-03-22,18:03,350
SU1835,Ural Airlines,2024-06-22,12:41,79
SU198,Nordavia,2024-12-22,05:53,136
SU8006,UTair,2024-02-25,17:34,82
SU1769,Pobeda,2024-05-05,10:45,258
SU6666,Yakutia,2024-11-24,02:11,176
SU7024,Yakutia,2024-06-22,08:16,113
SU9316,S7 Airlines,2024-07-27,04:04,160
SU2638,Nordavia,2024-10-25,10:37,324
SU1024,Yakutia,2024-12-04,18:53,160
SU6659,Pobeda,2024-08-09,10:25,172
SU527,Nordavia,2024-12-06,08:22,172
SU1884,Rossiya,2024-05-08,21:28,233
SU7152,Ural Airlines,2024-02-27,11:00,275
SU9714,Rossiya,2024-11-19,11:21,268
SU5969,Aeroflot,2024-09-28,18:48,297
SU3579,Red Wings,2024-12-08,21:20,168
SU9722,Rossiya,2024-08-06,11:13,236
SU5850,UTair,2024-03-26,02:44,145
SU7614,Yakutia,2024-07-01,02:20,275
SU5019,Nordavia,2024-01-02,13:26,56
SU7016,UTair,2024-02-08,01:17,283
SU5109,Ural Airlines,2024-07-03,10:28,213
SU2904,S7 Airlines,2024-09-27,22:54,146
SU836,Rossiya,2024-10-05,01:22,253
SU6132,Red Wings,2024-09-04,18:06,133
SU9307,Nordavia,2024-03-20,18:31,305
SU3337,Red Wings,2024-02-20,00:05,85
SU2514,Aeroflot,2024-12-14,03:45,170
SU1569,Yakutia,2024-02-05,00:22,265
SU280,S7 Airlines,2024-12-22,22:08,126
SU9278,S7 Airlines,2024-09-14,22:44,319
SU874,Nordavia,2024-04-20,21:14,330
SU335,Aeroflot,2024-01-19,17:41,248
SU5165,Ural Airlines,2024-12-09,12:27,266
SU8026,Azimuth,2024-10-05,18:57,101
SU5277,Pobeda,2024-05-09,23:27,235
SU7972,Aeroflot,2024-11-03,17:25,235
SU3965,Azimuth,2024-03-12,04:12,56
SU1728,Rossiya,2024-02-04,07:06,130
SU1671,Azimuth,2024-05-19,22:10,325
SU2043,Rossiya,2024-10-20,09:39,111
SU2283,Red Wings,2024-12-11,00:59,316
SU9356,Red Wings,2024-03-08,03:30,325
SU805,UTair,2024-09-26,10:51,294
SU4135,Nordavia,2024-08-06,10:51,234
SU3550,Aeroflot,2024-12-18,06:09,211
SU5516,Yakutia,2024-12-02,12:43,157
SU9807,Nordavia,2024-01-01,13:47,268
SU4086,Yakutia,2024-03-03,18:01,350
SU7591,Red Wings,2024-08-11,10:32,287
SU1151,Ural Airlines,2024-08-17,12:12,295
SU3919,Nordavia,2024-07-16,19:07,136
SU7711,Azimuth,2024-08-23,18:10,224
SU3022,S7 Airlines,2024-12-05,22:07,141
SU3013,Aeroflot,2024-04-08,22:21,231
SU7134,S7 Airlines,2024-05-24,02:15,121
SU2026,Aeroflot,2024-05-18,14:47,280
SU9895,UTair,2024-10-16,08:56,136
SU5963,Rossiya,2024-07-01,10:36,263
SU9443,UTair,2024-04-02,11:23,330
SU7293,S7 Airlines,2024-11-19,03:09,240
SU8575,Aeroflot,2024-11-13,23:59,177
SU1896,Pobeda,2024-11-06,08:49,274
SU6366,Aeroflot,2024-06-21,14:29,133
SU2390,Aeroflot,2024-03-19,15:55,298
SU2367,UTair,2024-06-11,16:43,192
SU5864,S7 Airlines,2024-02-07,03:24,271
SU146,Ural Airlines,2024-05-21,21:02,271
SU6659,Yakutia,2024-02-19,03:31,333
SU5668,Aeroflot,2024-08-07,07:07,92
SU3261,UTair,2024-09-07,05:17,302
SU1443,UTair,2024-11-07,22:30,76
SU362,Ural Airlines,2024-09-15,03:35,217
SU9499,Nordavia,2024-03-14,04:07,82
SU4774,Aeroflot,2024-08-02,16:35,222
SU494,S7 Airlines,2024-10-10,17:07,191
SU6688,Red Wings,2024-05-04,13:59,332
SU1180,Red Wings,2024-05-06,14:38,74
SU2069,Azimuth,2024-09-03,11:59,220
SU3753,S7 Airlines,2024-01-13,00:46,236
SU9026,S7 Airlines,2024-06-10,00:44,344
SU8008,Aeroflot,2024-10-11,14:55,142
SU5073,Azimuth,2024-07-25,18:30,339
SU3236,Aeroflot,2024-11-17,02:00,204
SU3953,UTair,2024-06-12,22:28,279
SU8426,Red Wings,2024-07-18,21:23,101
SU2914,Aeroflot,2024-06-01,01:51,119
SU2132,Yakutia,2024-01-14,22:15,293
SU3221,Ural Airlines,2024-11-25,03:34,267
SU9953,Yakutia,2024-08-27,17:56,72
SU3844,Aeroflot,2024-09-11,03:51,239
SU6673,Rossiya,2024-11-09,01:29,229
SU8418,Pobeda,2024-08-18,00:06,81
SU6507,Red Wings,2024-05-17,10:11,189
SU1253,S7 Airlines,2024-08-17,07:18,67
SU1877,Nordavia,2024-07-18,03:04,240
SU1505,Nordavia,2024-03-23,22:44,148
SU2174,Red Wings,2024-03-25,10:45,108
SU4643,Azimuth,2024-10-07,05:43,138
SU7491,Azimuth,2024-10-03,11:01,222
SU6128,Azimuth,2024-06-23,12:37,150
SU7806,Pobeda,2024-06-22,04:13,220
SU1161,Rossiya,2024-02-21,15:32,94
SU3039,Rossiya,2024-01-27,06:05,84
SU2433,Pobeda,2024-02-19,09:20,257
SU2715,Nordavia,2024-04-19,19:16,73
SU9661,Azimuth,2024-01-02,21:30,57
SU6019,Pobeda,2024-04-22,15:04,89
SU9609,Pobeda,2024-12-09,14:01,178
SU8008,Ural Airlines,2024-08-05,20:50,54
SU7689,UTair,2024-01-01,21:13,228
SU2574,Nordavia,2024-09-01,01:26,97
SU9697,Azimuth,2024-08-28,02:09,131
SU659,Ural Airlines,2024-11-15,04:53,305
SU6138,Azimuth,2024-02-25,00:04,195
SU3261,UTair,2024-12-11,00:21,79
SU5530,Pobeda,2024-09-25,20:04,304
SU2096,Yakutia,2024-04-17,11:01,132
SU4465,UTair,2024-01-02,10:58,110
SU9206,Nordavia,2024-04-04,00:09,75
SU3388,UTair,2024-02-03,09:52,251
SU3965,Yakutia,2024-04-06,03:13,142
SU9508,Ural Airlines,2024-04-02,19:31,143
SU8854,Rossiya,2024-06-28,20:05,205
SU7967,Rossiya,2024-07-11,11:31,77
SU4263,Yakutia,2024-04-03,11:13,174
SU5911,Yakutia,2024-07-06,15:15,108
SU4056,Azimuth,2024-02-27,15:39,149
SU1623,Ural Airlines,2024-12-11,02:37,294
SU9521,Aeroflot,2024-01-26,21:25,344
SU1313,Pobeda,2024-01-02,12:01,126
SU5823,S7 Airlines,2024-11-05,09:30,173
SU1186,Ural Airlines,2024-09-20,15:56,222
SU9234,Pobeda,2024-04-05,09:29,341
SU624,Ural Airlines,2024-04-23,09:25,61
SU9260,Azimuth,2024-12-27,00:24,345
SU9597,UTair,2024-10-21,07:55,164
SU9823,Aeroflot,2024-07-08,10:57,180
SU2692,Rossiya,2024-06-16,16:53,95
SU2658,Azimuth,2024-06-02,18:23,196
SU5573,Azimuth,2024-06-26,12:39,112
SU5549,Pobeda,2024-06-16,21:32,171
SU793,S7 Airlines,2024-06-05,00:24,80
SU1871,Pobeda,2024-07-21,23:04,203
SU5540,Rossiya,2024-02-16,15:16,233
SU3646,Red Wings,2024-01-10,18:01,347
SU3055,Red Wings,2024-02-17,13:45,156
SU231,Nordavia,2024-12-05,21:09,234
SU3365,S7 Airlines,2024-08-08,11:44,120
SU6203,Ural Airlines,2024-11-04,03:28,272
SU5191,Rossiya,2024-07-07,21:43,257
SU3601,Ural Airlines,2024-05-18,19:59,51
SU1326,Nordavia,2024-01-07,08:56,290
SU8732,S7 Airlines,2024-05-24,04:55,118
SU4521,Red Wings,2024-05-21,11:20,114
SU3240,Red Wings,2024-05-26,08:47,304
SU5792,Red Wings,2024-04-08,08:57,133
SU4675,Aeroflot,2024-05-05,00:36,313
SU7032,Pobeda,2024-10-03,09:55,84
SU9759,Pobeda,2024-02-08,12:39,222
SU1871,Yakutia,2024-10-19,11:24,141
SU4321,Yakutia,2024-12-11,23:31,313
SU786,Red Wings,2024-01-21,01:45,234
SU8036,Ural Airlines,2024-11-12,04:21,175
SU3988,Pobeda,2024-10-13,04:23,317
SU5165,Pobeda,2024-05-26,11:18,170
SU898,Aeroflot,2024-06-13,09:38,306
SU7584,S7 Airlines,2024-02-18,20:31,127
SU9894,S7 Airlines,2024-01-02,23:51,183
SU8013,Nordavia,2024-03-11,06:23,95
SU446,Ural Airlines,2024-05-05,21:51,211
SU4891,Pobeda,2024-11-02,11:08,230
SU2389,Aeroflot,2024-01-27,03:32,56
SU6748,Rossiya,2024-06-22,06:57,172
SU7940,Pobeda,2024-07-01,09:24,80
SU8342,Rossiya,2024-01-06,06:50,120
SU9668,Azimuth,2024-10-11,07:08,145
SU4725,Rossiya,2024-07-02,10:47,166
SU6278,Ural Airlines,2024-02-05,23:39,104
SU6601,Red Wings,2024-02-19,09:48,281
SU3460,Ural Airlines,2024-08-27,13:27,85
SU6397,Ural Airlines,2024-04-18,20:06,55
SU9991,S7 Airlines,2024-07-10,01:48,294
SU4234,Red Wings,2024-02-25,19:38,101
SU1004,Pobeda,2024-01-14,01:38,110
SU1173,Red Wings,2024-11-27,13:09,177
SU9399,Ural Airlines,2024-11-02,14:35,182
SU6449,Nordavia,2024-06-22,02:52,181
SU2716,Azimuth,2024-04-15,10:08,145
SU3186,Azimuth,2024-09-28,23:26,223
SU2147,S7 Airlines,2024-05-10,19:56,239
SU9023,S7 Airlines,2024-06-07,05:03,137
SU3257,Yakutia,2024-11-18,19:47,198
SU1487,Azimuth,2024-04-11,12:59,212
SU1199,Red Wings,2024-09-04,00:19,215
SU3811,Nordavia,2024-09-04,21:20,297
SU9506,Rossiya,2024-09-05,21:31,253
SU1117,Aeroflot,2024-02-19,08:40,131
SU2620,S7 Airlines,2024-01-02,23:47,132
SU8931,Red Wings,2024-06-06,06:57,80
SU7297,Yakutia,2024-05-08,04:41,156
SU4945,Rossiya,2024-10-04,01:09,275
SU2190,Ural Airlines,2024-01-04,21:34,114
SU5420,Rossiya,2024-09-05,19:33,119
SU2311,S7 Airlines,2024-03-08,18:44,336
SU364,Yakutia,2024-06-01,10:15,118
SU2446,Ural Airlines,2024-01-10,09:26,293
SU3122,Ural Airlines,2024-08-08,06:02,89
SU106,Nordavia,2024-12-18,16:14,263
SU3249,Aeroflot,2024-03-01,13:17,279
SU3598,S7 Airlines,2024-01-04,16:30,275
SU8051,Aeroflot,2024-06-01,13:58,297
SU9345,S7 Airlines,2024-03-27,13:19,200
SU9300,Ural Airlines,2024-02-24,22:44,311
SU7331,UTair,2024-11-21,15:18,292
SU2393,Aeroflot,2024-07-21,14:29,79
SU6757,Ural Airlines,2024-11-11,19:38,312
SU9716,Nordavia,2024-03-02,14:50,173
SU4113,Yakutia,2024-07-25,07:17,121
SU8253,Pobeda,2024-03-09,16:22,77
SU3566,S7 Airlines,2024-11-14,17:23,346
SU4214,Nordavia,2024-10-09,09:46,242
SU188,Rossiya,2024-05-09,21:20,216
SU2016,Nordavia,2024-10-17,10:49,155
SU1183,Aeroflot,2024-02-23,07:37,201
SU8158,Aeroflot,2024-03-12,23:43,333
SU5167,UTair,2024-05-05,17:40,87
SU8130,Pobeda,2024-01-13,03:39,336
SU6181,S7 Airlines,2024-08-08,18:43,139
SU9214,Nordavia,2024-01-12,08:07,105
SU1695,Aeroflot,2024-09-13,05:48,269
SU6222,Red Wings,2024-02-02,12:53,255
SU8153,Red Wings,2024-12-02,01:56,195
SU1722,Rossiya,2024-04-24,13:27,158
SU1559,UTair,2024-08-01,02:24,179
SU4577,S7 Airlines,2024-10-02,17:19,237
SU2731,Red Wings,2024-08-01,10:57,150
SU3347,Rossiya,2024-08-01,18:52,201
SU9317,Yakutia,2024-02-12,18:37,278
SU2088,Ural Airlines,2024-09-06,02:27,218
SU8805,Red Wings,2024-05-18,06:25,182
SU2085,Rossiya,2024-05-19,00:17,60
SU1681,Aeroflot,2024-04-21,19:30,326
SU5828,Pobeda,2024-05-19,08:50,243
SU1026,S7 Airlines,2024-08-28,02:18,343
SU6738,Azimuth,2024-02-12,20:22,78
SU2508,Yakutia,2024-12-15,05:40,290
SU5855,Rossiya,2024-03-26,03:36,71
SU4501,Rossiya,2024-06-12,04:20,103
SU3305,UTair,2024-06-18,08:15,175
SU6178,Aeroflot,2024-10-13,20:46,50
SU4450,Nordavia,2024-08-15,06:39,151
SU4645,Ural Airlines,2024-09-07,23:59,113
SU5684,Azimuth,2024-01-23,14:19,340
SU1050,Nordavia,2024-11-17,01:21,319
SU9646,Rossiya,2024-02-17,05:14,213
SU3002,Nordavia,2024-09-23,22:32,123
SU2513,Red Wings,2024-03-22,13:46,96
SU6956,UTair,2024-11-01,10:12,297
SU1641,Ural Airlines,2024-02-06,23:51,305
SU2417,S7 Airlines,2024-02-28,18:02,229
SU6353,Pobeda,2024-12-26,14:26,247
SU7461,UTair,2024-09-28,06:08,67
SU3447,Rossiya,2024-09-22,23:32,66
SU9428,Pobeda,2024-01-12,21:01,82
SU8094,Azimuth,2024-11-05,03:06,320
SU9642,Azimuth,2024-06-21,22:18,247
SU2874,Aeroflot,2024-08-27,20:24,70
SU5890,UTair,2024-06-16,05:41,232
SU8088,Pobeda,2024-09-08,10:25,113
SU9891,Nordavia,2024-06-26,13:07,134
SU490,Yakutia,2024-02-26,00:14,167
SU800,Yakutia,2024-07-01,12:28,348
SU3063,Azimuth,2024-03-18,04:10,322
SU7678,Azimuth,2024-12-25,16:53,321
SU8375,Ural Airlines,2024-12-09,22:01,184
SU1911,Ural Airlines,2024-04-04,22:20,277
SU4462,S7 Airlines,2024-03-11,15:30,178
SU2772,Ural Airlines,2024-03-22,04:49,84
SU7776,S7 Airlines,2024-07-18,15:15,332
SU8599,S7 Airlines,2024-04-09,05:17,100
SU6870,Pobeda,2024-04-17,06:20,70
SU4894,Ural Airlines,2024-12-27,20:27,200
SU1567,Nordavia,2024-10-10,07:07,59
SU3297,Ural Airlines,2024-06-17,09:30,341
SU8695,Nordavia,2024-10-23,04:24,341
SU4667,Aeroflot,2024-11-08,04:16,264
SU661,Rossiya,2024-01-17,19:07,325
SU9643,Rossiya,2024-06-23,08:00,167
SU2441,UTair,2024-02-12,13:04,287
SU979,Ural Airlines,2024-02-12,00:38,72
SU6505,S7 Airlines,2024-06-05,18:10,350
SU9677,Pobeda,2024-09-22,10:12,61
SU4773,Pobeda,2024-09-21,21:58,313
SU8240,Ural Airlines,2024-10-02,01:47,85
SU8030,Red Wings,2024-03-03,09:19,127
SU6981,Rossiya,2024-06-17,12:23,236
SU132,Yakutia,2024-04-25,00:04,118
SU6691,Ural Airlines,2024-03-13,22:34,234
SU6326,Yakutia,2024-11-04,21:05,55
SU7576,Azimuth,2024-03-11,00:59,309
SU4402,Ural Airlines,2024-01-01,08:12,273
SU414,Yakutia,2024-05-18,01:43,285
SU9687,Red Wings,2024-11-28,00:50,222
SU8645,Nordavia,2024-08-24,00:23,173
SU7624,Ural Airlines,2024-11-21,01:18,276
SU4093,Azimuth,2024-08-13,21:55,198
SU832,Nordavia,2024-02-11,07:53,84
SU841,UTair,2024-09-20,18:52,173
SU1649,Pobeda,2024-03-24,20:34,301
SU8218,UTair,2024-08-21,13:21,258
SU9093,Ural Airlines,2024-07-16,00:48,110
SU3892,Nordavia,2024-10-10,17:53,145
SU3714,Ural Airlines,2024-05-05,09:13,137
SU9668,Ural Airlines,2024-08-19,01:00,181
SU3780,Azimuth,2024-10-03,18:11,56
SU5785,Azimuth,2024-09-08,08:21,83
SU5496,Aeroflot,2024-10-23,05:14,109
SU4139,Pobeda,2024-10-25,02:10,308
SU6830,Yakutia,2024-08-13,03:34,206
SU1077,UTair,2024-02-15,21:18,86
SU7588,Red Wings,2024-10-18,20:27,118
SU7902,UTair,2024-07-23,08:11,331
SU2068,Ural Airlines,2024-04-07,21:00,319
SU8257,Red Wings,2024-12-20,06:42,284
SU7268,UTair,2024-07-10,19:18,86
SU9210,Azimuth,2024-12-08,04:55,268
SU3302,Red Wings,2024-02-10,02:26,145
SU7912,Yakutia,2024-01-20,11:55,247
SU3722,Aeroflot,2024-08-13,20:40,157
SU2809,Azimuth,2024-03-08,23:16,226
SU9569,Ural Airlines,2024-09-08,09:47,286
SU7164,UTair,2024-10-18,13:28,139
SU5762,S7 Airlines,2024-05-26,18:38,282
SU3912,Rossiya,2024-12-20,02:18,79
SU8558,Yakutia,2024-09-22,00:39,292
SU3184,Red Wings,2024-08-12,21:15,89
SU264,Yakutia,2024-07-01,18:45,166
SU1225,Ural Airlines,2024-09-15,05:34,203
SU2755,Red Wings,2024-08-24,05:20,281
SU7119,S7 Airlines,2024-04-07,02:31,216
SU8420,Ural Airlines,2024-02-09,08:16,266
SU5961,Ural Airlines,2024-03-20,21:19,125
SU2407,Nordavia,2024-12-04,15:21,139
SU4176,Pobeda,2024-09-06,21:23,346
SU6658,Yakutia,2024-05-19,23:42,175
SU1000,Azimuth,2024-12-05,09:01,246
SU4062,Ural Airlines,2024-12-03,21:17,234
SU5237,Pobeda,2024-10-04,19:09,314
SU6834,Red Wings,2024-08-11,12:07,294
SU766,Azimuth,2024-05-23,07:31,252
SU2085,Azimuth,2024-02-16,20:36,55
SU7607,Red Wings,2024-07-10,14:44,111
SU803,Pobeda,2024-04-20,06:20,252
SU7501,Rossiya,2024-10-07,11:11,284
SU8407,Pobeda,2024-06-28,02:33,211
SU9500,Aeroflot,2024-09-28,14:42,199
SU5766,Aeroflot,2024-05-08,13:21,70
SU1031,Aeroflot,2024-11-21,13:11,282
SU2054,Pobeda,2024-03-11,00:28,306
SU8759,Rossiya,2024-02-24,16:05,141
SU1109,Ural Airlines,2024-05-20,00:57,196
SU4839,Ural Airlines,2024-11-06,11:03,261
SU5527,Aeroflot,2024-01-09,08:58,245
SU7176,UTair,2024-02-01,13:53,213
SU1288,Azimuth,2024-11-28,03:29,142
SU1668,Azimuth,2024-06-25,08:04,138
SU5693,Pobeda,2024-09-21,02:50,106
SU6637,UTair,2024-02-06,15:27,229
SU996,Rossiya,2024-08-12,08:04,343
SU644,Rossiya,2024-09-08,11:26,210
SU9200,S7 Airlines,2024-05-16,15:35,51
SU8076,Ural Airlines,2024-11-18,01:04,318
SU7192,Yakutia,2024-11-17,19:20,327
SU7075,Nordavia,2024-12-22,07:53,141
SU1834,S7 Airlines,2024-11-17,11:41,150
SU5367,Pobeda,2024-06-28,03:15,174
SU6138,Yakutia,2024-12-14,17:22,120
SU3343,Red Wings,2024-06-20,04:35,174
SU3227,Yakutia,2024-08-17,12:31,217
SU224,Nordavia,2024-08-21,05:56,216
SU3221,Azimuth,2024-02-24,21:31,294
SU7695,Aeroflot,2024-02-13,18:46,233
SU8739,Yakutia,2024-07-10,17:48,76
SU8235,Rossiya,2024-07-13,05:36,297
SU5460,Red Wings,2024-01-03,21:11,97
SU6371,Rossiya,2024-10-14,19:16,318
SU5399,Ural Airlines,2024-12-19,08:25,85
SU2174,Ural Airlines,2024-04-25,19:04,128
SU5970,Aeroflot,2024-07-25,11:24,305
SU479,UTair,2024-04-17,03:30,201
SU5239,Pobeda,2024-01-19,13:56,80
SU981,Pobeda,2024-09-26,00:04,225
SU1565,UTair,2024-11-11,17:12,245
SU6964,S7 Airlines,2024-05-27,22:21,193
SU6379,Pobeda,2024-12-03,08:44,124
SU458,Pobeda,2024-12-14,15:58,267
SU7061,Aeroflot,2024-10-27,06:02,262
SU5339,Rossiya,2024-03-19,21:03,350
SU4518,UTair,2024-10-13,23:54,238
SU5016,UTair,2024-12-23,14:51,67
SU9786,Rossiya,2024-03-07,12:55,225
SU9589,UTair,2024-11-04,01:51,142
SU9065,Pobeda,2024-01-27,03:18,181
SU492,Yakutia,2024-09-12,10:45,308
SU9233,Nordavia,2024-11-08,02:05,215
SU7975,Rossiya,2024-10-14,17:04,194
SU5788,Nordavia,2024-05-25,02:22,235
SU2939,Yakutia,2024-05-14,15:07,345
SU4388,UTair,2024-10-05,22:05,182
SU547,Yakutia,2024-08-12,20:06,103
SU514,Red Wings,2024-06-01,23:16,145
SU1995,Rossiya,2024-09-01,11:53,155
SU4220,Rossiya,2024-03-13,16:43,170
SU3996,Ural Airlines,2024-07-05,10:11,116
SU7036,Ural Airlines,2024-04-07,11:05,299
SU9504,Ural Airlines,2024-07-04,20:42,296
SU9621,Yakutia,2024-08-10,17:54,217
SU4450,Rossiya,2024-06-26,03:52,59
SU6734,Yakutia,2024-05-09,15:45,233
SU3105,Red Wings,2024-11-11,03:27,319
SU6754,Ural Airlines,2024-01-07,09:26,296
SU6398,UTair,2024-02-07,16:04,197
SU5594,Aeroflot,2024-02-02,20:47,51
SU929,Pobeda,2024-06-07,18:55,61
SU7704,Red Wings,2024-08-05,09:25,56
SU7127,Rossiya,2024-09-21,12:48,201
SU2224,Aeroflot,2024-04-02,11:55,68
SU306,Azimuth,2024-05-24,10:27,80
SU6810,Rossiya,2024-11-04,06:20,111
SU2040,UTair,2024-04-10,16:21,231
SU386,UTair,2024-04-08,18:37,149
SU4235,Ural Airlines,2024-03-01,08:34,186
SU1049,Azimuth,2024-03-11,16:17,91
SU6052,S7 Airlines,2024-01-24,07:59,66
SU1231,Pobeda,2024-08-12,16:03,326
SU2469,Red Wings,2024-10-06,16:31,138
SU4847,Ural Airlines,2024-08-17,00:44,320
SU1949,Rossiya,2024-06-25,07:48,273
SU1395,UTair,2024-08-10,06:14,93
SU1565,S7 Airlines,2024-05-01,03:25,72
SU3721,Yakutia,2024-05-19,03:01,341
SU4007,Aeroflot,2024-12-21,09:25,259
SU2705,Rossiya,2024-03-23,21:29,99
SU8488,Red Wings,2024-06-26,07:52,250
SU4222,Rossiya,2024-04-19,12:15,222
SU3987,Aeroflot,2024-08-08,04:21,90
SU5737,Rossiya,2024-12-22,05:35,63
SU6323,Azimuth,2024-08-23,18:58,111
SU8398,S7 Airlines,2024-01-22,19:29,261
SU1755,Azimuth,2024-02-06,12:52,201
SU2509,Nordavia,2024-10-15,20:12,157
SU892,Ural Airlines,2024-09-14,05:27,306
SU5608,Azimuth,2024-07-21,07:35,208
SU3325,UTair,2024-07-11,15:58,331
SU6083,Yakutia,2024-11-25,07:37,210
SU7107,UTair,2024-08-14,00:26,327
SU6573,Nordavia,2024-06-02,06:23,135
SU8544,Yakutia,2024-01-12,08:25,117
SU8396,Nordavia,2024-11-04,10:32,96
SU9007,Red Wings,2024-03-17,00:33,196
SU6897,UTair,2024-05-19,00:40,329
SU6349,Azimuth,2024-11-20,12:36,329
SU7952,Rossiya,2024-05-26,18:59,148
SU2769,Aeroflot,2024-02-10,08:10,227
SU5540,Nordavia,2024-03-08,18:54,350
SU2456,UTair,2024-09-15,06:26,335
SU9367,Azimuth,2024-01-01,11:06,97
SU8332,S7 Airlines,2024-03-18,11:28,257
SU6341,Red Wings,2024-09-28,03:27,234
SU457,Azimuth,2024-02-08,05:22,72
SU9508,UTair,2024-05-25,08:20,94
SU6160,Azimuth,2024-10-24,15:36,135
SU7362,Ural Airlines,2024-10-15,11:15,185
SU1047,Nordavia,2024-01-26,08:51,249
SU5015,Pobeda,2024-09-05,10:15,206
SU3377,Red Wings,2024-02-19,09:02,329
SU3925,Nordavia,2024-10-19,18:58,223
SU8171,Pobeda,2024-02-15,18:03,135
SU2685,Pobeda,2024-08-12,19:20,236
SU6919,Azimuth,2024-07-23,16:27,70
SU220,Rossiya,2024-08-01,02:28,288
SU9221,Yakutia,2024-07-20,20:25,70
SU3153,Red Wings,2024-05-26,17:07,68
SU6354,Aeroflot,2024-01-12,03:45,84
SU2379,Ural Airlines,2024-09-26,02:50,219
SU150,Rossiya,2024-02-22,04:11,325
SU1283,Rossiya,2024-04-11,12:59,99
SU3834,Red Wings,2024-12-16,02:01,120
SU8102,Ural Airlines,2024-06-14,10:45,217
SU2927,Aeroflot,2024-04-15,13:45,108
SU1862,Nordavia,2024-01-16,09:31,303
SU7032,UTair,2024-09-09,11:05,292
SU6063,UTair,2024-11-28,02:48,253
SU2641,Aeroflot,2024-07-09,12:13,73
SU7492,UTair,2024-04-27,04:47,244
SU6858,Pobeda,2024-04-13,16:13,72
SU5535,Ural Airlines,2024-01-15,19:01,211
SU4746,Rossiya,2024-02-16,00:15,297
SU2158,S7 Airlines,2024-07-27,03:33,256
SU5457,Yakutia,2024-03-26,20:12,341
SU2412,Ural Airlines,2024-03-27,14:09,304
SU7892,Yakutia,2024-05-16,16:29,308
SU3462,Rossiya,2024-08-25,12:24,191
SU7878,Azimuth,2024-07-23,15:45,238
SU8974,Nordavia,2024-07-08,14:34,330
SU9778,UTair,2024-06-27,14:52,159
SU417,Red Wings,2024-12-27,11:55,338
SU5113,Pobeda,2024-09-24,16:00,277
SU6108,Nordavia,2024-02-18,01:31,344
SU7203,Aeroflot,2024-01-04,23:28,308
SU2967,Yakutia,2024-08-28,13:39,314
SU7817,Nordavia,2024-11-06,13:52,182
SU5366,UTair,2024-04-14,14:53,247
SU146,Pobeda,2024-03-13,02:02,82
SU1895,UTair,2024-05-18,16:44,203
SU4556,Rossiya,2024-12-08,22:22,311
SU3043,UTair,2024-01-17,20:11,122
SU7583,Ural Airlines,2024-12-21,09:58,242
SU3588,Azimuth,2024-10-26,04:22,214
SU5635,Red Wings,2024-06-25,15:18,111
SU5260,Yakutia,2024-05-21,03:01,71
SU326,Pobeda,2024-09-28,23:58,216
SU3148,Ural Airlines,2024-04-28,18:49,215
SU5783,Red Wings,2024-04-28,22:46,107
SU9747,Aeroflot,2024-01-26,05:49,181
SU2283,Aeroflot,2024-05-18,10:25,296
SU496,Yakutia,2024-08-01,10:43,179
SU4593,Aeroflot,2024-10-11,07:40,97
SU8923,Pobeda,2024-02-25,01:16,319
SU7010,UTair,2024-08-03,16:31,103
SU4697,Rossiya,2024-11-04,08:14,154
SU7505,Pobeda,2024-03-24,07:21,320
SU7334,Pobeda,2024-04-27,12:45,155
SU7471,Yakutia,2024-06-20,02:08,126
SU3466,Pobeda,2024-08-02,05:51,176
SU8670,S7 Airlines,2024-09-11,20:40,105
SU941,Nordavia,2024-05-27,23:56,84
SU1201,Nordavia,2024-07-06,14:48,74
SU7607,Aeroflot,2024-02-09,03:44,312
SU5613,Red Wings,2024-11-18,01:52,154
SU9449,Aeroflot,2024-04-02,19:06,190
SU4977,Red Wings,2024-07-23,11:55,113
SU5191,Azimuth,2024-07-09,23:03,299
SU1977,Azimuth,2024-09-02,19:08,238
SU2669,Azimuth,2024-03-22,10:06,148
SU6828,Red Wings,2024-01-04,19:53,106
SU3444,Ural Airlines,2024-02-23,04:55,307
SU2326,Aeroflot,2024-05-22,21:26,312
SU9079,UTair,2024-06-05,07:30,198
SU8453,UTair,2024-09-18,20:22,120
SU7609,Yakutia,2024-01-08,12:07,202
SU9712,Red Wings,2024-03-02,04:02,142
SU8193,Nordavia,2024-10-02,05:19,216
SU4255,Ural Airlines,2024-01-04,03:02,192
SU4453,S7 Airlines,2024-05-19,19:11,249
SU4566,S7 Airlines,2024-08-02,09:12,88
SU8963,UTair,2024-05-26,18:55,200
SU4218,Red Wings,2024-11-01,05:15,281
SU6371,UTair,2024-11-03,07:43,314
SU338,Pobeda,2024-12-09,18:22,164
SU7492,UTair,2024-09-08,10:18,87
SU4075,Nordavia,2024-01-11,12:06,328
SU7060,Pobeda,2024-06-13,16:38,239
SU4626,Nordavia,2024-11-01,19:06,218
SU3804,Azimuth,2024-05-20,08:26,317
SU9052,Rossiya,2024-03-24,13:13,243
SU6630,Yakutia,2024-07-15,17:30,97
SU9031,Azimuth,2024-02-20,14:18,76
SU6359,Pobeda,2024-11-13,15:59,74
SU3568,Azimuth,2024-02-22,01:47,96
SU8158,S7 Airlines,2024-02-07,21:28,109
SU857,UTair,2024-04-27,16:10,86
SU8768,Azimuth,2024-08-22,02:43,158
SU6588,Ural Airlines,2024-06-19,10:59,56
SU1477,UTair,2024-04-05,04:19,115
SU115,Pobeda,2024-07-18,03:53,123
SU1006,S7 Airlines,2024-11-04,22:39,165
SU8591,Azimuth,2024-02-10,14:03,85
SU1061,Red Wings,2024-04-08,00:33,302
SU2716,UTair,2024-09-06,17:05,176
SU5214,Pobeda,2024-03-27,02:56,235
SU5717,S7 Airlines,2024-03-03,07:38,257
SU1912,Aeroflot,2024-12-28,11:37,104
SU4569,Aeroflot,2024-02-11,03:05,311
SU4398,Yakutia,2024-05-28,23:30,143
SU243,Yakutia,2024-08-19,20:13,266
SU9348,Pobeda,2024-10-05,17:37,265
SU6618,Pobeda,2024-03-01,04:23,59
SU6169,Yakutia,2024-06-25,15:45,301
SU8146,Aeroflot,2024-09-14,10:53,345
SU4301,Nordavia,2024-10-05,07:32,72
SU7646,S7 Airlines,2024-09-17,18:50,288
SU4570,Rossiya,2024-12-18,06:15,110
SU6551,Aeroflot,2024-04-02,18:36,309
SU1454,S7 Airlines,2024-08-13,17:08,229
SU368,Pobeda,2024-02-26,16:26,344
SU8363,Azimuth,2024-10-06,13:56,237
SU6163,Azimuth,2024-10-18,08:27,326
SU2801,Aeroflot,2024-06-20,07:27,52
SU1674,Rossiya,2024-08-01,18:08,182
SU1782,Nordavia,2024-01-24,04:27,231
SU4815,Azimuth,2024-12-22,11:39,98
SU6410,S7 Airlines,2024-03-19,08:25,321
SU8931,Ural Airlines,2024-01-06,05:07,311
SU4646,Red Wings,2024-08-10,15:05,240
SU3941,Nordavia,2024-05-08,14:35,186
SU194,Rossiya,2024-06-07,19:24,264
SU2599,Pobeda,2024-06-09,12:08,253
SU2685,Red Wings,2024-04-09,15:57,77
SU2625,UTair,2024-09-12,23:30,188
SU399,Pobeda,2024-09-06,21:23,345
SU1860,Nordavia,2024-09-10,15:02,236
SU2436,UTair,2024-06-07,23:21,167
SU7164,Aeroflot,2024-08-06,11:10,55
SU8016,Azimuth,2024-03-23,22:00,101
SU5183,S7 Airlines,2024-11-18,06:12,341
SU766,Nordavia,2024-02-19,08:20,222
SU359,S7 Airlines,2024-12-06,18:21,227
SU2440,Red Wings,2024-06-26,12:57,328
SU6527,Aeroflot,2024-01-14,00:11,229
SU5370,Yakutia,2024-04-18,06:01,100
SU1075,Yakutia,2024-09-14,13:25,311
SU8661,Ural Airlines,2024-09-13,17:30,211
SU9631,Rossiya,2024-06-05,19:11,280
SU5449,Nordavia,2024-06-27,07:41,173
SU6703,Aeroflot,2024-02-13,15:30,339
SU4465,UTair,2024-05-10,21:37,292
SU5836,Red Wings,2024-02-27,07:38,69
SU7761,Rossiya,2024-03-23,10:09,181
SU6890,S7 Airlines,2024-06-12,03:35,328
SU641,Rossiya,2024-12-13,08:06,167
SU9068,Ural Airlines,2024-10-15,16:04,310
SU3817,UTair,2024-06-24,04:59,304
SU9028,Red Wings,2024-03-16,13:19,135
SU2381,Ural Airlines,2024-09-10,19:31,278
SU3397,Rossiya,2024-10-26,17:56,280
SU7741,S7 Airlines,2024-07-28,07:49,136
SU5416,Ural Airlines,2024-07-24,15:46,75
SU7038,Nordavia,2024-09-23,05:36,115
SU4686,Rossiya,2024-03-02,08:40,269
SU578,Aeroflot,2024-02-05,13:45,95
SU1242,Nordavia,2024-06-17,23:22,112
SU8016,Aeroflot,2024-07-12,14:00,147
SU2536,Rossiya,2024-07-06,08:39,340
SU4131,Yakutia,2024-07-11,11:55,193
SU5402,S7 Airlines,2024-05-13,12:43,281
SU4043,Nordavia,2024-05-12,19:20,75
SU9609,Ural Airlines,2024-10-20,16:47,153
SU6142,UTair,2024-06-24,07:38,301
SU4707,Azimuth,2024-05-06,10:34,104
SU5442,Azimuth,2024-12-11,07:35,101
SU7343,Aeroflot,2024-12-01,05:55,223
SU4892,Nordavia,2024-09-28,23:06,239
SU1514,Aeroflot,2024-11-04,01:43,301
SU117,Nordavia,2024-12-17,04:09,263
SU9317,Azimuth,2024-03-25,08:11,232
SU3910,Rossiya,2024-03-23,03:35,90
SU2421,Red Wings,2024-02-27,11:41,248
SU7578,Yakutia,2024-12-14,06:15,69
SU6922,UTair,2024-12-08,19:29,173
SU6612,Azimuth,2024-01-13,10:39,341
SU2775,Nordavia,2024-09-08,04:52,53
SU6378,Red Wings,2024-09-12,06:00,214
SU8002,Azimuth,2024-04-15,23:03,77
SU9288,UTair,2024-07-18,09:52,264
SU5018,Azimuth,2024-06-21,01:11,61
SU9729,Ural Airlines,2024-09-01,15:56,189
SU3568,Yakutia,2024-11-24,15:53,349
SU3115,S7 Airlines,2024-03-16,10:23,103
SU9489,Nordavia,2024-03-19,18:52,177
SU5938,Ural Airlines,2024-09-26,16:27,95
SU2885,Rossiya,2024-03-28,13:53,158
SU9210,S7 Airlines,2024-05-10,05:44,268
SU2136,UTair,2024-05-20,23:29,230
SU4161,S7 Airlines,2024-02-26,18:41,98
SU6741,Azimuth,2024-12-08,06:13,314
SU7095,Yakutia,2024-03-14,16:35,85
SU2033,Ural Airlines,2024-11-11,21:26,196
SU5825,Aeroflot,2024-04-14,10:56,280
SU1528,Yakutia,2024-01-16,14:34,65
SU7198,Aeroflot,2024-02-25,17:57,321
SU4735,Red Wings,2024-01-12,00:08,159
SU8224,UTair,2024-04-17,21:53,51
SU6482,Rossiya,2024-01-09,09:46,110
SU5015,Rossiya,2024-01-05,15:56,91
SU8724,Aeroflot,2024-12-27,19:52,117
SU241,Aeroflot,2024-02-09,16:37,123
SU1498,S7 Airlines,2024-05-07,06:20,225
SU699,Pobeda,2024-05-12,10:30,283
SU3149,Red Wings,2024-02-15,16:05,185
SU6315,Azimuth,2024-01-21,16:16,190
SU5087,S7 Airlines,2024-09-16,18:22,193
SU4586,S7 Airlines,2024-01-09,12:15,251
SU6209,Azimuth,2024-10-21,11:32,273
SU995,Aeroflot,2024-01-05,10:46,200
SU8177,S7 Airlines,2024-01-05,01:26,192
SU799,Nordavia,2024-04-03,22:39,80
SU5715,Nordavia,2024-02-10,19:45,178
SU1490,Nordavia,2024-09-26,14:57,127
SU7679,Rossiya,2024-03-09,01:36,151
SU956,Pobeda,2024-05-23,13:29,121
SU4549,UTair,2024-05-09,09:11,297
SU5024,S7 Airlines,2024-06-03,04:47,274
SU8293,Aeroflot,2024-11-23,08:31,171
SU9619,Nordavia,2024-06-16,22:50,281
SU6132,Yakutia,2024-06-19,03:27,303
SU4204,Rossiya,2024-03-12,08:46,276
SU9627,UTair,2024-05-07,14:23,249
SU4624,S7 Airlines,2024-06-03,05:15,342
SU5555,UTair,2024-05-05,13:48,347
SU3298,Aeroflot,2024-08-25,10:00,301
SU470,Yakutia,2024-02-17,07:35,237
SU9971,Rossiya,2024-05-14,13:13,293
SU2193,Pobeda,2024-08-09,09:53,335
SU4087,Red Wings,2024-08-02,01:45,318
SU562,Yakutia,2024-12-15,14:42,266
SU9748,Azimuth,2024-10-11,19:07,87
SU6397,S7 Airlines,2024-08-21,02:33,242
SU4759,Yakutia,2024-10-16,23:02,131
SU4559,Rossiya,2024-01-11,22:13,302
SU779,Red Wings,2024-02-14,08:47,240
SU6167,UTair,2024-01-24,11:29,269
SU4843,Yakutia,2024-03-09,10:48,344
SU2917,Red Wings,2024-07-11,21:50,308
SU1214,Aeroflot,2024-02-22,13:17,230
SU8110,Ural Airlines,2024-05-28,08:57,167
SU3398,Ural Airlines,2024-02-16,10:42,95
SU8063,Pobeda,2024-11-01,15:01,238
SU2119,S7 Airlines,2024-01-15,23:58,131
SU9372,Azimuth,2024-12-08,00:36,250
SU689,Azimuth,2024-12-09,07:27,315
SU5997,Ural Airlines,2024-02-13,14:56,250
SU3833,Ural Airlines,2024-11-13,00:27,285
SU2195,UTair,2024-03-18,14:19,200
SU8478,Pobeda,2024-08-25,20:32,308
SU3974,UTair,2024-01-06,16:15,251
SU9955,S7 Airlines,2024-11-28,07:32,294
SU7023,Red Wings,2024-09-12,21:53,105
SU6811,Nordavia,2024-10-01,05:52,179
SU4927,Red Wings,2024-03-12,05:20,235
SU2964,Yakutia,2024-05-16,03:35,270
SU1645,Ural Airlines,2024-01-28,00:26,328
SU7316,S7 Airlines,2024-10-22,20:06,114
SU6171,UTair,2024-06-20,22:38,208
SU7020,Yakutia,2024-10-19,02:50,274
SU8478,Nordavia,2024-05-24,05:03,208
SU4652,Red Wings,2024-03-18,09:48,243
SU705,Pobeda,2024-01-24,05:36,56
SU1126,UTair,2024-06-11,13:55,82
SU6726,Aeroflot,2024-02-17,05:47,341
SU6385,Azimuth,2024-05-03,01:33,342
SU176,UTair,2024-04-11,21:47,139
SU1615,UTair,2024-03-16,01:33,283
SU9617,Red Wings,2024-09-09,06:07,93
SU4835,UTair,2024-12-02,03:50,238
SU5087,Rossiya,2024-02-08,05:05,159
SU3235,Aeroflot,2024-10-17,00:29,146
SU9176,S7 Airlines,2024-02-06,12:50,283
SU2476,Red Wings,2024-06-28,07:19,137
SU750,Aeroflot,2024-02-22,20:32,306
SU7027,Nordavia,2024-08-05,10:54,85
SU6385,Yakutia,2024-06-17,01:32,124
SU4862,UTair,2024-08-21,15:33,134
SU1733,Azimuth,2024-12-28,09:19,144
SU9887,Azimuth,2024-06-12,20:35,115
SU2430,Yakutia,2024-10-10,01:28,346
SU8036,Rossiya,2024-12-21,18:17,289
SU5366,Yakutia,2024-01-19,18:33,336
SU9578,Red Wings,2024-07-17,16:46,91
SU9960,Azimuth,2024-11-24,13:14,214
SU2117,Pobeda,2024-06-27,08:11,180
SU7752,Red Wings,2024-01-26,08:44,81
SU4556,Pobeda,2024-09-28,07:48,260
SU3746,Pobeda,2024-04-25,10:32,68
SU377,Yakutia,2024-11-18,01:57,176
SU4681,Nordavia,2024-01-02,05:10,226
SU8005,Nordavia,2024-04-17,02:19,87
SU9335,Rossiya,2024-09-18,13:00,291
SU6879,Aeroflot,2024-04-10,15:36,282
SU7990,Ural Airlines,2024-10-06,12:27,104
SU6042,Red Wings,2024-04-13,03:14,127
SU5764,Red Wings,2024-05-11,13:37,124
SU7444,S7 Airlines,2024-07-14,17:50,63
SU644,Aeroflot,2024-02-14,04:04,328
SU602,Pobeda,2024-11-11,06:51,222
SU1027,Nordavia,2024-05-19,02:19,198
SU1317,Nordavia,2024-05-02,01:24,132
SU9201,Aeroflot,2024-01-09,02:14,263
SU4382,Red Wings,2024-08-01,07:27,327
SU7269,Red Wings,2024-03-26,10:35,291
SU623,Red Wings,2024-05-18,04:04,95
SU3926,Azimuth,2024-02-26,20:44,125
SU8838,Rossiya,2024-08-07,13:18,173
SU8143,Yakutia,2024-10-23,23:11,139
SU9833,Azimuth,2024-12-28,15:33,256
SU7672,Aeroflot,2024-07-20,07:03,282
SU4234,UTair,2024-09-19,18:39,187
SU3927,Ural Airlines,2024-02-24,02:44,314
SU4167,Pobeda,2024-04-15,11:16,258
SU8460,Ural Airlines,2024-10-04,00:05,200
SU5880,Pobeda,2024-12-23,23:56,123
SU255,Aeroflot,2024-02-07,22:59,207
SU3943,Red Wings,2024-06-27,05:28,58
SU5393,Red Wings,2024-02-21,03:04,304
SU8293,Pobeda,2024-09-21,20:29,337
SU1453,Ural Airlines,2024-12-02,08:52,50
SU2306,Ural Airlines,2024-10-01,19:48,73
SU9326,UTair,2024-10-23,18:39,80
SU8401,Aeroflot,2024-01-20,07:54,339
SU4561,Rossiya,2024-09-05,22:58,72
SU5814,Yakutia,2024-12-12,20:23,60
SU9717,Nordavia,2024-06-20,01:52,263
SU159,Aeroflot,2024-04-03,22:33,137
SU3174,Nordavia,2024-01-19,04:42,248
SU4328,S7 Airlines,2024-02-03,00:16,227
SU7115,Yakutia,2024-05-18,00:07,306
SU9292,Red Wings,2024-10-20,08:58,56
SU815,Nordavia,2024-06-02,07:43,204
SU3945,Red Wings,2024-12-15,04:07,248
SU8787,Aeroflot,2024-06-23,07:12,77
SU5040,UTair,2024-07-18,16:28,138
SU6067,Ural Airlines,2024-05-26,00:23,155
SU9411,Yakutia,2024-05-27,16:15,227
SU7682,Azimuth,2024-12-20,06:31,221
SU8891,S7 Airlines,2024-09-02,21:30,86
SU8092,Nordavia,2024-10-20,23:49,142
SU2543,Pobeda,2024-06-21,23:54,257
SU9085,Azimuth,2024-06-17,13:35,162
SU5434,S7 Airlines,2024-03-06,23:54,251
SU1642,Pobeda,2024-09-02,05:02,257
SU8058,Azimuth,2024-02-17,10:23,266
SU1442,Aeroflot,2024-07-21,08:35,155
SU7728,Ural Airlines,2024-01-28,23:51,190
SU9857,Yakutia,2024-04-07,17:00,347
SU6616,Nordavia,2024-01-17,07:21,70
SU9451,Azimuth,2024-02-25,08:35,53
SU922,Red Wings,2024-07-25,17:11,104
SU5022,Azimuth,2024-05-19,01:27,202
SU3689,Ural Airlines,2024-07-20,12:10,314
SU1120,Aeroflot,2024-09-18,04:37,198
SU8230,Nordavia,2024-02-21,20:15,300
SU859,Aeroflot,2024-12-04,06:00,232
SU2099,Rossiya,2024-10-21,17:45,196
SU8222,Red Wings,2024-05-26,01:52,104
SU5470,Yakutia,2024-03-09,19:14,89
SU1552,Yakutia,2024-09-16,18:35,220
SU5833,Nordavia,2024-08-18,04:09,249
SU8316,Azimuth,2024-07-08,11:03,114
SU3153,Ural Airlines,2024-01-10,12:34,169
SU7375,Azimuth,2024-10-16,18:46,188
SU6714,Azimuth,2024-09-03,18:42,148
SU9935,Rossiya,2024-09-14,10:51,160
SU2254,Rossiya,2024-07-23,08:08,334
SU3111,S7 Airlines,2024-01-06,18:47,296
SU8178,Ural Airlines,2024-08-10,00:49,188
SU5400,Rossiya,2024-04-09,00:21,73
SU8436,Pobeda,2024-12-02,07:25,76
SU5714,Nordavia,2024-01-06,10:43,290
SU4262,Red Wings,2024-10-02,15:58,186
SU3842,Azimuth,2024-11-08,00:49,105
SU5698,Aeroflot,2024-12-08,11:35,290
SU419,Pobeda,2024-04-28,05:42,256
SU4328,Rossiya,2024-12-15,20:30,78
SU5880,Azimuth,2024-02-23,22:07,226
SU415,Pobeda,2024-11-07,08:29,66
SU8784,UTair,2024-09-24,20:56,95
SU1232,UTair,2024-09-15,21:27,316
SU703,Azimuth,2024-05-24,08:27,62
SU3976,S7 Airlines,2024-04-16,03:16,145
SU2290,Azimuth,2024-04-01,07:40,242
SU1246,Pobeda,2024-05-25,08:04,290
SU1170,UTair,2024-11-06,22:20,118
SU2601,Yakutia,2024-01-21,17:36,313
SU7583,S7 Airlines,2024-04-05,13:23,152
SU5288,Azimuth,2024-10-09,01:52,62
SU4351,Ural Airlines,2024-02-07,11:28,266
SU5777,Pobeda,2024-09-12,14:29,174
SU8167,S7 Airlines,2024-07-03,18:03,346
SU1548,S7 Airlines,2024-09-24,11:04,238
SU9791,Ural Airlines,2024-10-27,21:39,138
SU6303,Nordavia,2024-03-11,11:58,333
SU7367,Aeroflot,2024-10-13,16:46,295
SU2795,Aeroflot,2024-06-19,11:58,130
SU599,Azimuth,2024-06-04,13:51,137
SU1909,UTair,2024-02-03,07:11,243
SU5398,Aeroflot,2024-03-11,14:17,55
SU9855,Azimuth,2024-03-18,15:06,67
SU6496,Red Wings,2024-03-15,16:37,234
SU6944,Nordavia,2024-02-12,09:22,193
SU8518,Azimuth,2024-10-26,07:00,167
SU4356,Rossiya,2024-02-13,19:04,78
SU6460,Rossiya,2024-10-24,17:13,334
SU7104,S7 Airlines,2024-01-07,15:53,120
SU4968,Azimuth,2024-05-14,09:18,223
SU1863,S7 Airlines,2024-01-16,00:10,143
SU9324,Nordavia,2024-06-27,08:02,229
SU6487,UTair,2024-10-01,18:57,254
SU4033,Pobeda,2024-12-18,16:18,216
SU9002,Rossiya,2024-02-04,11:34,213
SU2703,S7 Airlines,2024-06-24,14:23,213
SU6928,Ural Airlines,2024-12-15,05:57,257
SU2574,Yakutia,2024-10-02,01:53,291
SU2241,Rossiya,2024-10-26,18:33,315
SU6095,Aeroflot,2024-12-19,15:23,348
SU8268,Yakutia,2024-09-27,20:34,337
SU2230,Ural Airlines,2024-12-20,09:44,211
SU9136,Azimuth,2024-11-05,11:27,133
SU4478,Azimuth,2024-05-22,23:49,347
SU4032,Rossiya,2024-09-09,17:20,247
SU2232,S7 Airlines,2024-09-21,00:40,184
SU288,UTair,2024-08-21,17:54,236
SU6553,S7 Airlines,2024-05-10,08:03,230
SU9079,Pobeda,2024-10-16,13:02,134
SU9534,Red Wings,2024-03-22,17:02,270
SU3791,Yakutia,2024-10-02,23:22,230
SU5112,S7 Airlines,2024-12-21,06:53,59
SU6100,Ural Airlines,2024-08-20,10:00,345
SU3632,Azimuth,2024-06-24,05:16,111
SU5997,Pobeda,2024-11-22,13:02,260
SU3563,Nordavia,2024-06-11,10:35,51
SU6162,Yakutia,2024-11-14,17:25,271
SU2614,Rossiya,2024-05-20,11:15,114
SU7514,Azimuth,2024-07-15,06:35,87
SU1965,Ural Airlines,2024-11-18,10:03,76
SU2062,Pobeda,2024-10-04,01:47,145
SU4448,Aeroflot,2024-12-26,07:47,99
SU8031,Red Wings,2024-07-15,22:20,322
SU438,Aeroflot,2024-01-15,21:12,193
SU9937,Nordavia,2024-07-25,09:43,279
SU8608,Rossiya,2024-06-10,05:54,88
SU7840,Pobeda,2024-09-28,11:40,187
SU8938,UTair,2024-01-10,17:53,129
SU104,Nordavia,2024-04-25,14:18,264
SU3858,Pobeda,2024-06-14,09:40,337
SU1848,S7 Airlines,2024-02-17,08:34,331
SU7967,S7 Airlines,2024-09-06,22:38,129
SU2674,Pobeda,2024-07-27,15:23,310
SU8303,Ural Airlines,2024-11-25,21:45,216
SU4952,Rossiya,2024-12-01,19:01,311
SU4010,S7 Airlines,2024-02-10,00:48,295
SU1835,Red Wings,2024-09-07,23:36,141
SU3409,Nordavia,2024-07-21,05:57,109
SU944,Rossiya,2024-01-27,04:19,150
SU6204,S7 Airlines,2024-03-03,17:05,107
SU3923,Ural Airlines,2024-03-07,14:35,109
SU3474,Pobeda,2024-04-22,15:55,132
SU1920,S7 Airlines,2024-03-14,17:58,50
SU2849,Nordavia,2024-03-19,12:26,79
SU5857,S7 Airlines,2024-10-27,08:51,155
SU9854,Ural Airlines,2024-04-26,21:11,342
SU8561,UTair,2024-06-25,09:00,90
SU5715,Ural Airlines,2024-11-02,12:02,327
SU4849,Nordavia,2024-06-03,02:18,346
SU6584,Pobeda,2024-05-03,16:15,268
SU4166,Pobeda,2024-06-09,16:44,125
SU1769,Ural Airlines,2024-03-18,23:09,275
SU4072,Rossiya,2024-03-22,00:02,70
SU911,Yakutia,2024-09-11,08:46,159
SU650,Red Wings,2024-06-12,15:41,178
SU9461,Azimuth,2024-07-11,07:16,238
SU2954,Rossiya,2024-01-12,21:08,281
SU4899,Red Wings,2024-04-19,22:56,339
SU424,S7 Airlines,2024-03-04,04:26,137
SU5860,UTair,2024-08-11,04:31,227
SU5363,Azimuth,2024-09-28,21:31,244
SU4308,Rossiya,2024-11-25,22:49,315
SU4679,UTair,2024-07-13,03:32,127
SU9581,Aeroflot,2024-11-14,17:11,91
SU7654,Aeroflot,2024-01-05,20:33,128
SU9572,Rossiya,2024-02-02,15:50,165
SU1629,S7 Airlines,2024-07-04,06:32,75
SU5617,Rossiya,2024-03-22,03:06,111
SU9353,Pobeda,2024-10-17,00:18,215
SU8533,Azimuth,2024-09-10,13:49,230
SU8920,Ural Airlines,2024-09-12,05:51,55
SU664,Rossiya,2024-10-21,09:55,170
SU8805,UTair,2024-05-02,10:09,303
SU5043,S7 Airlines,2024-09-09,14:19,260
SU708,Rossiya,2024-01-07,10:14,291
SU5537,S7 Airlines,2024-03-20,20:29,166
SU8186,Yakutia,2024-04-13,04:39,193
SU779,Azimuth,2024-03-19,12:23,284
SU6936,Pobeda,2024-06-08,11:27,94
SU2743,Aeroflot,2024-01-20,02:03,279
SU8420,Yakutia,2024-05-01,01:40,76
SU8177,Pobeda,2024-04-27,19:44,228
SU7756,Nordavia,2024-05-15,02:22,304
SU5664,Yakutia,2024-08-28,21:02,164
SU3240,Pobeda,2024-09-02,03:37,157
SU9309,S7 Airlines,2024-09-02,01:58,342
SU1328,Red Wings,2024-07-19,01:43,187
SU3345,Pobeda,2024-06-28,13:55,82
SU5774,Nordavia,2024-10-18,06:08,87
SU1008,UTair,2024-09-05,16:52,262
SU9405,Yakutia,2024-08-12,10:43,142
SU7445,Yakutia,2024-06-04,11:28,198
SU3963,Nordavia,2024-04-13,06:28,199
SU6256,Nordavia,2024-02-08,03:26,197
SU8204,Red Wings,2024-03-20,08:20,264
SU5216,Pobeda,2024-09-12,23:32,201
SU994,Pobeda,2024-09-07,13:19,98
SU8414,UTair,2024-12-08,08:19,176
SU869,Yakutia,2024-01-12,19:07,285
SU5385,Nordavia,2024-08-23,22:09,199
SU7340,Rossiya,2024-10-21,03:25,79
SU2234,Yakutia,2024-10-05,12:42,344
SU7915,S7 Airlines,2024-04-18,09:52,329
SU3444,Yakutia,2024-04-15,04:50,213
SU623,Ural Airlines,2024-11-27,11:25,203
SU9528,Red Wings,2024-03-12,11:35,102
SU5080,Azimuth,2024-05-24,19:07,329
SU330,UTair,2024-02-23,04:02,329
SU8167,Ural Airlines,2024-01-05,05:21,213
SU3374,S7 Airlines,2024-10-13,04:14,81
SU9337,Azimuth,2024-06-16,12:54,180
SU3000,Aeroflot,2024-10-07,07:24,335
SU5681,Pobeda,2024-04-06,13:56,316
SU7751,Pobeda,2024-03-16,10:16,81
SU3563,S7 Airlines,2024-06-27,08:09,244
SU8122,Yakutia,2024-01-23,18:06,191
SU6770,S7 Airlines,2024-08-09,09:42,238
SU6485,Yakutia,2024-11-25,17:05,71
SU4460,Ural Airlines,2024-11-08,21:57,181
SU2509,Ural Airlines,2024-02-26,17:00,201
SU4740,Yakutia,2024-10-25,02:04,205
SU4584,Nordavia,2024-11-03,10:25,58
SU7390,Ural Airlines,2024-08-01,09:45,240
SU861,Nordavia,2024-10-12,10:24,136
SU6434,Azimuth,2024-11-10,04:06,289
SU3567,Red Wings,2024-08-04,18:54,203
SU3323,Rossiya,2024-07-14,03:46,171
SU2907,Pobeda,2024-05-01,05:42,146
SU9814,Rossiya,2024-05-08,08:11,243
SU3252,Yakutia,2024-02-25,17:03,315
SU871,Azimuth,2024-09-05,14:56,258
SU7488,Ural Airlines,2024-09-25,16:21,71
SU6931,Azimuth,2024-06-11,02:13,143
SU3964,Aeroflot,2024-10-25,03:00,326
SU9258,Rossiya,2024-06-21,14:27,196
SU4245,Ural Airlines,2024-06-03,19:57,266
SU2265,Aeroflot,2024-03-28,09:59,324
SU9392,Aeroflot,2024-12-07,11:32,265
SU6271,Aeroflot,2024-11-03,18:04,181
SU5306,Yakutia,2024-12-24,03:46,324
SU5986,Aeroflot,2024-07-12,22:16,115
SU7822,Ural Airlines,2024-08-05,03:27,55
SU722,Pobeda,2024-08-01,09:23,113
SU2017,S7 Airlines,2024-06-26,08:42,244
SU7622,Ural Airlines,2024-02-11,12:45,75
SU4442,Red Wings,2024-10-03,10:06,317
SU4537,S7 Airlines,2024-01-17,19:00,190
SU1110,UTair,2024-04-25,15:28,54
SU1429,S7 Airlines,2024-02-06,22:20,250
SU3622,Aeroflot,2024-02-10,05:11,324
SU3259,Nordavia,2024-04-06,08:24,336
SU4646,S7 Airlines,2024-08-17,18:11,245
SU4419,Aeroflot,2024-12-15,22:39,68
SU7274,S7 Airlines,2024-01-28,20:37,292
SU882,Yakutia,2024-05-21,06:41,78
SU6137,Aeroflot,2024-02-07,12:28,240
SU6845,Red Wings,2024-09-03,00:08,248
SU8355,Azimuth,2024-09-28,23:35,300
SU2259,Azimuth,2024-07-12,12:58,135
SU4001,Aeroflot,2024-02-21,06:57,146
SU1384,Azimuth,2024-06-09,04:38,187
SU4756,Yakutia,2024-08-28,02:59,282
SU8055,Yakutia,2024-08-03,14:42,247
SU1428,Rossiya,2024-01-16,02:50,185
SU3015,Ural Airlines,2024-07-28,06:49,288
SU3302,Red Wings,2024-03-14,15:24,311
SU8903,UTair,2024-02-01,09:06,90
SU7998,Pobeda,2024-09-25,14:46,142
SU2658,Aeroflot,2024-01-02,14:04,72
SU6507,Red Wings,2024-02-19,19:45,261
SU2874,Yakutia,2024-11-17,12:30,280
SU2273,UTair,2024-06-05,04:40,144
SU4464,UTair,2024-12-07,09:44,97
SU4381,Red Wings,2024-03-07,10:12,183
SU9360,Yakutia,2024-12-17,06:40,187
SU7761,Rossiya,2024-09-05,15:31,85
SU7705,Ural Airlines,2024-03-04,10:24,228
SU1860,Yakutia,2024-01-25,20:55,90
SU3012,Rossiya,2024-04-25,08:58,348
SU1784,Nordavia,2024-11-25,22:18,342
SU9961,Aeroflot,2024-07-14,01:13,195
SU2590,Aeroflot,2024-05-27,02:35,271
SU9951,Azimuth,2024-04-18,21:59,104
SU1144,Ural Airlines,2024-09-04,08:41,84
SU663,Azimuth,2024-05-26,10:35,130
SU8861,S7 Airlines,2024-10-19,04:30,290
SU9826,Aeroflot,2024-10-17,11:03,240
SU9856,S7 Airlines,2024-11-23,08:03,267
SU5352,Ural Airlines,2024-03-14,18:53,133
SU7940,Ural Airlines,2024-01-18,13:18,67
SU3635,S7 Airlines,2024-06-13,16:25,343
SU1144,Aeroflot,2024-02-21,22:46,75
SU5789,S7 Airlines,2024-08-06,07:49,245
SU9792,Aeroflot,2024-02-26,17:22,278
SU6403,Nordavia,2024-06-07,21:30,341
SU2354,Yakutia,2024-08-06,13:45,292
SU4500,Yakutia,2024-06-27,16:28,53
SU8690,Yakutia,2024-07-23,04:50,300
SU2476,S7 Airlines,2024-02-10,02:39,84
SU2196,Rossiya,2024-07-01,20:44,135
SU6097,UTair,2024-08-26,08:36,235
SU8363,Nordavia,2024-10-14,14:49,70
SU7148,Ural Airlines,2024-02-16,18:02,316
SU370,UTair,2024-03-24,08:30,229
SU1483,Pobeda,2024-12-13,00:22,296
SU2125,Red Wings,2024-09-13,21:28,109
SU4374,Ural Airlines,2024-07-27,20:36,251
SU4513,Yakutia,2024-02-02,00:59,271
SU5356,UTair,2024-02-15,18:35,61
SU559,Pobeda,2024-08-19,15:03,114
SU1367,S7 Airlines,2024-03-13,16:02,347
SU3306,Red Wings,2024-11-28,06:54,210
SU5167,Ural Airlines,2024-12-02,03:33,257
SU5307,Azimuth,2024-09-10,22:49,62
SU4687,Nordavia,2024-11-23,21:04,328
SU9251,Ural Airlines,2024-11-11,09:30,197
SU9625,Ural Airlines,2024-05-10,15:17,188
SU1744,Azimuth,2024-06-28,00:49,56
SU7135,S7 Airlines,2024-11-13,14:10,250
SU1314,Yakutia,2024-10-24,09:24,55
SU183,Ural Airlines,2024-08-23,06:29,190
SU455,Ural Airlines,2024-12-25,06:01,72
SU2047,Aeroflot,2024-04-28,22:08,71
SU1660,S7 Airlines,2024-07-13,17:29,147
SU5905,S7 Airlines,2024-06-14,04:44,231
SU5218,Yakutia,2024-03-26,05:25,200
SU8933,Ural Airlines,2024-04-10,07:20,336
SU5289,Nordavia,2024-08-28,15:50,169
SU571,UTair,2024-12-04,12:25,268
SU1815,Rossiya,2024-06-09,19:49,239
SU4887,Rossiya,2024-09-21,02:33,201
SU6516,Yakutia,2024-10-05,07:16,253
SU4479,UTair,2024-12-13,08:43,230
SU9214,Pobeda,2024-06-28,10:57,125
SU2027,Red Wings,2024-07-01,21:49,346
SU1355,UTair,2024-06-22,18:59,277
SU1025,Azimuth,2024-06-20,23:25,323
SU8671,Yakutia,2024-04-28,13:12,70
SU5813,Nordavia,2024-01-12,20:34,290
SU3832,Aeroflot,2024-01-11,04:18,211
SU7754,S7 Airlines,2024-07-01,22:26,133
SU4184,Nordavia,2024-08-08,15:58,250
SU999,Yakutia,2024-05-02,00:19,143
SU8107,Yakutia,2024-07-17,03:54,270
SU780,Rossiya,2024-06-22,04:04,152
SU8680,S7 Airlines,2024-06-05,05:41,224
SU6449,Nordavia,2024-09-12,00:30,175
SU6791,Azimuth,2024-09-13,00:02,243
SU6119,Ural Airlines,2024-10-23,22:38,246
SU1452,Yakutia,2024-06-24,13:19,114
SU8218,Azimuth,2024-12-22,09:13,50
SU9321,Rossiya,2024-09-10,22:43,342
SU2301,Rossiya,2024-09-27,00:18,337
SU467,Red Wings,2024-08-27,06:22,114
SU8385,Yakutia,2024-01-01,22:05,259
SU9335,Red Wings,2024-10-04,19:27,150
SU3101,Red Wings,2024-01-12,13:20,167
SU4268,Nordavia,2024-08-06,13:44,83
SU4922,Ural Airlines,2024-05-02,01:04,61
SU9084,S7 Airlines,2024-02-27,01:26,298
SU2566,Rossiya,2024-04-25,23:18,295
SU3701,Rossiya,2024-12-16,13:21,82
SU8502,Rossiya,2024-03-09,21:14,285
SU6361,Aeroflot,2024-06-12,04:45,180
SU6223,S7 Airlines,2024-09-24,20:55,60
SU9721,S7 Airlines,2024-03-10,01:54,269
SU144,Pobeda,2024-07-27,07:03,141
SU9623,Aeroflot,2024-03-01,23:56,102
SU6911,Ural Airlines,2024-11-10,02:20,100
SU7563,Yakutia,2024-10-19,10:53,172
SU6338,Yakutia,2024-12-05,09:41,88
SU6964,Rossiya,2024-01-07,14:42,264
SU2029,Azimuth,2024-12-09,01:46,237
SU6860,S7 Airlines,2024-10-08,13:10,162
SU8877,Ural Airlines,2024-12-10,20:20,193
SU5489,Pobeda,2024-06-19,09:23,168
SU5276,Aeroflot,2024-03-26,06:30,54
SU5753,Pobeda,2024-02-15,21:45,217
SU9153,Rossiya,2024-09-23,17:34,107
SU8776,Rossiya,2024-07-27,11:20,296
SU3410,Azimuth,2024-05-05,03:10,111
SU5229,Ural Airlines,2024-12-01,06:21,103
SU6261,Pobeda,2024-10-21,23:35,304
SU3174,Azimuth,2024-08-24,12:33,235
SU9906,Red Wings,2024-10-04,16:42,103
SU3035,S7 Airlines,2024-09-08,18:19,146
SU4324,S7 Airlines,2024-10-23,16:31,106
SU6809,UTair,2024-07-16,05:51,336
SU9019,Azimuth,2024-02-09,14:22,295
SU7971,Nordavia,2024-01-22,20:22,348
SU367,Red Wings,2024-08-24,00:18,249
SU7799,Azimuth,2024-12-21,17:43,340
SU7018,Nordavia,2024-01-19,04:57,251
SU4321,Red Wings,2024-07-08,21:10,198
SU5294,Rossiya,2024-02-25,21:37,189
SU7012,Pobeda,2024-10-01,00:39,111
SU3987,Pobeda,2024-09-04,20:28,172
SU5542,Azimuth,2024-07-27,07:29,257
SU5424,Nordavia,2024-10-19,10:45,323
SU9348,Yakutia,2024-02-10,09:16,350
SU2216,Nordavia,2024-07-23,05:55,89
SU2601,Nordavia,2024-03-08,13:06,341
SU4501,Azimuth,2024-05-14,07:59,280
SU3488,Ural Airlines,2024-10-02,23:27,217
SU7614,Ural Airlines,2024-09-08,04:47,296
SU7283,Ural Airlines,2024-11-15,09:25,170
SU1003,Nordavia,2024-03-12,14:17,129
SU6953,Aeroflot,2024-07-23,16:10,152
SU9437,S7 Airlines,2024-02-15,01:30,212
SU9139,Aeroflot,2024-03-28,00:30,233
SU2231,Aeroflot,2024-06-26,12:11,130
SU9695,Ural Airlines,2024-03-13,13:51,141
SU6723,Aeroflot,2024-11-09,09:30,80
SU438,S7 Airlines,2024-05-21,07:19,129
SU7279,Rossiya,2024-01-20,20:14,345
SU6367,Pobeda,2024-01-24,09:56,222
SU9530,Yakutia,2024-03-25,00:25,337
SU9248,Azimuth,2024-06-07,17:49,340
SU488,Pobeda,2024-06-27,20:55,231
SU2661,Azimuth,2024-12-12,20:59,126
SU3407,Rossiya,2024-05-15,05:36,301
SU9516,Pobeda,2024-04-07,13:23,133
SU871,UTair,2024-04-12,09:40,211
SU7449,Rossiya,2024-10-16,20:26,102
SU4315,UTair,2024-07-12,23:19,203
SU6869,Azimuth,2024-02-13,22:39,191
SU3855,S7 Airlines,2024-02-17,20:57,271
SU7547,Aeroflot,2024-12-13,17:13,240
SU7676,Aeroflot,2024-07-25,14:07,76
SU2674,Nordavia,2024-01-08,01:01,96
SU5942,Aeroflot,2024-06-08,04:17,140
SU5864,S7 Airlines,2024-12-02,11:23,56
SU2957,Red Wings,2024-07-15,06:55,336
SU8033,Pobeda,2024-09-23,11:12,157
SU7261,S7 Airlines,2024-08-25,07:13,123
SU7654,Ural Airlines,2024-12-09,02:51,233
SU7246,S7 Airlines,2024-12-25,22:21,329
SU3880,Ural Airlines,2024-01-09,02:57,62
SU6976,Yakutia,2024-12-25,09:35,228
SU6838,Nordavia,2024-01-04,22:54,296
SU4070,Yakutia,2024-03-09,19:29,222
SU438,Yakutia,2024-03-25,00:13,202
SU4193,UTair,2024-06-06,11:11,125
SU7850,Azimuth,2024-08-10,14:09,282
SU9587,Azimuth,2024-11-28,09:40,258
SU4533,S7 Airlines,2024-08-01,07:18,184
SU7916,Azimuth,2024-02-20,17:10,346
SU6689,S7 Airlines,2024-03-06,05:27,303
SU9884,Pobeda,2024-12-05,23:18,131
SU7203,S7 Airlines,2024-08-04,12:57,308
SU450,Pobeda,2024-09-20,00:33,235
SU8160,Red Wings,2024-10-06,21:06,164
SU1337,S7 Airlines,2024-05-28,03:32,254
SU1834,Yakutia,2024-05-27,10:29,298
SU9132,Yakutia,2024-12-10,23:35,85
SU3624,Yakutia,2024-09-25,10:15,245
SU1158,Rossiya,2024-06-18,02:30,311
SU8825,Pobeda,2024-04-16,02:31,234
SU4961,Ural Airlines,2024-08-10,16:23,110
SU7016,Pobeda,2024-02-04,18:32,274
SU6400,Azimuth,2024-06-04,05:39,116
SU3542,Red Wings,2024-11-22,11:13,335
SU9413,Ural Airlines,2024-08-19,21:31,128
SU6810,Nordavia,2024-11-10,07:34,124
SU4747,UTair,2024-07-23,05:04,333
SU7510,Azimuth,2024-09-25,15:21,89
SU6283,UTair,2024-08-22,22:14,265
SU316,Yakutia,2024-03-21,13:01,73
SU5576,Red Wings,2024-10-27,07:46,338
SU9513,Pobeda,2024-01-11,20:05,69
SU3521,Rossiya,2024-05-27,20:02,232
SU4921,Rossiya,2024-10-27,09:38,246
SU6815,Azimuth,2024-04-18,04:03,316
SU7258,Yakutia,2024-01-01,12:39,198
SU8049,Ural Airlines,2024-09-13,19:00,219
SU2178,Pobeda,2024-05-17,09:21,274
SU9458,Ural Airlines,2024-10-11,18:36,284
SU9880,Azimuth,2024-10-10,18:29,160
SU2728,Aeroflot,2024-06-24,10:55,181
SU7538,Azimuth,2024-01-01,20:37,106
SU8698,UTair,2024-02-15,14:23,167
SU9029,Ural Airlines,2024-04-10,03:39,136
SU570,Yakutia,2024-06-28,03:09,100
SU5195,Red Wings,2024-04-18,01:56,70
SU4992,UTair,2024-05-24,08:46,276
SU4030,S7 Airlines,2024-06-21,07:17,93
SU1730,Nordavia,2024-06-28,16:17,63
SU5887,S7 Airlines,2024-07-13,19:54,148
SU6088,Nordavia,2024-08-15,17:44,347
SU1541,Pobeda,2024-11-06,01:07,341
SU8268,Nordavia,2024-10-25,18:23,219
SU4995,Red Wings,2024-04-28,02:19,332
SU1287,Red Wings,2024-04-13,05:58,246
SU8213,Aeroflot,2024-05-03,23:43,168
SU8496,Red Wings,2024-12-06,11:59,209
SU846,Red Wings,2024-11-04,18:09,146
SU1515,Red Wings,2024-07-28,23:49,300
SU7728,Azimuth,2024-05-04,12:51,274
SU7410,Rossiya,2024-04-18,04:52,211
SU4830,Nordavia,2024-04-18,16:18,197
SU4776,Red Wings,2024-09-25,04:19,260
SU8957,S7 Airlines,2024-04-16,16:28,277
SU9199,Nordavia,2024-12-23,02:03,64
SU8755,UTair,2024-09-07,15:31,118
SU1391,Pobeda,2024-10-15,01:50,119
SU1865,Ural Airlines,2024-01-03,17:16,197
SU2149,Yakutia,2024-02-07,04:33,117
SU5352,Yakutia,2024-01-09,20:20,288
SU6539,Aeroflot,2024-03-13,19:15,294
SU1886,Nordavia,2024-04-11,11:29,71
SU2655,S7 Airlines,2024-11-18,20:45,70
SU8118,Red Wings,2024-11-11,22:21,228
SU7684,Ural Airlines,2024-12-12,21:02,58
SU9477,Pobeda,2024-08-13,01:07,197
SU1891,Red Wings,2024-11-13,14:49,270
SU1084,S7 Airlines,2024-06-24,05:14,112
SU4730,Nordavia,2024-06-24,03:13,211
SU7726,Nordavia,2024-03-21,14:31,117
SU6822,Pobeda,2024-06-24,02:36,135
SU2328,Rossiya,2024-04-10,21:51,348
SU1736,Pobeda,2024-07-21,07:44,215
SU1621,Azimuth,2024-02-28,03:27,194
SU7805,Nordavia,2024-01-13,07:13,133
SU6392,Azimuth,2024-08-18,01:26,146
SU285,Red Wings,2024-03-06,07:12,123
SU4726,S7 Airlines,2024-07-14,16:00,278
SU6678,Azimuth,2024-07-05,23:24,270
SU6869,Red Wings,2024-07-14,03:49,168
SU6086,Ural Airlines,2024-05-15,11:45,184
SU1922,Azimuth,2024-05-13,05:09,325
SU6333,Rossiya,2024-04-14,12:01,277
SU9514,Yakutia,2024-11-11,03:45,163
SU8818,Yakutia,2024-11-13,14:09,202
SU7599,Nordavia,2024-07-16,05:11,328
SU2496,Rossiya,2024-12-25,21:56,187
SU2288,Aeroflot,2024-05-19,09:16,341
SU3826,Aeroflot,2024-10-01,13:19,116
SU4140,Red Wings,2024-11-06,20:05,167
SU2183,S7 Airlines,2024-10-08,18:30,171
SU8733,Aeroflot,2024-02-26,18:12,267
SU9908,Pobeda,2024-06-20,12:39,302
SU7940,Yakutia,2024-11-03,13:19,115
SU4976,UTair,2024-03-11,01:56,125
SU1099,S7 Airlines,2024-11-25,04:35,103
SU9407,Red Wings,2024-01-27,18:18,229
SU3024,Nordavia,2024-09-04,03:51,249
SU5518,Ural Airlines,2024-01-11,22:09,340
SU8213,Rossiya,2024-07-26,07:09,104
SU1519,Red Wings,2024-09-28,01:39,287
SU5547,Pobeda,2024-04-20,06:37,175
SU4952,S7 Airlines,2024-11-01,17:20,224
SU4960,Aeroflot,2024-09-11,14:22,72
SU3040,Yakutia,2024-09-15,07:59,132
SU3621,Red Wings,2024-02-23,08:26,338
SU5929,S7 Airlines,2024-08-10,21:45,349
SU8973,Aeroflot,2024-10-10,07:34,186
SU9863,Yakutia,2024-10-05,06:10,79
SU7112,Azimuth,2024-03-11,14:38,165
SU4744,Pobeda,2024-07-22,06:00,64
SU7612,Aeroflot,2024-06-01,16:35,330
SU1287,Pobeda,2024-02-09,18:36,169
SU4717,Pobeda,2024-06-05,11:05,343
SU2052,Rossiya,2024-07-11,17:38,56
SU3651,Ural Airlines,2024-09-05,11:32,324
SU8345,Rossiya,2024-03-16,02:52,156
SU1753,S7 Airlines,2024-01-09,05:34,316
SU2854,Ural Airlines,2024-10-14,06:34,218
SU6530,Nordavia,2024-03-09,03:41,107
SU4111,Ural Airlines,2024-05-23,17:55,88
SU1429,UTair,2024-09-25,04:29,224
SU1116,UTair,2024-07-03,18:47,270
SU1975,Azimuth,2024-05-07,14:40,314
SU7590,Nordavia,2024-03-28,11:14,262
SU4780,S7 Airlines,2024-01-17,02:54,231
SU2821,Pobeda,2024-08-08,16:54,272
SU1242,Azimuth,2024-10-20,09:31,131
SU9593,Yakutia,2024-05-24,11:22,159
SU4856,Azimuth,2024-06-07,21:43,305
SU6583,Red Wings,2024-03-12,03:08,143
SU6926,Red Wings,2024-09-25,20:35,211
SU4948,Pobeda,2024-11-28,05:42,329
SU6975,UTair,2024-12-07,20:45,336
SU5855,UTair,2024-05-09,16:45,210
SU3962,Rossiya,2024-06-02,12:17,174
SU7956,Aeroflot,2024-12-16,06:39,82
SU6906,Rossiya,2024-11-19,20:56,335
SU4494,Nordavia,2024-07-08,13:17,180
SU2417,Pobeda,2024-05-04,00:17,252
SU6216,Pobeda,2024-03-26,16:22,190
SU1566,Rossiya,2024-07-18,19:08,246
SU7783,UTair,2024-10-18,07:26,130
SU8017,Rossiya,2024-05-04,16:03,177
SU4065,Rossiya,2024-08-09,23:57,217
SU538,Rossiya,2024-03-06,19:05,121
SU8683,Aeroflot,2024-06-25,20:07,196
SU6552,Rossiya,2024-07-16,09:18,290
SU1712,Nordavia,2024-01-01,07:06,315
SU3467,Yakutia,2024-12-16,12:43,156
SU9189,Yakutia,2024-11-08,15:23,266
SU1004,Red Wings,2024-06-20,12:23,248
SU349,Red Wings,2024-08-12,10:27,157
SU7044,Red Wings,2024-01-26,01:43,177
SU6086,Pobeda,2024-11-01,06:26,337
SU9641,Rossiya,2024-07-12,00:57,225
SU2630,Aeroflot,2024-01-16,13:59,213
SU4608,Pobeda,2024-07-20,03:33,182
SU6299,Nordavia,2024-11-06,03:05,63
SU3347,Pobeda,2024-09-13,10:06,154
SU1747,Nordavia,2024-11-14,15:08,161
SU2710,Pobeda,2024-03-12,16:12,204
SU5407,Azimuth,2024-10-11,04:19,266
SU9180,Nordavia,2024-12-22,14:39,116
SU2823,Yakutia,2024-12-26,18:28,254
SU9457,Yakutia,2024-10-01,08:23,259
SU6039,Red Wings,2024-05-07,13:46,302
SU9588,Red Wings,2024-09-19,17:30,50
SU2501,Azimuth,2024-11-17,21:35,125
SU971,Rossiya,2024-06-03,06:28,77
SU8546,Azimuth,2024-09-01,16:44,96
SU4007,S7 Airlines,2024-06-05,09:39,178
SU8142,Aeroflot,2024-05-16,09:58,326
SU6251,Aeroflot,2024-01-02,23:55,320
SU4313,Ural Airlines,2024-04-15,10:32,315
SU8761,Aeroflot,2024-05-19,11:16,273
SU2949,Azimuth,2024-10-05,16:13,239
SU6529,Yakutia,2024-08-18,05:10,85
SU6891,Nordavia,2024-04-17,02:38,72
SU1978,Rossiya,2024-06-15,11:27,223
SU2719,Pobeda,2024-08-11,02:56,140
SU4093,Rossiya,2024-07-05,07:17,54
SU6757,Rossiya,2024-09-07,06:14,109
SU4689,Azimuth,2024-08-25,15:23,115
SU1486,Rossiya,2024-04-03,04:13,262
SU934,Red Wings,2024-01-21,02:12,97
SU7336,S7 Airlines,2024-04-03,20:58,59
SU4581,S7 Airlines,2024-01-11,10:24,292
SU2368,S7 Airlines,2024-12-27,00:43,240
SU5052,UTair,2024-07-06,21:31,299
SU9762,Pobeda,2024-10-07,08:20,319
SU911,S7 Airlines,2024-02-19,21:00,285
SU4577,UTair,2024-05-18,05:50,181
SU5781,Yakutia,2024-07-04,19:10,290
SU317,UTair,2024-05-01,23:00,213
SU7831,Red Wings,2024-02-24,16:27,328
SU2389,Pobeda,2024-06-17,01:18,200
SU9091,S7 Airlines,2024-10-17,05:25,230
SU1242,Red Wings,2024-07-14,13:18,186
SU5147,S7 Airlines,2024-11-01,17:59,146
SU720,Rossiya,2024-05-28,15:57,176
SU147,Nordavia,2024-05-17,17:01,239
SU2418,Nordavia,2024-10-06,01:58,234
SU5161,Yakutia,2024-08-09,11:27,86
SU6190,Aeroflot,2024-05-22,11:07,81
SU9274,UTair,2024-10-19,04:29,303
SU129,UTair,2024-02-06,14:51,110
SU8124,Aeroflot,2024-07-15,22:01,74
SU9929,UTair,2024-02-23,09:28,233
SU9570,Rossiya,2024-06-09,22:12,290
SU3036,Nordavia,2024-12-09,13:33,140
SU7599,Pobeda,2024-01-03,19:32,243
SU225,Azimuth,2024-12-24,16:12,300
SU6309,S7 Airlines,2024-08-25,05:06,209
SU1594,Aeroflot,2024-04-22,04:21,312
SU5228,Rossiya,2024-09-28,07:06,125
SU4609,UTair,2024-02-26,03:45,201
SU4268,Aeroflot,2024-10-01,15:20,204
SU6570,Nordavia,2024-07-11,22:07,96
SU8706,Yakutia,2024-04-26,09:03,299
SU4428,Rossiya,2024-01-10,21:35,128
SU7945,S7 Airlines,2024-06-03,22:43,98
SU2063,S7 Airlines,2024-04-25,18:35,350
SU459,UTair,2024-04-07,18:52,330
SU5384,Azimuth,2024-01-08,05:01,299
SU8923,Rossiya,2024-10-25,06:49,123
SU8445,Aeroflot,2024-07-18,13:48,326
SU5196,Pobeda,2024-07-14,23:38,181
SU5487,Red Wings,2024-11-08,16:34,231
SU1020,Ural Airlines,2024-04-28,21:17,282
SU4067,UTair,2024-02-20,16:55,278
SU6056,S7 Airlines,2024-01-10,02:54,276
SU5125,Rossiya,2024-11-04,08:05,180
SU1976,Yakutia,2024-05-20,01:39,221
SU2001,Pobeda,2024-03-28,01:06,213
SU2229,UTair,2024-11-07,08:53,327
SU492,Rossiya,2024-01-17,12:17,102
SU7832,Azimuth,2024-12-27,12:59,298
SU8831,S7 Airlines,2024-07-24,00:58,313
SU9424,Aeroflot,2024-05-16,22:32,273
SU9051,Pobeda,2024-03-26,09:04,277
SU6629,S7 Airlines,2024-11-08,21:51,143
SU7907,Ural Airlines,2024-08-02,20:05,204
SU7708,Red Wings,2024-07-18,04:07,304
SU4825,Pobeda,2024-12-14,18:10,116
SU7269,Nordavia,2024-10-15,16:14,122
SU2267,Ural Airlines,2024-12-22,03:49,139
SU6306,S7 Airlines,2024-01-18,08:53,162
SU8352,Rossiya,2024-02-01,01:18,136
SU857,Azimuth,2024-12-28,10:22,210
SU7672,Rossiya,2024-03-25,00:06,246
SU5561,Aeroflot,2024-12-28,19:49,221
SU5180,Rossiya,2024-06-09,13:25,339
SU2256,Ural Airlines,2024-02-01,16:32,198
SU6749,Aeroflot,2024-10-12,22:18,55
SU327,Red Wings,2024-03-07,19:29,163
SU3120,S7 Airlines,2024-04-05,19:40,309
SU4641,Pobeda,2024-12-01,01:31,73
SU453,Rossiya,2024-04-11,15:41,149
SU3572,Ural Airlines,2024-11-15,00:29,301
SU7873,Azimuth,2024-10-19,06:07,90
SU1861,S7 Airlines,2024-02-18,06:30,114
SU393,S7 Airlines,2024-12-26,10:51,324
SU3074,Rossiya,2024-07-02,06:50,84
SU4170,Pobeda,2024-11-08,14:18,215
SU696,UTair,2024-09-24,05:52,313
SU5018,Ural Airlines,2024-05-21,01:40,169
SU497,Azimuth,2024-03-15,11:49,68
SU5588,Rossiya,2024-08-12,14:57,99
SU8384,Nordavia,2024-04-25,03:23,294
SU3378,Yakutia,2024-02-18,11:17,146
SU3766,Yakutia,2024-05-25,17:08,298
SU2954,Rossiya,2024-04-27,05:55,180
SU493,Azimuth,2024-04-13,06:54,194
SU1885,Nordavia,2024-03-22,21:22,299
SU9785,Red Wings,2024-08-24,15:26,60
SU5514,Azimuth,2024-12-06,12:24,189
SU679,Nordavia,2024-08-13,14:21,301
SU1171,Yakutia,2024-09-21,13:26,63
SU8839,UTair,2024-12-08,15:46,139
SU8783,Aeroflot,2024-06-28,13:02,236
SU6838,Ural Airlines,2024-10-20,22:34,300
SU3658,S7 Airlines,2024-05-09,10:59,287
SU9950,UTair,2024-11-15,03:14,330
SU839,UTair,2024-12-21,13:43,340
SU2095,Nordavia,2024-05-20,03:49,129
SU2371,Pobeda,2024-11-11,07:01,191
SU6991,Azimuth,2024-02-13,19:31,113
SU4989,Aeroflot,2024-11-02,10:04,62
SU9907,Nordavia,2024-05-17,14:03,349
SU2711,Aeroflot,2024-01-13,13:39,103
SU7262,UTair,2024-04-09,08:48,327
SU8427,Pobeda,2024-05-04,05:30,278
SU7684,Azimuth,2024-06-08,09:24,51
SU4391,Rossiya,2024-12-19,01:01,251
SU2535,Ural Airlines,2024-02-13,05:10,110
SU4177,Aeroflot,2024-01-10,22:08,321
SU5335,Rossiya,2024-12-22,08:54,311
SU3851,UTair,2024-10-02,09:17,99
SU5516,Pobeda,2024-03-06,19:04,190
SU4944,Ural Airlines,2024-05-02,15:02,107
SU395,Rossiya,2024-04-16,02:31,117
SU2683,Red Wings,2024-08-10,21:07,240
SU3071,Yakutia,2024-08-09,23:46,316
SU277,Ural Airlines,2024-04-05,03:45,260
SU2482,S7 Airlines,2024-05-08,14:12,82
SU1760,Rossiya,2024-02-23,14:17,124
SU2934,UTair,2024-02-26,09:55,192
SU2211,S7 Airlines,2024-11-09,22:11,273
SU9593,Ural Airlines,2024-08-16,06:08,223
SU6349,Red Wings,2024-03-19,12:27,234
SU7538,Aeroflot,2024-03-21,15:27,114
SU5533,Azimuth,2024-02-06,03:04,305
SU1436,Yakutia,2024-06-16,06:09,329
SU4672,Ural Airlines,2024-03-24,17:52,153
SU4932,Yakutia,2024-10-15,04:48,227
SU1152,UTair,2024-11-27,10:33,153
SU2477,Nordavia,2024-08-03,08:24,184
SU8972,Pobeda,2024-03-01,10:31,154
SU2642,S7 Airlines,2024-01-08,16:32,97
SU8195,Nordavia,2024-08-20,03:55,160
SU7944,Red Wings,2024-01-23,17:32,268
SU1965,S7 Airlines,2024-07-10,07:53,150
SU5230,Yakutia,2024-11-04,04:13,311
SU4734,Azimuth,2024-07-21,23:43,232
SU6123,Red Wings,2024-06-26,12:31,345
SU8785,Pobeda,2024-12-09,17:39,350
SU9079,Azimuth,2024-05-15,12:15,285
SU9920,Nordavia,2024-04-15,16:59,161
SU7627,Rossiya,2024-01-26,17:26,335
SU7500,Azimuth,2024-03-03,16:20,170
SU4132,Red Wings,2024-10-06,08:30,118
SU701,Pobeda,2024-03-28,12:25,255
SU857,Aeroflot,2024-02-25,08:50,204
SU5019,Yakutia,2024-11-07,07:15,132
SU5085,Red Wings,2024-04-09,12:39,263
SU7821,UTair,2024-11-12,07:22,202
SU5233,Nordavia,2024-08-17,08:02,201
SU4597,Azimuth,2024-08-24,10:35,184
SU6084,Aeroflot,2024-02-21,22:45,284
SU2400,S7 Airlines,2024-05-11,15:48,120
SU1403,S7 Airlines,2024-09-02,22:52,205
SU518,Pobeda,2024-10-02,01:38,171
SU7458,Yakutia,2024-03-16,22:34,112
SU6381,Ural Airlines,2024-07-09,06:25,83
SU5611,Nordavia,2024-06-28,04:32,231
SU4067,S7 Airlines,2024-03-02,09:31,294
SU1418,UTair,2024-09-17,04:35,108
SU6920,Yakutia,2024-10-07,13:59,288
SU8844,Yakutia,2024-09-18,11:50,302
SU1505,Pobeda,2024-12-14,23:27,179
SU4421,Yakutia,2024-08-08,08:40,65
SU5908,Ural Airlines,2024-01-17,13:36,113
SU3761,Yakutia,2024-12-22,01:34,141
SU8314,UTair,2024-04-15,18:53,119
SU3872,Yakutia,2024-03-05,02:49,278
SU910,Rossiya,2024-04-17,09:50,240
SU8334,UTair,2024-01-19,05:15,289
SU4740,Nordavia,2024-01-14,06:46,305
SU9841,Nordavia,2024-04-13,22:55,285
SU1482,Nordavia,2024-10-04,07:05,275
SU6852,S7 Airlines,2024-04-20,12:50,110
SU1106,Azimuth,2024-02-25,15:19,263
SU4785,Yakutia,2024-01-16,07:04,203
SU5135,Azimuth,2024-03-02,06:11,54
SU7714,Rossiya,2024-09-26,15:24,190
SU9643,Nordavia,2024-04-24,10:24,137
SU7291,Ural Airlines,2024-09-04,00:02,54
SU5038,UTair,2024-09-26,07:05,326
SU7594,Rossiya,2024-04-08,07:50,212
SU6386,Rossiya,2024-02-13,17:24,214
SU5703,Yakutia,2024-04-04,13:24,141
SU8521,Ural Airlines,2024-03-02,09:56,100
SU395,Aeroflot,2024-03-26,04:27,60
SU5885,Rossiya,2024-06-16,09:33,87
SU156,S7 Airlines,2024-08-05,23:23,107
SU3881,Yakutia,2024-10-12,08:46,246
SU8677,Ural Airlines,2024-04-16,11:28,295
SU1548,Red Wings,2024-06-07,04:28,317
SU1146,Yakutia,2024-06-15,06:23,332
SU2115,Rossiya,2024-02-05,14:28,272
SU4236,Yakutia,2024-04-18,14:31,196
SU5191,Aeroflot,2024-12-01,22:11,226
SU5790,Rossiya,2024-12-20,13:10,304
SU3032,Red Wings,2024-03-20,12:10,332
SU8336,Rossiya,2024-10-16,07:42,146
SU4006,S7 Airlines,2024-01-12,03:41,250
SU3349,Pobeda,2024-09-26,03:01,301
SU8837,Aeroflot,2024-04-25,21:19,243
SU4283,UTair,2024-11-05,19:51,140
SU9326,Yakutia,2024-09-13,05:22,77
SU9538,S7 Airlines,2024-05-17,05:32,79
SU5526,S7 Airlines,2024-08-28,14:13,90
SU3611,UTair,2024-01-09,17:02,253
SU7326,UTair,2024-01-25,09:00,208
SU4700,Aeroflot,2024-07-07,20:28,134
SU6269,Pobeda,2024-02-20,02:39,316
SU7048,S7 Airlines,2024-03-14,13:29,107
SU427,UTair,2024-02-19,11:54,125
SU6461,Aeroflot,2024-06-24,10:40,61
SU7393,Ural Airlines,2024-06-09,09:11,283
SU8986,UTair,2024-07-11,17:42,346
SU9629,S7 Airlines,2024-01-22,03:52,241
SU735,Aeroflot,2024-08-08,03:21,178
SU2125,Red Wings,2024-05-02,09:45,226
SU3590,Yakutia,2024-04-16,04:08,151
SU3285,Red Wings,2024-02-19,04:57,190
SU2418,Rossiya,2024-01-09,23:02,118
SU4906,S7 Airlines,2024-04-21,14:44,314
SU1313,Pobeda,2024-04-28,21:38,89
SU5191,UTair,2024-01-27,05:22,230
SU4085,Yakutia,2024-09-15,04:29,100
SU8311,Aeroflot,2024-07-25,11:39,176
SU3458,Rossiya,2024-06-07,02:04,224
SU3897,Azimuth,2024-11-25,11:40,276
SU4772,Rossiya,2024-10-08,09:44,84
SU7559,Ural Airlines,2024-10-12,10:08,105
SU9381,Ural Airlines,2024-02-07,16:04,190
SU7793,Azimuth,2024-07-02,05:46,239
SU7011,UTair,2024-08-20,23:39,201
SU8177,Ural Airlines,2024-11-15,21:51,258
SU3988,Yakutia,2024-04-14,23:28,151
SU3283,Aeroflot,2024-12-23,22:05,320
SU646,Rossiya,2024-11-06,09:23,329
SU1329,Azimuth,2024-02-18,17:47,69
SU1469,Red Wings,2024-02-21,08:08,68
SU3741,Ural Airlines,2024-07-26,02:43,104
SU8481,Nordavia,2024-10-03,08:06,177
SU9169,Ural Airlines,2024-10-27,07:20,285
SU8228,Azimuth,2024-01-08,11:51,222
SU2649,Azimuth,2024-12-12,02:17,171
SU8301,Aeroflot,2024-03-06,22:11,104
SU7503,Aeroflot,2024-04-26,16:19,314
SU6188,Aeroflot,2024-12-16,16:46,280
SU3762,UTair,2024-05-16,22:34,105
SU5205,Azimuth,2024-04-23,12:39,156
SU9357,Azimuth,2024-01-04,01:08,162
SU9320,Azimuth,2024-09-28,19:46,297
SU8454,Red Wings,2024-12-13,01:17,241
SU2664,S7 Airlines,2024-01-26,23:15,171
SU7151,Red Wings,2024-12-18,05:17,295
SU8307,UTair,2024-01-24,00:14,154
SU2190,Ural Airlines,2024-09-09,06:57,112
SU6337,Nordavia,2024-05-18,01:59,337
SU7359,Azimuth,2024-07-06,02:36,129
SU4718,Red Wings,2024-08-09,04:48,209
SU4721,Yakutia,2024-08-03,22:05,152
SU3912,Nordavia,2024-06-06,15:54,109
SU8995,Ural Airlines,2024-04-24,13:45,290
SU4565,UTair,2024-07-22,12:01,187
SU2370,UTair,2024-03-08,18:07,62
SU5027,Rossiya,2024-12-03,11:57,141
SU7153,Rossiya,2024-05-22,12:09,320
SU9501,Red Wings,2024-10-19,07:34,249
SU4769,Ural Airlines,2024-12-23,02:48,106
SU5614,Ural Airlines,2024-08-18,23:50,52
SU1833,Ural Airlines,2024-02-16,15:35,171
SU1394,Rossiya,2024-10-04,15:48,187
SU6312,Rossiya,2024-11-07,17:29,105
SU4214,Aeroflot,2024-10-01,02:32,284
SU6082,Red Wings,2024-08-26,20:34,233
SU8182,Nordavia,2024-01-02,19:29,176
SU8355,Yakutia,2024-05-26,04:00,243
SU7632,Pobeda,2024-05-15,20:40,182
SU6403,Nordavia,2024-04-05,21:07,234
SU9339,Red Wings,2024-10-27,03:31,329
SU4227,Azimuth,2024-08-07,09:00,137
SU6627,Azimuth,2024-11-22,02:21,171
SU9006,Azimuth,2024-04-01,12:46,85
SU7194,Pobeda,2024-03-12,15:23,102
SU5974,Ural Airlines,2024-04-16,18:16,257
SU3086,Pobeda,2024-04-22,10:11,235
SU1294,Nordavia,2024-02-03,13:09,215
SU3701,Nordavia,2024-07-22,09:00,236
SU9771,UTair,2024-05-10,07:07,204
SU8904,Azimuth,2024-08-01,02:25,256
SU5527,Pobeda,2024-03-17,13:08,294
SU4149,Aeroflot,2024-01-18,18:20,322
SU2440,Yakutia,2024-02-03,05:39,128
SU6792,Rossiya,2024-12-13,20:29,276
SU1969,Aeroflot,2024-06-13,16:41,182
SU5637,Red Wings,2024-06-25,20:28,217
SU5204,Nordavia,2024-07-12,12:29,294
SU4890,Nordavia,2024-05-08,06:06,59
SU1737,Aeroflot,2024-05-14,17:58,86
SU7967,Red Wings,2024-11-20,23:28,266
SU8011,S7 Airlines,2024-07-28,02:33,191
SU6029,Red Wings,2024-11-19,01:51,285
SU2039,Rossiya,2024-10-10,15:07,316
SU6767,Aeroflot,2024-03-26,19:57,298
SU7099,Nordavia,2024-10-10,16:47,278
SU8533,Azimuth,2024-10-10,09:23,272
SU6119,Rossiya,2024-01-02,22:17,77
SU3592,Nordavia,2024-10-10,08:45,295
SU7879,S7 Airlines,2024-07-13,07:51,261
SU1287,Aeroflot,2024-05-05,12:25,272
SU7813,Ural Airlines,2024-11-01,22:35,269
SU3687,Aeroflot,2024-02-09,14:53,347
SU6047,UTair,2024-12-19,00:09,102
SU8442,Yakutia,2024-12-08,17:15,290
SU1277,Yakutia,2024-07-16,05:04,275
SU3543,Red Wings,2024-04-26,06:26,163
SU3042,S7 Airlines,2024-08-27,13:38,77
SU8213,Yakutia,2024-05-06,09:23,302
SU6245,Nordavia,2024-10-15,20:01,207
SU6474,Aeroflot,2024-11-01,13:20,50
SU6762,Yakutia,2024-02-05,19:34,308
SU3954,Pobeda,2024-12-15,13:31,208
SU5830,Aeroflot,2024-06-21,05:59,334
SU9122,Azimuth,2024-02-06,23:41,91
SU2993,S7 Airlines,2024-12-16,08:30,171
SU884,UTair,2024-10-05,07:38,346
SU998,Ural Airlines,2024-10-02,00:20,78
SU4501,Nordavia,2024-04-07,11:13,81
SU2065,Rossiya,2024-04-12,02:16,229
SU2215,Azimuth,2024-09-05,06:28,214
SU2792,Red Wings,2024-10-15,16:41,82
SU2693,Azimuth,2024-05-14,12:57,89
SU8369,Azimuth,2024-04-02,04:00,298
SU9086,Red Wings,2024-02-14,05:50,126
SU7893,S7 Airlines,2024-04-06,23:59,105
SU5797,Yakutia,2024-08-28,05:04,258
SU6323,S7 Airlines,2024-05-08,19:50,336
SU6390,Red Wings,2024-05-08,18:50,349
SU255,Pobeda,2024-09-06,23:41,96
SU5742,Yakutia,2024-08-05,19:06,245
SU6743,Nordavia,2024-03-09,00:21,115
SU2190,Rossiya,2024-10-03,01:54,320
SU1864,Pobeda,2024-03-17,08:58,95
SU1870,Aeroflot,2024-12-17,03:47,194
SU5597,Rossiya,2024-03-01,03:39,214
SU4552,Yakutia,2024-02-17,20:19,341
SU865,Azimuth,2024-09-26,00:32,119
SU7415,S7 Airlines,2024-01-03,20:49,61
SU3304,Aeroflot,2024-02-28,13:30,241
SU9803,Azimuth,2024-12-23,21:45,162
SU2052,Red Wings,2024-11-19,20:09,112
SU4769,Nordavia,2024-02-24,04:11,109
SU2665,Aeroflot,2024-01-15,09:03,148
SU8656,Red Wings,2024-07-18,07:26,204
SU3727,Pobeda,2024-07-06,04:06,334
SU8668,S7 Airlines,2024-06-24,11:33,201
SU617,Red Wings,2024-12-09,16:49,240
SU509,UTair,2024-04-07,06:34,59
SU9598,Rossiya,2024-07-15,07:10,238
SU836,UTair,2024-08-24,00:57,245
SU7649,Aeroflot,2024-06-05,19:33,332
SU972,Aeroflot,2024-11-14,03:35,109
SU7645,Red Wings,2024-05-20,16:48,244
SU760,Ural Airlines,2024-04-15,18:27,113
SU3688,Nordavia,2024-04-21,01:15,344
SU3810,Nordavia,2024-12-01,13:48,309
SU4218,Rossiya,2024-08-26,14:32,311
SU7500,Rossiya,2024-10-20,08:49,302
SU8157,S7 Airlines,2024-01-24,04:26,62
SU3047,Red Wings,2024-05-27,00:49,79
SU487,Azimuth,2024-08-17,15:27,341
SU6081,Red Wings,2024-04-22,00:31,292
SU9795,Yakutia,2024-03-03,17:36,162
SU1866,Pobeda,2024-06-12,14:21,93
SU8341,Aeroflot,2024-10-14,12:27,72
SU6478,Ural Airlines,2024-12-03,20:02,184
SU4013,Azimuth,2024-08-19,08:31,225
SU8539,UTair,2024-05-02,10:43,223
SU7206,S7 Airlines,2024-12-28,06:19,253
SU5681,UTair,2024-12-13,07:32,82
SU642,Yakutia,2024-07-02,17:20,246
SU4056,Yakutia,2024-05-10,13:33,280
SU5380,Red Wings,2024-07-03,14:55,95
SU8418,Aeroflot,2024-04-05,19:52,190
SU6445,Ural Airlines,2024-06-17,14:14,332
SU9761,Aeroflot,2024-01-02,03:14,329
SU9848,Pobeda,2024-04-08,08:13,185
SU7871,Aeroflot,2024-01-21,08:05,296
SU4077,Yakutia,2024-08-22,17:44,75
SU5984,Azimuth,2024-02-05,06:17,268
SU2051,Yakutia,2024-03-21,17:28,206
SU3678,Nordavia,2024-04-14,15:33,341
SU1614,Nordavia,2024-08-18,00:14,222
SU399,Rossiya,2024-12-22,15:56,267
SU9669,Yakutia,2024-06-09,04:40,75
SU2450,UTair,2024-09-12,02:15,312
SU5862,Red Wings,2024-02-12,17:49,330
SU9314,Yakutia,2024-05-16,18:33,335
SU6239,Ural Airlines,2024-10-19,16:44,256
SU3661,Aeroflot,2024-06-18,20:28,316
SU4015,Rossiya,2024-12-03,16:56,238
SU425,Rossiya,2024-02-09,07:18,262
SU1591,Nordavia,2024-08-20,07:30,241
SU9787,Red Wings,2024-05-10,16:14,202
SU4519,Azimuth,2024-12-20,21:34,285
SU2689,S7 Airlines,2024-10-22,14:29,271
SU642,Red Wings,2024-05-27,01:08,323
SU5150,Pobeda,2024-07-21,00:53,336
SU3884,Pobeda,2024-01-07,01:27,137
SU9206,Yakutia,2024-09-18,08:21,109
SU9893,S7 Airlines,2024-06-09,00:17,251
SU2876,Azimuth,2024-12-17,20:54,106
SU5439,UTair,2024-06-13,11:30,140
SU2076,UTair,2024-03-05,08:45,153
SU1509,Azimuth,2024-09-02,23:11,285
SU5431,Ural Airlines,2024-03-04,19:20,77
SU3747,Nordavia,2024-08-26,08:53,253
SU6232,UTair,2024-06-12,19:44,145
SU1107,Red Wings,2024-11-11,23:48,244
SU438,Aeroflot,2024-11-10,07:44,84
SU8206,Nordavia,2024-06-26,21:29,176
SU6801,Aeroflot,2024-10-14,22:40,71
SU7826,Pobeda,2024-03-05,10:28,66
SU8543,Yakutia,2024-02-14,01:18,57
SU7711,Azimuth,2024-03-13,12:22,211
SU6805,Red Wings,2024-07-12,22:42,205
SU298,Azimuth,2024-12-07,09:35,292
SU1211,Aeroflot,2024-12-12,10:07,334
SU4092,Nordavia,2024-09-02,18:16,274
SU8667,S7 Airlines,2024-05-12,18:27,82
SU8032,Ural Airlines,2024-02-05,19:05,339
SU4117,S7 Airlines,2024-08-10,18:45,299
SU5886,Rossiya,2024-06-04,10:28,336
SU9506,UTair,2024-12-24,00:21,191
SU2886,Pobeda,2024-12-16,03:13,187
SU5459,Ural Airlines,2024-07-12,05:44,146
SU9909,Rossiya,2024-02-23,16:44,282
SU184,Yakutia,2024-10-22,21:11,346
SU2464,Pobeda,2024-03-22,11:49,150
SU1836,Nordavia,2024-03-21,19:16,239
SU6005,Nordavia,2024-09-13,16:54,70
SU4537,Red Wings,2024-09-01,13:52,122
SU9187,Red Wings,2024-09-13,04:54,179
SU2049,Red Wings,2024-05-25,12:26,210
SU2087,Yakutia,2024-01-02,11:00,152
SU395,S7 Airlines,2024-04-14,03:44,51
SU8756,S7 Airlines,2024-08-08,11:23,177
SU6324,Red Wings,2024-02-17,04:56,295
SU6942,Aeroflot,2024-07-04,04:53,103
SU6806,Nordavia,2024-02-15,22:42,216
SU3382,S7 Airlines,2024-11-23,18:44,147
SU6087,Ural Airlines,2024-12-17,14:45,256
SU8384,Nordavia,2024-05-22,00:15,124
SU5781,Nordavia,2024-03-19,18:38,206
SU5006,S7 Airlines,2024-07-22,05:26,266
SU9779,Pobeda,2024-04-07,17:28,330
SU7411,Nordavia,2024-11-14,06:44,146
SU4646,Yakutia,2024-03-13,11:55,226
SU717,Ural Airlines,2024-11-25,10:00,312
SU6218,Ural Airlines,2024-11-16,15:18,205
SU2944,S7 Airlines,2024-11-25,23:49,112
SU1571,Nordavia,2024-07-24,08:48,193
SU7380,Pobeda,2024-04-07,06:36,132
SU372,Ural Airlines,2024-07-10,09:39,336
SU9879,Ural Airlines,2024-04-21,00:16,262
SU1925,Red Wings,2024-04-25,14:35,307
SU3068,Yakutia,2024-02-05,16:37,195
SU9461,UTair,2024-05-21,03:00,313
SU4418,Ural Airlines,2024-01-10,23:16,65
SU3997,Azimuth,2024-01-13,09:50,327
SU5393,Red Wings,2024-07-09,15:33,149
SU5287,Aeroflot,2024-07-06,01:40,93
SU407,Ural Airlines,2024-10-07,10:52,254
SU3157,Nordavia,2024-11-05,11:13,262
SU774,Azimuth,2024-03-06,06:39,245
SU9840,Ural Airlines,2024-06-27,15:42,183
SU2655,Azimuth,2024-01-04,14:48,202
SU9016,Azimuth,2024-08-22,04:07,268
SU8661,Yakutia,2024-06-13,17:49,89
SU201,Rossiya,2024-08-26,22:27,301
SU1317,UTair,2024-04-26,04:27,236
SU5783,Ural Airlines,2024-05-09,12:16,243
SU6468,Rossiya,2024-02-24,02:17,95
SU8223,S7 Airlines,2024-01-01,01:26,141
SU1520,Yakutia,2024-06-05,13:19,182
SU9600,UTair,2024-01-20,16:44,205
SU2948,Nordavia,2024-11-26,04:07,186
SU5635,Azimuth,2024-05-11,03:21,119
SU8494,Aeroflot,2024-09-24,20:27,283
SU319,Rossiya,2024-06-25,06:41,221
SU9021,UTair,2024-11-06,19:35,291
SU1028,Red Wings,2024-07-26,21:28,230
SU7666,S7 Airlines,2024-03-16,21:53,233
SU1294,Yakutia,2024-11-11,11:01,159
SU7695,UTair,2024-07-06,08:58,100
SU3594,Azimuth,2024-03-16,22:53,324
SU3918,Red Wings,2024-07-18,22:02,83
SU2669,UTair,2024-06-08,13:44,151
SU8464,UTair,2024-09-23,02:04,79
SU6905,Aeroflot,2024-06-26,13:47,232
SU2506,Ural Airlines,2024-10-16,11:28,203
SU9165,Rossiya,2024-08-18,06:04,260
SU3851,Red Wings,2024-12-10,00:47,289
SU2000,UTair,2024-02-04,14:05,265
SU1298,Aeroflot,2024-12-10,14:13,339
SU3469,Rossiya,2024-03-22,14:20,302
SU2078,Nordavia,2024-04-12,03:32,235
SU5844,Aeroflot,2024-05-19,00:33,202
SU3709,S7 Airlines,2024-06-16,07:05,273
SU2665,Red Wings,2024-04-03,02:14,56
SU6262,Ural Airlines,2024-09-02,09:21,241
SU4739,Yakutia,2024-08-20,19:06,131
SU2377,S7 Airlines,2024-05-19,21:01,284
SU2683,Red Wings,2024-04-19,07:36,175
SU3057,S7 Airlines,2024-12-02,09:14,232
SU3537,UTair,2024-04-03,11:19,153
SU5362,Nordavia,2024-05-02,16:06,272
SU2357,Nordavia,2024-10-07,00:54,296
SU3041,Yakutia,2024-07-15,21:03,149
SU7245,Azimuth,2024-08-21,10:10,264
SU8557,Aeroflot,2024-01-13,13:32,304
SU4828,Pobeda,2024-05-13,15:33,117
SU2818,Yakutia,2024-04-01,12:15,100
SU1325,Aeroflot,2024-03-17,04:30,223
SU2279,Aeroflot,2024-09-24,23:58,184
SU2604,Azimuth,2024-07-15,07:22,112
SU3175,Azimuth,2024-10-13,14:59,206
SU6708,Ural Airlines,2024-02-17,17:33,349
SU3821,Nordavia,2024-12-26,12:50,149
SU8654,S7 Airlines,2024-12-15,02:36,280
SU3944,UTair,2024-02-27,15:55,240
SU7314,Ural Airlines,2024-01-06,14:11,124
SU9012,Red Wings,2024-02-22,08:40,230
SU6017,Rossiya,2024-02-23,08:33,286
SU7721,Rossiya,2024-10-18,11:30,236
SU9361,Rossiya,2024-12-12,13:17,256
SU301,Azimuth,2024-01-12,15:29,136
SU2391,Red Wings,2024-05-27,01:48,303
SU6103,S7 Airlines,2024-09-26,01:04,348
SU3626,Pobeda,2024-03-10,04:50,290
SU6694,S7 Airlines,2024-02-18,20:53,175
SU7944,Yakutia,2024-08-07,07:52,161
SU459,Azimuth,2024-03-13,17:37,135
SU8290,Rossiya,2024-06-22,07:41,57
SU6676,Aeroflot,2024-04-04,12:01,180
SU6103,Aeroflot,2024-01-12,02:52,195
SU135,Rossiya,2024-07-10,05:27,80
SU279,UTair,2024-02-12,19:44,284
SU8801,Yakutia,2024-03-04,06:28,67
SU3051,UTair,2024-05-18,05:51,105
SU7055,Pobeda,2024-01-28,11:34,82
SU6510,Rossiya,2024-09-27,07:33,274
SU2613,Ural Airlines,2024-09-06,00:57,149
SU3318,UTair,2024-10-15,21:13,168
SU4303,Pobeda,2024-02-12,09:04,68
SU4788,Azimuth,2024-11-13,15:34,54
SU6211,Yakutia,2024-06-26,06:47,147
SU5295,UTair,2024-05-22,04:42,113
SU5945,Red Wings,2024-04-13,14:08,172
SU4506,Aeroflot,2024-06-14,12:45,155
SU5054,Red Wings,2024-12-10,02:21,211
SU8799,Ural Airlines,2024-01-17,00:07,324
SU6819,Azimuth,2024-12-26,17:55,210
SU2166,Ural Airlines,2024-05-10,21:57,335
SU9891,Red Wings,2024-08-02,08:29,111
SU6397,UTair,2024-01-18,07:58,57
SU958,Aeroflot,2024-02-11,14:58,220
SU3208,Rossiya,2024-10-20,19:14,342
SU3803,Azimuth,2024-01-26,19:47,338
SU731,Pobeda,2024-07-17,02:40,158
SU1802,S7 Airlines,2024-01-24,18:41,87
SU927,Azimuth,2024-03-17,01:43,174
SU5472,Pobeda,2024-10-23,08:19,70
SU373,S7 Airlines,2024-06-01,20:57,266
SU3142,Nordavia,2024-10-25,17:38,128
SU4916,Rossiya,2024-12-08,02:19,332
SU8699,Aeroflot,2024-08-22,23:30,123
SU794,Rossiya,2024-08-10,21:25,328
SU469,UTair,2024-01-22,01:08,57
SU6359,Red Wings,2024-10-25,05:24,161
SU1251,Rossiya,2024-11-05,01:33,152
SU2860,Red Wings,2024-11-27,08:54,160
SU5499,Aeroflot,2024-10-18,07:00,301
SU3894,Red Wings,2024-03-11,21:31,212
SU1882,Nordavia,2024-10-02,23:10,166
SU4750,Pobeda,2024-09-07,12:11,295
SU6957,Rossiya,2024-08-25,23:08,89
SU2140,Yakutia,2024-09-06,13:47,133
SU5393,Aeroflot,2024-03-26,22:01,112
SU844,Azimuth,2024-11-16,00:00,77
SU1755,Pobeda,2024-11-03,11:25,166
SU4229,Aeroflot,2024-12-23,09:40,84
SU4278,Red Wings,2024-06-19,06:43,58
SU1823,Nordavia,2024-04-28,17:32,113
SU9723,Pobeda,2024-07-18,21:06,68
SU5861,Ural Airlines,2024-05-20,10:11,263
SU8371,S7 Airlines,2024-06-03,21:39,285
SU4771,Yakutia,2024-08-24,21:02,326
SU1560,S7 Airlines,2024-06-06,21:58,249
SU139,Rossiya,2024-03-04,09:40,224
SU9600,Aeroflot,2024-05-08,20:35,136
SU2263,Red Wings,2024-05-04,19:55,299
SU2766,UTair,2024-04-12,12:09,189
SU5203,Rossiya,2024-09-13,16:51,321
SU5854,Nordavia,2024-02-02,15:37,240
SU3398,Pobeda,2024-01-02,10:21,284
SU2370,Azimuth,2024-07-02,03:46,224
SU5528,Red Wings,2024-07-16,11:20,53
SU947,S7 Airlines,2024-11-11,02:54,185
SU6562,UTair,2024-07-25,11:24,150
SU1100,Pobeda,2024-07-09,09:15,316
SU7186,Yakutia,2024-04-28,06:39,225
SU256,UTair,2024-05-12,13:51,220
SU2449,Azimuth,2024-11-16,21:24,196
SU3558,S7 Airlines,2024-10-26,09:24,322
SU8174,Red Wings,2024-11-12,04:50,87
SU4795,Azimuth,2024-06-25,00:25,302
SU1429,Pobeda,2024-04-22,20:18,325
SU2280,Nordavia,2024-10-06,03:54,142
SU267,S7 Airlines,2024-11-28,22:50,220
SU3903,Rossiya,2024-11-23,01:05,334
SU3350,Rossiya,2024-03-14,12:59,291
SU2294,Ural Airlines,2024-03-27,08:18,92
SU565,Pobeda,2024-07-25,12:57,154
SU5618,Pobeda,2024-03-03,02:27,136
SU1972,Red Wings,2024-09-27,00:28,91
SU450,UTair,2024-04-11,19:32,140
SU6034,Pobeda,2024-09-21,01:10,261
SU785,Rossiya,2024-04-05,12:56,147
SU5810,Ural Airlines,2024-03-07,02:02,101
SU3241,S7 Airlines,2024-10-19,09:55,86
SU6690,Azimuth,2024-08-09,06:38,262
SU2696,Red Wings,2024-10-23,20:51,335
SU5896,S7 Airlines,2024-06-25,20:39,263
SU8992,Pobeda,2024-01-07,23:59,168
SU1036,Red Wings,2024-12-26,18:40,164
SU6677,S7 Airlines,2024-01-16,21:17,172
SU1131,Pobeda,2024-09-08,17:47,308
SU1197,Nordavia,2024-08-18,16:10,186
SU6697,Azimuth,2024-09-11,01:39,224
SU2874,UTair,2024-05-07,13:11,310
SU7117,UTair,2024-03-26,18:02,341
SU6971,Ural Airlines,2024-08-04,23:51,337
SU9274,Nordavia,2024-08-15,00:50,178
SU7360,Ural Airlines,2024-10-26,21:14,283
SU4530,Pobeda,2024-05-20,09:57,77
SU2240,Pobeda,2024-09-21,15:01,243
SU6524,Yakutia,2024-02-05,06:28,227
SU4103,Aeroflot,2024-11-13,01:48,265
SU6454,Yakutia,2024-07-10,17:57,202
SU8261,S7 Airlines,2024-06-24,22:55,231
SU2768,Nordavia,2024-06-17,21:42,197
SU5378,Azimuth,2024-09-07,11:10,142
SU8664,Yakutia,2024-06-01,17:02,249
SU1142,Red Wings,2024-11-07,23:30,77
SU5175,Rossiya,2024-06-26,15:09,50
SU8195,S7 Airlines,2024-07-14,21:30,242
SU2070,Ural Airlines,2024-07-05,15:38,59
SU6147,Pobeda,2024-08-24,14:19,67
SU1885,Aeroflot,2024-04-06,13:22,189
SU4535,Red Wings,2024-07-04,19:56,156
SU8396,Pobeda,2024-03-15,03:37,317
SU130,Rossiya,2024-10-27,18:43,144
SU9128,UTair,2024-11-19,11:02,280
SU920,UTair,2024-06-25,11:22,93
SU5357,Rossiya,2024-02-23,03:17,129
SU9015,UTair,2024-02-03,14:36,173
SU6977,Pobeda,2024-01-08,19:05,91
SU1113,Rossiya,2024-07-24,02:47,247
SU6699,Yakutia,2024-07-17,20:48,257
SU259,Yakutia,2024-10-06,17:31,220
SU412,Rossiya,2024-10-11,21:51,275
SU2560,Azimuth,2024-09-19,02:20,194
SU2006,Rossiya,2024-06-04,10:09,275
SU3625,Azimuth,2024-08-15,08:42,327
SU2665,S7 Airlines,2024-06-01,16:10,269
SU270,UTair,2024-01-02,03:04,301
SU1723,UTair,2024-11-10,15:32,349
SU5343,Yakutia,2024-04-22,08:24,86
SU1611,Red Wings,2024-01-26,05:46,188
SU2757,S7 Airlines,2024-09-21,02:21,186
SU2420,Aeroflot,2024-06-17,20:14,344
SU1206,Red Wings,2024-08-19,13:34,180
SU6956,Rossiya,2024-08-03,11:00,100
SU1398,Aeroflot,2024-11-04,12:08,270
SU4722,Yakutia,2024-04-10,08:24,212
SU7226,Ural Airlines,2024-02-09,09:14,334
SU1090,UTair,2024-07-06,17:14,293
SU6498,S7 Airlines,2024-05-28,00:00,350
SU292,Red Wings,2024-05-17,04:39,100
SU9928,Red Wings,2024-07-07,14:35,183
SU3463,Aeroflot,2024-12-03,03:39,162
SU9523,Yakutia,2024-01-25,18:55,75
SU4401,Nordavia,2024-12-06,21:25,157
SU8271,Ural Airlines,2024-12-06,11:55,74
SU4656,Ural Airlines,2024-03-16,19:00,74
SU8018,Yakutia,2024-10-14,07:49,295
SU6799,Rossiya,2024-10-14,05:04,173
SU8849,Rossiya,2024-11-01,12:47,253
SU9311,Red Wings,2024-03-06,12:54,158
SU8789,Yakutia,2024-10-24,04:03,223
SU486,Rossiya,2024-06-01,14:26,200
SU3485,UTair,2024-01-16,17:24,244
SU9246,Yakutia,2024-09-11,12:42,332
SU7971,Red Wings,2024-05-08,10:03,317
SU150,Yakutia,2024-04-20,19:14,245
SU3422,Pobeda,2024-01-10,06:25,126
SU2205,Azimuth,2024-11-04,22:15,222
SU3383,Red Wings,2024-02-15,19:48,227
SU5939,UTair,2024-05-20,11:41,91
SU4785,Nordavia,2024-02-02,16:52,81
SU7472,Nordavia,2024-06-15,10:43,68
SU2784,Ural Airlines,2024-05-07,14:47,334
SU4837,Azimuth,2024-08-24,01:17,263
SU241,Azimuth,2024-09-06,16:37,53
SU2860,Ural Airlines,2024-09-21,21:52,217
SU3161,Red Wings,2024-03-24,03:23,342
SU4411,Yakutia,2024-08-22,19:38,318
SU7579,Azimuth,2024-12-18,06:13,156
SU2552,Nordavia,2024-03-16,08:32,315
SU2948,Ural Airlines,2024-03-03,14:04,195
SU3286,Pobeda,2024-01-02,05:25,99
SU7544,Azimuth,2024-12-09,01:43,149
SU3761,Azimuth,2024-06-15,06:01,264
SU9001,Pobeda,2024-08-14,23:10,304
SU4482,UTair,2024-02-25,01:24,82
SU3854,Azimuth,2024-02-18,21:19,169
SU6755,Rossiya,2024-08-20,17:51,51
SU8136,Red Wings,2024-03-11,17:30,309
SU6722,Ural Airlines,2024-09-11,04:49,197
SU552,Pobeda,2024-10-17,18:31,275
SU9002,Nordavia,2024-02-01,13:17,128
SU3185,Rossiya,2024-03-05,01:28,287
SU2903,Nordavia,2024-09-18,06:36,292
SU2048,Aeroflot,2024-07-14,13:23,57
SU9798,Ural Airlines,2024-12-07,03:58,334
SU2318,Aeroflot,2024-06-06,07:58,350
SU4931,Nordavia,2024-11-16,19:49,131
SU7005,S7 Airlines,2024-05-02,06:07,102
SU1200,Rossiya,2024-08-07,07:20,245
SU5902,Aeroflot,2024-01-26,09:49,179
SU1991,Aeroflot,2024-06-13,14:26,63
SU3785,Nordavia,2024-12-09,02:39,77
SU6962,Nordavia,2024-04-05,11:31,258
SU3348,Aeroflot,2024-01-16,07:51,184
SU2828,S7 Airlines,2024-09-25,12:18,248
SU7662,Aeroflot,2024-06-10,02:54,136
SU1919,Aeroflot,2024-12-18,23:25,105
SU2641,Aeroflot,2024-10-24,00:18,147
SU1562,Red Wings,2024-07-23,01:38,223
SU4168,S7 Airlines,2024-05-03,00:49,83
SU8668,Pobeda,2024-04-11,17:46,72
SU1327,Aeroflot,2024-10-27,14:32,328
SU2122,S7 Airlines,2024-10-05,15:33,225
SU1504,Azimuth,2024-05-16,03:27,290
SU6876,UTair,2024-08-02,23:01,240
SU6375,Red Wings,2024-04-08,06:50,144
SU7226,Pobeda,2024-08-25,17:42,208
SU6015,Red Wings,2024-04-14,06:11,63
SU7506,Ural Airlines,2024-01-06,20:16,248
SU4041,Red Wings,2024-01-09,15:52,83
SU7413,Azimuth,2024-10-13,21:23,289
SU3789,UTair,2024-01-15,09:56,105
SU8563,Ural Airlines,2024-03-15,12:17,213
SU9074,Rossiya,2024-05-20,19:19,183
SU3081,Pobeda,2024-01-07,01:43,268
SU3135,Aeroflot,2024-04-21,12:22,227
SU5904,Ural Airlines,2024-02-01,01:30,99
SU6540,Ural Airlines,2024-01-18,20:33,93
SU1526,UTair,2024-08-22,20:27,212
SU6615,S7 Airlines,2024-01-24,23:33,333
SU7744,Aeroflot,2024-04-16,14:19,274
SU5391,Yakutia,2024-07-16,05:38,329
SU7414,Azimuth,2024-02-25,17:24,145
SU1920,Nordavia,2024-07-12,21:51,75
SU8103,Rossiya,2024-11-15,12:28,348
SU292,Azimuth,2024-06-03,09:10,197
SU9732,Yakutia,2024-08-05,15:35,200
SU4217,Pobeda,2024-05-27,19:30,151
SU4917,Yakutia,2024-03-21,12:30,156
SU216,UTair,2024-10-14,17:32,265
SU7386,Pobeda,2024-02-18,21:14,321
SU579,UTair,2024-04-04,23:42,61
SU8099,S7 Airlines,2024-05-24,19:12,134
SU5982,Aeroflot,2024-12-02,09:50,244
SU8230,Yakutia,2024-07-14,04:59,97
SU9937,Red Wings,2024-06-07,20:20,232
SU3427,Aeroflot,2024-03-28,17:37,102
SU6964,Red Wings,2024-08-15,15:06,337
SU1747,Ural Airlines,2024-01-08,12:34,316
SU3472,Nordavia,2024-08-12,15:31,245
SU6281,Ural Airlines,2024-03-23,15:23,110
SU2941,S7 Airlines,2024-03-09,00:07,296
SU2537,Azimuth,2024-09-26,03:58,206
SU8425,S7 Airlines,2024-12-09,01:01,312
SU789,Yakutia,2024-01-20,21:10,119
SU8253,Red Wings,2024-12-05,04:44,56
SU3288,Pobeda,2024-09-19,08:46,350
SU575,Nordavia,2024-05-14,06:11,220
SU1756,Ural Airlines,2024-06-24,04:44,69
SU2859,Nordavia,2024-10-17,15:52,141
SU8428,S7 Airlines,2024-09-25,07:59,54
SU2996,Pobeda,2024-06-21,21:31,63
SU2171,S7 Airlines,2024-07-23,11:06,212
SU1715,S7 Airlines,2024-05-04,09:42,147
SU8017,Ural Airlines,2024-04-21,14:10,65
SU9962,Aeroflot,2024-08-22,21:24,77
SU7971,Azimuth,2024-01-26,21:52,199
SU4637,Rossiya,2024-11-20,04:07,165
SU3313,Aeroflot,2024-08-20,02:43,256
SU876,Yakutia,2024-07-04,00:35,86
SU9938,Red Wings,2024-10-14,23:13,316
SU9374,Yakutia,2024-04-28,14:45,125
SU4519,Yakutia,2024-05-07,12:49,264
SU5708,UTair,2024-04-22,17:32,180
SU3682,Aeroflot,2024-01-19,10:17,306
SU3455,Pobeda,2024-08-20,07:27,102
SU4254,Yakutia,2024-06-28,15:06,224
SU7258,UTair,2024-07-06,09:41,214
SU151,Red Wings,2024-08-02,21:31,201
SU3928,Azimuth,2024-06-09,21:14,157
SU5000,Red Wings,2024-10-26,20:35,73
SU894,Red Wings,2024-08-16,07:48,73
SU3639,Ural Airlines,2024-09-06,23:37,195
SU9099,Aeroflot,2024-02-05,06:19,250
SU4681,S7 Airlines,2024-02-27,15:41,209
SU8119,Nordavia,2024-09-03,19:23,234
SU7125,UTair,2024-10-27,05:02,171
SU7173,Pobeda,2024-12-18,18:07,296
SU9953,Yakutia,2024-03-04,16:10,185
SU2350,UTair,2024-02-09,08:47,198
SU2912,Nordavia,2024-02-05,19:28,142
SU5229,Azimuth,2024-01-21,02:21,215
SU3040,Yakutia,2024-05-02,15:01,254
SU1896,Rossiya,2024-10-07,12:58,224
SU2484,Rossiya,2024-06-26,23:55,167
SU7487,Nordavia,2024-03-11,05:50,279
SU5320,Aeroflot,2024-10-08,07:38,107
SU7394,Azimuth,2024-02-10,20:49,341
SU7849,Azimuth,2024-05-21,00:29,306
SU3189,Aeroflot,2024-10-13,08:34,260
SU589,Pobeda,2024-11-10,00:02,185
SU990,S7 Airlines,2024-07-20,08:06,279
SU4185,Pobeda,2024-07-16,14:34,338
SU3991,Pobeda,2024-11-07,20:38,301
SU4921,Azimuth,2024-03-05,06:25,325
SU5453,S7 Airlines,2024-02-18,06:40,182
SU6988,S7 Airlines,2024-12-18,08:01,288
SU9716,Ural Airlines,2024-12-07,04:53,335
SU5902,Ural Airlines,2024-07-14,01:46,112
SU7842,Azimuth,2024-06-18,18:04,77
SU1797,Rossiya,2024-03-22,10:58,251
SU1907,Red Wings,2024-10-21,02:59,156
SU6272,UTair,2024-06-08,03:46,53
SU3936,UTair,2024-11-10,08:59,137
SU5859,Yakutia,2024-09-12,08:18,151
SU3066,Yakutia,2024-01-21,08:57,196
SU6303,Nordavia,2024-03-26,19:58,81
SU5037,Rossiya,2024-03-14,04:00,257
SU1412,Red Wings,2024-07-23,17:35,191
SU8430,Ural Airlines,2024-10-05,13:03,191
SU8599,Ural Airlines,2024-02-07,19:40,293
SU6622,Aeroflot,2024-06-21,21:16,198
SU7494,Aeroflot,2024-06-27,02:37,320
SU9959,Ural Airlines,2024-07-02,00:45,199
SU2472,Nordavia,2024-07-18,01:27,150
SU571,Yakutia,2024-01-20,21:23,193
SU3439,Yakutia,2024-06-28,17:38,142
SU2487,Yakutia,2024-02-11,21:00,50
SU295,Rossiya,2024-12-03,17:42,343
SU5776,Nordavia,2024-04-04,00:32,71
SU6592,Aeroflot,2024-03-19,09:40,104
SU5721,Ural Airlines,2024-06-28,23:01,248
SU9384,Aeroflot,2024-11-03,17:01,82
SU4426,Azimuth,2024-05-05,12:51,235
SU4023,Azimuth,2024-02-11,02:14,345
SU8236,Azimuth,2024-04-11,04:30,304
SU7251,Red Wings,2024-11-11,12:31,259
SU6613,Ural Airlines,2024-03-18,07:10,342
SU805,S7 Airlines,2024-06-28,02:22,207
SU8358,Azimuth,2024-06-27,08:36,345
SU9858,S7 Airlines,2024-08-17,21:06,320
SU147,Pobeda,2024-08-23,18:37,113
SU2304,S7 Airlines,2024-11-09,11:05,259
SU2116,Yakutia,2024-12-10,07:56,179
SU6960,Rossiya,2024-01-13,21:29,342
SU7336,Nordavia,2024-05-25,03:08,294
SU3474,Azimuth,2024-06-04,08:40,273
SU1146,Pobeda,2024-10-15,19:46,197
SU3464,Aeroflot,2024-01-09,18:20,312
SU4645,Azimuth,2024-03-05,20:18,249
SU8846,Yakutia,2024-07-19,16:55,140
SU7247,Red Wings,2024-09-05,17:48,346
SU1422,Yakutia,2024-02-06,21:23,201
SU940,Yakutia,2024-03-17,12:43,336
SU8466,S7 Airlines,2024-11-08,18:37,109
SU2049,Azimuth,2024-12-08,05:52,298
SU7197,S7 Airlines,2024-08-19,08:11,51
SU780,Azimuth,2024-12-10,16:50,265
SU9471,Pobeda,2024-12-23,07:46,146
SU1924,Yakutia,2024-07-28,15:55,107
SU8783,Ural Airlines,2024-09-13,02:51,321
SU1036,S7 Airlines,2024-07-06,15:56,300
SU6453,Azimuth,2024-07-01,02:05,294
SU2222,Pobeda,2024-08-12,19:22,325
SU8790,Pobeda,2024-06-17,04:35,129
SU2912,UTair,2024-05-21,06:27,119
SU4886,Red Wings,2024-11-23,17:27,181
SU4187,Aeroflot,2024-04-18,13:36,346
SU940,S7 Airlines,2024-10-24,14:06,321
SU8582,Aeroflot,2024-09-17,22:03,301
SU1464,Azimuth,2024-04-17,13:44,75
SU6952,UTair,2024-04-05,03:34,211
SU3430,Red Wings,2024-12-18,03:56,329
SU5847,Yakutia,2024-06-27,19:27,276
SU701,Pobeda,2024-07-22,14:58,59
SU9243,Azimuth,2024-02-06,14:50,173
SU708,Yakutia,2024-02-17,07:35,311
SU2429,Rossiya,2024-01-15,04:15,161
SU1221,Azimuth,2024-05-21,19:10,170
SU9290,UTair,2024-09-01,16:22,128
SU3114,Aeroflot,2024-11-26,20:35,50
SU7826,S7 Airlines,2024-01-09,21:22,225
SU2558,Nordavia,2024-02-03,08:00,222
SU3559,S7 Airlines,2024-06-16,00:36,82
SU1533,Red Wings,2024-12-10,14:54,73
SU1385,S7 Airlines,2024-06-21,12:01,320
SU334,Red Wings,2024-10-12,12:45,117
SU3923,Nordavia,2024-11-23,09:10,84
SU9593,Nordavia,2024-10-21,00:13,327
SU2694,Azimuth,2024-08-06,05:26,261
SU7944,Pobeda,2024-11-22,21:12,193
SU8884,Red Wings,2024-01-12,04:44,236
SU3079,Azimuth,2024-04-26,06:32,316
SU2636,Azimuth,2024-04-22,20:50,239
SU8435,Red Wings,2024-11-25,17:31,224
SU4275,S7 Airlines,2024-06-22,15:43,141
SU7891,Yakutia,2024-11-21,04:47,71
SU5954,Nordavia,2024-04-18,18:11,146
SU3995,UTair,2024-06-03,19:09,342
SU2671,S7 Airlines,2024-02-15,00:07,329
SU6768,UTair,2024-06-16,17:55,94
SU3795,Azimuth,2024-07-27,08:57,102
SU3064,Ural Airlines,2024-02-01,13:18,323
SU8393,Azimuth,2024-11-22,21:47,57
SU3839,S7 Airlines,2024-12-07,14:52,179
SU3947,Ural Airlines,2024-08-25,08:55,101
SU5576,S7 Airlines,2024-02-15,21:42,106
SU1785,Aeroflot,2024-03-22,06:49,60
SU586,Aeroflot,2024-08-12,03:57,200
SU2512,Azimuth,2024-12-02,18:40,311
SU1868,Rossiya,2024-02-10,07:16,331
SU2613,Nordavia,2024-05-17,09:47,336
SU7245,Red Wings,2024-01-11,04:43,256
SU4654,Aeroflot,2024-12-12,01:56,143
SU4871,Pobeda,2024-02-02,02:46,257
SU8675,UTair,2024-04-13,17:17,271
SU7999,Aeroflot,2024-04-13,09:47,195
SU9342,Nordavia,2024-08-22,11:15,234
SU9841,S7 Airlines,2024-07-08,06:17,135
SU6656,Pobeda,2024-11-01,08:56,99
SU2961,S7 Airlines,2024-07-21,00:25,146
SU4294,Ural Airlines,2024-07-08,22:35,152
SU484,S7 Airlines,2024-05-20,19:23,202
SU4045,Yakutia,2024-05-18,12:20,95
SU6923,Red Wings,2024-04-16,10:05,177
SU3363,Yakutia,2024-06-10,08:43,107
SU3597,Red Wings,2024-07-14,18:51,99
SU4033,Azimuth,2024-01-07,22:16,214
SU226,Yakutia,2024-07-27,09:33,163
SU1181,Aeroflot,2024-08-02,03:38,324
SU1523,Ural Airlines,2024-05-28,07:10,195
SU6453,Red Wings,2024-09-18,02:48,272
SU9301,Azimuth,2024-02-18,19:53,138
SU2248,UTair,2024-06-18,13:37,115
SU7014,Yakutia,2024-12-24,03:11,208
SU115,Yakutia,2024-02-11,01:02,185
SU7208,Red Wings,2024-04-25,21:08,275
SU2214,Nordavia,2024-05-03,19:41,131
SU1594,Azimuth,2024-10-13,03:49,139
SU8864,Aeroflot,2024-03-09,14:50,65
SU5749,Pobeda,2024-06-21,15:42,233
SU7305,Aeroflot,2024-09-22,11:00,194
SU2813,S7 Airlines,2024-08-06,10:59,348
SU6805,Pobeda,2024-05-15,23:04,180
SU4115,Red Wings,2024-12-12,13:41,62
SU403,Rossiya,2024-11-25,09:11,76
SU9468,UTair,2024-07-23,22:30,109
SU993,Aeroflot,2024-03-24,10:22,254
SU141,Rossiya,2024-05-22,06:41,272
SU8061,UTair,2024-09-23,22:31,249
SU4763,Ural Airlines,2024-10-16,03:34,143
SU4577,Pobeda,2024-02-21,05:37,322
SU8653,Yakutia,2024-03-21,01:07,274
SU1386,Nordavia,2024-04-07,12:58,316
SU8768,Nordavia,2024-12-27,17:08,335
SU5222,Rossiya,2024-05-06,00:54,157
SU5384,Nordavia,2024-10-17,08:45,214
SU8970,Ural Airlines,2024-05-24,04:46,84
SU6544,Ural Airlines,2024-11-28,19:57,293
SU1742,Red Wings,2024-07-18,11:51,254
SU9824,Rossiya,2024-07-27,03:57,111
SU2893,Rossiya,2024-06-22,10:20,96
SU6847,Rossiya,2024-08-07,22:30,220
SU2138,Red Wings,2024-08-27,08:50,108
SU7078,UTair,2024-03-26,20:38,201
SU2291,Azimuth,2024-08-22,03:26,105
SU4407,Nordavia,2024-04-06,08:55,335
SU2981,Red Wings,2024-10-07,05:53,202
SU4057,Rossiya,2024-02-16,09:50,71
SU8826,Red Wings,2024-05-09,13:06,215
SU1302,UTair,2024-12-27,16:06,277
SU9531,Ural Airlines,2024-07-17,10:59,91
SU6546,Rossiya,2024-11-24,11:01,324
SU5138,Rossiya,2024-10-01,09:05,182
SU8672,Ural Airlines,2024-09-27,07:25,184
SU673,Azimuth,2024-09-03,11:09,130
SU3273,Pobeda,2024-07-11,15:36,277
SU6928,Pobeda,2024-10-10,11:50,223
SU5876,Ural Airlines,2024-09-13,02:02,184
SU1327,S7 Airlines,2024-06-15,08:16,110
SU1226,Rossiya,2024-07-10,13:49,235
SU548,Pobeda,2024-11-06,06:44,67
SU994,Ural Airlines,2024-03-27,23:43,326
SU8388,Nordavia,2024-02-18,13:42,66
SU292,Rossiya,2024-06-01,07:01,117
SU4244,Pobeda,2024-02-19,18:59,102
SU7543,Ural Airlines,2024-01-18,04:56,185
SU5859,Ural Airlines,2024-01-21,20:27,76
SU3784,Yakutia,2024-06-13,00:34,197
SU252,Red Wings,2024-05-17,03:24,129
SU3796,Yakutia,2024-09-03,22:35,333
SU6078,S7 Airlines,2024-02-04,09:42,105
SU7375,Pobeda,2024-07-21,00:29,99
SU3468,Rossiya,2024-07-06,04:33,344
SU834,Ural Airlines,2024-11-27,00:04,78
SU2774,UTair,2024-06-27,11:55,194
SU4927,Pobeda,2024-04-26,14:57,256
SU1768,Rossiya,2024-06-10,10:09,74
SU8633,Pobeda,2024-11-02,20:02,200
SU9730,Azimuth,2024-05-20,08:44,110
SU4858,Rossiya,2024-10-13,05:29,201
SU9506,Ural Airlines,2024-04-27,12:06,103
SU2046,Pobeda,2024-06-27,23:02,187
SU6779,Nordavia,2024-06-16,19:04,308
SU1123,Nordavia,2024-01-15,16:45,110
SU8205,Nordavia,2024-06-11,19:22,81
SU1902,S7 Airlines,2024-09-21,06:12,195
SU4044,Red Wings,2024-02-19,14:00,136
SU3260,UTair,2024-05-17,02:02,149
SU2619,Yakutia,2024-05-23,03:39,221
SU6025,S7 Airlines,2024-12-24,03:11,74
SU1513,Rossiya,2024-03-25,04:36,294
SU6386,Nordavia,2024-01-04,03:09,197
SU9581,Nordavia,2024-01-10,22:32,243
SU3702,Red Wings,2024-01-09,05:09,251
SU3912,Ural Airlines,2024-10-23,03:43,88
SU4126,Yakutia,2024-08-07,02:05,237
SU3893,Azimuth,2024-04-28,06:07,181
SU1349,UTair,2024-08-26,07:26,153
SU3206,S7 Airlines,2024-08-04,07:57,215
SU616,Aeroflot,2024-01-01,23:43,53
SU7641,Pobeda,2024-01-05,23:19,123
SU2934,Pobeda,2024-11-09,23:07,343
SU780,Yakutia,2024-01-08,05:28,332
SU3587,Azimuth,2024-12-22,03:54,163
SU3692,Aeroflot,2024-12-09,18:33,312
SU2050,Yakutia,2024-11-21,05:30,348
SU2385,Azimuth,2024-03-15,21:46,263
SU7980,Pobeda,2024-01-08,06:56,170
SU2609,Ural Airlines,2024-12-08,07:32,111
SU9952,Yakutia,2024-11-01,00:00,88
SU6766,Yakutia,2024-02-11,18:18,58
SU4814,Pobeda,2024-04-20,11:23,106
SU9433,Rossiya,2024-10-24,07:44,86
SU8324,UTair,2024-05-10,09:06,225
SU460,Pobeda,2024-08-15,04:07,101
SU3558,Ural Airlines,2024-07-27,11:14,217
SU1094,Yakutia,2024-03-12,14:18,56
SU8255,Red Wings,2024-01-16,21:22,115
SU5891,Red Wings,2024-06-08,04:58,326
SU2210,Red Wings,2024-01-15,10:35,68
SU9777,Pobeda,2024-04-23,23:28,225
SU7139,Aeroflot,2024-07-24,03:01,228
SU8758,Azimuth,2024-10-20,16:27,78
SU9941,S7 Airlines,2024-08-17,08:57,77
SU1879,Pobeda,2024-03-28,03:26,152
SU8365,Azimuth,2024-05-28,20:47,56
SU6644,S7 Airlines,2024-12-10,18:56,303
SU4061,Rossiya,2024-03-17,22:46,276
SU2090,Azimuth,2024-08-17,03:03,177
SU8461,Azimuth,2024-01-06,18:15,183
SU4557,Rossiya,2024-02-18,01:17,117
SU5647,Red Wings,2024-07-26,22:16,226
SU8304,Nordavia,2024-06-18,04:53,252
SU8104,S7 Airlines,2024-06-12,20:58,207
SU3579,Azimuth,2024-01-25,19:38,176
SU3748,UTair,2024-04-14,17:31,104
SU815,Nordavia,2024-03-15,13:16,325
SU3313,Nordavia,2024-09-03,12:22,183
SU1249,Aeroflot,2024-04-01,21:02,77
SU7595,Yakutia,2024-07-09,17:00,63
SU8238,Ural Airlines,2024-09-22,14:32,288
SU5249,Pobeda,2024-09-18,15:55,314
SU7628,Ural Airlines,2024-01-26,19:01,287
SU1148,UTair,2024-05-13,23:57,149
SU3856,S7 Airlines,2024-03-03,01:22,64
SU8783,Rossiya,2024-02-08,10:08,289
SU8196,Nordavia,2024-03-01,03:35,186
SU9600,Aeroflot,2024-10-12,19:08,140
SU6785,UTair,2024-04-13,18:58,265
SU5890,Pobeda,2024-11-11,01:15,101
SU7262,Yakutia,2024-12-04,19:34,190
SU8401,S7 Airlines,2024-02-24,16:09,346
SU2787,Aeroflot,2024-12-05,04:00,100
SU8762,Pobeda,2024-02-10,16:18,124
SU4840,Nordavia,2024-09-11,23:11,309
SU5490,Nordavia,2024-09-22,17:33,345
SU795,Aeroflot,2024-09-23,10:35,71
SU2602,Nordavia,2024-04-21,12:32,223
SU5511,Red Wings,2024-03-15,10:50,321
SU914,Azimuth,2024-02-02,21:04,294
SU4587,Yakutia,2024-04-16,10:16,129
SU3099,Red Wings,2024-07-10,04:07,119
SU7722,S7 Airlines,2024-07-16,22:23,101
SU9660,Red Wings,2024-06-11,04:57,213
SU9646,Ural Airlines,2024-12-03,22:50,192
SU7626,Rossiya,2024-04-10,01:21,210
SU6779,Azimuth,2024-08-15,17:15,229
SU965,Aeroflot,2024-07-17,10:51,113
SU5405,S7 Airlines,2024-05-22,20:51,220
SU2732,Pobeda,2024-12-02,14:35,315
SU2956,Ural Airlines,2024-04-17,14:31,332
SU1518,Rossiya,2024-02-20,11:23,118
SU1005,Azimuth,2024-11-28,01:05,50
SU1562,Pobeda,2024-11-16,12:03,79
SU1646,Red Wings,2024-06-21,15:18,174
SU1442,UTair,2024-01-15,05:18,328
SU1092,S7 Airlines,2024-07-15,18:53,242
SU6670,Azimuth,2024-11-02,01:56,107
SU6761,Ural Airlines,2024-10-15,22:47,346
SU7957,Yakutia,2024-11-14,23:08,84
SU3468,Red Wings,2024-09-04,03:35,303
SU4497,Nordavia,2024-05-15,10:42,180
SU7006,Ural Airlines,2024-04-27,00:15,266
SU4085,Aeroflot,2024-01-10,17:07,122
SU5774,Nordavia,2024-03-23,20:24,127
SU1210,Aeroflot,2024-10-19,02:56,311
SU2522,Pobeda,2024-07-22,13:05,205
SU6070,Nordavia,2024-11-22,22:08,100
SU8589,Pobeda,2024-09-10,21:09,333
SU1187,Aeroflot,2024-05-10,07:08,152
SU9470,Aeroflot,2024-05-07,23:00,192
SU5350,Rossiya,2024-02-27,11:11,214
SU9093,Pobeda,2024-04-09,04:18,237
SU9489,Ural Airlines,2024-07-01,16:53,158
SU763,UTair,2024-05-09,16:45,247
SU8927,UTair,2024-12-16,18:17,186
SU5180,Ural Airlines,2024-03-08,12:14,111
SU3352,Pobeda,2024-12-28,20:26,80
SU8728,Pobeda,2024-06-25,05:49,252
SU6803,UTair,2024-11-01,21:27,254
SU4448,Pobeda,2024-09-26,13:30,142
SU8682,Nordavia,2024-04-05,03:28,284
SU9187,UTair,2024-08-15,08:49,51
SU5959,Yakutia,2024-03-04,14:54,168
SU2696,UTair,2024-10-17,20:41,100
SU8149,Pobeda,2024-06-20,16:39,105
SU3139,S7 Airlines,2024-11-02,02:50,175
SU5811,Nordavia,2024-11-18,12:25,318
SU7325,Yakutia,2024-06-27,21:34,74
SU1164,Ural Airlines,2024-11-16,16:55,179
SU7081,Ural Airlines,2024-08-09,15:58,281
SU6780,Yakutia,2024-06-11,21:27,73
SU2019,UTair,2024-06-01,16:40,297
SU2739,UTair,2024-03-06,01:19,100
SU3417,Azimuth,2024-09-22,00:19,191
SU3966,Ural Airlines,2024-10-25,20:31,148
SU3990,Azimuth,2024-07-23,07:31,338
SU4348,Rossiya,2024-07-01,09:36,345
SU8929,Rossiya,2024-10-24,23:30,349
SU9754,Pobeda,2024-11-26,05:36,249
SU7293,Nordavia,2024-12-26,22:49,251
SU3315,Nordavia,2024-02-21,17:44,198
SU4754,S7 Airlines,2024-09-21,12:24,269
SU1245,Rossiya,2024-07-27,12:34,319
SU2767,Azimuth,2024-10-23,13:59,325
SU5100,Nordavia,2024-08-08,05:53,312
SU5653,Azimuth,2024-11-09,19:52,71
SU9906,Ural Airlines,2024-11-15,04:11,340
SU8271,Rossiya,2024-11-01,08:13,336
SU3619,S7 Airlines,2024-02-02,12:29,115
SU8289,Azimuth,2024-02-23,10:29,223
SU3898,Azimuth,2024-04-07,15:39,239
SU9788,Ural Airlines,2024-02-11,20:41,320
SU2799,UTair,2024-06-04,05:32,207
SU1311,Ural Airlines,2024-12-08,08:41,54
SU9950,Nordavia,2024-11-07,14:26,135
SU9202,Nordavia,2024-03-11,16:17,171
SU7214,Yakutia,2024-08-06,22:43,238
SU3679,Azimuth,2024-09-18,22:32,194
SU953,Azimuth,2024-01-16,04:06,319
SU864,Pobeda,2024-01-22,16:12,199
SU8052,Azimuth,2024-01-25,05:50,346
SU7724,Azimuth,2024-05-19,20:38,140
SU3853,Red Wings,2024-10-03,14:27,326
SU1727,Ural Airlines,2024-07-25,05:39,310
SU6926,UTair,2024-06-01,19:55,258
SU7915,UTair,2024-12-11,11:26,255
SU4529,Nordavia,2024-03-10,21:43,266
SU6310,Ural Airlines,2024-06-17,21:17,124
SU7738,Ural Airlines,2024-03-06,11:56,291
SU5984,Pobeda,2024-08-25,17:21,231
SU8272,Nordavia,2024-11-06,13:58,276
SU6613,Azimuth,2024-10-02,13:37,311
SU408,Aeroflot,2024-09-17,05:38,341
SU6388,UTair,2024-02-04,10:19,187
SU5058,S7 Airlines,2024-02-18,03:25,212
SU311,Pobeda,2024-03-03,19:12,54
SU3693,S7 Airlines,2024-06-14,06:02,221
SU7955,Azimuth,2024-10-07,22:10,201
SU1035,Azimuth,2024-01-07,19:44,194
SU6843,Red Wings,2024-04-15,23:19,94
SU8828,S7 Airlines,2024-12-09,22:11,294
SU7694,Pobeda,2024-12-19,11:45,262
SU3441,S7 Airlines,2024-11-15,01:22,76
SU6948,Rossiya,2024-01-14,13:09,138
SU4678,Red Wings,2024-11-20,10:41,124
SU8449,Ural Airlines,2024-01-05,19:21,82
SU8844,Aeroflot,2024-01-21,10:50,168
SU6891,Pobeda,2024-02-15,11:04,130
SU3619,Yakutia,2024-05-28,18:52,245
SU450,Rossiya,2024-12-05,11:36,203
SU1907,Pobeda,2024-02-08,08:54,274
SU4637,Pobeda,2024-05-14,11:14,217
SU3489,Ural Airlines,2024-12-10,01:00,223
SU1548,Yakutia,2024-04-23,19:54,135
SU3534,Nordavia,2024-02-03,17:13,122
SU9321,S7 Airlines,2024-01-20,09:23,173
SU6270,UTair,2024-10-23,17:42,257
SU2166,UTair,2024-02-27,18:36,56
SU5786,Azimuth,2024-01-06,16:11,280
SU3835,Rossiya,2024-07-04,13:47,262
SU4654,Azimuth,2024-05-22,19:28,318
SU2924,Red Wings,2024-11-11,18:14,176
SU8295,UTair,2024-11-03,16:01,166
SU9390,Yakutia,2024-08-14,09:31,209
SU3154,Azimuth,2024-10-20,20:52,253
SU1762,UTair,2024-12-10,22:10,207
SU3975,S7 Airlines,2024-05-08,16:03,216
SU8997,Yakutia,2024-08-24,10:31,82
SU9855,Red Wings,2024-12-07,17:23,293
SU2489,Aeroflot,2024-08-16,21:04,54
SU4223,Rossiya,2024-04-14,00:56,245
SU1037,S7 Airlines,2024-11-18,00:05,242
SU5897,Pobeda,2024-05-10,04:35,256
SU546,Pobeda,2024-11-23,17:46,303
SU1712,Azimuth,2024-02-09,19:42,74
SU7533,Red Wings,2024-02-20,13:28,187
SU149,Nordavia,2024-09-09,11:56,98
SU1449,Rossiya,2024-12-17,22:56,78
SU7823,S7 Airlines,2024-01-02,04:10,265
SU2700,Red Wings,2024-02-24,15:13,178
SU2331,Aeroflot,2024-03-08,20:03,307
SU437,UTair,2024-09-16,19:27,159
SU6083,S7 Airlines,2024-11-26,03:14,149
SU6593,Nordavia,2024-04-04,14:49,194
SU3769,Red Wings,2024-03-09,20:03,283
SU9232,Nordavia,2024-03-10,08:32,227
SU5713,Ural Airlines,2024-05-15,13:18,325
SU9688,Rossiya,2024-11-08,02:30,137
SU2133,Nordavia,2024-02-17,08:37,201
SU878,S7 Airlines,2024-05-10,05:28,274
SU1137,Red Wings,2024-12-16,19:51,85
SU6457,S7 Airlines,2024-05-12,05:45,166
SU4311,S7 Airlines,2024-07-14,05:48,206
SU4244,Nordavia,2024-06-15,10:37,54
SU6606,S7 Airlines,2024-07-04,11:00,300
SU6966,Nordavia,2024-03-22,09:28,142
SU6141,Ural Airlines,2024-01-14,22:33,306
SU9441,Red Wings,2024-12-26,14:09,179
SU3743,Red Wings,2024-01-08,03:13,333
SU3503,Rossiya,2024-01-21,01:59,109
SU4092,Red Wings,2024-07-27,01:38,228
SU4400,Rossiya,2024-02-11,17:31,174
SU760,UTair,2024-02-09,22:40,264
SU5804,Yakutia,2024-07-06,21:25,79
SU4211,Ural Airlines,2024-06-02,10:16,176
SU7814,Pobeda,2024-12-11,02:03,313
SU2666,Nordavia,2024-01-28,22:00,202
SU1413,Red Wings,2024-09-21,06:56,262
SU9911,Rossiya,2024-10-15,14:03,336
SU4953,Pobeda,2024-02-20,18:46,325
SU9242,S7 Airlines,2024-04-02,10:18,189
SU2716,Pobeda,2024-11-18,16:41,134
SU8151,Pobeda,2024-07-20,06:55,143
SU4295,Rossiya,2024-02-09,07:40,176
SU6447,Azimuth,2024-08-12,00:18,108
SU8668,S7 Airlines,2024-09-20,02:39,286
SU6405,Nordavia,2024-08-28,17:42,110
SU7296,S7 Airlines,2024-01-24,03:22,128
SU6331,Ural Airlines,2024-04-22,12:53,97
SU6038,Aeroflot,2024-02-25,03:27,206
SU837,Azimuth,2024-11-16,11:52,209
SU5403,UTair,2024-10-19,18:48,258
SU3045,Nordavia,2024-01-25,19:05,293
SU546,Pobeda,2024-12-27,06:04,336
SU3008,Ural Airlines,2024-03-11,05:15,174
SU3836,Ural Airlines,2024-04-18,12:46,131
SU1928,UTair,2024-04-03,21:03,194
SU5058,Nordavia,2024-08-17,14:57,137
SU6754,Azimuth,2024-07-01,10:02,200
SU7142,Azimuth,2024-08-04,14:27,164
SU8900,S7 Airlines,2024-09-17,17:46,255
SU1293,Nordavia,2024-09-06,00:29,207
SU8165,Aeroflot,2024-08-10,01:08,305
SU7622,Nordavia,2024-10-24,07:16,97
SU9339,Ural Airlines,2024-06-05,08:55,297
SU1288,Red Wings,2024-02-11,04:00,269
SU9773,Rossiya,2024-09-17,06:16,58
SU865,Red Wings,2024-03-28,09:38,320
SU4544,Ural Airlines,2024-09-19,18:24,55
SU6102,UTair,2024-03-03,14:19,264
SU148,Aeroflot,2024-06-15,17:45,336
SU6554,S7 Airlines,2024-07-24,13:39,213
SU7759,Rossiya,2024-06-16,03:30,92
SU397,UTair,2024-12-01,13:25,214
SU6551,Azimuth,2024-07-25,12:25,267
SU4585,UTair,2024-12-23,19:14,257
SU7480,UTair,2024-07-03,15:16,128
SU7823,Red Wings,2024-07-07,18:55,175
SU1695,Aeroflot,2024-02-06,00:48,239
SU2648,Aeroflot,2024-02-06,02:36,124
SU699,Aeroflot,2024-10-01,13:04,143
SU7196,Red Wings,2024-04-27,03:57,116
SU5258,Red Wings,2024-09-19,08:38,54
SU9567,S7 Airlines,2024-12-25,13:09,307
SU635,Ural Airlines,2024-04-13,20:38,122
SU9362,Ural Airlines,2024-12-03,13:09,76
SU1820,Red Wings,2024-06-01,03:45,295
SU8190,S7 Airlines,2024-06-24,20:26,78
SU2522,Pobeda,2024-10-08,04:14,159
SU7989,Azimuth,2024-04-27,16:46,154
SU8162,UTair,2024-04-22,13:53,273
SU9645,Azimuth,2024-08-12,22:09,348
SU4231,Ural Airlines,2024-05-19,12:22,176
SU7104,Pobeda,2024-01-08,18:16,350
SU2451,S7 Airlines,2024-02-16,05:15,208
SU9807,Red Wings,2024-03-14,13:30,293
SU9098,Rossiya,2024-07-23,08:51,281
SU4649,Rossiya,2024-07-08,09:55,118
SU6386,S7 Airlines,2024-09-28,21:56,78
SU326,Aeroflot,2024-07-20,04:06,151
SU7515,S7 Airlines,2024-11-22,14:40,138
SU499,Yakutia,2024-05-12,18:44,348
SU2355,S7 Airlines,2024-04-24,15:04,167
SU7989,Rossiya,2024-02-05,02:53,148
SU3586,Azimuth,2024-01-14,02:10,287
SU3216,Rossiya,2024-06-13,04:34,137
SU6749,S7 Airlines,2024-10-12,17:27,97
SU1933,Azimuth,2024-12-07,15:32,82
SU8387,Ural Airlines,2024-01-13,14:15,292
SU7353,Yakutia,2024-10-13,14:46,57
SU7459,Azimuth,2024-02-06,05:24,308
SU7310,UTair,2024-09-22,04:16,192
SU8536,Nordavia,2024-06-25,07:35,281
SU5819,S7 Airlines,2024-01-08,20:38,64
SU4781,Pobeda,2024-03-02,08:21,205
SU9139,UTair,2024-03-09,08:04,228
SU3031,Ural Airlines,2024-09-22,02:33,88
SU4515,Ural Airlines,2024-08-24,16:48,245
SU8176,Aeroflot,2024-05-20,05:41,106
SU7308,Red Wings,2024-02-21,16:36,232
SU8454,Rossiya,2024-01-19,15:46,214
SU6002,Pobeda,2024-01-11,18:33,241
SU935,UTair,2024-12-19,19:10,244
SU3271,Red Wings,2024-12-27,05:09,197
SU3786,Nordavia,2024-07-07,08:16,131
SU142,Aeroflot,2024-01-03,15:22,89
SU6300,Aeroflot,2024-07-22,14:05,90
SU9646,Nordavia,2024-05-05,19:09,138
SU8248,Pobeda,2024-09-07,02:59,56
SU4100,Pobeda,2024-10-28,15:48,161
SU1908,Red Wings,2024-05-16,05:32,292
SU4804,Nordavia,2024-01-24,21:26,113
SU409,Red Wings,2024-05-24,02:17,238
SU5638,S7 Airlines,2024-02-08,15:28,146
SU422,Nordavia,2024-03-21,04:02,342
SU9646,Yakutia,2024-02-26,03:33,138
SU8420,Pobeda,2024-07-08,12:51,63
SU7489,Nordavia,2024-04-20,00:44,200
SU8742,S7 Airlines,2024-02-26,01:35,105
SU5139,Yakutia,2024-03-15,10:48,97
SU282,S7 Airlines,2024-06-18,06:59,327
SU9304,Aeroflot,2024-05-09,01:37,200
SU8101,UTair,2024-12-21,00:37,332
SU276,Rossiya,2024-07-03,07:34,83
SU4283,Aeroflot,2024-04-03,00:55,113
SU3268,S7 Airlines,2024-06-06,13:25,84
SU1252,S7 Airlines,2024-12-23,05:28,132
SU4049,Pobeda,2024-06-25,14:56,182
SU6644,Pobeda,2024-07-21,02:20,119
SU9101,UTair,2024-04-24,19:22,159
SU6968,Nordavia,2024-02-10,14:50,290
SU1886,Aeroflot,2024-04-23,17:12,62
SU1976,Yakutia,2024-11-15,20:18,51
SU456,UTair,2024-12-13,04:22,215
SU3696,UTair,2024-02-28,10:37,64
SU5823,UTair,2024-08-09,11:03,65
SU3309,Nordavia,2024-11-26,17:28,146
SU9141,Aeroflot,2024-09-23,17:15,338
SU9523,Yakutia,2024-12-23,10:15,191
SU6730,Rossiya,2024-04-18,00:47,253
SU6094,Aeroflot,2024-06-21,17:03,261
SU4759,Azimuth,2024-03-24,00:36,320
SU2903,Pobeda,2024-07-19,22:23,228
SU5601,Yakutia,2024-06-03,08:41,277
SU118,Azimuth,2024-09-23,03:31,217
SU5101,Pobeda,2024-05-04,22:09,245
SU4436,Yakutia,2024-04-14,08:54,98
SU4641,Pobeda,2024-02-04,12:56,325
SU9271,Azimuth,2024-06-16,16:08,116
SU447,Red Wings,2024-05-16,17:27,317
SU6895,UTair,2024-07-05,09:35,66
SU3530,Nordavia,2024-04-11,08:45,291
SU5201,Yakutia,2024-07-07,15:01,55
SU3203,Rossiya,2024-03-05,07:30,256
SU2651,Nordavia,2024-11-16,07:40,225
SU8726,Nordavia,2024-10-17,16:13,308
SU813,Azimuth,2024-07-10,16:29,94
SU6454,Red Wings,2024-03-11,06:38,174
SU3453,UTair,2024-06-08,22:19,243
SU7467,Nordavia,2024-05-22,21:35,58
SU7647,Red Wings,2024-01-02,09:14,202
SU2040,Ural Airlines,2024-09-12,05:52,291
SU6586,UTair,2024-09-06,19:39,63
SU915,UTair,2024-09-09,23:06,134
SU4695,Azimuth,2024-01-02,04:58,84
SU1673,Nordavia,2024-06-10,20:17,172
SU2521,S7 Airlines,2024-07-16,04:57,53
SU1870,Azimuth,2024-01-12,00:56,261
SU6087,S7 Airlines,2024-06-11,07:26,339
SU7246,Azimuth,2024-04-26,13:17,328
SU166,Yakutia,2024-10-16,22:51,336
SU6923,Ural Airlines,2024-02-23,02:56,274
SU8077,UTair,2024-12-16,21:56,316
SU6764,S7 Airlines,2024-12-11,08:41,202
SU1485,Rossiya,2024-08-25,12:42,149
SU327,Aeroflot,2024-07-13,11:18,77
SU8375,Yakutia,2024-06-26,02:35,63
SU1050,Aeroflot,2024-12-09,21:52,311
SU3507,Nordavia,2024-04-28,09:42,148
SU5737,UTair,2024-08-19,04:12,287
SU3233,Azimuth,2024-08-21,16:25,192
SU1094,UTair,2024-04-24,10:57,342
SU7317,Pobeda,2024-10-03,07:03,255
SU5726,Azimuth,2024-04-18,19:58,326
SU5568,S7 Airlines,2024-04-22,12:53,304
SU6010,Yakutia,2024-05-24,21:54,236
SU8453,Rossiya,2024-07-24,05:33,313
SU7005,Yakutia,2024-06-18,16:28,94
SU7339,Red Wings,2024-10-17,17:49,181
SU3328,Aeroflot,2024-02-24,02:06,117
SU6690,Ural Airlines,2024-03-13,13:45,244
SU3766,Rossiya,2024-02-12,03:40,236
SU5653,Red Wings,2024-04-23,00:16,79
SU6556,Pobeda,2024-08-13,11:08,333
SU3353,Yakutia,2024-09-17,21:18,212
SU4153,Aeroflot,2024-05-07,20:51,292
SU5624,Azimuth,2024-08-08,10:03,161
SU5444,Aeroflot,2024-05-19,16:02,103
SU6493,Red Wings,2024-05-13,00:20,149
SU320,Ural Airlines,2024-03-15,15:15,98
SU2921,S7 Airlines,2024-02-11,03:08,324
SU356,Pobeda,2024-05-03,19:42,258
SU5925,Yakutia,2024-03-10,11:15,69
SU9168,Aeroflot,2024-04-20,01:31,335
SU6283,Nordavia,2024-11-01,04:32,245
SU4762,Yakutia,2024-06-12,22:42,99
SU3448,Aeroflot,2024-09-09,08:45,348
SU2757,S7 Airlines,2024-06-26,13:45,326
SU7666,S7 Airlines,2024-03-28,13:45,56
SU3125,S7 Airlines,2024-05-11,01:44,194
SU9603,Azimuth,2024-02-26,16:03,256
SU6685,Red Wings,2024-10-21,14:57,193
SU8804,Red Wings,2024-03-07,17:06,108
SU4735,Pobeda,2024-05-05,19:46,174
SU9366,Azimuth,2024-02-26,16:30,135
SU7288,Azimuth,2024-02-10,20:24,201
SU5554,S7 Airlines,2024-09-15,06:59,55
SU8472,Ural Airlines,2024-07-20,05:21,179
SU1184,Aeroflot,2024-11-26,11:33,222
SU2717,Rossiya,2024-06-05,22:38,292
SU6700,UTair,2024-02-28,06:42,172
SU5601,S7 Airlines,2024-08-27,17:08,313
SU2614,Rossiya,2024-08-09,18:26,293
SU3841,S7 Airlines,2024-11-25,14:40,335
SU5953,Pobeda,2024-09-16,13:18,163
SU4930,Red Wings,2024-08-16,07:51,102
SU4563,UTair,2024-03-12,13:52,302
SU4894,Yakutia,2024-08-11,10:37,61
SU8600,Red Wings,2024-04-08,00:19,62
SU7611,Azimuth,2024-05-06,06:36,198
SU2542,Ural Airlines,2024-01-17,10:44,311
SU3916,Pobeda,2024-09-21,23:16,119
SU2172,Ural Airlines,2024-11-25,10:46,288
SU2494,Nordavia,2024-01-23,07:56,197
SU8896,UTair,2024-02-17,09:18,183
SU1618,UTair,2024-03-26,02:12,228
SU7902,Pobeda,2024-02-15,00:26,166
SU3025,Red Wings,2024-04-02,15:09,133
SU3859,Rossiya,2024-05-11,19:20,240
SU420,Aeroflot,2024-09-25,19:38,286
SU4242,Aeroflot,2024-03-09,05:21,338
SU9566,Rossiya,2024-09-19,18:14,102
SU2655,Red Wings,2024-11-24,00:50,166
SU6821,UTair,2024-04-01,18:57,57
SU7208,Ural Airlines,2024-05-09,15:41,313
SU6186,Azimuth,2024-04-12,06:01,327
SU9173,S7 Airlines,2024-12-17,09:52,186
SU8618,Pobeda,2024-05-12,03:39,65
SU2354,S7 Airlines,2024-09-24,08:28,338
SU1392,Azimuth,2024-04-05,10:18,65
SU9183,Azimuth,2024-12-18,06:40,346
SU4959,Rossiya,2024-07-13,15:22,245
SU9443,Pobeda,2024-05-01,03:42,166
SU6957,Yakutia,2024-09-15,22:04,65
SU4803,Pobeda,2024-01-08,10:17,142
SU3054,Red Wings,2024-09-04,07:57,188
SU9021,Rossiya,2024-08-27,00:53,122
SU622,Nordavia,2024-08-02,18:40,204
SU5179,Red Wings,2024-05-05,18:28,338
SU3202,Yakutia,2024-09-04,15:17,60
SU101,Rossiya,2024-10-18,18:57,187
SU5277,Aeroflot,2024-05-13,18:36,204
SU5614,Aeroflot,2024-03-17,16:47,221
SU2873,Azimuth,2024-03-23,22:02,259
SU2747,Azimuth,2024-07-10,07:44,183
SU8196,Nordavia,2024-11-15,15:42,293
SU1636,Yakutia,2024-03-28,12:52,336
SU6926,Nordavia,2024-05-14,03:57,287
SU5115,UTair,2024-02-05,20:57,303
SU2081,Red Wings,2024-11-27,23:14,104
SU2640,UTair,2024-09-14,01:36,110
SU4411,Ural Airlines,2024-05-27,02:09,225
SU4313,Red Wings,2024-02-14,19:42,194
SU4466,S7 Airlines,2024-07-28,03:08,346
SU8258,Ural Airlines,2024-05-08,01:13,242
SU8737,Yakutia,2024-10-25,11:40,75
SU9277,UTair,2024-02-22,04:51,93
SU1347,Rossiya,2024-03-25,09:56,124
SU8252,S7 Airlines,2024-01-24,12:42,99
SU6563,Nordavia,2024-09-17,19:25,333
SU5115,Rossiya,2024-11-25,12:35,106
SU7620,Rossiya,2024-09-21,09:02,111
SU7957,UTair,2024-10-14,06:50,220
SU3612,Aeroflot,2024-09-08,14:50,303
SU3519,Rossiya,2024-09-08,10:37,228
SU238,UTair,2024-07-17,03:50,192
SU8540,Azimuth,2024-10-15,08:05,190
SU6107,Nordavia,2024-08-01,00:50,70
SU9703,Ural Airlines,2024-11-01,23:42,272
SU5837,Nordavia,2024-12-27,07:11,136
SU2294,Nordavia,2024-12-26,11:29,82
SU2996,Pobeda,2024-08-17,09:23,227
SU8792,Ural Airlines,2024-11-22,07:00,306
SU1350,S7 Airlines,2024-06-26,21:54,53
SU4182,Azimuth,2024-10-08,23:22,91
SU4470,Nordavia,2024-05-26,22:32,290
SU729,Nordavia,2024-06-16,13:51,95
SU7285,UTair,2024-10-11,21:24,340
SU8817,S7 Airlines,2024-03-21,20:53,292
SU9353,S7 Airlines,2024-01-08,04:11,170
SU749,Nordavia,2024-01-18,07:10,207
SU9480,Ural Airlines,2024-06-19,01:18,182
SU4022,Red Wings,2024-05-14,11:55,141
SU4875,Yakutia,2024-09-15,01:17,325
SU7741,S7 Airlines,2024-04-20,21:53,146
SU6601,Yakutia,2024-09-05,21:20,329
SU4325,Rossiya,2024-11-03,00:17,140
SU6485,Nordavia,2024-09-27,21:44,273
SU3368,Azimuth,2024-02-16,06:21,196
SU3445,Aeroflot,2024-06-09,09:12,291
SU3369,UTair,2024-11-24,00:55,179
SU4937,UTair,2024-12-18,06:17,261
SU3602,Nordavia,2024-10-06,23:53,188
SU3518,Rossiya,2024-07-28,20:24,134
SU2684,Nordavia,2024-12-10,20:52,204
SU2490,Azimuth,2024-07-14,12:20,78
SU7619,Nordavia,2024-01-24,12:38,99
SU230,Red Wings,2024-08-21,11:08,93
SU1415,Pobeda,2024-01-08,16:10,109
SU2257,Red Wings,2024-03-26,03:48,348
SU8783,Nordavia,2024-12-01,03:27,217
SU3895,Rossiya,2024-04-23,14:34,279
SU8719,Rossiya,2024-10-13,07:07,304
SU2955,Rossiya,2024-05-10,19:05,175
SU246,Yakutia,2024-01-20,10:19,302
SU7090,Azimuth,2024-10-22,21:54,95
SU9795,Yakutia,2024-08-25,09:47,74
SU5319,Azimuth,2024-04-02,14:15,275
SU3260,Ural Airlines,2024-06-20,09:53,331
SU6146,Azimuth,2024-11-14,15:39,52
SU9330,Yakutia,2024-10-24,11:21,122
SU1839,Azimuth,2024-04-04,04:16,338
SU2156,Rossiya,2024-10-01,05:36,191
SU9059,Pobeda,2024-01-05,16:34,99
SU7323,Red Wings,2024-12-03,02:52,145
SU5588,Rossiya,2024-03-06,05:45,125
SU1219,Nordavia,2024-04-06,16:21,218
SU7411,S7 Airlines,2024-12-04,17:45,149
SU2975,Ural Airlines,2024-10-13,17:00,92
SU4037,Red Wings,2024-08-18,21:09,224
SU8551,Red Wings,2024-05-13,16:50,191
SU1186,Rossiya,2024-06-23,14:15,166
SU4244,Nordavia,2024-09-10,14:54,135
SU3799,Red Wings,2024-09-11,06:15,342
SU473,Azimuth,2024-02-07,21:19,244
SU5138,Nordavia,2024-03-05,00:44,280
SU5490,Yakutia,2024-06-18,11:42,56
SU1025,Red Wings,2024-01-22,07:40,234
SU4590,Nordavia,2024-04-16,03:21,335
SU9335,Pobeda,2024-05-04,10:46,193
SU1505,Rossiya,2024-01-18,06:36,186
SU6024,Yakutia,2024-01-26,02:31,257
SU6051,Aeroflot,2024-05-08,03:08,271
SU6851,Yakutia,2024-01-02,20:29,272
SU977,Ural Airlines,2024-02-12,01:04,96
SU6605,Nordavia,2024-04-25,03:54,106
SU8854,Aeroflot,2024-02-20,17:51,323
SU977,Red Wings,2024-03-14,02:24,281
SU4655,Nordavia,2024-11-13,12:03,226
SU6332,Nordavia,2024-03-28,04:43,110
SU3970,Pobeda,2024-12-13,03:50,99
SU7721,Nordavia,2024-01-24,00:02,101
SU8913,Yakutia,2024-10-25,22:37,333
SU1144,Yakutia,2024-05-01,05:35,320
SU871,Nordavia,2024-02-06,09:14,103
SU9076,S7 Airlines,2024-12-19,12:10,258
SU874,Red Wings,2024-02-08,17:35,254
SU315,Yakutia,2024-03-20,17:43,339
SU9420,Red Wings,2024-09-28,00:03,210
SU6793,Red Wings,2024-06-15,01:36,130
SU6756,Ural Airlines,2024-03-11,00:51,309
SU9761,Pobeda,2024-06-11,21:08,344
SU7395,Yakutia,2024-05-10,01:58,292
SU6349,Pobeda,2024-05-04,18:17,324
SU4777,UTair,2024-05-24,20:06,287
SU7506,Azimuth,2024-10-18,16:28,241
SU9409,Ural Airlines,2024-06-25,14:33,221
SU439,S7 Airlines,2024-08-09,08:12,201
SU5498,Red Wings,2024-07-25,11:14,280
SU1838,Pobeda,2024-09-13,07:55,300
SU7370,S7 Airlines,2024-06-06,09:33,309
SU8013,Yakutia,2024-06-20,08:23,196
SU6613,Azimuth,2024-07-24,21:40,109
SU8928,Red Wings,2024-03-17,01:13,194
SU7234,Aeroflot,2024-03-14,19:11,142
SU5381,Red Wings,2024-01-12,01:42,135
SU6006,Pobeda,2024-05-02,03:59,261
SU4872,Yakutia,2024-05-09,02:54,239
SU9565,Pobeda,2024-08-11,17:32,297
SU8473,Rossiya,2024-06-28,03:56,261
SU3272,Yakutia,2024-02-22,08:43,215
SU4523,S7 Airlines,2024-07-15,19:33,150
SU559,Rossiya,2024-10-23,08:12,106
SU8894,S7 Airlines,2024-08-05,05:06,297
SU3871,Rossiya,2024-11-16,17:41,76
SU1979,Pobeda,2024-04-20,08:02,302
SU6922,Red Wings,2024-04-25,20:15,97
SU9467,Aeroflot,2024-10-26,11:16,240
SU2333,Nordavia,2024-09-04,12:34,349
SU1505,Ural Airlines,2024-07-01,16:58,165
SU6670,S7 Airlines,2024-07-05,14:21,252
SU5142,Rossiya,2024-04-13,11:27,148
SU7908,Azimuth,2024-04-16,02:29,161
SU4094,Azimuth,2024-08-09,14:20,141
SU7733,Ural Airlines,2024-01-02,23:26,285
SU4697,Nordavia,2024-02-22,10:29,103
SU2964,S7 Airlines,2024-02-04,01:24,272
SU4515,Azimuth,2024-05-09,13:10,210
SU4726,Ural Airlines,2024-01-16,00:59,170
SU2581,Yakutia,2024-02-01,09:20,191
SU3903,Ural Airlines,2024-12-27,07:30,317
SU3874,Red Wings,2024-12-05,16:57,84
SU4894,Yakutia,2024-10-13,22:13,343
SU6171,Ural Airlines,2024-06-25,19:35,183
SU9484,Nordavia,2024-12-12,09:15,227
SU6512,Rossiya,2024-01-06,03:50,58
SU1739,Rossiya,2024-01-20,19:05,97
SU1726,S7 Airlines,2024-11-09,16:56,303
SU1445,Rossiya,2024-09-11,12:23,228
SU7402,Pobeda,2024-11-02,07:37,86
SU8785,Ural Airlines,2024-09-14,21:28,287
SU6523,UTair,2024-03-28,10:01,59
SU1298,Aeroflot,2024-12-14,15:47,139
SU1940,Rossiya,2024-03-20,05:16,287
SU8200,Azimuth,2024-12-18,10:42,337
SU9310,UTair,2024-09-07,07:36,137
SU8676,Rossiya,2024-09-25,14:13,196
SU2143,Rossiya,2024-01-24,22:37,103
SU2611,Yakutia,2024-12-16,13:48,322
SU1108,Azimuth,2024-10-17,03:39,344
SU3570,Aeroflot,2024-09-07,21:33,154
SU5074,Yakutia,2024-10-08,14:43,158
SU1460,Ural Airlines,2024-07-01,04:43,69
SU6100,S7 Airlines,2024-10-08,00:53,338
SU4180,Ural Airlines,2024-02-20,13:35,319
SU2088,Rossiya,2024-02-05,23:38,183
SU764,Ural Airlines,2024-06-02,08:34,153
SU5869,Ural Airlines,2024-11-24,20:11,54
SU1139,S7 Airlines,2024-12-01,06:07,322
SU1331,Ural Airlines,2024-09-06,21:24,111
SU6305,Pobeda,2024-12-18,04:37,195
SU3008,S7 Airlines,2024-06-15,18:42,244
SU8728,UTair,2024-08-01,03:42,264
SU7726,Nordavia,2024-12-09,09:59,322
SU7108,UTair,2024-07-27,19:08,165
SU3253,UTair,2024-07-11,13:20,199
SU4960,UTair,2024-10-16,21:53,177
SU1445,Rossiya,2024-09-02,13:50,92
SU2696,Pobeda,2024-11-19,23:05,243
SU3191,Ural Airlines,2024-05-23,20:09,129
SU5632,S7 Airlines,2024-10-25,22:28,105
SU3643,Nordavia,2024-12-12,10:33,146
SU4973,Yakutia,2024-07-05,09:40,106
SU9303,S7 Airlines,2024-12-19,08:32,350
SU7649,Yakutia,2024-08-20,11:02,131
SU7247,S7 Airlines,2024-12-21,13:22,50
SU193,Red Wings,2024-03-11,06:00,291
SU6180,UTair,2024-08-17,11:51,237
SU301,Rossiya,2024-03-20,21:20,151
SU1003,Pobeda,2024-02-22,06:22,313
SU9279,UTair,2024-02-07,19:21,95
SU7417,Ural Airlines,2024-10-28,07:17,299
SU5282,UTair,2024-03-04,06:33,282
SU103,Pobeda,2024-03-18,21:37,314
SU512,S7 Airlines,2024-05-07,02:31,171
SU4676,Red Wings,2024-03-18,00:16,137
SU2321,Aeroflot,2024-04-21,18:17,136
SU3036,Ural Airlines,2024-04-10,04:11,145
SU2186,UTair,2024-02-07,03:32,275
SU7711,Ural Airlines,2024-07-19,02:44,129
SU4569,Yakutia,2024-06-08,14:02,151
SU4477,Rossiya,2024-05-09,03:41,175
SU6617,Pobeda,2024-08-14,05:05,121
SU3823,Pobeda,2024-06-25,20:23,101
SU2227,Yakutia,2024-04-25,05:55,302
SU9643,Nordavia,2024-05-14,22:30,265
SU7641,UTair,2024-04-03,08:44,211
SU8588,S7 Airlines,2024-11-02,06:47,95
SU6082,Aeroflot,2024-09-19,07:51,117
SU2490,Pobeda,2024-02-17,23:24,300
SU1284,Rossiya,2024-01-05,22:42,115
SU1779,Nordavia,2024-05-26,23:20,295
SU9557,UTair,2024-12-19,15:36,326
SU9581,Red Wings,2024-09-02,01:11,293
SU5374,Rossiya,2024-08-14,15:17,318
SU9189,Nordavia,2024-08-02,01:27,95
SU1753,Rossiya,2024-09-07,00:56,145
SU2186,UTair,2024-02-11,22:30,282
SU2028,Azimuth,2024-04-28,16:26,284
SU5971,S7 Airlines,2024-12-23,10:55,122
SU8411,Ural Airlines,2024-06-23,14:42,122
SU9119,Ural Airlines,2024-01-08,21:28,221
SU9727,Yakutia,2024-08-01,16:34,315
SU3887,Pobeda,2024-04-07,06:10,208
SU5177,Aeroflot,2024-06-10,18:51,305
SU5662,S7 Airlines,2024-09-17,21:32,69
SU286,Pobeda,2024-04-20,05:15,314
SU5263,Pobeda,2024-07-02,14:27,234
SU636,S7 Airlines,2024-02-15,12:02,128
SU1881,Aeroflot,2024-10-21,05:18,52
SU5307,Azimuth,2024-12-01,01:22,52
SU9007,Pobeda,2024-09-20,02:32,286
SU2736,UTair,2024-09-12,05:08,286
SU4203,Pobeda,2024-11-07,02:30,192
SU8003,Nordavia,2024-07-08,02:08,147
SU1636,Nordavia,2024-02-05,10:11,208
SU518,Yakutia,2024-06-28,15:42,139
SU8543,Azimuth,2024-04-07,02:55,182
SU6891,Nordavia,2024-04-21,13:12,294
SU5406,Nordavia,2024-06-25,03:16,94
SU2299,S7 Airlines,2024-10-24,21:34,258
SU3733,UTair,2024-11-06,23:45,322
SU4989,Ural Airlines,2024-12-26,16:36,234
SU6786,Ural Airlines,2024-06-06,10:28,202
SU7236,Aeroflot,2024-12-21,16:41,116
SU2191,Nordavia,2024-01-25,15:58,127
SU2421,UTair,2024-05-01,06:08,316
SU296,Ural Airlines,2024-12-17,09:20,267
SU9589,UTair,2024-06-02,15:44,105
SU4407,Ural Airlines,2024-10-15,10:06,164
SU9538,S7 Airlines,2024-11-07,19:11,223
SU9782,Ural Airlines,2024-11-20,05:21,267
SU5457,S7 Airlines,2024-08-07,03:40,294
SU7040,Nordavia,2024-05-05,00:05,222
SU7341,Azimuth,2024-06-07,02:06,259
SU8856,Aeroflot,2024-03-08,14:48,163
SU1714,Pobeda,2024-01-08,01:08,237
SU8103,Pobeda,2024-04-14,22:30,272
SU6966,Aeroflot,2024-09-10,02:25,342
SU6940,UTair,2024-06-22,05:15,332
SU5903,Ural Airlines,2024-03-20,16:11,256
SU3861,Red Wings,2024-12-27,22:00,153
SU430,UTair,2024-01-12,11:24,143
SU4104,Ural Airlines,2024-05-05,19:33,65
SU3696,UTair,2024-09-08,03:39,211
SU8015,Red Wings,2024-08-01,11:09,169
SU2796,S7 Airlines,2024-06-13,01:15,97
SU4274,Nordavia,2024-07-25,17:33,175
SU2648,UTair,2024-05-01,14:00,321
SU9958,Ural Airlines,2024-02-12,06:26,126
SU8671,UTair,2024-01-18,11:43,290
SU3120,S7 Airlines,2024-06-21,16:50,259
SU3853,Azimuth,2024-08-27,07:51,223
SU7799,UTair,2024-03-15,09:02,226
SU8785,UTair,2024-06-05,20:22,165
SU4201,Nordavia,2024-04-19,15:39,296
SU9220,Pobeda,2024-07-17,04:08,224
SU4475,Nordavia,2024-12-26,21:30,96
SU2311,Pobeda,2024-10-27,11:30,210
SU1209,Ural Airlines,2024-11-26,22:24,264
SU6107,Nordavia,2024-02-15,18:31,164
SU2074,Ural Airlines,2024-08-25,09:51,99
SU5483,S7 Airlines,2024-06-18,23:33,206
SU2709,Rossiya,2024-08-09,07:16,112
SU5871,Ural Airlines,2024-10-07,22:24,170
SU7505,Rossiya,2024-09-06,01:01,234
SU2577,Ural Airlines,2024-02-01,19:20,272
SU801,S7 Airlines,2024-10-06,00:38,97
SU6186,Pobeda,2024-09-28,02:52,61
SU6080,Pobeda,2024-05-25,23:41,131
SU2555,Red Wings,2024-06-09,05:00,115
SU4109,Ural Airlines,2024-10-14,01:36,331
SU7147,Nordavia,2024-09-17,03:38,276
SU7792,Ural Airlines,2024-02-28,21:09,318
SU2130,Ural Airlines,2024-07-15,09:11,290
SU2131,Yakutia,2024-04-07,14:37,179
SU648,Rossiya,2024-03-16,17:22,348
SU8080,Red Wings,2024-04-06,03:19,88
SU2996,Aeroflot,2024-01-01,10:01,148
SU723,Red Wings,2024-09-19,21:41,157
SU4078,Ural Airlines,2024-08-05,04:18,222
SU4885,Red Wings,2024-08-07,13:07,299
SU3634,Nordavia,2024-08-22,05:53,165
SU1130,Rossiya,2024-09-19,09:28,65
SU2673,Pobeda,2024-06-15,03:53,236
SU7152,UTair,2024-02-20,16:49,81
SU7707,Rossiya,2024-10-14,09:41,63
SU9842,Red Wings,2024-09-16,05:37,296
SU2530,Red Wings,2024-10-14,03:54,210
SU2685,Aeroflot,2024-03-25,09:05,318
SU9411,Aeroflot,2024-12-28,21:14,315
SU3227,Nordavia,2024-01-03,23:01,251
SU9995,Azimuth,2024-12-08,17:49,130
SU823,Yakutia,2024-05-22,01:30,52
SU8265,Nordavia,2024-10-15,17:27,166
SU3279,S7 Airlines,2024-11-04,00:26,122
SU1909,Rossiya,2024-06-24,02:46,217
SU1036,S7 Airlines,2024-01-26,15:37,209
SU6841,UTair,2024-01-25,19:40,183
SU6227,Rossiya,2024-12-12,01:08,133
SU4569,Red Wings,2024-01-13,23:15,256
SU4521,Aeroflot,2024-01-13,13:43,89
SU2157,Rossiya,2024-05-08,01:10,127
SU9162,S7 Airlines,2024-12-26,11:50,139
SU4850,Azimuth,2024-01-17,05:41,104
SU4128,Yakutia,2024-01-24,06:26,151
SU2213,Ural Airlines,2024-06-08,04:55,75
SU8454,Yakutia,2024-12-18,00:50,188
SU9561,S7 Airlines,2024-04-16,17:49,71
SU2657,UTair,2024-09-16,07:14,176
SU6690,S7 Airlines,2024-05-04,06:50,231
SU1970,UTair,2024-06-25,03:40,81
SU2772,S7 Airlines,2024-01-07,11:28,66
SU1094,Rossiya,2024-07-01,03:43,152
SU9130,Pobeda,2024-05-08,23:11,256
SU9205,Red Wings,2024-10-23,00:00,282
SU6482,Ural Airlines,2024-08-16,17:57,347
SU5409,Pobeda,2024-06-06,11:03,162
SU3302,UTair,2024-12-13,06:19,131
SU1176,Azimuth,2024-09-07,00:54,67
SU233,Rossiya,2024-02-23,05:32,125
SU7107,S7 Airlines,2024-09-28,06:01,196
SU4790,Pobeda,2024-02-20,23:48,303
SU9546,Red Wings,2024-12-25,10:48,70
SU1403,Yakutia,2024-12-18,15:13,215
SU7093,Ural Airlines,2024-11-16,20:43,292
SU4428,Azimuth,2024-04-06,11:21,177
SU3692,Pobeda,2024-08-08,03:16,88
SU9709,Pobeda,2024-04-04,21:38,159
SU6731,Nordavia,2024-02-23,09:15,60
SU8194,Aeroflot,2024-10-09,11:44,72
SU6556,Azimuth,2024-08-15,02:57,319
SU7315,Azimuth,2024-09-02,15:02,180
SU2101,Azimuth,2024-06-24,08:01,196
SU3969,Red Wings,2024-02-21,15:36,116
SU5079,Red Wings,2024-01-16,07:06,173
SU5312,Azimuth,2024-06-20,01:22,323
SU6817,Aeroflot,2024-09-28,10:09,308
SU9459,Azimuth,2024-01-25,21:41,223
SU1647,Yakutia,2024-02-15,23:27,99
SU802,Red Wings,2024-04-11,15:14,249
SU5792,UTair,2024-12-19,09:57,248
SU6755,Ural Airlines,2024-07-11,10:57,343
SU1395,Aeroflot,2024-05-21,09:51,214
SU297,Azimuth,2024-02-23,02:16,211
SU1477,Yakutia,2024-02-23,02:24,335
SU4419,Rossiya,2024-11-07,10:15,252
SU2448,Yakutia,2024-02-14,17:44,56
SU9169,S7 Airlines,2024-01-06,03:50,54
SU7431,Azimuth,2024-08-26,02:06,251
SU800,Rossiya,2024-04-17,01:25,157
SU2450,Pobeda,2024-09-27,21:36,302
SU9220,Red Wings,2024-10-05,06:30,82
SU4110,Pobeda,2024-10-13,02:57,109
SU6881,Yakutia,2024-09-16,07:51,70
SU7193,Nordavia,2024-09-24,01:09,69
SU1746,Nordavia,2024-01-17,03:47,83
SU1440,Ural Airlines,2024-02-12,15:29,248
SU4171,Yakutia,2024-04-14,00:12,71
SU887,Aeroflot,2024-02-06,11:52,198
SU9263,S7 Airlines,2024-07-28,17:49,50
SU3429,Rossiya,2024-06-21,01:55,268
SU3318,Ural Airlines,2024-12-16,13:39,140
SU8642,Red Wings,2024-07-10,08:27,252
SU5229,Red Wings,2024-07-28,04:26,229
SU8698,Nordavia,2024-08-04,13:19,292
SU2713,Ural Airlines,2024-10-26,00:25,118
SU1575,Rossiya,2024-05-03,06:14,234
SU6613,Ural Airlines,2024-03-05,11:32,303
SU8624,Aeroflot,2024-12-05,19:30,334
SU2141,Yakutia,2024-03-07,06:28,213
SU5454,Ural Airlines,2024-05-24,11:00,109
SU6346,Red Wings,2024-07-04,03:25,216
SU7614,Yakutia,2024-09-22,17:18,213
SU703,Azimuth,2024-04-16,16:22,244
SU8194,Red Wings,2024-02-05,10:01,226
SU3233,Nordavia,2024-07-05,00:27,71
SU3789,Nordavia,2024-06-27,21:28,268
SU7778,Nordavia,2024-08-26,15:11,183
SU6396,Yakutia,2024-02-20,11:40,148
SU926,Azimuth,2024-04-08,03:06,277
SU6439,Rossiya,2024-01-09,07:52,225
SU4785,Pobeda,2024-08-23,05:19,111
SU746,Red Wings,2024-09-12,11:44,68
SU2689,Ural Airlines,2024-11-05,20:30,255
SU4023,Pobeda,2024-06-06,16:03,315
SU8994,Nordavia,2024-05-08,17:04,115
SU7869,Nordavia,2024-11-05,00:31,296
SU327,UTair,2024-05-16,08:07,244
SU2284,Rossiya,2024-06-20,07:21,84
SU6692,S7 Airlines,2024-05-14,13:03,93
SU2721,Rossiya,2024-11-23,17:12,162
SU8010,Pobeda,2024-08-18,05:57,152
SU8903,UTair,2024-04-20,19:45,332
SU4281,S7 Airlines,2024-07-26,07:50,328
SU1104,Nordavia,2024-03-02,15:13,347
SU9484,Nordavia,2024-09-28,03:08,92
SU1137,Aeroflot,2024-08-20,20:28,228
SU9872,Rossiya,2024-12-03,15:32,191
SU8318,Rossiya,2024-07-21,17:54,197
SU9652,S7 Airlines,2024-02-28,17:29,259
SU9166,Aeroflot,2024-08-07,22:44,257
SU8287,Red Wings,2024-12-13,18:28,226
SU5386,Rossiya,2024-07-27,03:11,219
SU7605,Pobeda,2024-12-25,17:27,71
SU1317,S7 Airlines,2024-02-13,19:46,316
SU5805,S7 Airlines,2024-03-07,21:20,319
SU5190,Rossiya,2024-04-21,19:31,168
SU9828,S7 Airlines,2024-04-02,20:25,53
SU2916,Red Wings,2024-06-01,02:49,258
SU9800,Red Wings,2024-06-16,00:57,94
SU3386,Ural Airlines,2024-09-01,14:59,157
SU3225,S7 Airlines,2024-01-18,01:48,91
SU1264,Aeroflot,2024-06-05,04:03,54
SU1182,Nordavia,2024-07-14,03:27,136
SU7083,Ural Airlines,2024-06-03,07:03,263
SU6033,Aeroflot,2024-06-13,16:10,267
SU5950,Yakutia,2024-01-08,05:59,120
SU9889,Azimuth,2024-12-04,13:55,278
SU2849,UTair,2024-03-08,12:51,51
SU2965,Rossiya,2024-12-05,10:55,123
SU5545,Nordavia,2024-06-19,14:00,210
SU1892,Red Wings,2024-02-15,12:03,185
SU3463,Pobeda,2024-10-19,10:05,197
SU2252,Rossiya,2024-11-15,10:25,186
SU2875,Nordavia,2024-08-25,22:50,235
SU3893,Azimuth,2024-10-12,04:33,271
SU5964,Ural Airlines,2024-08-16,12:05,142
SU5106,Nordavia,2024-11-05,10:54,177
SU962,Aeroflot,2024-11-19,03:59,153
SU5642,S7 Airlines,2024-12-18,22:25,76
SU6094,Ural Airlines,2024-06-23,00:27,81
SU3964,Ural Airlines,2024-02-23,03:01,223
SU3052,Azimuth,2024-04-01,11:39,315
SU5628,Red Wings,2024-02-08,18:18,180
SU6490,Nordavia,2024-11-01,00:44,338
SU1103,Pobeda,2024-02-23,10:07,73
SU5491,Rossiya,2024-05-01,02:32,277
SU3663,Azimuth,2024-07-12,23:23,81
SU4021,UTair,2024-07-14,00:17,292
SU7454,Yakutia,2024-11-11,09:56,133
SU1911,S7 Airlines,2024-06-23,08:28,256
SU7578,Rossiya,2024-11-28,17:33,133
SU8534,Azimuth,2024-10-12,02:15,77
SU5800,Pobeda,2024-08-21,20:17,124
SU6963,Azimuth,2024-04-12,23:22,304
SU9836,Ural Airlines,2024-09-27,02:28,342
SU3772,Aeroflot,2024-08-16,20:00,99
SU2982,Rossiya,2024-08-22,15:06,137
SU5245,UTair,2024-11-28,22:32,165
SU824,Azimuth,2024-09-04,18:42,327
SU248,Aeroflot,2024-07-21,23:16,230
SU1168,S7 Airlines,2024-06-01,14:40,134
SU9356,Pobeda,2024-01-23,14:44,222
SU6695,Nordavia,2024-10-14,19:53,96
SU9901,S7 Airlines,2024-06-15,21:32,237
SU1758,Yakutia,2024-09-28,16:40,99
SU7924,Azimuth,2024-10-18,21:13,53
SU5610,Azimuth,2024-09-05,12:27,286
SU8445,S7 Airlines,2024-08-13,07:04,289
SU6927,Ural Airlines,2024-09-08,06:03,328
SU9428,Ural Airlines,2024-06-10,01:19,317
SU9481,Nordavia,2024-03-09,17:15,50
SU2934,UTair,2024-03-07,03:51,306
SU6645,Azimuth,2024-05-23,11:18,293
SU6097,Red Wings,2024-04-13,11:04,213
SU8018,Yakutia,2024-03-04,11:10,159
SU8058,S7 Airlines,2024-05-27,06:20,276
SU7235,Azimuth,2024-12-19,00:26,275
SU6760,UTair,2024-11-17,21:42,334
SU3901,Azimuth,2024-06-28,00:37,259
SU1188,S7 Airlines,2024-04-15,20:23,250
SU4061,Pobeda,2024-02-04,00:01,246
SU9812,Ural Airlines,2024-03-09,07:24,319
SU6757,Yakutia,2024-02-17,08:39,166
SU7805,Aeroflot,2024-01-07,05:45,347
SU4474,Red Wings,2024-01-09,13:59,90
SU9903,Yakutia,2024-12-14,10:23,235
SU3649,S7 Airlines,2024-06-01,07:51,242
SU9283,Aeroflot,2024-09-05,13:15,168
SU9694,Yakutia,2024-01-16,14:41,86
SU8220,Aeroflot,2024-06-06,09:12,187
SU6261,Red Wings,2024-01-16,13:22,145
SU9521,S7 Airlines,2024-02-25,15:02,209
SU9980,Ural Airlines,2024-07-07,16:29,335
SU2997,UTair,2024-09-17,19:03,158
SU642,Yakutia,2024-04-26,08:32,120
SU6404,Rossiya,2024-12-11,23:02,324
SU4408,UTair,2024-08-09,14:55,224
SU997,Nordavia,2024-02-19,23:09,220
SU7120,UTair,2024-08-10,00:59,301
SU9507,Ural Airlines,2024-07-18,03:01,246
SU6878,S7 Airlines,2024-09-13,22:06,203
SU7394,Ural Airlines,2024-09-02,14:21,288
SU1811,Red Wings,2024-10-08,09:18,184
SU7498,Red Wings,2024-02-05,11:00,82
SU8892,Rossiya,2024-08-13,01:44,149
SU4579,S7 Airlines,2024-11-05,10:19,58
SU4659,Yakutia,2024-08-13,12:53,264
SU7524,S7 Airlines,2024-12-03,09:24,150
SU575,Rossiya,2024-12-09,17:13,347
SU9477,Nordavia,2024-08-25,23:16,279
SU7568,Nordavia,2024-10-05,16:27,156
SU5914,Yakutia,2024-05-20,18:26,157
SU7825,Nordavia,2024-01-20,05:01,141
SU7924,Aeroflot,2024-12-05,16:12,220
SU1160,Aeroflot,2024-02-20,00:22,103
SU6507,Nordavia,2024-12-27,22:38,146
SU2019,UTair,2024-05-16,10:59,89
SU1752,Nordavia,2024-12-11,07:03,125
SU1096,Nordavia,2024-03-23,06:59,300
SU9638,S7 Airlines,2024-07-16,01:58,104
SU5135,Red Wings,2024-02-06,18:36,229
SU6132,Nordavia,2024-02-21,03:38,237
SU5073,UTair,2024-04-06,01:56,160
SU6415,Rossiya,2024-12-22,20:16,220
SU496,S7 Airlines,2024-01-13,12:05,273
SU8313,Nordavia,2024-11-22,04:59,291
SU2128,Rossiya,2024-02-11,10:51,64
SU2321,Red Wings,2024-05-23,23:46,342
SU2488,Yakutia,2024-04-10,10:38,58
SU7101,Ural Airlines,2024-03-18,18:18,139
SU3451,Ural Airlines,2024-12-03,04:57,127
SU4116,Azimuth,2024-02-09,19:52,116
SU5145,Pobeda,2024-06-04,18:31,62
SU3254,Aeroflot,2024-07-25,11:49,244
SU1055,Aeroflot,2024-07-20,22:29,261
SU5131,Red Wings,2024-12-20,20:48,285
SU5702,Aeroflot,2024-06-17,16:49,133
SU6620,Azimuth,2024-09-10,01:11,191
SU4809,S7 Airlines,2024-07-20,14:40,307
SU3093,S7 Airlines,2024-07-20,14:47,100
SU538,Pobeda,2024-06-16,11:06,175
SU8584,Aeroflot,2024-06-21,21:45,246
SU1196,Pobeda,2024-04-25,23:25,283
SU854,Azimuth,2024-10-08,01:42,266
SU7496,UTair,2024-09-04,05:40,69
SU4623,Rossiya,2024-08-21,22:01,57
SU7314,Red Wings,2024-01-19,08:26,221
SU870,Pobeda,2024-03-03,12:23,145
SU6563,UTair,2024-05-14,17:00,323
SU4354,Red Wings,2024-10-14,20:57,141
SU1127,Nordavia,2024-08-23,11:07,240
SU5314,Nordavia,2024-09-05,11:36,130
SU5204,UTair,2024-12-08,01:52,77
SU7062,S7 Airlines,2024-07-05,02:30,147
SU3169,Nordavia,2024-10-25,22:43,130
SU5697,Pobeda,2024-08-02,06:17,235
SU7057,Pobeda,2024-01-12,11:42,130
SU5995,S7 Airlines,2024-09-16,15:35,75
SU2092,Azimuth,2024-10-26,01:18,136
SU2795,Yakutia,2024-10-07,00:24,313
SU8262,Aeroflot,2024-11-20,01:01,70
SU907,Pobeda,2024-12-24,19:38,95
SU4255,Rossiya,2024-02-04,18:56,286
SU8182,Pobeda,2024-09-24,14:15,192
SU9598,Azimuth,2024-01-10,08:06,342
SU9853,Ural Airlines,2024-03-12,22:23,132
SU8353,Aeroflot,2024-08-18,07:28,177
SU1194,Azimuth,2024-02-08,02:57,177
SU6984,Yakutia,2024-08-14,08:02,67
SU6911,Pobeda,2024-05-06,11:16,151
SU186,Ural Airlines,2024-05-04,16:28,81
SU8736,Aeroflot,2024-08-20,22:31,277
SU4183,UTair,2024-09-18,13:25,68
SU7355,Ural Airlines,2024-12-09,17:07,156
SU7490,Nordavia,2024-10-05,04:27,123
SU4609,Aeroflot,2024-08-24,02:14,101
SU6597,S7 Airlines,2024-01-27,02:55,263
SU1106,UTair,2024-04-06,15:19,166
SU1405,Yakutia,2024-08-20,22:12,180
SU6848,Pobeda,2024-02-02,18:35,221
SU5801,Nordavia,2024-10-11,04:51,167
SU9352,Pobeda,2024-01-18,18:57,264
SU7779,Red Wings,2024-01-20,01:40,139
SU4702,Red Wings,2024-09-01,10:33,266
SU9083,Ural Airlines,2024-02-06,01:01,110
SU6999,Rossiya,2024-12-21,00:32,340
SU1744,Nordavia,2024-11-19,18:31,218
SU8684,Red Wings,2024-11-22,03:40,142
SU2527,S7 Airlines,2024-03-21,00:24,218
SU6995,Aeroflot,2024-01-19,23:22,160
SU7391,Aeroflot,2024-10-20,18:52,195
SU8335,Rossiya,2024-06-21,18:26,215
SU9338,Aeroflot,2024-08-20,21:26,77
SU7154,Yakutia,2024-06-21,04:41,208
SU2451,Red Wings,2024-01-12,06:10,248
SU8907,UTair,2024-01-24,08:20,268
SU8111,Ural Airlines,2024-07-10,03:22,281
SU5783,Red Wings,2024-07-17,03:34,254
SU7628,Azimuth,2024-10-18,07:29,156
SU1625,S7 Airlines,2024-06-05,22:02,121
SU6615,Yakutia,2024-02-23,21:18,290
SU6456,S7 Airlines,2024-04-26,17:00,226
SU3354,Yakutia,2024-04-27,23:07,90
SU5468,Pobeda,2024-05-19,11:55,115
SU4940,S7 Airlines,2024-02-03,20:26,345
SU2730,Aeroflot,2024-07-10,09:54,346
SU2027,Rossiya,2024-10-01,22:03,270
SU1146,Red Wings,2024-07-15,13:01,218
SU8030,Rossiya,2024-01-17,11:39,71
SU6012,Nordavia,2024-03-08,20:32,241
SU4120,Red Wings,2024-01-07,10:40,280
SU9773,Pobeda,2024-03-06,03:28,327
SU343,Aeroflot,2024-06-10,16:59,224
SU4752,Rossiya,2024-03-25,04:24,317
SU8070,Rossiya,2024-02-23,03:38,272
SU1233,S7 Airlines,2024-11-07,16:19,170
SU9570,UTair,2024-08-16,06:55,68
SU6682,Aeroflot,2024-09-19,01:35,112
SU8973,UTair,2024-11-22,19:33,332
SU5151,Pobeda,2024-03-12,18:41,53
SU3728,Azimuth,2024-08-15,09:06,268
SU9783,Nordavia,2024-02-21,05:36,311
SU5250,Nordavia,2024-11-12,22:20,313
SU9484,Nordavia,2024-08-23,13:52,122
SU7889,Rossiya,2024-06-09,14:29,289
SU2419,UTair,2024-07-11,20:22,80
SU3572,Red Wings,2024-02-08,03:56,104
SU4032,Ural Airlines,2024-05-28,02:29,54
SU2410,Rossiya,2024-04-17,15:32,270
SU6556,Red Wings,2024-08-16,15:22,56
SU2846,Azimuth,2024-03-14,11:15,252
SU1951,Yakutia,2024-06-09,22:14,196
SU8770,Nordavia,2024-09-05,15:55,338
SU9332,S7 Airlines,2024-11-23,19:54,109
SU1135,Pobeda,2024-02-21,22:07,264
SU1868,Ural Airlines,2024-02-13,14:20,152
SU4254,Nordavia,2024-02-03,01:12,173
SU2758,Red Wings,2024-01-23,04:32,189
SU2362,Nordavia,2024-02-03,22:20,309
SU6923,Aeroflot,2024-04-10,16:21,129
SU8191,UTair,2024-06-23,07:20,54
SU8540,Azimuth,2024-08-03,03:46,338
SU8978,Azimuth,2024-08-18,03:10,117
SU9648,S7 Airlines,2024-10-16,23:02,248
SU102,Aeroflot,2024-08-27,09:38,192
SU9314,Nordavia,2024-10-20,10:30,207
SU4452,S7 Airlines,2024-12-14,23:53,311
SU8561,Yakutia,2024-10-20,00:53,265
SU7363,Aeroflot,2024-08-19,08:47,113
SU9430,Ural Airlines,2024-04-05,21:19,101
SU2509,S7 Airlines,2024-05-25,07:58,119
SU5360,Nordavia,2024-04-05,13:19,123
SU1703,S7 Airlines,2024-01-10,14:17,94
SU3709,Ural Airlines,2024-03-25,07:37,317
SU7646,Ural Airlines,2024-12-09,02:49,295
SU5602,S7 Airlines,2024-11-08,02:47,152
SU2929,Nordavia,2024-02-19,03:39,335
SU6171,Rossiya,2024-07-05,19:32,174
SU2475,Pobeda,2024-03-04,18:21,133
SU4251,Aeroflot,2024-04-01,21:11,258
SU2356,Pobeda,2024-11-10,03:14,53
SU9744,S7 Airlines,2024-12-13,16:42,155
SU5055,Yakutia,2024-01-06,13:39,163
SU9042,Pobeda,2024-01-02,01:41,78
SU5961,Red Wings,2024-09-25,15:41,230
SU7141,Rossiya,2024-07-27,03:35,183
SU1705,Azimuth,2024-04-02,19:38,340
SU5787,Pobeda,2024-03-21,03:41,261
SU1779,Red Wings,2024-01-27,00:16,86
SU9771,S7 Airlines,2024-02-03,04:19,184
SU855,Red Wings,2024-06-12,20:07,214
SU9498,Pobeda,2024-04-22,14:31,347
SU7549,Red Wings,2024-04-18,23:51,80
SU9546,Nordavia,2024-11-19,08:32,227
SU6237,Pobeda,2024-11-10,14:46,343
SU9369,Yakutia,2024-11-08,06:47,246
SU3724,Nordavia,2024-06-14,02:04,345
SU7041,Yakutia,2024-07-06,13:30,183
SU2530,Pobeda,2024-09-23,16:42,304
SU5254,Nordavia,2024-09-10,19:01,252
SU2074,Azimuth,2024-02-20,07:10,328
SU2390,Aeroflot,2024-05-24,17:35,266
SU6111,Azimuth,2024-07-28,17:39,137
SU6556,Aeroflot,2024-08-09,15:28,291
SU3243,Pobeda,2024-11-05,13:29,115
SU1451,Azimuth,2024-10-17,15:38,113
SU1951,Azimuth,2024-12-02,18:53,246
SU6885,Nordavia,2024-06-17,19:36,152
SU9457,Pobeda,2024-11-25,12:34,214
SU5311,S7 Airlines,2024-01-28,14:48,298
SU8289,Nordavia,2024-12-26,18:49,281
SU9329,Yakutia,2024-09-17,18:21,121
SU2955,Red Wings,2024-02-01,01:20,136
SU5210,Pobeda,2024-04-17,18:11,245
SU8616,Red Wings,2024-10-07,21:02,203
SU9761,Nordavia,2024-03-14,07:53,318
SU1115,Aeroflot,2024-01-19,03:00,145
SU4233,Aeroflot,2024-04-21,05:16,211
SU5345,Red Wings,2024-07-28,15:33,244
SU2438,Pobeda,2024-09-09,09:40,240
SU9343,Nordavia,2024-05-03,00:55,139
SU8023,Ural Airlines,2024-05-09,10:37,196
SU4106,Yakutia,2024-07-24,15:25,266
SU2021,Azimuth,2024-04-08,11:36,117
SU3474,Yakutia,2024-05-25,05:28,79
SU372,Nordavia,2024-05-25,04:48,268
SU8027,Rossiya,2024-05-03,13:11,133
SU3137,UTair,2024-05-16,03:41,55
SU1470,Ural Airlines,2024-11-21,19:02,210
SU5351,Ural Airlines,2024-05-08,11:45,113
SU9319,Red Wings,2024-07-17,15:18,274
SU228,Pobeda,2024-01-05,16:10,273
SU1741,Red Wings,2024-02-26,23:49,296
SU6172,S7 Airlines,2024-11-27,10:14,148
SU6690,Red Wings,2024-01-07,00:06,273
SU2643,Yakutia,2024-12-03,18:39,80
SU9582,UTair,2024-06-06,03:49,161
SU3214,S7 Airlines,2024-08-13,12:16,223
SU3226,Rossiya,2024-02-01,02:58,282
SU2585,Pobeda,2024-10-20,19:16,257
SU7660,Ural Airlines,2024-05-12,23:01,245
SU1050,Nordavia,2024-07-04,19:30,203
SU7199,Ural Airlines,2024-02-14,21:05,56
SU3890,Yakutia,2024-11-09,11:42,271
SU5308,Aeroflot,2024-07-08,01:01,334
SU1457,S7 Airlines,2024-08-08,18:17,305
SU2690,Yakutia,2024-08-20,08:09,255
SU8825,Ural Airlines,2024-08-03,05:19,197
SU6517,Rossiya,2024-03-27,10:48,85
SU6918,Rossiya,2024-01-23,08:29,297
SU1355,Yakutia,2024-08-16,21:05,326
SU2971,Ural Airlines,2024-01-24,13:42,96
SU4064,Rossiya,2024-11-13,01:52,94
SU4335,Ural Airlines,2024-04-19,15:44,257
SU715,Rossiya,2024-05-25,03:56,96
SU5547,Red Wings,2024-04-11,06:55,316
SU1829,Ural Airlines,2024-03-26,13:22,188
SU9016,UTair,2024-07-23,09:55,207
SU3280,Rossiya,2024-11-02,16:32,115
SU2812,UTair,2024-05-09,11:12,139
SU6079,Yakutia,2024-01-05,00:11,239
SU9564,S7 Airlines,2024-10-14,00:21,331
SU8364,Rossiya,2024-12-21,06:20,256
SU1850,Red Wings,2024-10-02,14:03,234
SU9954,Ural Airlines,2024-04-26,00:42,313
SU9091,Red Wings,2024-07-02,09:48,78
SU7192,Aeroflot,2024-06-03,06:42,245
SU2408,Rossiya,2024-10-17,23:22,289
SU8086,Ural Airlines,2024-10-07,23:11,87
SU2106,Aeroflot,2024-08-18,14:13,349
SU8222,Yakutia,2024-05-17,10:41,188
SU5555,Pobeda,2024-04-18,12:13,290
SU7485,Pobeda,2024-03-18,05:55,184
SU9748,Red Wings,2024-04-14,16:54,298
SU769,Rossiya,2024-02-03,20:05,118
SU3584,Pobeda,2024-04-25,05:48,239
SU7089,Aeroflot,2024-07-08,18:10,169
SU3339,Ural Airlines,2024-03-05,04:18,131
SU9777,UTair,2024-06-16,01:18,59
SU9216,Aeroflot,2024-07-15,08:46,281
SU8577,Aeroflot,2024-12-09,23:30,143
SU1957,Ural Airlines,2024-08-01,12:55,55
SU6501,Nordavia,2024-11-23,17:34,206
SU7826,Yakutia,2024-12-14,19:01,194
SU6184,Ural Airlines,2024-02-18,19:53,201
SU331,Nordavia,2024-05-09,09:29,104
SU5754,Azimuth,2024-10-15,18:27,179
SU7824,Yakutia,2024-03-02,23:23,329
SU3636,S7 Airlines,2024-06-26,01:45,82
SU9887,Nordavia,2024-02-13,02:17,163
SU2392,Pobeda,2024-10-10,12:44,224
SU1937,Ural Airlines,2024-08-21,15:46,240
SU3125,Ural Airlines,2024-07-09,19:04,346
SU7955,Aeroflot,2024-06-16,07:31,268
SU6763,Aeroflot,2024-12-01,00:49,170
SU8323,Rossiya,2024-05-16,10:22,203
SU9298,Azimuth,2024-04-01,17:27,95
SU2751,UTair,2024-03-23,06:21,286
SU7925,Red Wings,2024-03-01,18:55,217
SU1897,Pobeda,2024-09-07,08:58,90
SU2081,Red Wings,2024-02-09,10:05,93
SU1228,S7 Airlines,2024-11-13,16:53,232
SU5554,UTair,2024-09-13,00:08,120
SU3799,Ural Airlines,2024-03-03,11:11,66
SU6671,Azimuth,2024-08-05,12:36,71
SU7985,S7 Airlines,2024-12-03,00:42,226
SU6230,Yakutia,2024-05-09,01:13,349
SU3250,Rossiya,2024-01-26,01:18,299
SU7983,UTair,2024-05-18,19:59,339
SU8265,Azimuth,2024-09-12,10:55,257
SU4446,Nordavia,2024-08-02,23:00,266
SU1801,Yakutia,2024-08-19,12:54,330
SU5346,Ural Airlines,2024-11-27,09:55,331
SU1141,Nordavia,2024-11-13,12:29,112
SU3545,Rossiya,2024-06-05,04:20,319
SU9513,Nordavia,2024-05-28,06:37,178
SU3432,UTair,2024-05-16,12:19,325
SU8630,Red Wings,2024-07-17,07:31,191
SU8032,UTair,2024-03-16,04:20,196
SU806,UTair,2024-04-13,13:09,146
SU447,Rossiya,2024-11-22,17:55,203
SU8652,Pobeda,2024-10-12,02:17,178
SU5788,Rossiya,2024-04-14,16:14,125
SU2265,Red Wings,2024-10-18,23:22,175
SU705,UTair,2024-03-06,15:16,81
SU8446,Nordavia,2024-01-16,13:03,227
SU7457,Pobeda,2024-09-28,23:41,68
SU8878,Nordavia,2024-02-04,13:53,107
SU2618,UTair,2024-01-09,15:46,188
SU5995,UTair,2024-02-08,00:07,223
SU1304,Yakutia,2024-09-28,19:53,178
SU7777,Pobeda,2024-05-20,20:47,293
SU9874,Aeroflot,2024-09-24,22:10,65
SU8784,Rossiya,2024-12-02,12:18,178
SU7757,S7 Airlines,2024-08-14,17:19,111
SU8037,Red Wings,2024-07-26,11:30,238
SU2515,Rossiya,2024-01-01,13:29,69
SU662,Yakutia,2024-02-03,12:08,324
SU2118,Pobeda,2024-04-17,18:30,240
SU298,Red Wings,2024-09-24,13:12,67
SU9028,Ural Airlines,2024-07-15,10:08,144
SU8514,Yakutia,2024-12-10,20:00,152
SU8352,Ural Airlines,2024-02-19,07:05,166
SU8625,Aeroflot,2024-01-08,05:53,242
SU7351,Azimuth,2024-10-26,19:06,206
SU583,Rossiya,2024-11-28,20:33,181
SU2640,Yakutia,2024-01-08,09:39,344
SU7820,S7 Airlines,2024-11-25,17:23,287
SU1851,S7 Airlines,2024-04-01,08:31,136
SU4847,S7 Airlines,2024-03-15,20:08,144
SU8600,UTair,2024-06-22,18:53,161
SU9962,Pobeda,2024-06-17,20:34,148
SU2773,Aeroflot,2024-11-05,18:18,99
SU1587,Ural Airlines,2024-11-16,06:37,160
SU5885,Red Wings,2024-09-02,16:41,296
SU4819,Pobeda,2024-07-22,15:00,275
SU1276,Aeroflot,2024-08-25,03:20,217
SU5896,Nordavia,2024-07-09,06:41,222
SU5992,Yakutia,2024-09-06,23:42,342
SU3541,UTair,2024-12-03,22:15,282
SU6745,Red Wings,2024-10-22,04:22,205
SU7867,Azimuth,2024-01-04,08:06,331
SU2761,Aeroflot,2024-07-14,00:45,197
SU6401,Red Wings,2024-10-21,12:09,61
SU7232,UTair,2024-02-18,00:55,320
SU8857,Ural Airlines,2024-05-08,21:01,165
SU3446,Azimuth,2024-04-08,13:10,228
SU6068,Nordavia,2024-04-14,13:22,281
SU8121,Yakutia,2024-08-24,02:59,321
SU7155,Nordavia,2024-08-02,17:30,344
SU6583,Azimuth,2024-05-11,08:49,140
SU4651,Aeroflot,2024-05-12,08:46,167
SU7417,Pobeda,2024-03-02,13:47,251
SU1325,Yakutia,2024-05-17,21:56,239
SU7058,Nordavia,2024-09-24,22:17,333
SU4160,S7 Airlines,2024-11-04,11:29,230
SU2657,S7 Airlines,2024-12-14,07:24,334
SU926,S7 Airlines,2024-05-18,17:47,348
SU3897,S7 Airlines,2024-04-06,07:21,81
SU3188,Rossiya,2024-08-14,00:45,195
SU6305,Nordavia,2024-10-28,00:30,296
SU4315,Azimuth,2024-12-16,02:09,213
SU3670,Pobeda,2024-04-24,17:35,143
SU7300,Pobeda,2024-03-12,12:23,212
SU7081,Red Wings,2024-11-13,22:28,299
SU1472,Pobeda,2024-09-08,05:47,213
SU2459,UTair,2024-03-04,05:46,59
SU5110,Ural Airlines,2024-03-12,13:43,335
SU4957,Rossiya,2024-07-18,05:22,234
SU5388,Rossiya,2024-12-23,16:44,216
SU3957,Nordavia,2024-01-09,17:33,87
SU1063,Yakutia,2024-01-15,23:28,222
SU9744,S7 Airlines,2024-10-10,02:03,276
SU132,Azimuth,2024-12-18,15:11,328
SU4381,UTair,2024-03-13,16:25,308
SU3504,Azimuth,2024-04-23,10:55,288
SU8428,Red Wings,2024-06-10,04:01,135
SU2343,Red Wings,2024-08-08,09:13,300
SU1993,UTair,2024-07-23,15:54,85
SU403,UTair,2024-12-01,04:45,214
SU9920,Red Wings,2024-01-21,08:34,329
SU150,Ural Airlines,2024-03-03,20:37,283
SU2837,Rossiya,2024-01-24,01:54,291
SU7373,S7 Airlines,2024-12-22,05:14,112
SU2626,Rossiya,2024-12-24,15:41,347
SU1460,Yakutia,2024-05-17,06:26,291
SU6395,Aeroflot,2024-05-15,16:47,156
SU2461,Rossiya,2024-06-26,00:44,296
SU3761,UTair,2024-01-16,08:11,345
SU8470,Aeroflot,2024-04-07,09:07,110
SU6942,Red Wings,2024-03-15,16:15,54
SU9227,Ural Airlines,2024-04-28,03:49,93
SU9731,Aeroflot,2024-03-27,20:56,86
SU6218,Ural Airlines,2024-11-17,00:50,147
SU6628,Nordavia,2024-02-06,14:30,280
SU9601,Ural Airlines,2024-07-12,08:12,159
SU4542,UTair,2024-02-10,20:00,221
SU824,Ural Airlines,2024-03-13,04:24,284
SU8699,Rossiya,2024-02-24,23:15,155
SU5854,S7 Airlines,2024-05-18,06:27,340
SU6646,Pobeda,2024-02-02,22:59,283
SU5959,Aeroflot,2024-09-03,19:12,64
SU1614,Ural Airlines,2024-08-04,07:45,336
SU5644,Pobeda,2024-04-28,04:47,104
SU2375,Azimuth,2024-12-19,20:16,152
SU8982,Azimuth,2024-09-17,06:57,231
SU7595,UTair,2024-12-01,23:15,141
SU4989,Rossiya,2024-04-14,10:59,166
SU9134,Rossiya,2024-11-16,00:54,240
SU6923,Red Wings,2024-09-16,06:30,186
SU1993,Ural Airlines,2024-07-22,20:56,174
SU4922,Ural Airlines,2024-07-11,02:29,215
SU2158,Pobeda,2024-08-09,13:07,181
SU1674,UTair,2024-12-25,03:41,345
SU5352,Yakutia,2024-05-22,13:30,55
SU7910,Ural Airlines,2024-01-01,17:53,102
SU5555,Yakutia,2024-01-05,04:10,289
SU1538,UTair,2024-11-24,12:22,231
SU1063,S7 Airlines,2024-09-26,23:16,242
SU3785,Nordavia,2024-05-26,23:40,215
SU6637,S7 Airlines,2024-04-18,14:53,193
SU2777,Red Wings,2024-03-05,23:48,270
SU4464,Yakutia,2024-05-04,13:28,75
SU5350,Aeroflot,2024-05-23,11:12,219
SU3430,Aeroflot,2024-03-22,16:48,238
SU1700,Pobeda,2024-05-20,23:04,286
SU6979,UTair,2024-10-04,23:55,133
SU3835,UTair,2024-07-27,13:25,243
SU6189,Pobeda,2024-05-21,22:37,338
SU8389,Red Wings,2024-06-25,22:40,320
SU5055,Nordavia,2024-01-03,02:35,126
SU8676,Red Wings,2024-04-01,07:13,333
SU1617,Nordavia,2024-06-05,22:22,153
SU4942,Aeroflot,2024-05-26,07:17,174
SU4117,Azimuth,2024-06-14,17:45,306
SU5300,Yakutia,2024-05-21,15:15,237
SU8886,Yakutia,2024-09-03,03:16,50
SU9042,Yakutia,2024-10-20,08:18,166
SU7992,Rossiya,2024-04-14,01:06,168
SU6559,Pobeda,2024-06-15,11:33,142
SU1516,Azimuth,2024-10-28,19:48,183
SU9780,Rossiya,2024-08-20,11:11,344
SU4700,Ural Airlines,2024-10-07,17:16,303
SU9265,S7 Airlines,2024-11-25,05:00,86
SU8386,Yakutia,2024-05-22,12:35,185
SU9861,Nordavia,2024-02-12,04:35,159
SU4380,Ural Airlines,2024-07-21,22:39,302
SU4468,UTair,2024-01-20,14:59,327
SU8436,Ural Airlines,2024-01-05,11:43,307
SU3728,S7 Airlines,2024-08-25,20:05,289
SU7997,Nordavia,2024-11-04,23:55,126
SU167,Red Wings,2024-01-03,18:30,222
SU6737,Yakutia,2024-03-20,21:40,101
SU9754,Pobeda,2024-04-07,14:15,102
SU5036,S7 Airlines,2024-12-06,08:22,266
SU4591,Azimuth,2024-01-07,06:28,69
SU876,Ural Airlines,2024-10-11,09:32,73
SU2742,Azimuth,2024-09-10,21:32,56
SU4667,Aeroflot,2024-09-09,21:41,104
SU1435,UTair,2024-02-18,08:49,334
SU2874,Nordavia,2024-10-15,06:11,130
SU9247,S7 Airlines,2024-07-01,02:32,116
SU4844,UTair,2024-05-16,17:17,277
SU7061,Nordavia,2024-10-11,12:34,117
SU3267,Yakutia,2024-06-04,06:01,166
SU9675,Red Wings,2024-11-11,17:10,210
SU8568,Aeroflot,2024-08-02,05:23,246
SU4937,Pobeda,2024-05-13,21:07,327
SU3331,Ural Airlines,2024-10-08,17:54,294
SU6970,Yakutia,2024-05-05,17:52,321
SU3577,Nordavia,2024-08-15,11:54,87
SU1089,Pobeda,2024-12-22,12:56,349
SU8568,Ural Airlines,2024-06-05,01:53,151
SU9602,Ural Airlines,2024-07-25,03:33,308
SU3822,Red Wings,2024-02-19,23:50,338
SU7874,S7 Airlines,2024-11-11,13:40,220
SU7578,Rossiya,2024-03-11,23:36,233
SU2856,S7 Airlines,2024-10-04,19:18,248
SU1772,Ural Airlines,2024-05-14,13:26,242
SU5613,UTair,2024-03-06,23:20,158
SU1402,Yakutia,2024-06-28,08:24,334
SU5956,Ural Airlines,2024-07-05,01:15,122
SU4290,Red Wings,2024-02-01,18:13,309
SU1317,Nordavia,2024-08-02,12:21,167
SU3163,Aeroflot,2024-12-20,16:33,277
SU1619,Red Wings,2024-09-21,15:24,243
SU8629,Yakutia,2024-09-01,21:28,171
SU1833,Nordavia,2024-02-23,15:29,213
SU1802,UTair,2024-12-20,09:22,79
SU9268,Pobeda,2024-09-22,02:17,203
SU8045,Aeroflot,2024-04-04,17:46,95
SU1841,Rossiya,2024-06-03,18:19,118
SU816,Azimuth,2024-09-02,23:05,104
SU5466,S7 Airlines,2024-08-19,00:03,115
SU2256,Ural Airlines,2024-06-19,20:43,239
SU8915,Aeroflot,2024-10-09,03:22,86
SU9812,UTair,2024-05-05,12:33,130
SU2817,Nordavia,2024-07-19,02:06,106
SU9748,Aeroflot,2024-12-26,21:27,102
SU194,Ural Airlines,2024-01-04,17:50,170
SU3378,Red Wings,2024-02-04,04:18,321
SU3665,Nordavia,2024-10-18,11:25,111
SU1098,Aeroflot,2024-01-01,06:46,194
SU3014,Aeroflot,2024-11-09,17:41,191
SU3942,UTair,2024-08-28,06:10,213
SU2862,Pobeda,2024-08-17,04:01,182
SU4567,UTair,2024-04-24,13:18,312
SU5503,Pobeda,2024-09-03,16:31,342
SU2332,Ural Airlines,2024-07-11,10:14,233
SU6910,Nordavia,2024-04-23,04:39,134
SU1076,Ural Airlines,2024-02-09,19:17,251
SU1717,Azimuth,2024-01-11,06:17,317
SU9102,Aeroflot,2024-01-18,10:09,82
SU9241,Ural Airlines,2024-07-04,05:16,80
SU6546,S7 Airlines,2024-12-22,05:23,277
SU8130,Pobeda,2024-10-09,00:13,346
SU5294,Pobeda,2024-04-13,10:34,217
SU5192,Aeroflot,2024-02-12,03:38,272
SU3014,Azimuth,2024-02-14,02:39,277
SU5071,Ural Airlines,2024-12-14,18:51,342
SU5766,Pobeda,2024-07-26,06:48,316
SU8140,Nordavia,2024-03-09,19:46,347
SU9523,Yakutia,2024-04-16,11:13,198
SU1542,Azimuth,2024-12-18,16:05,195
SU9815,Yakutia,2024-12-01,17:29,271
SU5862,Rossiya,2024-09-02,07:04,221
SU6074,Pobeda,2024-12-01,23:20,259
SU8514,Nordavia,2024-02-13,10:00,249
SU1445,Nordavia,2024-07-12,20:19,108
SU8675,Rossiya,2024-08-14,14:05,281
SU9606,UTair,2024-05-23,03:05,88
SU5396,Rossiya,2024-02-26,07:54,67
SU9561,Rossiya,2024-08-15,05:53,84
SU4998,Nordavia,2024-10-05,04:45,293
SU5209,S7 Airlines,2024-01-02,01:10,213
SU5998,Rossiya,2024-12-15,18:19,260
SU5583,S7 Airlines,2024-04-16,07:52,226
SU7547,Yakutia,2024-05-01,05:42,290
SU2557,Yakutia,2024-10-23,17:19,74
SU4639,Pobeda,2024-01-27,04:05,272
SU2375,UTair,2024-04-17,11:22,208
SU6564,Nordavia,2024-03-17,00:23,139
SU8548,S7 Airlines,2024-08-22,10:49,73
SU9014,Rossiya,2024-07-21,17:03,287
SU2382,Nordavia,2024-05-12,16:04,320
SU266,Aeroflot,2024-10-05,15:45,180
SU9668,Ural Airlines,2024-04-02,17:44,307
SU834,Nordavia,2024-03-03,13:26,136
SU8386,Nordavia,2024-06-20,00:11,131
SU3937,Ural Airlines,2024-06-04,22:16,166
SU2104,Aeroflot,2024-06-26,08:54,340
SU8799,Ural Airlines,2024-10-13,10:31,201
SU9118,Pobeda,2024-08-26,03:50,152
SU440,Nordavia,2024-12-11,16:15,321
SU4241,Ural Airlines,2024-05-22,21:04,269
SU5461,Yakutia,2024-02-02,14:31,315
SU7913,Red Wings,2024-10-25,04:34,291
SU8883,Ural Airlines,2024-07-24,01:31,324
SU5740,Red Wings,2024-02-15,10:46,342
SU654,Yakutia,2024-05-20,08:44,258
SU8602,UTair,2024-06-01,14:47,249
SU7596,Ural Airlines,2024-04-23,18:53,252
SU2365,Aeroflot,2024-09-09,05:32,282
SU8894,S7 Airlines,2024-01-06,07:03,245
SU7789,Ural Airlines,2024-01-24,17:50,143
SU7753,Azimuth,2024-04-10,19:26,163
SU437,Aeroflot,2024-11-24,14:31,252
SU8841,Azimuth,2024-02-21,08:07,197
SU2839,Pobeda,2024-12-02,17:40,56
SU5538,Pobeda,2024-11-10,17:10,319
SU8573,Aeroflot,2024-07-02,19:35,317
SU4331,Aeroflot,2024-10-20,05:57,194
SU4519,Ural Airlines,2024-01-20,10:07,111
SU5692,Nordavia,2024-12-22,19:55,292
SU3998,Yakutia,2024-01-10,17:33,88
SU8436,Pobeda,2024-10-27,12:35,69
SU2917,Rossiya,2024-07-07,07:16,114
SU7045,Pobeda,2024-05-22,12:54,213
SU3342,Red Wings,2024-12-13,09:57,252
SU7784,S7 Airlines,2024-08-27,16:51,85
SU3540,Aeroflot,2024-09-14,22:40,209
SU637,Azimuth,2024-05-05,12:36,179
SU7583,Pobeda,2024-01-21,00:50,141
SU9985,Nordavia,2024-07-24,14:08,127
SU6766,UTair,2024-05-08,10:25,139
SU6498,S7 Airlines,2024-01-01,15:02,288
SU2417,Pobeda,2024-11-09,09:02,257
SU4887,Yakutia,2024-10-03,03:46,108
SU4190,Azimuth,2024-02-27,02:26,114
SU3305,Rossiya,2024-03-19,05:11,235
SU7569,Azimuth,2024-07-27,01:04,221
SU4863,Yakutia,2024-02-07,09:41,157
SU1840,UTair,2024-05-25,22:02,88
SU2650,Red Wings,2024-02-27,19:53,268
SU2135,Pobeda,2024-01-17,11:57,74
SU5670,Ural Airlines,2024-04-20,10:53,193
SU7369,Aeroflot,2024-09-14,01:52,192
SU9328,Rossiya,2024-07-10,18:49,236
SU9989,Nordavia,2024-05-03,01:24,332
SU3612,Ural Airlines,2024-02-27,11:05,332
SU3638,Yakutia,2024-01-27,00:11,284
SU4824,Nordavia,2024-03-24,18:25,132
SU9017,Rossiya,2024-02-08,05:15,257
SU462,Nordavia,2024-09-16,00:26,259
SU1417,Aeroflot,2024-07-18,16:42,335
SU4915,UTair,2024-08-08,03:22,253
SU2298,UTair,2024-10-25,15:47,121
SU9692,Ural Airlines,2024-06-18,21:40,241
SU8148,S7 Airlines,2024-10-08,16:55,171
SU6983,Red Wings,2024-11-27,09:39,158
SU2288,UTair,2024-05-14,06:28,110
SU9252,Aeroflot,2024-10-21,10:23,118
SU1446,UTair,2024-07-11,15:30,336
SU9282,Rossiya,2024-09-12,06:19,179
SU8626,Azimuth,2024-11-05,16:21,168
SU980,Red Wings,2024-10-21,09:20,211
SU1200,Ural Airlines,2024-12-12,12:52,77
SU3287,Aeroflot,2024-05-13,06:06,241
SU9383,Pobeda,2024-09-06,18:11,309
SU4536,Yakutia,2024-07-02,01:22,184
SU1787,Pobeda,2024-12-17,12:42,278
SU7601,Ural Airlines,2024-04-20,02:29,179
SU3567,Red Wings,2024-03-04,09:22,300
SU9320,S7 Airlines,2024-01-07,21:58,288
SU7498,UTair,2024-10-14,10:34,109
SU7714,UTair,2024-03-27,04:26,236
SU3813,S7 Airlines,2024-07-09,16:53,306
SU8355,Yakutia,2024-01-15,12:35,182
SU8444,Aeroflot,2024-09-07,22:21,95
SU3812,Aeroflot,2024-05-25,15:53,183
SU2653,Pobeda,2024-06-19,21:24,335
SU6899,Red Wings,2024-03-22,04:15,77
SU4786,Rossiya,2024-01-04,04:36,110
SU6016,Aeroflot,2024-04-24,13:14,102
SU4076,Pobeda,2024-09-04,06:35,90
SU5085,S7 Airlines,2024-03-27,12:15,326
SU1278,S7 Airlines,2024-12-10,11:06,274
SU4227,S7 Airlines,2024-06-16,07:38,57
SU6820,Yakutia,2024-11-20,20:57,50
SU7720,Ural Airlines,2024-10-22,06:50,270
SU8447,Aeroflot,2024-04-22,10:35,81
SU6868,UTair,2024-04-06,11:32,319
SU6547,Rossiya,2024-08-16,21:57,315
SU4693,Ural Airlines,2024-02-21,16:14,261
SU924,Red Wings,2024-12-13,09:21,115
SU8847,Aeroflot,2024-07-22,11:23,185
SU7442,Rossiya,2024-09-24,02:39,59
SU545,Red Wings,2024-09-28,04:22,270
SU876,Pobeda,2024-07-17,15:18,65
SU3845,Rossiya,2024-06-22,03:04,258
SU4802,Ural Airlines,2024-09-08,04:37,148
SU9463,Ural Airlines,2024-02-06,20:47,250
SU4659,Red Wings,2024-09-18,13:10,155
SU5410,Yakutia,2024-04-16,11:41,211
SU5273,UTair,2024-04-18,09:42,297
SU6876,Azimuth,2024-11-06,21:18,133
SU7211,Pobeda,2024-11-23,07:15,205
SU3978,Aeroflot,2024-11-10,10:11,177
SU1674,Red Wings,2024-09-09,01:56,200
SU7965,Nordavia,2024-01-11,16:30,289
SU2552,S7 Airlines,2024-11-24,05:50,218
SU6608,Ural Airlines,2024-09-18,09:58,255
SU7857,Azimuth,2024-05-23,01:28,73
SU3625,Nordavia,2024-11-21,08:38,60
SU8492,Nordavia,2024-01-14,02:03,132
SU2357,Azimuth,2024-01-19,10:30,77
SU7774,Yakutia,2024-03-09,07:18,316
SU5131,Nordavia,2024-09-03,21:54,85
SU4685,Ural Airlines,2024-04-26,19:20,77
SU7575,Ural Airlines,2024-07-07,07:10,219
SU6967,Ural Airlines,2024-01-27,15:11,148
SU3708,S7 Airlines,2024-09-02,09:12,259
SU5328,Rossiya,2024-10-19,05:09,93
SU1255,S7 Airlines,2024-08-17,21:13,331
SU3723,Nordavia,2024-04-14,08:28,269
SU622,Nordavia,2024-04-12,03:29,348
SU405,Pobeda,2024-04-24,13:45,250
SU9697,Azimuth,2024-02-14,11:50,237
SU9243,Nordavia,2024-08-13,02:12,199
SU5874,S7 Airlines,2024-06-28,15:08,85
SU9435,UTair,2024-09-02,06:00,262
SU4970,S7 Airlines,2024-01-03,12:17,281
SU8589,Aeroflot,2024-11-04,02:31,170
SU1922,Nordavia,2024-01-07,06:16,88
SU7561,Red Wings,2024-02-26,04:18,164
SU3395,UTair,2024-07-17,00:02,191
SU6268,Ural Airlines,2024-06-01,02:03,101
SU2588,UTair,2024-05-16,21:24,313
SU5674,Yakutia,2024-07-18,09:05,220
SU9100,Azimuth,2024-04-01,09:48,287
SU541,Aeroflot,2024-06-01,19:33,236
SU220,Nordavia,2024-11-14,11:54,177
SU1203,Red Wings,2024-02-02,11:00,339
SU3971,Red Wings,2024-04-14,07:19,341
SU9508,Ural Airlines,2024-12-27,09:06,149
SU2638,Pobeda,2024-10-15,05:52,85
SU8033,Yakutia,2024-10-14,22:56,69
SU3909,Ural Airlines,2024-05-17,15:05,137
SU8890,Rossiya,2024-01-02,17:04,122
SU2396,Nordavia,2024-01-08,11:55,201
SU3227,Azimuth,2024-02-27,12:46,292
SU4790,Pobeda,2024-02-22,19:39,205
SU5619,Yakutia,2024-07-25,20:08,307
SU2263,Ural Airlines,2024-03-08,21:38,137
SU7186,Yakutia,2024-10-22,19:47,292
SU803,UTair,2024-08-07,11:09,97
SU2960,S7 Airlines,2024-12-22,08:37,264
SU7188,UTair,2024-07-20,11:54,256
SU5604,Yakutia,2024-11-09,04:04,155
SU6115,Pobeda,2024-03-08,07:44,182
SU810,UTair,2024-09-25,00:18,349
SU7887,Red Wings,2024-10-09,08:03,115
SU7826,Red Wings,2024-01-12,00:17,92
SU4192,Red Wings,2024-07-10,14:32,319
SU9846,Yakutia,2024-02-09,21:24,313
SU405,Pobeda,2024-10-16,08:25,307
SU5419,Pobeda,2024-12-16,15:22,201
SU9722,Red Wings,2024-12-12,01:24,127
SU5988,UTair,2024-12-04,05:55,350
SU564,UTair,2024-02-23,01:16,348
SU3266,Pobeda,2024-04-16,05:39,280
SU8845,Nordavia,2024-07-06,02:47,271
SU5146,S7 Airlines,2024-10-24,08:56,303
SU7166,Aeroflot,2024-01-20,18:42,299
SU2342,Rossiya,2024-02-14,01:32,201
SU1174,Pobeda,2024-01-27,02:46,304
SU2109,UTair,2024-05-20,22:28,214
SU2602,Rossiya,2024-04-20,12:33,195
SU5388,Azimuth,2024-09-20,19:19,184
SU3501,Nordavia,2024-10-28,07:28,137
SU2203,Pobeda,2024-04-21,12:15,52
SU412,S7 Airlines,2024-04-16,15:56,116
SU4579,Yakutia,2024-10-22,08:20,113
SU4249,Rossiya,2024-11-21,09:20,125
SU883,Azimuth,2024-12-18,02:58,181
SU6769,UTair,2024-04-06,12:15,317
SU2535,Pobeda,2024-06-19,00:04,186
SU4376,S7 Airlines,2024-04-18,00:51,54
SU5124,UTair,2024-08-09,04:56,316
SU4742,UTair,2024-08-14,23:35,300
SU5299,Azimuth,2024-07-05,17:27,218
SU8763,S7 Airlines,2024-01-03,03:43,276
SU4990,Rossiya,2024-03-03,21:03,342
SU8193,Rossiya,2024-01-10,14:13,59
SU4898,Nordavia,2024-09-25,00:45,146
SU7217,Aeroflot,2024-05-24,17:20,106
SU9375,Ural Airlines,2024-09-12,06:09,274
SU2441,S7 Airlines,2024-11-04,00:48,232
SU6069,Ural Airlines,2024-08-21,10:22,230
SU3157,S7 Airlines,2024-12-21,07:45,171
SU9019,Red Wings,2024-05-04,19:00,164
SU2504,Azimuth,2024-09-28,20:34,321
SU6649,UTair,2024-12-19,11:16,285
SU1499,Nordavia,2024-05-22,13:23,288
SU5516,Rossiya,2024-11-17,04:11,271
SU183,Aeroflot,2024-08-04,01:15,81
SU2343,Ural Airlines,2024-01-16,14:04,229
SU8934,Nordavia,2024-02-22,22:49,344
SU351,Rossiya,2024-04-05,21:50,50
SU8583,Nordavia,2024-03-26,21:22,236
SU3301,S7 Airlines,2024-12-16,03:40,270
SU6648,Ural Airlines,2024-07-08,02:21,118
SU9718,Yakutia,2024-10-25,13:03,97
SU991,Azimuth,2024-12-22,17:30,118
SU4871,Rossiya,2024-05-25,04:59,322
SU9265,Rossiya,2024-07-09,02:28,133
SU7583,Nordavia,2024-08-21,00:10,142
SU9849,Yakutia,2024-11-02,09:10,89
SU9298,S7 Airlines,2024-09-15,10:36,303
SU5452,Ural Airlines,2024-07-02,11:20,282
SU7053,Ural Airlines,2024-02-17,10:18,181
SU5229,S7 Airlines,2024-05-10,21:57,313
SU7766,Nordavia,2024-05-09,09:37,206
SU4994,Ural Airlines,2024-06-19,18:56,117
SU652,Azimuth,2024-08-19,04:37,125
SU5606,Pobeda,2024-10-16,23:31,261
SU7557,Rossiya,2024-09-19,09:53,286
SU1819,Rossiya,2024-06-20,13:44,256
SU4817,Pobeda,2024-12-25,20:47,314
SU226,Azimuth,2024-12-06,14:40,205
SU6238,Yakutia,2024-06-07,10:25,308
SU7217,Ural Airlines,2024-05-19,05:09,98
SU8889,UTair,2024-11-16,01:16,241
SU7232,Azimuth,2024-09-11,09:43,254
SU7939,Ural Airlines,2024-04-01,22:29,228
SU1432,Aeroflot,2024-10-24,12:28,135
SU6835,Rossiya,2024-08-20,17:33,294
SU9650,UTair,2024-04-12,15:50,50
SU5019,Nordavia,2024-06-18,01:02,133
SU7620,Azimuth,2024-09-10,15:47,154
SU7709,UTair,2024-03-14,14:29,188
SU7669,UTair,2024-03-27,18:35,274
SU7549,Rossiya,2024-08-05,02:46,160
SU8944,Rossiya,2024-12-17,21:34,167
SU3532,Nordavia,2024-11-20,13:50,264
SU5135,Rossiya,2024-02-03,18:20,192
SU1681,Yakutia,2024-01-13,18:06,81
SU1099,UTair,2024-02-13,21:11,298
SU8567,Aeroflot,2024-01-13,08:11,219
SU7808,Red Wings,2024-09-28,20:49,185
SU2914,Red Wings,2024-10-28,23:23,318
SU8394,Pobeda,2024-07-14,06:44,289
SU9043,Red Wings,2024-09-05,06:21,236
SU2060,Aeroflot,2024-09-18,22:29,263
SU6735,Nordavia,2024-08-01,18:26,143
SU2062,Pobeda,2024-02-23,05:44,214
SU7179,UTair,2024-02-22,15:04,107
SU6967,Nordavia,2024-10-18,09:50,104
SU1142,Yakutia,2024-12-20,18:12,142
SU3946,Azimuth,2024-11-09,01:59,247
SU605,UTair,2024-03-02,07:56,300
SU1125,Nordavia,2024-02-06,13:44,159
SU190,Aeroflot,2024-01-27,12:50,217
SU1131,S7 Airlines,2024-06-05,08:53,207
SU5649,Aeroflot,2024-02-04,01:28,228
SU6030,Rossiya,2024-07-14,00:16,57
SU3302,Azimuth,2024-09-18,20:20,138
SU3999,Pobeda,2024-01-09,15:42,145
SU7589,UTair,2024-11-02,11:43,231
SU8663,S7 Airlines,2024-04-25,06:19,306
SU3875,Azimuth,2024-03-07,19:11,337
SU4976,Aeroflot,2024-04-12,01:03,264
SU5039,Pobeda,2024-06-18,10:03,259
SU4222,Nordavia,2024-11-14,13:35,127
SU2720,Red Wings,2024-01-10,14:14,186
SU6431,Rossiya,2024-01-18,02:31,205
SU9914,Aeroflot,2024-06-01,17:36,289
SU5209,Yakutia,2024-02-13,20:10,347
SU9629,Aeroflot,2024-07-05,18:26,54
SU4156,Azimuth,2024-03-16,12:10,78
SU6475,Azimuth,2024-04-02,09:14,309
SU8969,Red Wings,2024-11-18,20:18,174
SU5818,Red Wings,2024-10-13,02:39,179
SU7598,Rossiya,2024-02-15,04:02,175
SU4692,Rossiya,2024-07-20,22:04,212
SU659,Pobeda,2024-03-03,02:29,288
SU8187,Red Wings,2024-04-19,20:32,98
SU1233,Yakutia,2024-09-07,02:04,207
SU4622,Aeroflot,2024-01-08,02:35,161
SU7932,Rossiya,2024-05-05,04:28,343
SU7120,Azimuth,2024-11-19,08:58,235
SU5225,Aeroflot,2024-01-27,05:19,345
SU3666,Yakutia,2024-11-14,11:42,280
SU6104,S7 Airlines,2024-10-08,00:44,124
SU5385,Yakutia,2024-03-17,12:02,92
SU7940,Aeroflot,2024-10-19,04:30,292
SU4719,Red Wings,2024-09-05,21:43,80
SU8290,Ural Airlines,2024-07-13,06:36,194
SU2475,UTair,2024-12-19,20:32,288
SU6768,Yakutia,2024-10-10,19:33,277
SU1054,Rossiya,2024-08-17,12:05,146
SU4483,Ural Airlines,2024-04-16,06:03,275
SU508,Yakutia,2024-11-01,12:22,171
SU1936,Ural Airlines,2024-01-05,11:56,286
SU7842,Rossiya,2024-04-08,15:38,51
SU6453,Pobeda,2024-05-22,09:34,183
SU1602,Pobeda,2024-08-23,16:37,141
SU7177,Azimuth,2024-10-07,22:04,124
SU517,Yakutia,2024-09-14,14:26,268
SU4424,Azimuth,2024-04-17,12:31,113
SU4875,Pobeda,2024-08-11,07:26,254
SU6726,Pobeda,2024-06-09,17:19,171
SU959,Nordavia,2024-11-26,02:07,133
SU4016,Red Wings,2024-04-13,09:43,350
SU2613,Yakutia,2024-01-05,14:05,331
SU5165,Aeroflot,2024-09-16,02:47,231
SU4890,Aeroflot,2024-03-25,23:11,119
SU832,Rossiya,2024-03-20,22:32,157
SU3379,Yakutia,2024-02-07,14:24,302
SU1652,Red Wings,2024-11-08,06:14,185
SU7170,Nordavia,2024-10-11,04:03,314
SU173,Aeroflot,2024-11-21,06:45,61
SU3157,S7 Airlines,2024-10-09,05:51,115
SU1700,S7 Airlines,2024-12-20,21:40,216
SU3265,Yakutia,2024-10-27,06:03,326
SU1760,Azimuth,2024-06-07,23:23,123
SU9385,Aeroflot,2024-08-13,16:55,303
SU1449,Pobeda,2024-05-19,16:07,251
SU2551,Red Wings,2024-05-14,18:08,96
SU9084,Pobeda,2024-06-07,00:07,271
SU5521,Yakutia,2024-04-02,19:20,268
SU3529,Aeroflot,2024-03-03,14:24,89
SU7519,Azimuth,2024-11-26,17:31,148
SU1393,UTair,2024-08-09,06:34,150
SU2829,Rossiya,2024-02-15,02:56,133
SU7758,Nordavia,2024-03-16,02:19,156
SU3161,Nordavia,2024-03-21,04:56,82
SU1527,Yakutia,2024-03-26,09:06,293
SU119,Nordavia,2024-07-21,19:27,59
SU7670,Rossiya,2024-10-13,09:23,253
SU6455,Azimuth,2024-02-27,17:01,246
SU9203,Azimuth,2024-07-21,12:10,282
SU2907,S7 Airlines,2024-07-07,09:59,250
SU5446,Nordavia,2024-05-08,04:00,312
SU8227,Nordavia,2024-07-28,17:01,153
SU3263,Aeroflot,2024-02-07,08:10,73
SU4644,Aeroflot,2024-08-24,20:19,323
SU5996,Nordavia,2024-04-22,06:58,136
SU9336,Azimuth,2024-04-10,11:12,72
SU2604,Ural Airlines,2024-10-03,23:29,227
SU8538,Red Wings,2024-09-02,08:15,117
SU6562,Nordavia,2024-08-14,19:38,214
SU9621,S7 Airlines,2024-06-22,05:43,210
SU8758,UTair,2024-10-02,03:33,241
SU3461,Rossiya,2024-08-16,09:59,130
SU2419,Azimuth,2024-01-15,16:15,297
SU5609,Aeroflot,2024-10-05,04:03,102
SU7497,Yakutia,2024-06-01,01:34,326
SU9153,Aeroflot,2024-08-02,11:16,151
SU237,Azimuth,2024-06-24,14:12,182
SU8838,UTair,2024-12-01,22:45,112
SU7123,Azimuth,2024-08-27,23:30,94
SU5485,Azimuth,2024-05-23,10:12,143
SU8771,Ural Airlines,2024-11-27,16:24,190
SU1589,Ural Airlines,2024-10-08,00:38,166
SU5856,Rossiya,2024-03-02,23:46,266
SU7452,Rossiya,2024-06-15,10:55,72
SU5822,Ural Airlines,2024-09-19,15:46,165
SU951,Aeroflot,2024-05-02,02:52,54
SU7727,UTair,2024-11-11,10:03,101
SU6173,Yakutia,2024-06-09,16:52,132
SU3713,Yakutia,2024-04-18,05:25,107
SU9833,Azimuth,2024-02-17,01:55,293
SU7625,Rossiya,2024-06-22,11:45,161
SU6960,Rossiya,2024-02-05,09:25,225
SU1545,Aeroflot,2024-06-10,02:49,192
SU2700,S7 Airlines,2024-01-10,01:57,283
SU2946,Yakutia,2024-10-28,01:13,156
SU5800,Rossiya,2024-01-03,05:41,271
SU4375,Nordavia,2024-11-18,14:48,286
SU3345,Azimuth,2024-07-10,19:38,318
SU3909,Aeroflot,2024-07-07,10:18,74
SU3994,Rossiya,2024-02-24,15:39,216
SU6692,Red Wings,2024-07-21,14:57,150
SU4621,Nordavia,2024-01-07,17:39,270
SU1519,Rossiya,2024-02-09,09:03,143
SU3443,Rossiya,2024-06-14,04:01,205
SU2147,Yakutia,2024-06-10,11:10,115
SU432,Nordavia,2024-12-04,19:32,198
SU6835,Nordavia,2024-11-14,02:43,96
SU166,S7 Airlines,2024-02-22,07:17,103
SU8375,UTair,2024-06-01,13:06,150
SU1862,Pobeda,2024-02-26,06:32,69
SU9636,S7 Airlines,2024-09-17,14:05,93
SU6040,Azimuth,2024-04-23,23:39,350
SU1248,S7 Airlines,2024-09-16,03:15,89
SU7513,S7 Airlines,2024-12-25,03:03,299
SU1163,Rossiya,2024-05-13,18:13,190
SU1969,Rossiya,2024-04-21,19:12,84
SU697,Rossiya,2024-06-14,12:19,228
SU3848,UTair,2024-01-03,00:50,237
SU1516,Rossiya,2024-03-19,14:05,313
SU2823,S7 Airlines,2024-07-17,06:56,162
SU6762,Azimuth,2024-04-23,08:06,268
SU3262,UTair,2024-04-22,04:50,116
SU7974,Nordavia,2024-08-13,02:48,193
SU3398,Nordavia,2024-07-27,07:06,248
SU357,Nordavia,2024-12-02,15:56,217
SU5967,Nordavia,2024-10-23,00:28,278
SU6763,S7 Airlines,2024-10-07,11:14,266
SU3398,Yakutia,2024-10-24,10:31,211
SU1074,Ural Airlines,2024-10-05,18:18,287
SU5885,UTair,2024-10-03,02:38,278
SU2320,Rossiya,2024-01-07,15:04,70
SU9548,Ural Airlines,2024-11-24,10:17,222
SU2600,Yakutia,2024-08-22,12:40,180
SU5891,Nordavia,2024-05-19,02:00,172
SU2374,Rossiya,2024-01-24,16:43,257
SU218,Red Wings,2024-01-28,16:38,290
SU7561,Ural Airlines,2024-07-27,12:57,266
SU3818,Pobeda,2024-09-07,08:30,109
SU2198,Ural Airlines,2024-06-06,10:35,316
SU8522,Nordavia,2024-08-17,11:16,198
SU218,Aeroflot,2024-04-13,14:17,125
SU5439,UTair,2024-01-07,00:21,223
SU7109,Nordavia,2024-11-19,12:51,55
SU8128,Ural Airlines,2024-05-01,04:58,348
SU4772,Aeroflot,2024-02-07,09:54,164
SU360,UTair,2024-12-23,16:23,145
SU7481,Pobeda,2024-11-05,17:53,143
SU7004,Ural Airlines,2024-12-06,16:21,164
SU6170,Pobeda,2024-06-10,20:51,127
SU4306,Pobeda,2024-09-17,10:15,138
SU3396,Aeroflot,2024-07-08,07:37,269
SU609,Red Wings,2024-09-02,23:39,285
SU2496,Rossiya,2024-02-24,20:46,140
SU5850,Red Wings,2024-07-11,20:56,246
SU7208,Ural Airlines,2024-09-18,07:58,192
SU3923,Red Wings,2024-09-09,15:24,99
SU1913,Rossiya,2024-01-19,16:26,204
SU8797,UTair,2024-03-08,03:40,142
SU752,S7 Airlines,2024-08-24,02:36,254
SU422,Pobeda,2024-11-16,13:02,168
SU5140,Azimuth,2024-09-20,09:33,244
SU7130,Aeroflot,2024-12-22,09:30,247
SU3731,Rossiya,2024-10-23,03:44,254
SU1576,Yakutia,2024-07-10,14:16,301
SU6936,Aeroflot,2024-07-03,08:47,108
SU8599,Red Wings,2024-09-21,19:57,289
SU7409,Azimuth,2024-09-24,11:38,161
SU425,Azimuth,2024-09-16,04:41,232
SU5450,S7 Airlines,2024-06-28,03:45,174
SU8074,Azimuth,2024-03-22,16:30,126
SU2109,Red Wings,2024-02-18,21:27,201
SU7300,Pobeda,2024-09-03,13:02,81
SU9195,Ural Airlines,2024-03-14,08:22,225
SU1165,Nordavia,2024-03-18,17:58,215
SU5068,Ural Airlines,2024-07-06,06:22,68
SU2016,Pobeda,2024-06-25,20:10,319
SU5382,UTair,2024-02-22,06:18,311
SU1022,Red Wings,2024-07-12,07:47,200
SU490,UTair,2024-06-22,12:38,188
SU3598,UTair,2024-08-11,08:28,71
SU4401,Pobeda,2024-05-24,06:14,340
SU4460,S7 Airlines,2024-04-18,02:03,107
SU9671,Ural Airlines,2024-05-06,16:05,272
SU3050,UTair,2024-11-15,22:52,275
SU9112,Ural Airlines,2024-02-09,07:23,153
SU7498,Aeroflot,2024-10-02,08:58,204
SU1248,Ural Airlines,2024-04-18,12:55,77
SU3779,Rossiya,2024-11-23,08:18,207
SU4425,Aeroflot,2024-05-08,15:30,306
SU7299,Azimuth,2024-02-18,18:03,55
SU357,Yakutia,2024-09-12,09:31,258
SU6946,Pobeda,2024-08-27,19:05,319
SU9996,S7 Airlines,2024-12-11,04:25,165
SU8597,Yakutia,2024-05-07,12:58,100
SU3745,Ural Airlines,2024-11-25,15:21,180
SU4132,Yakutia,2024-08-16,22:51,261
SU4166,UTair,2024-11-01,08:56,182
SU1435,Red Wings,2024-09-09,18:46,57
SU7379,Pobeda,2024-06-04,21:32,307
SU9009,Nordavia,2024-10-27,05:13,147
SU2767,Rossiya,2024-04-10,22:06,219
SU7088,Aeroflot,2024-08-12,18:47,69
SU3093,Ural Airlines,2024-07-21,16:41,313
SU7112,Rossiya,2024-08-20,23:25,233
SU4845,Nordavia,2024-11-03,00:54,126
SU8640,UTair,2024-09-26,06:12,235
SU8352,S7 Airlines,2024-07-18,00:40,195
SU6882,Azimuth,2024-12-04,07:08,323
SU6241,Aeroflot,2024-12-22,13:58,318
SU6199,Aeroflot,2024-12-06,00:46,210
SU4475,UTair,2024-12-27,21:40,226
SU5095,Rossiya,2024-11-17,04:09,193
SU2212,S7 Airlines,2024-08-06,03:51,129
SU2207,Yakutia,2024-09-24,11:28,66
SU505,UTair,2024-10-24,19:35,164
SU2758,Pobeda,2024-01-12,18:13,121
SU6313,Pobeda,2024-07-17,16:31,288
SU5603,UTair,2024-08-23,16:09,342
SU9816,Azimuth,2024-02-11,09:44,289
SU5627,Yakutia,2024-02-20,00:13,323
SU7708,Nordavia,2024-08-25,12:40,264
SU2090,Red Wings,2024-04-18,13:28,70
SU7496,Red Wings,2024-10-20,09:36,347
SU5424,Ural Airlines,2024-01-22,15:53,129
SU5668,Red Wings,2024-02-11,18:25,327
SU1935,UTair,2024-06-09,02:29,278
SU2437,Ural Airlines,2024-12-10,01:03,184
SU6959,Aeroflot,2024-02-19,17:30,137
SU3371,Aeroflot,2024-04-21,23:21,264
SU6119,Pobeda,2024-11-13,20:12,308
SU5374,Ural Airlines,2024-12-20,18:35,120
SU696,Red Wings,2024-05-02,19:26,151
SU4546,Nordavia,2024-10-15,00:15,203
SU4059,Ural Airlines,2024-01-08,05:49,156
SU2760,UTair,2024-08-06,06:39,236
SU2038,Rossiya,2024-01-17,04:02,119
SU5255,S7 Airlines,2024-09-05,12:04,224
SU3499,S7 Airlines,2024-04-06,01:36,339
SU4997,Pobeda,2024-05-15,01:53,99
SU8727,Nordavia,2024-03-24,15:52,238
SU1025,Pobeda,2024-08-25,19:05,246
SU895,Azimuth,2024-11-07,04:15,286
SU6293,Yakutia,2024-04-05,01:33,281
SU8049,UTair,2024-05-24,05:20,85
SU5337,Ural Airlines,2024-02-12,10:09,77
SU3001,S7 Airlines,2024-10-24,11:33,262
SU8538,Rossiya,2024-03-27,16:24,251
SU7864,Pobeda,2024-11-05,13:37,145
SU1809,S7 Airlines,2024-02-21,13:27,270
SU9439,Red Wings,2024-11-11,14:24,167
SU2595,Rossiya,2024-02-08,02:30,189
SU1256,Ural Airlines,2024-02-04,14:32,123
SU4021,Ural Airlines,2024-12-21,17:55,311
SU1673,Ural Airlines,2024-02-04,11:18,77
SU2976,Red Wings,2024-09-07,08:22,259
SU599,Rossiya,2024-05-09,00:46,243
SU1254,Azimuth,2024-03-18,20:09,213
SU5874,Red Wings,2024-12-23,01:28,248
SU394,Aeroflot,2024-12-18,17:28,257
SU753,Nordavia,2024-07-25,18:39,105
SU3899,Rossiya,2024-01-27,08:23,183
SU9100,Azimuth,2024-01-12,03:47,144
SU4552,Aeroflot,2024-03-08,23:20,59
SU3786,UTair,2024-08-23,11:29,322
SU892,S7 Airlines,2024-02-23,12:22,336
SU8559,Azimuth,2024-04-15,21:09,273
SU3639,S7 Airlines,2024-09-25,00:08,193
SU3261,Azimuth,2024-10-11,18:42,270
SU5040,Yakutia,2024-04-27,07:03,241
SU1180,Rossiya,2024-08-27,00:01,227
SU510,S7 Airlines,2024-06-17,06:55,131
SU6757,Yakutia,2024-06-17,03:21,153
SU820,Red Wings,2024-04-13,09:49,229
SU3215,Azimuth,2024-08-09,16:42,200
SU4503,Rossiya,2024-08-06,12:06,334
SU9188,Pobeda,2024-06-04,19:01,95
SU7571,Nordavia,2024-03-03,12:04,138
SU6197,Azimuth,2024-08-16,13:10,252
SU965,Azimuth,2024-12-27,07:55,118
SU1604,Ural Airlines,2024-09-13,00:38,223
SU7596,Nordavia,2024-12-18,16:11,77
SU6012,Yakutia,2024-10-16,19:14,295
SU5553,S7 Airlines,2024-04-25,06:01,324
SU6784,Nordavia,2024-09-19,21:07,75
SU9995,Aeroflot,2024-02-22,05:26,255
SU6981,Azimuth,2024-12-02,07:45,184
SU6725,Azimuth,2024-04-04,01:18,115
SU2522,Azimuth,2024-03-28,20:29,74
SU6739,UTair,2024-04-23,11:11,63
SU1233,Yakutia,2024-10-11,08:04,182
SU6677,Red Wings,2024-07-02,06:39,141
SU2434,Azimuth,2024-01-03,07:51,175
SU2545,Rossiya,2024-10-04,23:49,200
SU7497,Ural Airlines,2024-11-19,03:56,280
SU183,Nordavia,2024-07-23,00:19,80
SU289,UTair,2024-08-08,00:30,73
SU9050,Red Wings,2024-07-25,03:59,257
SU607,Yakutia,2024-03-04,01:39,263
SU1479,Yakutia,2024-06-05,09:24,204
SU9228,Red Wings,2024-10-21,14:20,66
SU1757,Azimuth,2024-11-03,07:11,308
SU9898,Yakutia,2024-03-28,09:57,214
SU6346,Ural Airlines,2024-04-12,07:15,303
SU924,Nordavia,2024-04-03,06:59,288
SU9846,Yakutia,2024-03-12,05:55,163
SU5808,Ural Airlines,2024-11-25,17:50,213
SU1470,Yakutia,2024-11-20,21:28,81
SU9674,Rossiya,2024-02-05,02:12,246
SU4736,Yakutia,2024-11-15,19:45,55
SU5998,S7 Airlines,2024-04-12,16:04,105
SU8902,Red Wings,2024-12-24,11:40,196
SU1846,Aeroflot,2024-01-09,11:34,172
SU4329,Red Wings,2024-11-17,21:58,238
SU7008,Pobeda,2024-11-17,09:25,272
SU406,Aeroflot,2024-01-18,14:44,101
SU7695,Yakutia,2024-03-15,07:08,186
SU3904,S7 Airlines,2024-04-14,11:23,208
SU3208,Yakutia,2024-12-26,03:40,278
SU6169,Azimuth,2024-06-16,04:16,58
SU8704,Pobeda,2024-04-28,05:55,229
SU9042,Rossiya,2024-10-24,11:51,134
SU5633,Ural Airlines,2024-03-22,08:11,97
SU8354,Red Wings,2024-10-08,17:06,199
SU334,Yakutia,2024-10-22,21:19,284
SU7999,S7 Airlines,2024-11-21,23:22,167
SU5662,Nordavia,2024-07-03,16:47,124
SU7094,UTair,2024-11-20,10:07,242
SU8588,S7 Airlines,2024-11-25,00:45,130
SU2365,Ural Airlines,2024-03-07,11:17,212
SU524,Nordavia,2024-02-11,22:18,217
SU7008,Azimuth,2024-05-04,02:50,164
SU2580,Yakutia,2024-09-08,00:14,232
SU2553,UTair,2024-08-17,03:57,94
SU1247,UTair,2024-04-24,05:47,295
SU9459,Red Wings,2024-02-13,17:28,139
SU3505,Azimuth,2024-05-24,21:25,308
SU6621,UTair,2024-09-05,11:19,84
SU5088,Yakutia,2024-09-01,08:05,50
SU7606,Ural Airlines,2024-10-18,15:20,224
SU1176,Pobeda,2024-10-19,22:29,314
SU1038,Nordavia,2024-07-19,09:13,341
SU7921,S7 Airlines,2024-11-03,11:50,348
SU5151,Ural Airlines,2024-07-01,08:45,80
SU4899,Ural Airlines,2024-10-25,05:29,208
SU4007,Ural Airlines,2024-09-20,15:32,142
SU8027,S7 Airlines,2024-06-07,00:31,326
SU8224,Rossiya,2024-11-27,08:01,97
SU7848,Nordavia,2024-09-13,09:23,55
SU706,UTair,2024-05-27,00:43,230
SU9884,Pobeda,2024-03-02,10:21,270
SU5354,Azimuth,2024-06-15,06:33,264
SU7186,Ural Airlines,2024-12-04,07:14,124
SU2995,Yakutia,2024-05-25,04:12,197
SU8726,Ural Airlines,2024-09-07,07:01,172
SU6942,Nordavia,2024-08-27,18:43,263
SU399,Rossiya,2024-06-03,09:28,220
SU2083,Aeroflot,2024-04-02,06:04,65
SU3642,Rossiya,2024-01-02,23:33,213
SU3386,Azimuth,2024-01-26,09:21,344
SU4687,Red Wings,2024-06-19,13:21,157
SU9564,Aeroflot,2024-05-24,13:52,110
SU1122,Aeroflot,2024-07-15,11:38,299
SU8568,S7 Airlines,2024-02-12,23:41,175
SU7795,UTair,2024-05-12,09:08,210
SU6932,Ural Airlines,2024-12-22,21:54,240
SU3236,Rossiya,2024-12-16,19:44,296
SU4670,Yakutia,2024-04-22,19:13,154
SU6674,Nordavia,2024-01-17,22:15,253
SU695,Azimuth,2024-03-16,13:37,213
SU855,Pobeda,2024-11-01,03:20,188
SU4568,UTair,2024-06-26,11:32,272
SU2163,Rossiya,2024-12-20,15:49,142
SU9585,Azimuth,2024-06-18,09:35,256
SU408,Aeroflot,2024-02-13,05:37,184
SU6524,Pobeda,2024-08-03,04:00,136
SU9353,Rossiya,2024-09-11,12:13,167
SU9536,S7 Airlines,2024-01-25,20:54,198
SU7069,UTair,2024-11-02,07:03,284
SU4126,UTair,2024-08-22,09:21,311
SU4164,Pobeda,2024-12-06,12:30,90
SU5914,Azimuth,2024-08-02,22:22,180
SU5415,UTair,2024-11-09,15:13,68
SU6977,S7 Airlines,2024-10-05,18:43,59
SU8865,Nordavia,2024-12-08,20:02,278
SU5951,Yakutia,2024-02-26,13:46,239
SU3370,Aeroflot,2024-10-07,23:53,313
SU3122,Nordavia,2024-02-23,02:50,157
SU7838,Aeroflot,2024-11-12,09:56,148
SU1811,Yakutia,2024-09-05,21:52,145
SU6494,UTair,2024-12-13,09:40,317
SU2536,Ural Airlines,2024-11-16,19:05,307
SU2299,Red Wings,2024-06-02,06:53,350
SU4562,Azimuth,2024-06-16,13:38,178
SU6773,UTair,2024-01-14,13:35,188
SU1566,Yakutia,2024-12-27,06:51,146
SU9420,Pobeda,2024-06-17,09:45,242
SU2614,S7 Airlines,2024-09-12,23:30,129
SU638,Pobeda,2024-12-12,13:03,270
SU4820,Ural Airlines,2024-08-14,04:43,228
SU1773,Nordavia,2024-05-01,09:31,304
SU4530,Aeroflot,2024-04-11,15:20,233
SU2814,Ural Airlines,2024-03-13,03:08,334
SU9807,Pobeda,2024-06-07,10:42,148
SU6698,Aeroflot,2024-07-09,05:38,259
SU5884,UTair,2024-02-14,22:27,68
SU3255,Red Wings,2024-01-16,10:36,164
SU424,Azimuth,2024-09-21,19:38,56
SU3529,Ural Airlines,2024-05-02,12:47,276
SU5344,Azimuth,2024-06-22,17:23,102
SU569,Azimuth,2024-11-24,14:00,184
SU2878,Rossiya,2024-02-11,07:10,292
SU7646,Aeroflot,2024-07-17,03:11,194
SU7560,Ural Airlines,2024-10-18,19:59,224
SU5139,UTair,2024-02-28,02:55,100
SU493,S7 Airlines,2024-07-28,17:28,56
SU3166,Rossiya,2024-08-26,10:47,189
SU1485,S7 Airlines,2024-01-27,20:26,195
SU4867,Yakutia,2024-12-19,20:07,206
SU6184,Ural Airlines,2024-08-27,23:02,175
SU8371,UTair,2024-12-06,05:50,74
SU2751,Nordavia,2024-05-07,21:09,271
SU9655,Pobeda,2024-05-27,03:43,157
SU6493,Red Wings,2024-03-24,09:08,341
SU4248,Yakutia,2024-02-26,12:09,280
SU8247,S7 Airlines,2024-08-26,12:43,158
SU3173,Red Wings,2024-12-12,13:37,62
SU4999,Pobeda,2024-02-27,13:22,161
SU9436,Nordavia,2024-06-19,14:28,225
SU7111,Nordavia,2024-02-15,13:18,241
SU4038,S7 Airlines,2024-08-04,12:11,68
SU6436,Nordavia,2024-12-06,14:07,189
SU881,Rossiya,2024-02-09,14:15,343
SU9530,Red Wings,2024-05-09,04:38,283
SU8564,Red Wings,2024-09-04,22:11,245
SU2840,Red Wings,2024-02-01,22:55,99
SU4381,Ural Airlines,2024-09-17,23:10,189
SU3337,UTair,2024-02-23,18:14,266
SU5059,Pobeda,2024-08-01,11:08,213
SU8445,Yakutia,2024-07-14,04:44,332
SU1900,Yakutia,2024-09-25,00:45,82
SU7999,Azimuth,2024-11-18,04:30,220
SU7734,Red Wings,2024-09-13,04:04,213
SU8384,Pobeda,2024-03-01,21:21,60
SU282,S7 Airlines,2024-02-27,05:05,107
SU4098,S7 Airlines,2024-05-18,21:45,74
SU209,Ural Airlines,2024-01-11,15:04,227
SU731,Azimuth,2024-10-19,18:15,151
SU8783,UTair,2024-11-12,06:58,108
SU4976,Yakutia,2024-05-08,12:22,140
SU4178,Nordavia,2024-07-14,06:26,156
SU7565,Pobeda,2024-05-04,03:14,101
SU1125,Yakutia,2024-05-10,17:43,168
SU950,Rossiya,2024-09-19,00:59,156
SU6458,UTair,2024-12-25,10:24,332
SU502,Pobeda,2024-10-21,14:46,122
SU4369,Aeroflot,2024-03-28,16:02,256
SU2176,Aeroflot,2024-01-11,20:00,103
SU1472,S7 Airlines,2024-04-13,16:40,324
SU6989,UTair,2024-07-21,02:52,210
SU2110,Ural Airlines,2024-01-05,17:04,90
SU2072,UTair,2024-12-03,00:37,87
SU8447,S7 Airlines,2024-05-25,13:18,159
SU6220,Aeroflot,2024-06-14,06:59,224
SU3572,Nordavia,2024-12-24,00:06,131
SU3873,Aeroflot,2024-08-27,18:43,55
SU8732,Nordavia,2024-08-25,12:49,96
SU4503,UTair,2024-12-12,00:54,97
SU591,Azimuth,2024-09-03,10:18,192
SU3158,Rossiya,2024-09-10,18:16,254
SU8254,Azimuth,2024-12-07,21:31,230
SU7193,Aeroflot,2024-02-22,07:43,131
SU2228,UTair,2024-03-24,01:48,294
SU9021,Aeroflot,2024-01-23,22:48,350
SU1764,Azimuth,2024-04-11,06:08,211
SU6570,Nordavia,2024-03-16,23:37,231
SU2657,S7 Airlines,2024-01-21,11:36,154
SU1510,Nordavia,2024-03-15,23:39,171
SU5684,S7 Airlines,2024-10-16,11:48,348
SU7094,Azimuth,2024-01-02,20:03,101
SU7472,S7 Airlines,2024-06-14,22:31,310
SU890,Red Wings,2024-03-06,20:36,296
SU9787,Nordavia,2024-04-06,07:53,253
SU5848,Red Wings,2024-12-21,02:35,186
SU9407,Nordavia,2024-08-13,08:48,189
SU3930,Aeroflot,2024-02-06,04:53,156
SU9062,Red Wings,2024-02-01,12:51,101
SU3454,Nordavia,2024-12-23,20:13,66
SU1122,Red Wings,2024-06-09,23:03,138
SU6708,Aeroflot,2024-09-11,01:52,109
SU9372,Aeroflot,2024-07-03,07:43,276
SU5398,UTair,2024-06-04,13:02,73
SU8640,Rossiya,2024-12-13,03:27,151
SU420,Rossiya,2024-09-05,11:36,163
SU1153,Azimuth,2024-12-12,06:04,202
SU6381,Nordavia,2024-07-19,20:51,89
SU6098,Aeroflot,2024-11-24,14:22,283
SU7136,Azimuth,2024-08-01,12:31,100
SU2652,S7 Airlines,2024-06-26,05:25,234
SU9586,Rossiya,2024-03-13,11:22,314
SU4635,Yakutia,2024-06-05,22:23,54
SU2883,Rossiya,2024-03-20,03:26,95
SU2229,Azimuth,2024-08-14,13:23,177
SU1435,Pobeda,2024-07-26,14:43,127
SU7171,Nordavia,2024-06-19,04:57,350
SU9055,Aeroflot,2024-03-23,01:51,64
SU3276,Red Wings,2024-04-23,02:47,152
SU5899,UTair,2024-07-19,12:50,298
SU6338,Rossiya,2024-03-19,07:46,226
SU9387,Rossiya,2024-01-13,20:38,309
SU1218,Ural Airlines,2024-09-12,12:22,339
SU9001,Pobeda,2024-02-22,01:38,214
SU7503,S7 Airlines,2024-07-20,18:41,68
SU6083,Azimuth,2024-09-21,18:54,305
SU858,Ural Airlines,2024-02-17,04:41,259
SU2490,Ural Airlines,2024-05-15,20:29,180
SU5467,UTair,2024-01-07,06:09,242
SU9846,Yakutia,2024-08-14,13:08,85
SU6774,Yakutia,2024-05-09,17:04,321
SU8049,Azimuth,2024-03-05,16:55,76
SU3446,S7 Airlines,2024-04-16,10:56,294
SU556,Yakutia,2024-12-23,08:54,111
SU1431,Red Wings,2024-12-16,20:25,329
SU8789,UTair,2024-06-28,13:17,215
SU2068,Azimuth,2024-01-04,03:12,212
SU177,UTair,2024-02-19,06:22,54
SU3213,Nordavia,2024-11-05,13:00,271
SU3504,Aeroflot,2024-09-28,13:57,123
SU6603,UTair,2024-04-09,16:57,135
SU4586,Azimuth,2024-12-10,09:20,163
SU1828,Rossiya,2024-03-22,04:35,89
SU6591,Yakutia,2024-02-12,03:41,85
SU7704,Yakutia,2024-11-15,21:42,178
SU3335,Nordavia,2024-04-01,12:35,283
SU1210,Red Wings,2024-03-17,06:50,139
SU2051,Yakutia,2024-07-04,23:30,96
SU4367,S7 Airlines,2024-04-12,16:34,166
SU1206,S7 Airlines,2024-10-11,23:09,141
SU3087,Azimuth,2024-08-24,02:43,335
SU4758,Yakutia,2024-06-24,14:00,230
SU2691,UTair,2024-05-08,20:39,331
SU941,Nordavia,2024-12-13,15:51,174
SU9818,Nordavia,2024-02-09,22:24,276
SU6431,Rossiya,2024-01-25,16:18,200
SU1529,UTair,2024-01-24,06:33,94
SU8843,Nordavia,2024-02-24,18:07,193
SU3917,S7 Airlines,2024-01-23,02:56,122
SU554,Yakutia,2024-06-03,07:24,116
SU2354,Red Wings,2024-08-08,10:56,143
SU9224,Yakutia,2024-02-15,16:33,157
SU4225,Red Wings,2024-11-04,13:37,332
SU9979,Nordavia,2024-02-13,01:21,233
SU4629,Red Wings,2024-05-23,11:22,276
SU9296,S7 Airlines,2024-12-24,16:57,273
SU2507,Yakutia,2024-04-28,07:41,311
SU5122,UTair,2024-10-01,18:42,196
SU9799,S7 Airlines,2024-09-02,22:54,251
SU3533,Rossiya,2024-04-02,14:20,262
SU3632,Ural Airlines,2024-07-02,10:59,153
SU7613,Yakutia,2024-02-23,03:52,345
SU1760,Azimuth,2024-06-03,20:20,227
SU2902,Rossiya,2024-08-16,04:28,220
SU7622,UTair,2024-10-04,19:26,86
SU9948,S7 Airlines,2024-05-15,20:38,247
SU5620,Red Wings,2024-11-16,19:08,88
SU2555,Azimuth,2024-03-18,12:03,207
SU5505,Nordavia,2024-04-12,02:38,283
SU7752,UTair,2024-09-02,10:36,70
SU4028,Rossiya,2024-12-10,07:23,155
SU536,Ural Airlines,2024-03-15,17:46,119
SU5853,UTair,2024-02-04,17:12,60
SU4866,UTair,2024-06-20,11:29,127
SU9572,Yakutia,2024-05-01,15:00,88
SU1505,UTair,2024-01-12,12:17,231
SU9467,Ural Airlines,2024-08-03,14:48,78
SU9192,Red Wings,2024-10-18,08:54,165
SU4142,Ural Airlines,2024-05-28,20:32,135
SU2332,Yakutia,2024-09-15,02:08,182
SU8747,Aeroflot,2024-01-27,07:12,284
SU1257,Red Wings,2024-01-22,03:38,276
SU5866,Azimuth,2024-11-19,23:03,101
SU5088,Rossiya,2024-11-15,00:08,69
SU3830,Rossiya,2024-08-28,20:25,64
SU6419,S7 Airlines,2024-06-06,06:26,339
SU8296,Rossiya,2024-11-24,00:12,108
SU1616,Pobeda,2024-11-12,16:06,310
SU6655,Pobeda,2024-03-11,06:08,109
SU3092,Ural Airlines,2024-05-05,00:17,315
SU3878,Ural Airlines,2024-10-10,18:26,131
SU9777,Rossiya,2024-08-27,22:14,262
SU1348,Ural Airlines,2024-03-22,03:21,195
SU1389,Yakutia,2024-04-20,11:29,172
SU5811,Pobeda,2024-07-04,19:33,183
SU2438,Rossiya,2024-07-15,23:58,315
SU8732,Aeroflot,2024-11-15,20:46,234
SU7697,Ural Airlines,2024-02-03,17:11,112
SU6752,Nordavia,2024-10-10,15:40,108
SU857,Azimuth,2024-01-08,00:24,143
SU3759,Ural Airlines,2024-11-05,12:33,303
SU2346,Nordavia,2024-07-28,07:17,283
SU7164,Yakutia,2024-05-17,06:46,59
SU244,Red Wings,2024-07-27,11:38,315
SU868,Nordavia,2024-02-25,00:05,348
SU4269,Nordavia,2024-09-19,07:01,133
SU4665,Aeroflot,2024-10-11,14:28,130
SU7567,Azimuth,2024-07-04,22:21,138
SU1929,Red Wings,2024-03-20,18:55,82
SU6950,Yakutia,2024-08-20,08:16,153
SU4195,S7 Airlines,2024-08-25,02:34,63
SU8307,S7 Airlines,2024-01-19,23:59,346
SU3686,Aeroflot,2024-09-19,23:38,94
SU4687,Yakutia,2024-06-16,14:13,261
SU5076,S7 Airlines,2024-04-17,18:37,210
SU2515,Rossiya,2024-10-21,17:24,264
SU8604,Rossiya,2024-03-08,17:59,263
SU2497,Azimuth,2024-08-04,17:53,122
SU7495,Yakutia,2024-02-15,04:12,108
SU3462,Aeroflot,2024-03-03,03:25,267
SU3168,Pobeda,2024-12-12,12:26,269
SU6138,UTair,2024-12-22,07:57,156
SU2077,UTair,2024-12-20,17:08,257
SU7577,Rossiya,2024-04-28,07:55,343
SU6975,Rossiya,2024-07-22,19:55,242
SU1129,Red Wings,2024-10-19,15:59,107
SU8008,Yakutia,2024-01-02,06:35,229
SU8699,UTair,2024-12-19,18:45,173
SU7279,Ural Airlines,2024-10-02,23:13,335
SU2156,Yakutia,2024-04-09,14:54,162
SU2324,Ural Airlines,2024-01-02,03:42,279
SU6886,Aeroflot,2024-09-26,23:09,232
SU1142,S7 Airlines,2024-03-15,22:00,78
SU8336,Aeroflot,2024-03-11,00:03,249
SU5223,Azimuth,2024-03-25,17:14,314
SU2542,S7 Airlines,2024-01-15,22:56,294
SU1383,Yakutia,2024-03-07,01:15,338
SU8122,Ural Airlines,2024-09-07,14:43,305
SU2415,Rossiya,2024-04-26,07:57,274
SU3949,Nordavia,2024-03-22,02:14,194
SU8730,Azimuth,2024-09-26,14:03,86
SU9083,Nordavia,2024-07-10,16:43,222
SU4608,Rossiya,2024-05-17,17:38,138
SU6239,UTair,2024-06-16,13:47,170
SU7276,Azimuth,2024-03-18,13:53,341
SU3720,UTair,2024-03-05,04:24,264
SU2327,Pobeda,2024-09-01,07:51,63
SU7536,Azimuth,2024-05-22,07:00,326
SU6597,Aeroflot,2024-04-14,17:15,226
SU5067,Yakutia,2024-08-09,04:19,282
SU9449,S7 Airlines,2024-02-04,02:00,348
SU6813,UTair,2024-05-11,17:43,53
SU4331,S7 Airlines,2024-11-14,19:10,145
SU9982,Red Wings,2024-02-28,10:20,55
SU8540,UTair,2024-12-12,18:26,109
SU6975,Red Wings,2024-12-14,17:08,51
SU1002,UTair,2024-03-09,11:32,140
SU4324,Azimuth,2024-05-15,10:28,147
SU5000,Azimuth,2024-11-19,20:19,149
SU8769,UTair,2024-10-01,04:54,57
SU9630,Nordavia,2024-03-02,19:32,316
SU1032,Nordavia,2024-04-05,01:35,244
SU6996,Ural Airlines,2024-09-07,20:16,88
SU8006,Yakutia,2024-06-21,04:40,87
SU3370,Yakutia,2024-06-15,23:24,233
SU6877,Pobeda,2024-10-07,22:07,88
SU7805,S7 Airlines,2024-04-28,01:54,346
SU649,Red Wings,2024-07-26,05:12,249
SU2565,Red Wings,2024-03-04,09:00,147
SU7391,Nordavia,2024-09-17,05:46,116
SU1499,Red Wings,2024-12-20,17:40,62
SU3395,Pobeda,2024-11-11,17:00,137
SU1315,Yakutia,2024-01-24,06:10,193
SU2665,Yakutia,2024-04-03,10:51,275
SU9647,UTair,2024-04-01,14:44,162
SU8484,Rossiya,2024-02-06,21:08,124
SU7792,Rossiya,2024-01-20,22:08,89
SU5486,Nordavia,2024-10-22,22:37,259
SU8124,Rossiya,2024-07-18,09:07,105
SU8895,S7 Airlines,2024-05-06,15:51,219
SU6127,Red Wings,2024-12-11,20:10,156
SU4307,S7 Airlines,2024-10-13,20:20,271
SU4086,Azimuth,2024-05-26,09:42,308
SU4905,UTair,2024-01-13,03:08,58
SU3432,Yakutia,2024-01-16,20:37,176
SU5342,Pobeda,2024-06-07,05:44,208
SU3063,Azimuth,2024-08-07,14:48,325
SU5421,UTair,2024-10-05,04:08,328
SU6775,Aeroflot,2024-01-16,00:46,223
SU9603,Red Wings,2024-04-24,15:08,168
SU496,UTair,2024-03-14,07:35,204
SU2158,Aeroflot,2024-04-24,11:35,216
SU8329,Yakutia,2024-04-07,03:24,98
SU5567,UTair,2024-02-08,18:22,267
SU3287,Rossiya,2024-09-15,07:36,107
SU7401,Aeroflot,2024-10-13,23:02,187
SU2374,Nordavia,2024-10-13,21:37,181
SU7734,Pobeda,2024-06-14,07:04,349
SU7972,S7 Airlines,2024-01-18,14:51,112
SU4191,UTair,2024-03-17,13:56,185
SU751,Ural Airlines,2024-03-06,07:04,179
SU3691,Red Wings,2024-07-02,08:46,325
SU6421,Yakutia,2024-10-04,07:09,319
SU7848,Rossiya,2024-05-24,23:53,344
SU1756,Red Wings,2024-02-07,09:34,199
SU4300,Yakutia,2024-09-27,11:31,303
SU9084,Azimuth,2024-07-14,21:40,261
SU9108,Pobeda,2024-10-16,02:59,90
SU4614,Ural Airlines,2024-01-23,00:14,261
SU7982,Yakutia,2024-01-07,12:27,276
SU9782,Aeroflot,2024-08-12,23:14,243
SU3208,Aeroflot,2024-05-24,02:56,85
SU2419,Nordavia,2024-05-19,17:53,285
SU3259,Red Wings,2024-05-06,03:34,297
SU8574,Azimuth,2024-02-13,05:40,148
SU8959,Yakutia,2024-04-06,15:21,219
SU7933,Azimuth,2024-01-22,21:48,189
SU6394,Red Wings,2024-01-25,17:23,54
SU7185,Nordavia,2024-03-17,19:06,214
SU2912,UTair,2024-08-17,06:02,106
SU7537,S7 Airlines,2024-11-25,08:40,274
SU876,Red Wings,2024-09-20,08:28,348
SU1588,Ural Airlines,2024-02-26,08:27,267
SU5575,Rossiya,2024-12-04,03:43,99
SU6484,Ural Airlines,2024-08-13,12:06,194
SU7350,Yakutia,2024-06-18,03:46,223
SU3266,Rossiya,2024-12-02,04:51,116
SU8323,Aeroflot,2024-05-02,16:02,230
SU6692,Red Wings,2024-04-27,13:19,247
SU5933,Rossiya,2024-08-15,07:21,259
SU7359,Yakutia,2024-03-22,12:01,93
SU7526,Red Wings,2024-07-15,02:12,265
SU4410,Aeroflot,2024-09-05,09:46,61
SU1780,Nordavia,2024-12-20,02:40,293
SU1586,Pobeda,2024-07-18,05:03,164
SU7913,Yakutia,2024-09-04,13:22,67
SU6495,Red Wings,2024-10-06,10:41,215
SU3886,Nordavia,2024-05-07,13:19,61
SU2926,Rossiya,2024-04-17,17:42,144
SU8305,Red Wings,2024-07-27,10:05,234
SU8783,Rossiya,2024-02-23,20:10,144
SU8379,S7 Airlines,2024-01-25,03:29,340
SU9910,Pobeda,2024-06-17,07:26,89
SU8266,Rossiya,2024-05-14,08:48,199
SU4407,Pobeda,2024-12-09,07:55,98
SU2442,Nordavia,2024-09-24,06:12,234
SU3564,Red Wings,2024-08-03,15:25,232
SU1909,UTair,2024-06-22,02:07,280
SU9300,Pobeda,2024-06-01,16:04,323
SU316,UTair,2024-06-15,23:02,257
SU7885,Red Wings,2024-12-01,14:47,257
SU755,Yakutia,2024-01-21,19:17,243
SU9722,Nordavia,2024-06-13,05:20,268
SU5761,Nordavia,2024-04-06,20:30,335
SU2208,Rossiya,2024-09-09,23:45,174
SU6593,Yakutia,2024-03-06,04:20,303
SU7716,Rossiya,2024-05-01,09:55,97
SU2043,Nordavia,2024-03-19,07:00,136
SU9537,Pobeda,2024-03-25,08:49,219
SU2987,Ural Airlines,2024-07-17,16:16,217
SU4579,UTair,2024-09-13,01:01,322
SU2429,Aeroflot,2024-04-26,13:03,269
SU3392,Pobeda,2024-11-08,12:03,319
SU9670,Nordavia,2024-11-15,03:12,197
SU5615,Azimuth,2024-05-25,05:27,67
SU1647,Ural Airlines,2024-07-17,17:25,165
SU9029,Red Wings,2024-08-16,23:36,205
SU7042,Aeroflot,2024-01-17,16:06,147
SU4652,Pobeda,2024-12-06,07:07,145
SU733,Pobeda,2024-07-07,05:04,169
SU7771,UTair,2024-07-15,03:01,105
SU167,Nordavia,2024-12-28,13:49,334
SU2907,Azimuth,2024-01-15,10:32,230
SU9392,Pobeda,2024-02-14,08:27,161
SU4268,Red Wings,2024-06-09,17:15,139
SU9067,Red Wings,2024-08-18,00:29,119
SU2577,Azimuth,2024-10-16,22:25,319
SU535,Aeroflot,2024-08-22,10:28,69
SU4860,Nordavia,2024-04-17,07:18,75
SU6448,Pobeda,2024-11-20,11:42,74
SU569,Aeroflot,2024-07-10,15:56,91
SU9948,Yakutia,2024-05-04,09:13,120
SU5661,Nordavia,2024-06-25,10:34,167
SU2994,Red Wings,2024-08-18,20:11,178
SU7509,Nordavia,2024-02-01,01:59,272
SU1523,Red Wings,2024-03-26,11:27,331
SU2862,UTair,2024-01-09,07:51,273
SU2169,Nordavia,2024-04-02,22:14,169
SU4954,Rossiya,2024-09-11,01:49,110
SU7434,Rossiya,2024-12-04,13:04,304
SU449,Pobeda,2024-06-24,10:50,270
SU2814,Azimuth,2024-06-10,11:46,88
SU6373,Nordavia,2024-06-10,20:35,231
SU8186,UTair,2024-09-24,22:17,126
SU402,Azimuth,2024-03-22,02:11,56
SU7499,Azimuth,2024-05-27,11:36,56
SU6264,UTair,2024-11-11,08:52,206
SU890,Aeroflot,2024-11-11,11:29,236
SU5274,Ural Airlines,2024-06-07,16:20,81
SU4145,Azimuth,2024-12-26,14:43,186
SU6525,Ural Airlines,2024-04-08,09:30,193
SU8316,Nordavia,2024-01-21,00:53,95
SU3757,Red Wings,2024-12-12,20:24,259
SU7003,Aeroflot,2024-12-06,02:49,228
SU4251,Ural Airlines,2024-01-03,05:38,266
SU9902,Pobeda,2024-12-25,17:43,284
SU5166,S7 Airlines,2024-12-01,05:27,314
SU988,Red Wings,2024-03-05,09:42,227
SU6888,Rossiya,2024-07-12,08:35,177
SU9665,Ural Airlines,2024-12-22,12:40,235
SU772,Rossiya,2024-05-22,16:07,101
SU7494,Rossiya,2024-10-06,21:33,136
SU8653,Red Wings,2024-04-11,13:21,110
SU829,Azimuth,2024-04-20,23:39,123
SU3416,Rossiya,2024-12-25,04:55,200
SU7569,Red Wings,2024-10-22,22:39,218
SU5009,Aeroflot,2024-12-21,15:20,312
SU2416,S7 Airlines,2024-01-13,17:30,235
SU6058,Rossiya,2024-12-15,00:18,336
SU2293,Red Wings,2024-06-22,10:59,297
SU3084,Azimuth,2024-03-14,12:44,316
SU2566,Rossiya,2024-01-06,22:41,118
SU651,Nordavia,2024-10-09,10:12,126
SU1834,Aeroflot,2024-01-06,07:03,96
SU4542,Yakutia,2024-10-11,18:51,214
SU3778,S7 Airlines,2024-06-06,08:26,193
SU5587,UTair,2024-03-02,03:49,315
SU1449,Pobeda,2024-07-05,16:12,191
SU632,Rossiya,2024-02-18,08:22,283
SU7326,Rossiya,2024-06-28,15:19,312
SU9225,Aeroflot,2024-07-15,15:24,330
SU7753,Pobeda,2024-12-17,14:38,140
SU6733,Azimuth,2024-05-04,12:56,94
SU7650,Red Wings,2024-03-19,22:11,150
SU635,Aeroflot,2024-12-20,16:20,263
SU9216,Yakutia,2024-01-23,04:14,286
SU4745,Nordavia,2024-06-01,08:23,156
SU1764,Rossiya,2024-04-20,15:17,87
SU8000,Nordavia,2024-11-13,01:43,264
SU7025,Aeroflot,2024-02-21,10:45,132
SU2518,Nordavia,2024-05-20,21:00,111
SU9250,S7 Airlines,2024-02-09,19:08,237
SU8673,Azimuth,2024-10-22,21:39,218
SU1759,Ural Airlines,2024-06-04,09:31,240
SU4601,S7 Airlines,2024-12-11,21:20,184
SU7295,Rossiya,2024-01-23,10:14,199
SU375,Azimuth,2024-07-21,08:44,340
SU2699,Azimuth,2024-03-20,04:42,223
SU1638,Pobeda,2024-09-05,09:31,188
SU4355,S7 Airlines,2024-06-28,03:12,57
SU5554,Aeroflot,2024-07-07,07:40,283
SU1401,Rossiya,2024-05-18,12:36,329
SU1011,Azimuth,2024-10-21,15:21,124
SU5483,Nordavia,2024-09-18,21:17,333
SU5837,S7 Airlines,2024-08-05,13:59,277
SU9419,Red Wings,2024-11-18,08:11,315
SU2335,Aeroflot,2024-01-17,22:26,209
SU3491,Pobeda,2024-07-19,16:06,131
SU4832,UTair,2024-11-24,09:11,70
SU8706,Aeroflot,2024-03-18,03:19,342
SU5633,Yakutia,2024-09-19,09:53,174
SU8743,Azimuth,2024-01-11,01:59,285
SU3892,Red Wings,2024-03-18,00:10,343
SU1150,Ural Airlines,2024-08-04,07:33,312
SU4141,Pobeda,2024-10-21,10:43,201
SU3590,Pobeda,2024-08-02,12:36,236
SU5469,Yakutia,2024-04-01,22:53,316
SU7871,Yakutia,2024-06-08,14:53,269
SU6747,Nordavia,2024-09-23,03:36,82
SU5036,Red Wings,2024-05-18,18:20,338
SU2526,Red Wings,2024-01-22,16:07,232
SU2422,S7 Airlines,2024-09-09,17:24,192
SU4096,Rossiya,2024-10-06,22:02,333
SU558,Pobeda,2024-09-14,15:13,330
SU3965,Rossiya,2024-04-23,13:04,340
SU9028,Aeroflot,2024-11-26,02:15,337
SU4746,Aeroflot,2024-03-13,14:06,208
SU1693,Aeroflot,2024-03-24,23:04,213
SU2781,Rossiya,2024-06-04,21:26,313
SU2642,Aeroflot,2024-05-22,21:16,244
SU7409,UTair,2024-11-24,16:03,344
SU8414,Red Wings,2024-03-24,20:11,290
SU2165,Yakutia,2024-03-04,17:35,299
SU3916,Pobeda,2024-11-25,07:07,79
SU3986,Aeroflot,2024-10-05,07:04,103
SU6175,Red Wings,2024-11-05,09:28,200
SU8181,Azimuth,2024-11-09,09:04,254
SU1703,Pobeda,2024-12-20,11:40,83
SU2224,Rossiya,2024-03-06,10:31,280
SU4661,Red Wings,2024-05-15,00:07,67
SU954,Red Wings,2024-09-16,21:35,115
SU2813,Azimuth,2024-04-15,16:50,112
SU8454,Nordavia,2024-12-15,09:25,155
SU371,Nordavia,2024-06-07,16:19,83
SU113,Pobeda,2024-02-02,12:56,53
SU1140,Azimuth,2024-04-09,22:10,250
SU8612,S7 Airlines,2024-03-17,12:21,63
SU2528,Ural Airlines,2024-05-27,17:47,227
SU8834,Aeroflot,2024-08-10,01:55,138
SU444,Yakutia,2024-03-12,06:34,87
SU7771,S7 Airlines,2024-02-14,23:12,312
SU9574,Yakutia,2024-05-16,06:54,157
SU6931,Nordavia,2024-09-12,03:49,207
SU5921,Azimuth,2024-03-03,05:53,314
SU315,Pobeda,2024-05-16,00:39,227
SU5365,Ural Airlines,2024-09-11,21:54,214
SU7457,S7 Airlines,2024-03-02,04:19,192
SU8741,Red Wings,2024-05-11,22:55,198
SU1145,Pobeda,2024-02-02,06:02,66
SU9578,Nordavia,2024-03-19,06:00,275
SU2482,Nordavia,2024-01-21,04:20,247
SU3324,Nordavia,2024-08-21,22:08,309
SU6505,Ural Airlines,2024-10-02,00:35,118
SU9493,Ural Airlines,2024-04-08,09:02,121
SU1371,Red Wings,2024-04-01,04:18,303
SU7467,Yakutia,2024-12-28,15:21,106
SU6738,Red Wings,2024-05-06,00:46,151
SU4372,Yakutia,2024-07-23,18:58,241
SU1786,UTair,2024-01-15,17:25,181
SU8399,Rossiya,2024-07-09,20:40,66
SU1717,UTair,2024-03-11,04:15,348
SU5191,Pobeda,2024-01-17,23:31,329
SU6421,Ural Airlines,2024-04-06,01:06,226
SU1270,Rossiya,2024-10-18,19:24,236
SU7719,Ural Airlines,2024-08-17,19:07,280
SU1572,S7 Airlines,2024-01-15,22:46,66
SU5229,S7 Airlines,2024-11-20,02:44,191
SU159,Yakutia,2024-02-07,21:02,99
SU2017,Red Wings,2024-03-21,16:47,343
SU4230,Aeroflot,2024-03-06,20:37,180
SU5891,Rossiya,2024-06-03,17:28,187
SU6204,Pobeda,2024-09-25,11:28,267
SU7168,UTair,2024-08-27,21:07,52
SU9633,UTair,2024-05-19,22:04,113
SU6942,Azimuth,2024-01-10,08:23,143
SU3959,Aeroflot,2024-09-10,02:32,149
SU5268,Red Wings,2024-08-05,06:38,159
SU7860,Rossiya,2024-01-15,14:29,317
SU9971,Pobeda,2024-06-04,02:11,226
SU5235,Nordavia,2024-12-20,03:42,260
SU6663,Nordavia,2024-06-28,02:02,300
SU301,Red Wings,2024-09-17,08:49,151
SU6636,Aeroflot,2024-11-04,16:02,214
SU1229,Red Wings,2024-12-16,21:41,86
SU4945,S7 Airlines,2024-07-13,21:22,106
SU4767,UTair,2024-09-16,19:07,155
SU2354,Aeroflot,2024-08-12,18:38,266
SU8068,Yakutia,2024-12-21,13:24,196
SU1220,Nordavia,2024-02-05,14:13,62
SU929,Pobeda,2024-11-24,00:16,97
SU1096,Pobeda,2024-04-24,18:02,93
SU3515,Aeroflot,2024-08-18,09:02,312
SU7914,Nordavia,2024-03-14,15:37,281
SU9568,Rossiya,2024-01-16,18:23,70
SU2972,Ural Airlines,2024-03-06,12:32,314
SU7099,Red Wings,2024-11-08,08:30,232
SU3879,Red Wings,2024-07-23,21:16,199
SU4168,Azimuth,2024-05-15,20:12,342
SU9991,S7 Airlines,2024-03-14,18:15,137
SU639,Red Wings,2024-07-11,07:34,116
SU8992,Nordavia,2024-03-07,02:44,256
SU3916,Pobeda,2024-03-06,18:31,292
SU6520,Pobeda,2024-09-12,02:11,228
SU278,Ural Airlines,2024-11-19,20:20,149
SU6942,Nordavia,2024-04-08,17:58,267
SU8165,S7 Airlines,2024-09-07,10:55,51
SU2050,Azimuth,2024-12-06,12:22,326
SU3419,Yakutia,2024-11-03,14:29,338
SU4790,Azimuth,2024-03-13,14:51,214
SU6531,Nordavia,2024-07-04,00:09,86
SU5720,Red Wings,2024-11-03,10:09,311
SU6584,S7 Airlines,2024-10-17,09:33,315
SU2863,Ural Airlines,2024-09-28,18:03,87
SU2763,Ural Airlines,2024-02-13,18:04,229
SU3119,Nordavia,2024-04-10,01:04,277
SU2455,Nordavia,2024-10-17,20:10,210
SU1134,Yakutia,2024-08-07,06:02,162
SU5351,Aeroflot,2024-10-27,14:57,241
SU2401,Aeroflot,2024-02-04,15:23,137
SU6859,Nordavia,2024-02-19,02:55,346
SU812,Azimuth,2024-10-24,23:40,268
SU7100,Rossiya,2024-09-18,19:51,79
SU2939,Azimuth,2024-01-02,10:42,227
SU3303,Red Wings,2024-11-08,20:55,111
SU1172,Red Wings,2024-12-28,18:58,169
SU7731,Nordavia,2024-02-26,22:58,66
SU3150,Ural Airlines,2024-01-11,10:01,339
SU1993,Rossiya,2024-11-11,08:33,229
SU7848,Nordavia,2024-03-05,05:00,138
SU6536,UTair,2024-05-13,11:10,288
SU5627,Azimuth,2024-01-19,00:49,68
SU7698,UTair,2024-06-10,04:56,172
SU7168,Red Wings,2024-08-28,23:47,281
SU385,Azimuth,2024-11-17,14:39,349
SU4442,Ural Airlines,2024-12-28,07:09,198
SU1597,Ural Airlines,2024-03-13,01:29,242
SU1882,Nordavia,2024-05-11,05:11,218
SU7088,Yakutia,2024-02-21,04:48,229
SU5688,Azimuth,2024-09-22,18:18,277
SU1704,Ural Airlines,2024-04-28,05:12,102
SU2582,S7 Airlines,2024-04-19,18:54,270
SU8906,Nordavia,2024-10-24,14:05,102
SU600,S7 Airlines,2024-08-05,11:33,159
SU6490,UTair,2024-02-08,03:15,95
SU6237,UTair,2024-12-28,03:58,52
SU6461,Yakutia,2024-05-11,18:34,269
SU2475,S7 Airlines,2024-01-20,04:41,105
SU4416,Yakutia,2024-12-22,04:41,100
SU4711,Azimuth,2024-11-16,10:50,282
SU9947,Nordavia,2024-11-24,08:44,288
SU4486,Rossiya,2024-08-04,15:52,193
SU4333,Nordavia,2024-11-05,18:16,60
SU7534,Red Wings,2024-10-21,01:46,142
SU4286,UTair,2024-02-22,20:41,70
SU7747,Aeroflot,2024-08-23,23:41,274
SU7452,S7 Airlines,2024-07-09,23:32,334
SU4133,Azimuth,2024-03-10,16:28,333
SU9675,Pobeda,2024-06-14,10:15,238
SU6703,Red Wings,2024-03-28,14:31,331
SU6304,Rossiya,2024-03-20,17:38,340
SU4671,Nordavia,2024-02-13,14:41,80
SU233,Yakutia,2024-02-27,22:40,117
SU3229,Nordavia,2024-06-25,12:15,207
SU527,Azimuth,2024-10-15,06:44,191
SU8714,UTair,2024-01-25,17:01,282
SU6203,Nordavia,2024-11-04,04:38,62
SU3050,Aeroflot,2024-08-13,14:40,278
SU5641,S7 Airlines,2024-04-10,01:15,145
SU6091,S7 Airlines,2024-05-08,17:59,342
SU5791,Nordavia,2024-02-11,21:37,160
SU5051,Rossiya,2024-12-25,04:18,103
SU2979,Pobeda,2024-05-16,08:11,197
SU2183,Nordavia,2024-07-16,23:42,116
SU9928,Ural Airlines,2024-08-14,17:21,321
SU4917,Red Wings,2024-09-24,12:16,184
SU340,Aeroflot,2024-06-17,23:12,243
SU4003,S7 Airlines,2024-04-19,22:39,102
SU1210,Ural Airlines,2024-01-04,05:46,217
SU5398,UTair,2024-07-12,22:30,278
SU2754,Azimuth,2024-08-04,12:18,217
SU2875,Rossiya,2024-07-17,12:56,281
SU7269,Red Wings,2024-12-09,10:20,307
SU5942,Rossiya,2024-10-09,14:32,115
SU6597,Aeroflot,2024-07-11,22:43,159
SU3632,Red Wings,2024-11-23,18:11,164
SU3675,Rossiya,2024-03-11,04:25,293
SU5255,Red Wings,2024-07-17,06:47,54
SU8194,Pobeda,2024-03-12,01:05,266
SU2981,S7 Airlines,2024-05-09,04:29,80
SU9765,Rossiya,2024-08-02,10:22,197
SU6147,Pobeda,2024-07-08,00:39,345
SU9975,Pobeda,2024-09-19,17:46,189
SU9202,UTair,2024-07-14,16:27,137
SU5981,Aeroflot,2024-02-01,02:40,177
SU9776,Rossiya,2024-09-26,07:35,58
SU3889,Pobeda,2024-04-15,04:37,186
SU5952,Rossiya,2024-02-12,05:41,197
SU8304,Azimuth,2024-10-13,20:47,250
SU7075,Ural Airlines,2024-09-16,07:12,252
SU2313,S7 Airlines,2024-08-07,14:10,111
SU9344,Pobeda,2024-10-20,11:31,331
SU8821,Pobeda,2024-02-01,11:31,110
SU6360,S7 Airlines,2024-07-24,23:18,99
SU4096,Rossiya,2024-08-18,11:34,180
SU596,Pobeda,2024-04-24,17:37,213
SU6835,Red Wings,2024-05-06,01:58,56
SU3572,Aeroflot,2024-04-09,08:11,52
SU1536,Red Wings,2024-06-20,16:10,142
SU1554,Rossiya,2024-06-25,14:33,157
SU9353,S7 Airlines,2024-06-14,22:15,144
SU2367,S7 Airlines,2024-07-26,09:30,183
SU9820,Nordavia,2024-11-05,00:55,250
SU8379,Yakutia,2024-05-22,15:21,203
SU4992,Yakutia,2024-12-01,20:15,314
SU2859,Yakutia,2024-09-23,18:02,145
SU776,Red Wings,2024-04-04,08:00,221
SU1338,Aeroflot,2024-02-14,00:59,98
SU9593,Ural Airlines,2024-03-16,22:28,63
SU221,Aeroflot,2024-04-10,19:41,176
SU7036,Rossiya,2024-07-27,19:56,213
SU9230,Azimuth,2024-01-12,01:39,336
SU4239,Azimuth,2024-09-20,19:27,170
SU4309,Azimuth,2024-03-24,07:48,268
SU7752,Ural Airlines,2024-07-20,20:50,181
SU5836,Red Wings,2024-03-15,00:08,223
SU2877,UTair,2024-01-11,00:58,164
SU9179,Yakutia,2024-10-08,03:05,341
SU9280,UTair,2024-10-06,02:31,258
SU444,Rossiya,2024-04-23,02:16,179
SU8932,Nordavia,2024-03-08,20:10,301
SU1360,Yakutia,2024-01-17,19:41,60
SU7161,Pobeda,2024-01-06,17:52,220
SU6710,Nordavia,2024-11-24,22:41,119
SU8199,Rossiya,2024-07-24,17:36,311
SU3378,Pobeda,2024-07-12,08:40,238
SU4849,Rossiya,2024-06-16,10:34,159
SU6800,UTair,2024-09-28,15:27,294
SU9594,Pobeda,2024-10-28,20:43,241
SU8416,Azimuth,2024-02-05,09:21,260
SU4806,Azimuth,2024-06-03,22:20,329
SU8165,Yakutia,2024-04-01,12:28,155
SU6008,Pobeda,2024-09-27,08:09,330
SU826,UTair,2024-01-08,06:37,178
SU1165,Ural Airlines,2024-05-25,18:37,278
SU4512,S7 Airlines,2024-11-12,02:13,180
SU7012,UTair,2024-02-23,16:49,314
SU957,Ural Airlines,2024-04-09,05:02,97
SU7287,Red Wings,2024-12-03,21:22,154
SU146,Pobeda,2024-06-01,23:00,286
SU4502,S7 Airlines,2024-04-08,06:20,129
SU6482,Ural Airlines,2024-01-18,19:02,320
SU3319,Red Wings,2024-03-26,20:42,77
SU4397,Red Wings,2024-12-25,19:29,98
SU2704,Ural Airlines,2024-12-11,08:04,59
SU6411,Nordavia,2024-06-12,00:24,160
SU1361,Yakutia,2024-09-03,16:20,203
SU3508,Aeroflot,2024-08-14,11:30,199
SU8126,Azimuth,2024-10-02,23:48,217
SU2524,UTair,2024-06-16,03:11,227
SU4406,Yakutia,2024-05-11,05:52,110
SU2850,Aeroflot,2024-12-05,02:44,236
SU8203,Ural Airlines,2024-02-06,07:19,211
SU6765,S7 Airlines,2024-04-14,16:42,219
SU4826,Ural Airlines,2024-02-14,06:43,135
SU6265,Yakutia,2024-06-03,14:04,282
SU9136,Rossiya,2024-01-04,22:40,120
SU4653,S7 Airlines,2024-12-07,02:37,163
SU1484,Aeroflot,2024-05-27,00:37,258
SU249,Azimuth,2024-02-17,18:44,94
SU1849,Azimuth,2024-10-08,05:20,251
SU483,UTair,2024-12-14,11:18,282
SU3341,Pobeda,2024-04-15,01:54,169
SU8608,UTair,2024-02-24,20:09,83
SU8711,UTair,2024-02-28,06:47,178
SU9512,Ural Airlines,2024-07-28,22:22,73
SU1768,S7 Airlines,2024-09-06,08:51,103
SU6641,Ural Airlines,2024-04-25,09:19,254
SU4492,UTair,2024-09-18,11:42,340
SU9741,Yakutia,2024-03-27,18:37,233
SU9203,Aeroflot,2024-07-19,13:36,292
SU3039,Azimuth,2024-05-24,15:00,156
SU2288,Rossiya,2024-03-20,23:54,85
SU5770,Rossiya,2024-08-18,23:03,132
SU4995,UTair,2024-01-20,14:26,90
SU2558,Rossiya,2024-04-07,05:21,225
SU7531,UTair,2024-11-21,03:26,215
SU7180,Yakutia,2024-05-03,09:51,167
SU2625,Nordavia,2024-12-08,06:10,212
SU4344,Pobeda,2024-09-22,05:31,147
SU1046,Ural Airlines,2024-11-11,11:30,241
SU4318,Yakutia,2024-12-24,11:14,132
SU9861,Rossiya,2024-04-20,15:50,319
SU235,Yakutia,2024-05-26,14:27,192
SU5757,Ural Airlines,2024-02-09,09:54,258
SU7894,Red Wings,2024-08-18,01:07,171
SU478,Azimuth,2024-10-18,22:55,137
SU2048,Yakutia,2024-03-26,13:40,227
SU7620,Pobeda,2024-10-16,22:51,72
SU7915,UTair,2024-02-01,12:13,343
SU2035,Yakutia,2024-11-21,06:27,237
SU5279,Rossiya,2024-05-21,20:36,330
SU285,S7 Airlines,2024-02-11,16:22,132
SU6608,Ural Airlines,2024-03-21,06:26,297
SU873,Rossiya,2024-06-16,11:59,229
SU2902,UTair,2024-08-07,02:18,185
SU7198,Nordavia,2024-06-03,12:03,61
SU7812,S7 Airlines,2024-01-23,21:39,95
SU4708,S7 Airlines,2024-05-02,02:50,161
SU3904,Yakutia,2024-03-28,00:35,257
SU2377,UTair,2024-03-26,13:05,90
SU4401,S7 Airlines,2024-10-22,22:03,340
SU1351,Yakutia,2024-06-17,20:40,342
SU9264,Rossiya,2024-06-09,14:18,111
SU6077,Rossiya,2024-06-05,17:51,205
SU244,Ural Airlines,2024-08-17,17:17,137
SU9169,S7 Airlines,2024-08-16,01:59,232
SU7624,Aeroflot,2024-11-15,02:22,321
SU1878,Azimuth,2024-06-25,05:02,116
SU4843,Aeroflot,2024-03-05,22:49,328
SU7898,Red Wings,2024-10-22,02:42,97
SU8086,Nordavia,2024-10-06,05:52,131
SU7998,Nordavia,2024-05-10,22:34,174
SU6743,Ural Airlines,2024-03-09,20:12,274
SU8806,Red Wings,2024-03-15,18:11,224
SU9985,Azimuth,2024-07-25,11:38,66
SU6035,Azimuth,2024-02-27,06:38,311
SU2967,Pobeda,2024-10-17,09:45,291
SU5401,Ural Airlines,2024-03-20,04:53,249
SU9628,Pobeda,2024-12-28,19:08,97
SU6723,Rossiya,2024-06-13,15:08,254
SU5583,Ural Airlines,2024-07-05,14:32,181
SU791,Ural Airlines,2024-03-26,20:56,334
SU5998,Aeroflot,2024-02-05,15:14,211
SU9701,UTair,2024-02-26,10:50,193
SU900,Azimuth,2024-07-09,10:20,219
SU1563,Ural Airlines,2024-02-19,13:33,128
SU9768,Aeroflot,2024-07-20,00:22,212
SU2634,Rossiya,2024-02-27,04:06,111
SU8493,Aeroflot,2024-06-05,19:46,338
SU6795,UTair,2024-02-10,12:42,207
SU9589,Ural Airlines,2024-03-15,13:42,100
SU9948,S7 Airlines,2024-12-06,08:42,73
SU5565,Red Wings,2024-12-09,11:38,256
SU5222,Red Wings,2024-10-24,00:59,161
SU6144,Yakutia,2024-01-23,23:35,50
SU335,Yakutia,2024-08-23,11:35,171
SU3850,S7 Airlines,2024-01-07,12:37,65
SU3292,Red Wings,2024-09-28,12:02,169
SU1734,Yakutia,2024-11-27,02:30,282
SU9565,Pobeda,2024-06-20,01:52,245
SU6374,Pobeda,2024-06-26,17:26,210
SU3614,Red Wings,2024-09-06,06:55,253
SU1206,Azimuth,2024-10-03,08:58,107
SU2408,Red Wings,2024-12-15,22:05,309
SU7516,Nordavia,2024-07-11,23:38,347
SU989,Yakutia,2024-10-23,10:28,273
SU4283,Rossiya,2024-03-03,07:00,186
SU9379,Aeroflot,2024-04-20,08:03,225
SU7197,Red Wings,2024-01-24,18:34,257
SU9615,Azimuth,2024-10-08,12:53,274
SU2714,UTair,2024-09-13,07:03,316
SU5924,Azimuth,2024-06-23,07:54,281
SU6202,Aeroflot,2024-01-17,13:17,349
SU6116,Yakutia,2024-12-04,00:05,304
SU7624,Pobeda,2024-03-04,22:36,274
SU9619,Ural Airlines,2024-12-13,00:27,301
SU9196,S7 Airlines,2024-06-11,00:46,317
SU4049,Rossiya,2024-10-26,05:27,298
SU9302,Red Wings,2024-11-05,23:15,114
SU3026,UTair,2024-03-13,10:49,198
SU5010,Aeroflot,2024-02-28,00:17,76
SU7564,Azimuth,2024-12-15,02:52,161
SU7176,Ural Airlines,2024-01-20,08:59,165
SU2607,Rossiya,2024-03-09,13:51,264
SU4989,Rossiya,2024-03-06,11:46,205
SU7383,Nordavia,2024-12-24,22:15,105
SU7474,Ural Airlines,2024-09-21,20:14,114
SU6949,Yakutia,2024-08-12,09:01,171
SU1001,Rossiya,2024-03-02,09:30,310
SU7830,Red Wings,2024-04-05,14:55,133
SU5524,Nordavia,2024-05-05,05:03,258
SU6842,Ural Airlines,2024-12-06,11:00,321
SU514,Nordavia,2024-11-16,04:37,109
SU5812,S7 Airlines,2024-11-06,22:00,195
SU4839,S7 Airlines,2024-09-25,21:58,51
SU6818,UTair,2024-07-13,14:17,70
SU2068,Aeroflot,2024-09-27,05:46,251
SU7204,S7 Airlines,2024-05-01,06:56,192
SU123,Nordavia,2024-12-22,08:23,212
SU6295,UTair,2024-10-04,21:54,145
SU3511,Red Wings,2024-07-16,08:03,288
SU4306,S7 Airlines,2024-03-20,16:07,194
SU7867,Red Wings,2024-07-25,16:47,173
SU2497,Yakutia,2024-11-12,04:57,78
SU2894,UTair,2024-12-28,17:16,237
SU6826,Aeroflot,2024-07-10,17:12,112
SU597,Azimuth,2024-04-06,12:42,157
SU2884,Aeroflot,2024-12-19,00:42,252
SU9536,Azimuth,2024-03-24,07:00,317
SU504,Yakutia,2024-11-11,07:02,279
SU718,Aeroflot,2024-03-21,01:31,321
SU521,Yakutia,2024-04-26,03:45,319
SU1793,UTair,2024-07-15,06:08,150
SU2894,Nordavia,2024-10-12,01:54,296
SU9478,Red Wings,2024-06-08,17:36,185
SU2080,Yakutia,2024-02-25,11:28,220
SU8142,Ural Airlines,2024-03-03,00:39,139
SU8130,S7 Airlines,2024-11-22,16:10,61
SU8627,Aeroflot,2024-08-28,04:18,302
SU998,Pobeda,2024-07-14,16:26,320
SU5976,Aeroflot,2024-01-22,13:21,140
SU1749,Ural Airlines,2024-11-28,04:52,211
SU9678,Nordavia,2024-05-21,17:52,189
SU1025,S7 Airlines,2024-05-05,03:10,300
SU7223,S7 Airlines,2024-02-12,22:56,343
SU1136,Pobeda,2024-08-03,21:03,141
SU6741,Yakutia,2024-04-19,12:20,136
SU7424,Pobeda,2024-09-02,21:52,103
SU388,Pobeda,2024-05-18,15:18,89
SU743,Red Wings,2024-12-20,11:36,212
SU6171,Rossiya,2024-09-24,12:14,70
SU9576,Azimuth,2024-06-21,02:19,302
SU5442,S7 Airlines,2024-05-19,02:08,221
SU3811,Ural Airlines,2024-09-03,21:49,284
SU630,S7 Airlines,2024-08-28,01:24,308
SU9320,Nordavia,2024-02-27,06:37,124
SU3349,Ural Airlines,2024-01-05,16:38,142
SU9089,S7 Airlines,2024-05-12,15:58,76
SU1383,Aeroflot,2024-11-23,11:54,251
SU103,Nordavia,2024-05-21,20:38,182
SU8305,Red Wings,2024-08-08,08:03,113
SU8014,Aeroflot,2024-12-19,00:13,192
SU6686,Azimuth,2024-03-10,01:53,60
SU3919,Red Wings,2024-09-19,08:57,156
SU4035,Red Wings,2024-02-18,05:02,144
SU9201,UTair,2024-02-19,17:57,318
SU4469,S7 Airlines,2024-10-13,20:20,77
SU2523,Nordavia,2024-10-25,02:01,154
SU6257,UTair,2024-09-23,17:19,97
SU8153,Ural Airlines,2024-02-07,03:50,56
SU8604,S7 Airlines,2024-08-23,09:09,110
SU4448,UTair,2024-03-02,22:07,237
SU2902,Yakutia,2024-03-04,22:51,252
SU9292,Red Wings,2024-09-10,04:07,173
SU6752,Aeroflot,2024-06-04,10:46,240
SU4796,UTair,2024-12-17,03:43,264
SU2774,UTair,2024-06-21,16:31,333
SU9694,Pobeda,2024-11-25,03:14,201
SU1937,Pobeda,2024-04-10,23:40,99
SU2278,S7 Airlines,2024-10-20,17:40,201
SU4753,UTair,2024-08-23,09:21,295
SU4189,Nordavia,2024-06-09,06:19,222
SU1256,Ural Airlines,2024-02-07,15:53,304
SU5896,UTair,2024-09-23,18:02,265
SU6098,Pobeda,2024-06-10,18:35,180
SU405,Azimuth,2024-01-18,21:45,130
SU4562,S7 Airlines,2024-03-15,07:48,149
SU9165,Yakutia,2024-12-05,16:10,217
SU7942,Red Wings,2024-01-11,09:27,221
SU8770,Aeroflot,2024-09-18,02:04,124
SU4361,Azimuth,2024-01-15,23:28,91
SU7555,UTair,2024-04-15,00:09,194
SU6434,Ural Airlines,2024-03-11,01:05,318
SU1502,Aeroflot,2024-05-24,04:39,173
SU199,S7 Airlines,2024-07-19,21:08,223
SU5107,Nordavia,2024-07-08,18:07,199
SU5672,Aeroflot,2024-04-08,06:43,50
SU932,Pobeda,2024-07-10,13:47,73
SU5852,Pobeda,2024-12-28,12:32,299
SU2164,Red Wings,2024-08-08,23:02,230
SU5944,Aeroflot,2024-12-08,18:47,192
SU7365,S7 Airlines,2024-05-18,05:35,191
SU4214,S7 Airlines,2024-10-22,07:37,300
SU468,Aeroflot,2024-08-24,17:33,155
SU6049,UTair,2024-08-26,08:48,268
SU6947,Nordavia,2024-02-11,07:30,311
SU6657,Ural Airlines,2024-12-11,15:51,317
SU705,Pobeda,2024-09-09,15:14,112
SU2080,Rossiya,2024-08-22,17:48,298
SU5886,Pobeda,2024-06-25,15:41,239
SU165,Yakutia,2024-10-14,15:43,306
SU5765,Ural Airlines,2024-05-02,02:48,270
SU5955,Azimuth,2024-01-27,22:58,291
SU2812,Nordavia,2024-04-13,22:18,96
SU7728,Pobeda,2024-06-10,08:46,163
SU4318,Nordavia,2024-03-23,10:53,210
SU3812,Ural Airlines,2024-06-04,08:40,119
SU7530,Aeroflot,2024-01-22,19:27,234
SU513,Azimuth,2024-06-26,19:18,317
SU6424,Red Wings,2024-05-10,23:26,247
SU8655,Azimuth,2024-05-19,18:46,130
SU1992,Nordavia,2024-05-08,06:42,346
SU4504,UTair,2024-02-14,19:59,241
SU6391,Nordavia,2024-09-22,10:48,210
SU9435,Yakutia,2024-05-06,01:06,279
SU5473,Yakutia,2024-10-03,19:50,163
SU1320,Ural Airlines,2024-10-25,14:05,335
SU3553,Aeroflot,2024-03-13,20:59,158
SU4614,Aeroflot,2024-08-06,19:18,212
SU5531,UTair,2024-02-17,11:14,87
SU3514,Ural Airlines,2024-12-17,00:48,322
SU9439,Aeroflot,2024-02-22,13:57,348
SU8755,S7 Airlines,2024-05-03,17:07,101
SU7791,Red Wings,2024-12-04,21:58,255
SU6055,Nordavia,2024-11-20,12:18,192
SU5639,Aeroflot,2024-06-19,09:58,154
SU2929,Red Wings,2024-11-25,21:44,197
SU9932,Rossiya,2024-07-28,15:47,265
SU1232,Ural Airlines,2024-04-04,00:50,234
SU9338,Aeroflot,2024-07-11,15:46,341
SU9514,Ural Airlines,2024-11-08,05:29,170
SU3934,Pobeda,2024-02-27,17:34,221
SU8288,UTair,2024-04-19,06:54,267
SU6740,Azimuth,2024-04-13,19:44,304
SU8792,Yakutia,2024-01-21,16:20,302
SU1699,Red Wings,2024-09-17,16:59,290
SU2613,Azimuth,2024-07-11,19:36,55
SU9803,Rossiya,2024-12-26,02:44,96
SU4154,Ural Airlines,2024-10-15,03:02,276
SU1123,Rossiya,2024-07-10,20:37,165
SU2531,Rossiya,2024-09-06,21:23,107
SU1291,Pobeda,2024-06-10,10:33,306
SU5191,Pobeda,2024-12-21,20:53,72
SU3363,Aeroflot,2024-06-13,21:48,63
SU7496,S7 Airlines,2024-08-05,22:57,342
SU8671,Red Wings,2024-08-28,18:09,75
SU7781,Red Wings,2024-09-01,03:07,85
SU5180,Nordavia,2024-07-21,22:31,119
SU7212,Yakutia,2024-03-10,18:38,104
SU4583,Red Wings,2024-06-12,03:17,79
SU5502,Aeroflot,2024-12-26,17:13,221
SU4386,Rossiya,2024-07-14,11:11,58
SU2008,Pobeda,2024-11-01,02:28,187
SU2451,Aeroflot,2024-01-01,01:04,128
SU4639,Yakutia,2024-11-11,22:10,115
SU9674,Ural Airlines,2024-07-08,00:29,88
SU6946,Azimuth,2024-02-08,05:53,196
SU8852,Azimuth,2024-01-15,21:12,195
SU5049,Azimuth,2024-03-11,22:30,193
SU3952,S7 Airlines,2024-03-26,16:51,151
SU4863,Red Wings,2024-10-26,19:12,83
SU3675,UTair,2024-07-22,19:27,190
SU4587,Nordavia,2024-09-23,18:55,279
SU9839,Aeroflot,2024-06-19,05:05,216
SU5019,Yakutia,2024-12-05,23:16,325
SU4361,Azimuth,2024-10-13,20:30,338
SU9564,Azimuth,2024-02-14,17:44,158
SU9138,Aeroflot,2024-01-01,21:50,210
SU8769,S7 Airlines,2024-06-28,02:54,223
SU4272,Rossiya,2024-01-12,00:59,198
SU7325,Red Wings,2024-08-24,14:45,115
SU8109,Rossiya,2024-08-18,17:47,148
SU7822,Nordavia,2024-08-13,03:25,331
SU1209,Red Wings,2024-10-19,08:45,300
SU7801,Yakutia,2024-01-24,22:21,280
SU9681,Nordavia,2024-10-14,05:00,71
SU1204,UTair,2024-07-06,06:46,235
SU4573,S7 Airlines,2024-06-11,16:07,215
SU9256,Aeroflot,2024-02-22,21:26,163
SU5422,Yakutia,2024-02-10,14:34,327
SU6653,Yakutia,2024-01-12,06:32,174
SU4389,Aeroflot,2024-05-04,01:28,317
SU7648,Rossiya,2024-08-21,01:51,339
SU3691,Aeroflot,2024-01-20,08:55,232
SU8748,S7 Airlines,2024-03-14,09:17,208
SU3239,Red Wings,2024-07-06,05:09,189
SU7617,Azimuth,2024-07-06,20:15,341
SU5654,Azimuth,2024-10-27,00:24,322
SU6630,Yakutia,2024-09-03,11:53,198
SU9606,Rossiya,2024-06-15,17:40,266
SU2022,S7 Airlines,2024-08-10,18:36,121
SU3214,Red Wings,2024-06-22,14:06,174
SU9406,Pobeda,2024-09-11,06:51,298
SU9738,Azimuth,2024-04-08,21:15,280
SU3745,Azimuth,2024-06-05,06:02,202
SU3397,Azimuth,2024-01-10,00:56,294
SU747,Yakutia,2024-10-05,11:42,231
SU2430,S7 Airlines,2024-10-01,13:48,305
SU8478,Rossiya,2024-01-21,05:44,281
SU4817,Azimuth,2024-11-19,08:19,114
SU8671,S7 Airlines,2024-12-10,22:24,327
SU1609,Pobeda,2024-12-13,08:17,222
SU6388,Red Wings,2024-02-22,14:24,67
SU4150,S7 Airlines,2024-06-19,07:48,57
SU5212,Aeroflot,2024-03-19,09:03,132
SU5444,Aeroflot,2024-12-16,10:22,229
SU3807,Ural Airlines,2024-03-28,17:42,294
SU9244,Nordavia,2024-07-12,14:55,327
SU2894,Aeroflot,2024-09-19,20:07,300
SU9368,Aeroflot,2024-10-20,06:02,237
SU4985,UTair,2024-01-16,18:37,330
SU4600,Pobeda,2024-05-13,13:49,299
SU2085,UTair,2024-12-02,12:22,78
SU1951,Red Wings,2024-01-12,23:08,260
SU385,Pobeda,2024-04-20,19:25,233
SU7387,Nordavia,2024-09-12,07:55,158
SU7504,Ural Airlines,2024-08-15,09:45,145
SU3389,Nordavia,2024-10-16,08:56,124
SU8593,Yakutia,2024-12-15,10:06,182
SU5206,Nordavia,2024-05-12,12:35,214
SU4905,UTair,2024-06-27,05:10,189
SU7800,Aeroflot,2024-02-03,16:55,251
SU9247,Pobeda,2024-10-12,09:08,340
SU3156,Nordavia,2024-03-16,07:48,101
SU5072,Ural Airlines,2024-06-27,01:38,202
SU3309,Nordavia,2024-03-19,18:55,207
SU180,Pobeda,2024-01-06,17:56,175
SU8449,Nordavia,2024-09-13,05:46,313
SU4373,Nordavia,2024-04-19,11:59,241
SU9114,Nordavia,2024-03-15,21:26,203
SU9916,Nordavia,2024-10-11,15:17,301
SU699,Aeroflot,2024-05-24,10:16,167
SU4909,Yakutia,2024-04-26,17:07,327
SU9488,Ural Airlines,2024-06-16,11:18,83
SU5130,Nordavia,2024-06-04,19:42,269
SU1691,Pobeda,2024-09-17,09:01,149
SU6343,Ural Airlines,2024-11-11,16:40,242
SU6859,Yakutia,2024-12-24,03:00,263
SU7753,UTair,2024-06-26,00:30,124
SU5062,Azimuth,2024-02-21,07:28,61
SU3736,Nordavia,2024-01-18,08:35,73
SU4881,Pobeda,2024-10-06,12:25,148
SU9161,Nordavia,2024-09-18,05:24,334
SU4266,Aeroflot,2024-12-22,16:51,228
SU133,Azimuth,2024-07-07,04:06,128
SU9008,S7 Airlines,2024-03-25,13:42,270
SU1167,Nordavia,2024-03-10,02:07,123
SU5618,Pobeda,2024-10-10,16:45,342
SU7815,Red Wings,2024-03-25,00:17,198
SU2262,Azimuth,2024-09-19,19:48,334
SU5861,Ural Airlines,2024-02-11,00:42,221
SU9305,Aeroflot,2024-06-06,12:27,285
SU6099,Aeroflot,2024-04-09,06:16,331
SU9467,Ural Airlines,2024-07-19,19:45,343
SU4920,Yakutia,2024-04-09,04:48,325
SU5054,S7 Airlines,2024-09-11,14:05,180
SU9045,Pobeda,2024-09-24,19:51,346
SU6040,Red Wings,2024-04-12,17:44,201
SU9251,Yakutia,2024-01-12,17:24,149
SU9530,Azimuth,2024-02-26,20:04,250
SU779,Red Wings,2024-05-07,01:18,79
SU8538,Rossiya,2024-12-25,20:12,250
SU4240,Nordavia,2024-11-04,13:32,72
SU2361,UTair,2024-11-14,11:47,269
SU5794,Ural Airlines,2024-09-04,04:11,316
SU1737,Aeroflot,2024-03-22,10:14,110
SU2926,S7 Airlines,2024-08-02,23:28,184
SU4334,Azimuth,2024-07-17,01:47,91
SU5495,UTair,2024-02-23,17:38,309
SU7387,UTair,2024-12-25,23:51,254
SU9166,UTair,2024-10-19,00:25,306
SU3162,Pobeda,2024-05-24,23:23,209
SU8534,S7 Airlines,2024-02-04,01:21,215
SU846,UTair,2024-01-05,10:42,147
SU5375,Pobeda,2024-10-10,14:09,345
SU4850,Pobeda,2024-07-14,05:09,119
SU9447,Red Wings,2024-07-24,16:51,117
SU7890,Nordavia,2024-01-04,16:59,267
SU9586,Azimuth,2024-02-09,02:33,109
SU2154,Red Wings,2024-08-03,20:42,152
SU6858,Red Wings,2024-09-08,17:33,346
SU2072,Red Wings,2024-11-23,16:25,154
SU4927,Pobeda,2024-06-04,05:45,111
SU2675,Ural Airlines,2024-12-18,21:39,144
SU7234,Pobeda,2024-11-16,19:48,235
SU2573,Red Wings,2024-03-04,15:40,104
SU372,UTair,2024-07-16,01:46,318
SU5638,Red Wings,2024-12-15,08:34,209
SU6860,Aeroflot,2024-08-15,08:20,54
SU573,S7 Airlines,2024-05-25,10:58,185
SU7671,Red Wings,2024-11-03,07:58,214
SU9006,Red Wings,2024-01-06,22:50,135
SU4327,Azimuth,2024-09-14,03:50,282
SU9098,Yakutia,2024-06-13,12:46,132
SU1945,Pobeda,2024-10-07,19:17,80
SU8167,Azimuth,2024-03-26,00:59,333
SU5043,UTair,2024-12-05,03:54,98
SU8183,Pobeda,2024-04-25,07:40,166
SU5040,Red Wings,2024-09-05,16:26,50
SU313,UTair,2024-12-10,04:44,317
SU8637,Azimuth,2024-12-25,23:24,334
SU8345,Ural Airlines,2024-03-15,02:15,163
SU9627,Pobeda,2024-03-03,21:54,140
SU7540,S7 Airlines,2024-12-18,21:53,190
SU7561,Rossiya,2024-04-25,06:57,133
SU420,UTair,2024-02-24,08:03,143
SU7176,Azimuth,2024-09-20,22:28,142
SU3815,Red Wings,2024-07-14,14:02,210
SU4880,Nordavia,2024-06-05,01:35,86
SU3737,Azimuth,2024-06-17,01:34,324
SU2575,Nordavia,2024-06-25,02:36,108
SU7629,Red Wings,2024-10-14,08:43,62
SU2261,Red Wings,2024-04-10,02:23,218
SU6179,Nordavia,2024-07-01,04:26,57
SU6333,S7 Airlines,2024-01-14,05:01,187
SU6755,Aeroflot,2024-10-22,09:10,325
SU3840,Rossiya,2024-04-26,01:21,164
SU1174,Aeroflot,2024-02-21,01:31,207
SU2472,Red Wings,2024-01-23,04:28,245
SU2060,Pobeda,2024-09-02,07:00,140
SU9006,Azimuth,2024-06-21,11:10,92
SU5414,Azimuth,2024-04-11,18:01,262
SU6602,Red Wings,2024-08-15,21:27,250
SU6098,Yakutia,2024-05-02,03:01,229
SU5990,Pobeda,2024-10-05,10:41,61
SU5688,Azimuth,2024-06-24,16:45,58
SU4027,Rossiya,2024-06-27,10:59,100
SU1942,S7 Airlines,2024-03-18,10:36,318
SU7591,Nordavia,2024-10-21,19:15,246
SU5713,Nordavia,2024-09-20,06:06,298
SU3726,S7 Airlines,2024-05-18,17:35,215
SU5784,Yakutia,2024-09-07,12:21,76
SU2772,Pobeda,2024-02-10,12:43,119
SU8409,Azimuth,2024-08-05,21:10,271
SU2358,Aeroflot,2024-06-21,06:08,198
SU9778,Rossiya,2024-09-18,02:03,53
SU3824,Yakutia,2024-10-02,13:45,270
SU1397,Aeroflot,2024-10-13,20:10,110
SU2337,Ural Airlines,2024-05-07,06:28,200
SU6546,Yakutia,2024-10-03,20:59,107
SU8815,Pobeda,2024-02-26,07:58,269
SU7059,Nordavia,2024-05-13,10:44,54
SU3075,Ural Airlines,2024-09-25,17:17,322
SU5034,S7 Airlines,2024-03-27,03:51,292
SU992,Nordavia,2024-02-08,09:27,174
SU317,Rossiya,2024-11-08,05:21,310
SU5437,S7 Airlines,2024-04-20,08:22,252
SU8507,Ural Airlines,2024-07-22,23:13,203
SU3373,Red Wings,2024-07-28,23:15,181
SU3493,Ural Airlines,2024-11-07,06:49,190
SU8559,Nordavia,2024-07-08,02:04,144
SU276,Ural Airlines,2024-12-17,14:24,187
SU4216,Azimuth,2024-04-27,10:36,196
SU8331,Aeroflot,2024-12-11,23:04,319
SU6624,Aeroflot,2024-07-28,08:42,126
SU3764,Aeroflot,2024-10-15,03:01,231
SU2127,Nordavia,2024-11-20,02:59,246
SU2300,Ural Airlines,2024-09-16,22:02,77
SU3260,Rossiya,2024-08-24,11:48,209
SU4207,S7 Airlines,2024-07-22,09:50,277
SU3402,Azimuth,2024-10-25,02:47,62
SU2465,Aeroflot,2024-09-28,20:22,222
SU5431,Ural Airlines,2024-06-09,22:05,66
SU3330,S7 Airlines,2024-03-18,09:53,241
SU219,Aeroflot,2024-01-15,06:04,240
SU9448,Red Wings,2024-02-23,07:06,239
SU5963,Ural Airlines,2024-10-22,19:32,344
SU3434,Rossiya,2024-07-23,06:51,116
SU1326,Rossiya,2024-05-09,05:43,282
SU5994,Yakutia,2024-09-18,18:56,89
SU5987,UTair,2024-01-13,06:44,166
SU7734,Ural Airlines,2024-05-24,17:30,77
SU4958,Rossiya,2024-07-26,22:49,54
SU1708,Rossiya,2024-04-28,00:09,200
SU6832,Nordavia,2024-09-22,07:55,221
SU7563,Azimuth,2024-02-03,11:43,91
SU2204,Nordavia,2024-02-04,13:45,301
SU6734,Pobeda,2024-08-23,17:14,263
SU7588,Ural Airlines,2024-12-11,15:52,122
SU4049,Azimuth,2024-09-01,21:34,331
SU7154,Red Wings,2024-02-12,18:50,95
SU8805,Aeroflot,2024-01-10,10:02,301
SU6815,Aeroflot,2024-01-16,16:20,62
SU431,Nordavia,2024-03-03,10:01,158
SU3599,Ural Airlines,2024-12-09,09:14,181
SU3744,Pobeda,2024-08-22,11:59,101
SU2200,Rossiya,2024-02-26,22:53,116
SU9095,Pobeda,2024-02-21,06:07,270
SU1870,Pobeda,2024-08-13,10:00,90
SU9136,Azimuth,2024-02-20,05:23,324
SU9518,Pobeda,2024-11-08,04:21,167
SU3688,Aeroflot,2024-01-10,21:47,167
SU1141,Yakutia,2024-02-22,16:14,227
SU9569,Nordavia,2024-04-28,15:00,333
SU6258,Rossiya,2024-10-22,04:06,129
SU2352,Aeroflot,2024-05-27,23:35,141
SU1556,Aeroflot,2024-10-28,05:53,246
SU5620,Yakutia,2024-05-11,12:56,222
SU3167,Yakutia,2024-10-21,08:16,297
SU7223,Azimuth,2024-02-13,04:09,129
SU4922,Rossiya,2024-03-20,13:01,72
SU8216,Azimuth,2024-10-11,09:29,243
SU8307,Rossiya,2024-02-19,02:49,138
SU1688,Aeroflot,2024-06-18,12:00,118
SU5325,Yakutia,2024-06-01,17:09,88
SU8812,Red Wings,2024-09-04,11:30,162
SU4343,S7 Airlines,2024-07-16,07:20,191
SU1887,S7 Airlines,2024-12-10,09:57,77
SU3365,Ural Airlines,2024-08-02,06:46,327
SU1151,Pobeda,2024-11-07,01:28,76
SU6545,Red Wings,2024-01-14,03:08,90
SU8001,Azimuth,2024-02-08,22:07,127
SU9232,Rossiya,2024-06-09,22:02,310
SU7119,Azimuth,2024-09-24,10:19,297
SU6037,Aeroflot,2024-10-17,01:55,199
SU7589,S7 Airlines,2024-11-23,05:35,257
SU2217,UTair,2024-09-13,03:41,292
SU5604,S7 Airlines,2024-07-20,03:37,309
SU6951,Ural Airlines,2024-08-21,12:35,195
SU4992,Pobeda,2024-08-25,10:34,196
SU6486,Rossiya,2024-02-05,05:20,343
SU3718,UTair,2024-11-02,21:16,92
SU2548,Azimuth,2024-03-12,11:54,270
SU6627,Red Wings,2024-03-24,04:47,198
SU4499,Yakutia,2024-06-13,03:23,312
SU3339,Pobeda,2024-11-14,17:32,191
SU8632,Ural Airlines,2024-04-20,04:25,63
SU8963,Rossiya,2024-03-22,06:54,141
SU4136,Azimuth,2024-11-16,14:46,346
SU7139,Rossiya,2024-11-02,16:04,84
SU7418,UTair,2024-09-27,23:41,265
SU1325,Nordavia,2024-06-26,21:19,125
SU3152,Yakutia,2024-01-14,14:18,262
SU3771,Pobeda,2024-01-11,08:21,202
SU8440,Yakutia,2024-05-21,16:53,71
SU6303,Pobeda,2024-12-15,08:43,229
SU3995,S7 Airlines,2024-08-24,15:18,138
SU2170,Aeroflot,2024-04-02,03:56,197
SU3664,Pobeda,2024-01-22,16:50,109
SU3681,Red Wings,2024-06-15,11:23,88
SU9087,Pobeda,2024-05-19,06:43,262
SU7422,Yakutia,2024-04-19,15:33,68
SU2808,Rossiya,2024-02-20,23:32,225
SU7331,Ural Airlines,2024-04-03,08:38,207
SU4518,Nordavia,2024-02-04,04:58,141
SU1873,Red Wings,2024-04-07,11:13,177
SU7226,Aeroflot,2024-04-04,10:31,167
SU803,Ural Airlines,2024-01-16,20:45,339
SU6838,UTair,2024-07-18,03:43,139
SU931,Ural Airlines,2024-10-27,01:05,68
SU951,Ural Airlines,2024-08-23,03:28,315
SU2395,Pobeda,2024-07-13,01:22,168
SU7942,Yakutia,2024-08-25,02:49,147
SU7801,Aeroflot,2024-07-23,20:40,327
SU934,Azimuth,2024-11-16,20:26,231
SU6557,Rossiya,2024-05-10,01:46,142
SU6213,Ural Airlines,2024-06-27,22:23,196
SU2367,Pobeda,2024-10-20,19:14,53
SU8606,Red Wings,2024-02-05,07:17,125
SU7734,Rossiya,2024-06-25,23:35,348
SU8938,Azimuth,2024-02-24,15:29,209
SU1129,Pobeda,2024-03-26,19:08,331
SU3289,Red Wings,2024-10-03,02:00,51
SU6568,S7 Airlines,2024-09-25,17:32,169
SU6531,Azimuth,2024-04-23,01:01,328
SU8738,Ural Airlines,2024-08-11,22:59,214
SU1400,Azimuth,2024-01-25,22:55,262
SU1637,Pobeda,2024-06-24,08:24,127
SU9206,Aeroflot,2024-12-24,03:40,156
SU915,Aeroflot,2024-05-01,05:31,163
SU8290,Yakutia,2024-10-05,05:06,343
SU9465,Yakutia,2024-04-22,21:58,151
SU5482,Nordavia,2024-06-13,15:46,301
SU4860,Rossiya,2024-10-09,08:51,244
SU3125,Aeroflot,2024-01-06,01:56,86
SU6399,Red Wings,2024-10-27,21:28,276
SU9487,Yakutia,2024-11-20,18:32,217
SU7785,S7 Airlines,2024-08-21,11:09,308
SU3490,UTair,2024-01-19,21:50,103
SU320,Yakutia,2024-08-02,04:18,117
SU311,Azimuth,2024-12-11,09:58,224
SU328,Ural Airlines,2024-06-26,15:30,161
SU1086,Ural Airlines,2024-03-23,05:13,66
SU9173,Pobeda,2024-10-08,16:24,289
SU3343,S7 Airlines,2024-08-16,20:23,186
SU8228,Aeroflot,2024-12-08,18:50,258
SU4391,Nordavia,2024-03-05,05:05,63
SU5015,UTair,2024-04-20,21:31,326
SU207,S7 Airlines,2024-05-12,08:29,133
SU5580,Yakutia,2024-04-17,13:41,98
SU2944,UTair,2024-09-23,06:37,226
SU4310,Red Wings,2024-01-06,11:29,64
SU6770,Aeroflot,2024-07-19,07:41,200
SU1223,Azimuth,2024-02-21,11:26,270
SU3730,Yakutia,2024-10-09,02:01,106
SU6290,Ural Airlines,2024-12-12,19:02,92
SU6769,Rossiya,2024-09-11,20:29,125
SU5635,UTair,2024-07-17,06:50,326
SU5505,Ural Airlines,2024-04-19,09:53,236
SU406,Nordavia,2024-02-15,11:10,346
SU396,UTair,2024-06-22,04:12,263
SU5213,Azimuth,2024-03-11,01:34,304
SU1648,Pobeda,2024-02-18,15:43,156
SU5268,UTair,2024-09-24,08:51,144
SU9112,UTair,2024-03-13,10:21,148
SU9303,Yakutia,2024-01-12,08:21,219
SU8075,Ural Airlines,2024-04-05,08:50,126
SU3295,Rossiya,2024-05-16,21:50,89
SU1349,Ural Airlines,2024-08-20,00:29,122
SU5808,Yakutia,2024-09-05,14:39,297
SU4899,Nordavia,2024-01-22,03:02,74
SU5896,Nordavia,2024-06-05,11:13,179
SU7828,Yakutia,2024-06-17,15:43,111
SU6343,Red Wings,2024-02-10,12:30,289
SU521,Ural Airlines,2024-08-03,05:22,122
SU5010,Azimuth,2024-12-16,00:50,136
SU2540,Red Wings,2024-10-26,16:05,278
SU702,Azimuth,2024-10-01,13:51,176
SU7848,Ural Airlines,2024-12-27,22:30,112
SU7455,Rossiya,2024-11-01,02:24,313
SU2138,Pobeda,2024-02-02,00:08,312
SU9645,Red Wings,2024-03-27,21:28,210
SU8183,Azimuth,2024-05-21,04:57,194
SU7377,S7 Airlines,2024-07-18,14:26,301
SU2035,Aeroflot,2024-12-16,06:07,120
SU7839,Rossiya,2024-09-06,02:25,193
SU6654,UTair,2024-05-17,16:06,107
SU1255,Rossiya,2024-01-18,02:00,314
SU6702,Yakutia,2024-09-19,15:34,143
SU5150,S7 Airlines,2024-03-19,13:27,286
SU9644,Nordavia,2024-03-12,15:37,75
SU4449,Pobeda,2024-04-06,16:52,54
SU5732,Rossiya,2024-12-28,14:20,141
SU3201,Ural Airlines,2024-03-07,21:59,347
SU2637,UTair,2024-11-15,03:42,97
SU3692,Nordavia,2024-07-05,11:35,151
SU2338,Azimuth,2024-06-28,05:00,127
SU1692,Pobeda,2024-03-22,07:14,104
SU8967,Aeroflot,2024-03-27,08:25,285
SU8396,Ural Airlines,2024-11-06,13:28,178
SU6528,Pobeda,2024-04-04,18:54,321
SU8941,Ural Airlines,2024-09-15,04:29,213
SU1242,Rossiya,2024-04-14,19:23,74
SU7224,Ural Airlines,2024-08-02,23:09,320
SU5686,Yakutia,2024-10-18,21:08,319
SU4366,S7 Airlines,2024-10-18,14:58,221
SU7836,S7 Airlines,2024-10-23,19:47,216
SU4872,UTair,2024-11-12,18:01,240
SU5469,UTair,2024-11-15,05:12,130
SU8340,Azimuth,2024-04-02,01:24,261
SU5723,Ural Airlines,2024-07-13,18:02,148
SU2035,S7 Airlines,2024-11-04,12:20,67
SU1423,Nordavia,2024-02-28,16:08,233
SU6500,Nordavia,2024-10-01,20:51,209
SU3020,Yakutia,2024-11-15,01:36,282
SU2663,Red Wings,2024-01-12,18:07,120
SU4550,Nordavia,2024-06-07,23:03,190
SU5130,Aeroflot,2024-08-09,21:15,115
SU2924,Yakutia,2024-11-06,07:48,267
SU6853,UTair,2024-12-03,11:41,196
SU4769,Ural Airlines,2024-07-06,18:22,62
SU6868,Pobeda,2024-11-15,06:34,194
SU3546,S7 Airlines,2024-07-15,00:15,144
SU1228,Nordavia,2024-03-16,17:00,192
SU4927,Rossiya,2024-11-14,05:01,326
SU7974,Yakutia,2024-10-14,05:53,350
SU5222,Aeroflot,2024-02-21,07:19,75
SU5123,Aeroflot,2024-07-09,18:14,338
SU5346,Red Wings,2024-03-12,08:18,231
SU3904,Yakutia,2024-05-28,04:30,235
SU9093,Ural Airlines,2024-09-07,01:34,125
SU505,Red Wings,2024-03-11,06:08,50
SU8211,UTair,2024-07-27,08:52,201
SU2359,S7 Airlines,2024-08-24,05:13,310
SU5979,Pobeda,2024-04-26,09:44,65
SU8375,Aeroflot,2024-09-18,15:30,93
SU3060,Azimuth,2024-09-01,21:58,175
SU2420,UTair,2024-04-24,20:15,147
SU4398,Rossiya,2024-01-23,03:16,158
SU934,Aeroflot,2024-05-05,09:31,233
SU4373,Nordavia,2024-12-18,12:40,168
SU3308,UTair,2024-03-19,13:04,99
SU6425,Pobeda,2024-10-07,22:11,342
SU3933,Azimuth,2024-01-24,00:20,254
SU8986,S7 Airlines,2024-08-16,01:32,289
SU2113,Pobeda,2024-01-09,03:06,77
SU6043,Rossiya,2024-01-23,14:03,98
SU2009,Rossiya,2024-06-24,20:27,264
SU8459,Nordavia,2024-08-01,15:08,193
SU7247,S7 Airlines,2024-03-13,05:27,92
SU6483,Aeroflot,2024-06-25,14:12,260
SU5166,Aeroflot,2024-09-27,17:13,255
SU6070,Nordavia,2024-11-08,12:56,322
SU1673,Aeroflot,2024-09-12,01:54,309
SU4080,Ural Airlines,2024-09-10,10:19,229
SU6058,Pobeda,2024-05-02,01:40,104
SU8796,Yakutia,2024-10-26,08:20,80
SU5895,Red Wings,2024-02-01,07:42,197
SU4531,Rossiya,2024-09-24,03:45,100
SU4343,Azimuth,2024-01-01,01:19,148
SU6228,Pobeda,2024-08-15,22:08,184
SU1635,Red Wings,2024-01-07,09:31,174
SU9434,Red Wings,2024-10-21,07:06,74
SU3985,Rossiya,2024-07-22,06:56,158
SU3891,Azimuth,2024-12-27,21:29,240
SU1812,UTair,2024-10-12,15:01,246
SU7524,Red Wings,2024-02-10,16:33,171
SU5837,Ural Airlines,2024-06-19,19:22,83
SU8740,Yakutia,2024-02-15,15:20,179
SU462,S7 Airlines,2024-11-07,10:56,91
SU8941,Aeroflot,2024-05-02,03:35,87
SU6184,Ural Airlines,2024-03-22,10:07,183
SU7065,S7 Airlines,2024-03-02,08:37,202
SU3249,Nordavia,2024-04-25,09:02,119
SU4726,Azimuth,2024-08-19,18:11,103
SU7958,Ural Airlines,2024-11-28,09:37,229
SU1586,Ural Airlines,2024-10-09,10:17,144
SU6790,Yakutia,2024-04-25,10:45,300
SU6891,S7 Airlines,2024-03-28,21:11,208
SU7451,Nordavia,2024-02-01,18:53,247
SU7978,Red Wings,2024-05-12,23:27,246
SU7716,Yakutia,2024-05-13,07:37,283
SU7637,Pobeda,2024-10-27,08:07,102
SU9302,Yakutia,2024-07-03,15:25,217
SU5629,Rossiya,2024-11-18,12:00,140
SU4153,Rossiya,2024-02-19,20:19,183
SU1167,Ural Airlines,2024-06-13,18:07,152
SU6170,Red Wings,2024-02-02,16:45,344
SU6504,Red Wings,2024-09-11,10:42,286
SU9051,Azimuth,2024-08-02,20:30,105
SU8613,UTair,2024-01-19,02:01,278
SU3095,Rossiya,2024-10-08,10:24,231
SU8783,Ural Airlines,2024-07-24,19:40,329
SU2547,Rossiya,2024-05-01,03:33,222
SU7733,Pobeda,2024-09-18,23:12,154
SU1306,S7 Airlines,2024-01-19,00:58,67
SU7776,Azimuth,2024-07-07,04:57,218
SU4095,Pobeda,2024-02-11,21:21,286
SU8242,Rossiya,2024-01-01,08:26,162
SU1093,Yakutia,2024-05-09,11:27,328
SU2854,Pobeda,2024-10-14,23:05,78
SU8310,S7 Airlines,2024-07-18,14:08,278
SU5033,Yakutia,2024-05-25,05:50,226
SU4188,Red Wings,2024-12-01,11:18,210
SU7857,Pobeda,2024-02-06,15:46,307
SU9145,Aeroflot,2024-04-25,04:17,82
SU1985,Azimuth,2024-02-19,18:03,239
SU9574,Pobeda,2024-02-11,04:46,118
SU9797,Nordavia,2024-12-02,06:22,148
SU944,Ural Airlines,2024-12-03,16:38,323
SU8072,Ural Airlines,2024-12-10,11:39,257
SU9829,Azimuth,2024-09-13,14:14,102
SU6625,Rossiya,2024-03-24,02:37,171
SU106,Yakutia,2024-07-05,07:45,165
SU3815,S7 Airlines,2024-07-09,16:22,257
SU3982,Aeroflot,2024-04-01,00:17,162
SU8241,Ural Airlines,2024-02-14,19:11,147
SU6394,Azimuth,2024-04-27,23:29,105
SU7673,Red Wings,2024-07-25,15:23,143
SU7785,Aeroflot,2024-05-08,04:48,176
SU9035,Rossiya,2024-03-09,15:20,236
SU6532,S7 Airlines,2024-08-18,13:36,263
SU3743,Pobeda,2024-03-13,17:49,330
SU1324,S7 Airlines,2024-07-03,14:39,63
SU3477,Azimuth,2024-02-07,18:40,184
SU9844,Nordavia,2024-06-14,19:30,93
SU7858,S7 Airlines,2024-09-06,22:23,98
SU9277,Yakutia,2024-05-21,17:23,165
SU8401,Azimuth,2024-07-20,18:32,218
SU4192,Pobeda,2024-02-14,21:19,204
SU7011,UTair,2024-03-20,04:28,300
SU6816,S7 Airlines,2024-02-26,21:00,318
SU2082,Pobeda,2024-07-28,16:50,164
SU9938,Yakutia,2024-09-09,01:31,252
SU2875,Yakutia,2024-11-04,14:08,109
SU1546,UTair,2024-01-24,04:23,161
SU3330,Pobeda,2024-01-21,14:06,259
SU3871,Azimuth,2024-08-27,19:15,273
SU1858,Nordavia,2024-05-27,17:04,104
SU3074,Yakutia,2024-04-10,20:03,222
SU5588,Ural Airlines,2024-03-05,18:06,278
SU379,Red Wings,2024-11-26,01:36,136
SU4587,S7 Airlines,2024-12-04,08:57,57
SU9643,UTair,2024-09-06,10:15,293
SU5290,Red Wings,2024-05-22,04:05,280
SU2709,Ural Airlines,2024-11-04,01:35,94
SU5653,Yakutia,2024-08-10,05:30,107
SU6209,UTair,2024-12-12,02:09,73
SU6744,Rossiya,2024-02-05,01:44,211
SU4623,Pobeda,2024-08-06,08:41,71
SU3389,UTair,2024-01-06,12:13,274
SU7249,Azimuth,2024-08-24,00:16,193
SU2470,Yakutia,2024-04-18,20:51,227
SU2407,UTair,2024-09-23,22:36,240
SU8717,Ural Airlines,2024-07-20,18:19,198
SU5197,UTair,2024-12-17,11:07,120
SU1481,Aeroflot,2024-03-05,06:29,124
SU6403,Yakutia,2024-10-15,19:01,286
SU7907,Rossiya,2024-05-07,14:03,235
SU6308,Red Wings,2024-05-23,01:19,148
SU2875,Nordavia,2024-11-26,12:25,276
SU9727,UTair,2024-11-04,07:45,161
SU3346,Azimuth,2024-12-21,02:15,63
SU7317,UTair,2024-03-10,03:29,273
SU9781,S7 Airlines,2024-04-28,16:38,266
SU6229,Nordavia,2024-11-15,03:16,218
SU3734,S7 Airlines,2024-06-25,14:15,307
SU4970,Pobeda,2024-11-25,08:27,347
SU4077,Nordavia,2024-03-18,00:44,50
SU442,UTair,2024-10-11,00:07,132
SU8367,Rossiya,2024-03-05,11:37,117
SU4031,Yakutia,2024-03-05,02:29,340
SU4706,Azimuth,2024-12-13,15:45,68
SU3329,Ural Airlines,2024-12-13,11:30,222
SU9748,Pobeda,2024-10-06,23:52,267
SU5260,UTair,2024-11-08,08:27,270
SU6841,Yakutia,2024-02-02,13:02,211
SU7605,Red Wings,2024-01-14,16:49,208
SU9628,Pobeda,2024-03-04,18:44,126
SU7603,S7 Airlines,2024-01-11,02:27,250
SU8035,UTair,2024-04-14,01:37,231
SU5913,UTair,2024-10-01,16:16,138
SU3586,S7 Airlines,2024-08-09,06:03,65
SU8957,Ural Airlines,2024-05-23,00:16,113
SU5311,Yakutia,2024-09-28,17:32,339
SU7598,Yakutia,2024-09-15,00:28,325
SU1322,Azimuth,2024-01-02,13:40,105
SU114,Yakutia,2024-10-12,03:35,57
SU4822,Ural Airlines,2024-07-26,23:42,345
SU1122,Pobeda,2024-07-14,09:11,179
SU908,Aeroflot,2024-05-24,09:14,317
SU2448,Azimuth,2024-08-10,10:28,52
SU4545,Pobeda,2024-06-27,10:27,337
SU2449,Yakutia,2024-07-07,12:42,198
SU4248,Yakutia,2024-05-02,07:05,104
SU6619,Yakutia,2024-04-15,21:24,262
SU1576,Aeroflot,2024-01-02,09:18,255
SU7069,Azimuth,2024-07-15,17:47,91
SU4058,Yakutia,2024-12-17,06:22,134
SU1231,Aeroflot,2024-10-26,17:16,293
SU2208,UTair,2024-01-14,06:21,236
SU9788,Ural Airlines,2024-05-19,09:43,275
SU210,Red Wings,2024-04-08,15:23,104
SU382,Rossiya,2024-10-09,09:48,169
SU4717,Rossiya,2024-02-27,23:29,156
SU2309,S7 Airlines,2024-12-23,10:29,97
SU289,UTair,2024-07-18,22:31,239
SU6167,Nordavia,2024-07-19,03:12,55
SU3671,S7 Airlines,2024-02-25,07:18,104
SU4297,Yakutia,2024-05-12,11:41,210
SU7530,UTair,2024-02-18,07:38,100
SU3068,Aeroflot,2024-01-12,07:32,216
SU6951,Pobeda,2024-06-19,22:05,221
SU6000,Aeroflot,2024-01-24,00:57,302
SU2284,Aeroflot,2024-04-25,13:17,126
SU412,Nordavia,2024-03-22,06:40,297
SU5761,Rossiya,2024-08-25,12:24,126
SU3665,Rossiya,2024-04-17,05:15,319
SU2780,Yakutia,2024-02-21,00:36,242
SU3289,Azimuth,2024-06-11,11:42,179
SU9989,Ural Airlines,2024-04-25,03:20,290
SU5560,Nordavia,2024-08-12,15:29,131
SU184,S7 Airlines,2024-02-21,20:40,336
SU9902,S7 Airlines,2024-05-21,18:01,217
SU2197,UTair,2024-04-16,00:59,79
SU5729,UTair,2024-08-25,10:16,322
SU4533,Pobeda,2024-03-18,12:32,66
SU4836,Pobeda,2024-04-27,23:56,142
SU7949,Ural Airlines,2024-06-09,16:34,163
SU8592,Red Wings,2024-07-09,20:09,294
SU6125,Rossiya,2024-04-12,04:08,181
SU6572,Red Wings,2024-06-07,20:20,203
SU5090,UTair,2024-12-02,11:36,183
SU5465,Ural Airlines,2024-06-07,06:31,274
SU1262,Yakutia,2024-09-16,05:45,224
SU4606,Ural Airlines,2024-08-14,11:40,278
SU4498,Pobeda,2024-10-06,08:03,305
SU4448,UTair,2024-12-27,21:34,113
SU1844,Ural Airlines,2024-02-21,11:06,247
SU7903,Red Wings,2024-06-11,09:30,182
SU981,Azimuth,2024-01-07,13:51,111
SU5412,Azimuth,2024-05-11,20:18,150
SU7709,Rossiya,2024-09-19,08:05,345
SU4205,Pobeda,2024-10-01,16:59,116
SU3825,Red Wings,2024-01-05,21:49,80
SU4360,Pobeda,2024-05-08,03:28,208
SU2545,Rossiya,2024-04-21,05:03,52
SU5781,S7 Airlines,2024-10-12,01:37,127
SU7306,UTair,2024-06-06,19:29,156
SU6183,Ural Airlines,2024-08-24,18:36,308
SU8491,Red Wings,2024-10-02,17:04,110
SU5991,Rossiya,2024-05-08,20:05,149
SU3371,UTair,2024-12-21,03:30,210
SU6173,Nordavia,2024-03-25,20:46,246
SU3225,Yakutia,2024-04-16,07:12,135
SU8751,Yakutia,2024-06-13,20:08,267
SU5136,Nordavia,2024-04-10,18:56,80
SU1189,Aeroflot,2024-06-27,06:35,284
SU3335,Red Wings,2024-08-09,14:33,209
SU2387,Pobeda,2024-06-19,15:05,332
SU7888,Aeroflot,2024-07-27,11:56,164
SU6455,Azimuth,2024-04-11,00:06,291
SU5008,Ural Airlines,2024-05-18,19:30,262
SU5785,Ural Airlines,2024-06-20,19:48,229
SU9870,UTair,2024-11-27,20:16,102
SU1238,Aeroflot,2024-12-07,09:56,303
SU4451,Rossiya,2024-12-07,12:23,165
SU3890,Aeroflot,2024-05-25,16:24,301
SU2359,Red Wings,2024-11-11,04:55,114
SU5173,S7 Airlines,2024-10-03,16:16,126
SU6134,Aeroflot,2024-12-23,14:16,198
SU8665,S7 Airlines,2024-04-28,04:54,240
SU4518,Azimuth,2024-05-24,07:10,101
SU2828,UTair,2024-11-13,17:43,299
SU1686,Pobeda,2024-07-12,10:16,293
SU644,Yakutia,2024-02-07,03:17,179
SU4068,Yakutia,2024-08-22,08:41,95
SU6529,Nordavia,2024-12-21,18:15,218
SU4503,Rossiya,2024-08-17,14:34,130
SU7944,Azimuth,2024-10-18,21:18,119
SU6860,Rossiya,2024-10-05,10:43,305
SU2507,Azimuth,2024-01-06,12:44,169
SU4875,UTair,2024-12-05,03:09,342
SU1195,Yakutia,2024-07-16,13:11,192
SU3012,Nordavia,2024-09-20,17:33,326
SU2571,Yakutia,2024-01-06,05:27,64
SU5995,Red Wings,2024-10-25,13:03,72
SU4991,UTair,2024-04-20,11:00,334
SU8203,Nordavia,2024-10-14,00:53,232
SU9051,Red Wings,2024-12-26,16:21,341
SU8082,Yakutia,2024-06-14,16:48,82
SU376,Pobeda,2024-08-11,03:40,272
SU1092,Aeroflot,2024-07-05,00:50,68
SU2932,Yakutia,2024-12-21,18:48,119
SU5825,UTair,2024-07-28,14:53,181
SU3224,Azimuth,2024-05-07,19:10,108
SU296,UTair,2024-05-09,22:02,167
SU8930,Azimuth,2024-11-23,11:00,257
SU5022,Pobeda,2024-08-06,07:13,220
SU8907,Aeroflot,2024-02-04,22:58,235
SU7942,Aeroflot,2024-08-20,13:17,206
SU2175,Azimuth,2024-10-06,04:41,108
SU2875,Ural Airlines,2024-08-22,14:00,171
SU9949,Yakutia,2024-04-01,01:51,59
SU8061,Aeroflot,2024-05-13,11:51,81
SU8186,Nordavia,2024-01-16,02:52,301
SU5466,Azimuth,2024-11-07,00:46,243
SU3634,Red Wings,2024-04-11,09:25,256
SU8477,Ural Airlines,2024-08-18,02:53,191
SU2948,Red Wings,2024-01-05,23:02,86
SU2775,Ural Airlines,2024-02-15,02:22,330
SU7916,Red Wings,2024-01-24,07:31,241
SU8788,Yakutia,2024-08-18,07:09,292
SU5153,Ural Airlines,2024-08-18,16:55,179
SU1000,Azimuth,2024-12-18,03:08,308
SU4150,Ural Airlines,2024-02-12,13:13,340
SU1177,Red Wings,2024-03-16,14:43,271
SU2182,Azimuth,2024-01-01,19:47,236
SU6233,Pobeda,2024-04-25,20:33,165
SU2638,Red Wings,2024-08-22,09:57,133
SU8363,Yakutia,2024-05-18,07:34,53
SU3508,UTair,2024-09-17,00:19,53
SU5880,Red Wings,2024-09-01,08:56,60
SU737,Rossiya,2024-03-21,05:19,233
SU1961,Yakutia,2024-08-05,12:55,231
SU1535,S7 Airlines,2024-06-24,02:58,116
SU7223,Ural Airlines,2024-12-19,20:52,320
SU8101,Red Wings,2024-05-17,09:36,318
SU8886,Azimuth,2024-04-14,02:36,287
SU6171,Pobeda,2024-12-22,08:20,334
SU8446,Azimuth,2024-03-22,15:38,285
SU9112,Nordavia,2024-09-04,23:40,257
SU9481,S7 Airlines,2024-07-09,10:18,158
SU1618,UTair,2024-08-08,00:31,65
SU7261,Aeroflot,2024-11-12,08:56,146
SU9966,Nordavia,2024-06-26,14:48,228
SU914,Ural Airlines,2024-10-05,02:55,291
SU1323,Yakutia,2024-10-18,11:48,57
SU5821,Red Wings,2024-05-12,02:56,52
SU7787,Pobeda,2024-12-03,05:19,68
SU5009,Azimuth,2024-09-28,20:31,86
SU5792,Red Wings,2024-10-28,10:39,75
SU7119,Nordavia,2024-04-12,06:41,342
SU2131,Nordavia,2024-11-18,07:15,278
SU7431,Pobeda,2024-03-18,04:16,84
SU3046,UTair,2024-08-05,14:05,178
SU3467,Azimuth,2024-10-14,11:38,173
SU9580,Nordavia,2024-05-04,17:41,82
SU1625,Yakutia,2024-09-02,23:46,278
SU4944,Ural Airlines,2024-12-19,12:14,91
SU4278,Aeroflot,2024-12-23,21:54,195
SU5951,Aeroflot,2024-10-26,12:12,74
SU6728,S7 Airlines,2024-10-04,10:50,288
SU900,Nordavia,2024-11-11,23:16,300
SU3109,Aeroflot,2024-09-09,23:44,76
SU4051,Yakutia,2024-12-27,04:02,79
SU3072,Red Wings,2024-05-17,05:09,62
SU476,Pobeda,2024-11-17,19:33,95
SU9340,Azimuth,2024-08-25,13:27,301
SU9822,UTair,2024-02-22,06:47,164
SU1066,UTair,2024-12-12,06:21,305
SU4567,Aeroflot,2024-05-18,09:25,164
SU3870,UTair,2024-12-03,18:03,241
SU3945,Red Wings,2024-09-03,15:10,345
SU2479,Azimuth,2024-09-11,16:23,309
SU2105,Rossiya,2024-12-10,09:04,199
SU9815,Rossiya,2024-05-27,18:10,314
SU9041,Red Wings,2024-03-12,13:30,306
SU1175,S7 Airlines,2024-11-14,16:01,179
SU782,UTair,2024-01-04,02:17,274
SU9386,S7 Airlines,2024-05-16,10:40,242
SU7167,Aeroflot,2024-03-24,13:17,58
SU1421,Yakutia,2024-01-28,01:45,270
SU3703,Aeroflot,2024-09-13,02:52,316
SU6640,S7 Airlines,2024-01-15,12:55,304
SU8499,Pobeda,2024-08-06,16:12,317
SU1156,Rossiya,2024-09-13,04:18,75
SU3984,UTair,2024-02-25,21:17,255
SU6999,Pobeda,2024-07-02,00:11,214
SU7698,Azimuth,2024-12-24,20:19,285
SU4941,Nordavia,2024-02-24,07:35,217
SU6060,Nordavia,2024-11-05,22:27,307
SU4950,Pobeda,2024-06-21,19:12,341
SU7779,Yakutia,2024-08-05,01:23,192
SU2698,Pobeda,2024-05-19,09:27,314
SU1861,Azimuth,2024-08-09,05:18,218
SU5742,Red Wings,2024-09-16,19:54,111
SU4699,Ural Airlines,2024-02-28,13:31,104
SU7128,UTair,2024-03-09,04:29,296
SU6702,Aeroflot,2024-07-11,14:52,135
SU5354,Ural Airlines,2024-09-08,23:38,319
SU7924,S7 Airlines,2024-04-04,08:27,281
SU4321,Aeroflot,2024-12-22,09:24,313
SU444,S7 Airlines,2024-10-12,21:01,234
SU2594,S7 Airlines,2024-01-02,16:53,82
SU1964,Yakutia,2024-05-23,17:54,70
SU6726,Nordavia,2024-09-04,22:54,179
SU9994,S7 Airlines,2024-04-16,01:55,164
SU2095,Aeroflot,2024-06-24,14:36,120
SU2568,Aeroflot,2024-12-12,09:50,116
SU3662,Red Wings,2024-02-11,03:55,209
SU8206,Azimuth,2024-09-07,00:37,212
SU4328,Rossiya,2024-05-13,22:57,206
SU2974,Aeroflot,2024-01-06,23:50,279
SU2854,Rossiya,2024-01-08,06:59,335
SU9167,Pobeda,2024-05-02,15:02,190
SU339,Nordavia,2024-05-10,21:35,163
SU203,Ural Airlines,2024-08-16,12:22,82
SU1234,Red Wings,2024-05-11,00:15,237
SU5962,Nordavia,2024-10-16,06:16,194
SU1643,Nordavia,2024-09-07,11:24,263
SU1642,Rossiya,2024-01-05,16:25,274
SU4714,UTair,2024-12-13,11:32,177
SU9226,Rossiya,2024-06-19,12:55,115
SU7148,Rossiya,2024-06-22,14:22,320
SU9783,Aeroflot,2024-12-17,22:58,58
SU3794,S7 Airlines,2024-06-25,21:52,139
SU4622,S7 Airlines,2024-08-06,19:23,235
SU6650,Azimuth,2024-12-09,14:44,304
SU2022,Nordavia,2024-03-19,08:51,123
SU2649,Nordavia,2024-01-23,00:05,226
SU1866,Nordavia,2024-10-20,02:05,249
SU3776,Yakutia,2024-02-14,23:01,91
SU8655,Red Wings,2024-03-18,02:40,166
SU2603,S7 Airlines,2024-05-07,19:33,152
SU997,S7 Airlines,2024-01-24,18:22,87
SU8617,S7 Airlines,2024-01-22,20:18,95
SU9807,Red Wings,2024-08-26,02:52,315
SU3649,Rossiya,2024-07-24,07:24,70
SU4340,Ural Airlines,2024-01-13,21:45,285
SU9012,Red Wings,2024-11-26,20:28,313
SU2442,UTair,2024-08-13,13:29,100
SU3888,Rossiya,2024-11-23,02:14,166
SU4374,Aeroflot,2024-03-18,11:27,133
SU9935,Nordavia,2024-04-20,08:24,319
SU4025,Red Wings,2024-08-16,05:44,138
SU9431,S7 Airlines,2024-09-25,23:23,320
SU3932,Yakutia,2024-07-06,03:34,197
SU1227,Pobeda,2024-03-23,08:28,187
SU3969,Pobeda,2024-10-20,08:10,318
SU502,Pobeda,2024-01-19,22:57,153
SU9529,UTair,2024-06-15,23:40,224
SU541,Aeroflot,2024-02-04,23:03,210
SU6903,Aeroflot,2024-01-25,13:53,173
SU6007,Pobeda,2024-04-28,15:54,188
SU1551,UTair,2024-10-04,14:39,267
SU1466,Aeroflot,2024-12-11,12:14,68
SU5014,Azimuth,2024-06-25,17:42,176
SU9843,Yakutia,2024-07-11,18:55,256
SU297,Pobeda,2024-02-22,22:39,152
SU2265,S7 Airlines,2024-02-21,04:28,336
SU3793,UTair,2024-04-26,01:55,226
SU2627,UTair,2024-11-02,09:33,210
SU4124,Pobeda,2024-01-23,01:35,228
SU2003,Yakutia,2024-05-09,20:53,265
SU3227,S7 Airlines,2024-01-22,22:36,301
SU3196,Red Wings,2024-08-19,04:49,188
SU782,UTair,2024-02-12,22:49,120
SU9679,Rossiya,2024-09-28,08:15,256
SU6728,Pobeda,2024-06-18,06:18,250
SU4850,UTair,2024-01-19,08:15,94
SU8096,Ural Airlines,2024-10-05,12:51,94
SU1297,Red Wings,2024-06-02,17:46,159
SU9095,Red Wings,2024-01-24,18:36,276
SU2240,Yakutia,2024-04-04,16:35,336
SU2894,Ural Airlines,2024-11-12,19:58,209
SU7491,Red Wings,2024-01-24,13:59,306
SU4999,Aeroflot,2024-02-03,08:12,113
SU415,UTair,2024-11-16,03:01,145
SU6026,UTair,2024-01-08,05:02,236
SU7799,Azimuth,2024-09-22,09:38,72
SU7171,Nordavia,2024-03-22,14:01,345
SU5542,Ural Airlines,2024-09-09,05:56,305
SU2520,Azimuth,2024-02-26,08:01,213
SU4480,Red Wings,2024-06-19,16:48,225
SU3995,Aeroflot,2024-08-19,08:17,198
SU4123,Ural Airlines,2024-11-05,10:19,208
SU3731,Yakutia,2024-03-24,17:12,192
SU3022,Ural Airlines,2024-12-08,18:27,204
SU3353,Azimuth,2024-09-04,23:41,100
SU1702,Ural Airlines,2024-09-11,23:33,123
SU8110,Yakutia,2024-11-05,09:09,68
SU203,Yakutia,2024-11-03,03:58,230
SU4277,Ural Airlines,2024-08-03,21:45,337
SU1930,Yakutia,2024-02-23,08:10,335
SU8661,Aeroflot,2024-11-04,12:21,348
SU1153,Red Wings,2024-10-04,00:01,214
SU8963,Pobeda,2024-08-13,15:43,51
SU7553,Yakutia,2024-02-18,20:13,137
SU2829,UTair,2024-08-16,09:35,84
SU3147,Rossiya,2024-02-09,09:01,198
SU4801,Pobeda,2024-09-19,13:09,85
SU4365,S7 Airlines,2024-04-22,21:33,234
SU5798,Azimuth,2024-08-13,12:36,133
SU7426,Yakutia,2024-08-07,17:53,325
SU631,Ural Airlines,2024-02-16,17:48,323
SU1724,Rossiya,2024-08-16,13:12,75
SU9821,Yakutia,2024-05-23,18:32,130
SU4339,Ural Airlines,2024-06-10,08:49,102
SU5679,Pobeda,2024-07-23,05:26,306
SU4933,Aeroflot,2024-01-22,15:37,111
SU8929,Aeroflot,2024-02-04,21:44,289
SU6170,Aeroflot,2024-04-23,17:19,80
SU2767,Ural Airlines,2024-08-22,05:09,81
SU7204,Azimuth,2024-02-18,09:27,166
SU9685,Ural Airlines,2024-06-27,23:27,85
SU544,S7 Airlines,2024-11-21,04:48,253
SU9758,Rossiya,2024-06-01,09:49,236
SU7041,Red Wings,2024-08-08,13:57,216
SU5402,Ural Airlines,2024-03-20,07:34,209
SU5666,S7 Airlines,2024-06-06,04:53,223
SU9434,Pobeda,2024-08-16,13:13,87
SU3987,Nordavia,2024-07-13,15:45,151
SU9806,S7 Airlines,2024-03-24,02:18,97
SU992,UTair,2024-05-23,19:12,193
SU249,Rossiya,2024-12-04,17:57,211
SU3174,Yakutia,2024-11-24,09:15,241
SU5482,Azimuth,2024-05-17,11:58,281
SU4267,Rossiya,2024-12-05,10:23,222
SU6312,Ural Airlines,2024-05-26,15:59,299
SU7587,Rossiya,2024-01-06,15:18,101
SU9200,Aeroflot,2024-05-09,13:07,323
SU5719,S7 Airlines,2024-10-19,00:14,321
SU6690,UTair,2024-10-08,01:12,57
SU9326,Nordavia,2024-10-23,12:39,94
SU2679,Pobeda,2024-05-04,17:24,292
SU3562,Nordavia,2024-01-05,01:50,78
SU9328,Red Wings,2024-10-06,12:42,247
SU7974,Ural Airlines,2024-09-20,07:00,194
SU1379,Nordavia,2024-11-27,20:11,89
SU429,UTair,2024-12-23,14:06,82
SU6507,Azimuth,2024-08-04,06:59,169
SU6061,Pobeda,2024-09-05,01:18,304
SU7380,Pobeda,2024-07-22,17:15,97
SU4463,Nordavia,2024-11-17,16:01,89
SU7378,S7 Airlines,2024-05-09,22:40,325
SU6817,UTair,2024-02-07,23:28,57
SU8259,Pobeda,2024-06-21,10:26,119
SU1587,S7 Airlines,2024-05-05,06:05,53
SU3553,Yakutia,2024-09-17,22:59,180
SU2574,Nordavia,2024-06-24,23:14,345
SU3114,Yakutia,2024-04-04,03:08,236
SU8385,Aeroflot,2024-08-02,19:46,270
SU9267,Nordavia,2024-11-09,09:00,88
SU3532,Azimuth,2024-10-04,21:47,278
SU2859,Nordavia,2024-03-16,05:00,344
SU9256,Nordavia,2024-06-18,18:10,144
SU2549,Red Wings,2024-03-09,04:50,323
SU5727,Ural Airlines,2024-12-11,18:50,160
SU5396,Ural Airlines,2024-02-07,00:01,270
SU5800,Yakutia,2024-06-23,19:11,290
SU4892,Aeroflot,2024-05-09,23:26,103
SU3561,Pobeda,2024-11-17,05:36,340
SU9362,UTair,2024-12-27,16:48,264
SU570,S7 Airlines,2024-11-11,15:54,217
SU8470,Pobeda,2024-10-26,06:50,168
SU1680,Yakutia,2024-06-25,06:15,136
SU4806,Aeroflot,2024-09-09,02:40,158
SU7156,Ural Airlines,2024-01-22,22:26,296
SU6432,UTair,2024-03-04,11:53,281
SU4176,Azimuth,2024-07-12,11:46,334
SU4631,Yakutia,2024-01-13,22:46,164
SU7121,UTair,2024-07-25,11:28,249
SU5201,Ural Airlines,2024-11-13,05:18,52
SU4179,UTair,2024-02-22,13:17,338
SU6558,Nordavia,2024-12-18,12:48,79
SU8066,Nordavia,2024-10-15,09:18,223
SU6543,Aeroflot,2024-07-06,18:07,76
SU756,UTair,2024-01-25,22:15,162
SU3099,Nordavia,2024-11-21,15:54,264
SU131,Nordavia,2024-10-08,04:55,52
SU5457,Nordavia,2024-09-25,19:26,192
SU9963,S7 Airlines,2024-09-27,14:44,57
SU155,Yakutia,2024-04-25,18:06,86
SU9653,Red Wings,2024-04-24,16:36,73
SU2721,Yakutia,2024-08-24,03:42,215
SU9100,Pobeda,2024-06-06,17:45,144
SU1699,Azimuth,2024-06-01,07:57,290
SU6629,Yakutia,2024-04-05,07:18,315
SU1922,Red Wings,2024-02-15,14:09,86
SU625,Red Wings,2024-11-14,04:07,133
SU9872,Yakutia,2024-06-19,16:16,277
SU4127,Yakutia,2024-01-15,17:32,301
SU7568,Yakutia,2024-06-22,13:00,325
SU995,Yakutia,2024-11-19,11:11,230
SU3243,Ural Airlines,2024-01-27,16:00,267
SU2060,Nordavia,2024-04-09,01:58,298
SU4101,UTair,2024-05-22,04:50,347
SU7661,Red Wings,2024-09-03,13:02,193
SU6547,Aeroflot,2024-02-09,07:04,188
SU3304,Pobeda,2024-03-15,17:45,130
SU725,Red Wings,2024-04-22,04:03,207
SU9216,Red Wings,2024-05-28,06:43,176
SU2295,Nordavia,2024-03-14,05:30,85
SU126,Rossiya,2024-11-06,07:00,118
SU6454,Yakutia,2024-01-17,20:14,86
SU1332,UTair,2024-10-06,13:15,338
SU3480,Ural Airlines,2024-11-05,15:38,242
SU7703,Aeroflot,2024-12-27,06:32,202
SU3239,Azimuth,2024-03-04,08:11,149
SU4707,Nordavia,2024-01-11,11:13,288
SU3450,Pobeda,2024-08-10,09:07,269
SU1210,Pobeda,2024-10-25,07:08,179
SU4560,Aeroflot,2024-03-08,05:43,313
SU7700,Ural Airlines,2024-05-15,18:20,58
SU1850,Pobeda,2024-08-19,11:26,201
SU1350,Red Wings,2024-08-04,16:09,327
SU2112,Red Wings,2024-08-06,20:00,230
SU4448,UTair,2024-11-14,03:30,327
SU4992,Aeroflot,2024-12-04,19:19,110
SU9747,Yakutia,2024-08-21,14:39,153
SU7906,S7 Airlines,2024-07-21,06:19,184
SU5614,Pobeda,2024-01-10,02:41,240
SU7488,Aeroflot,2024-03-08,10:29,226
SU8446,UTair,2024-10-19,06:40,269
SU4149,Aeroflot,2024-04-18,18:18,345
SU1025,UTair,2024-12-19,00:52,112
SU2272,UTair,2024-08-28,22:48,296
SU6697,Rossiya,2024-10-01,13:21,149
SU3745,Rossiya,2024-08-21,20:23,171
SU4195,Aeroflot,2024-03-11,02:38,68
SU7393,Nordavia,2024-02-03,15:24,340
SU8869,Pobeda,2024-02-22,10:07,94
SU6607,S7 Airlines,2024-08-02,16:02,96
SU8106,Yakutia,2024-03-28,20:19,243
SU9655,Yakutia,2024-01-24,07:49,220
SU420,Red Wings,2024-02-22,15:48,94
SU2008,Azimuth,2024-09-23,04:51,223
SU6281,UTair,2024-10-20,02:28,263
SU1849,Rossiya,2024-12-27,09:46,227
SU4743,UTair,2024-05-28,05:17,228
SU2635,Nordavia,2024-05-12,20:23,197
SU9552,Yakutia,2024-11-12,11:32,295
SU1366,Azimuth,2024-10-02,14:04,124
SU3533,Pobeda,2024-07-28,12:18,272
SU9793,S7 Airlines,2024-12-06,00:09,288
SU4195,Azimuth,2024-07-16,23:23,173
SU7707,Azimuth,2024-09-24,22:41,226
SU1917,Rossiya,2024-03-01,03:25,129
SU845,Azimuth,2024-12-07,16:07,271
SU5638,Pobeda,2024-03-18,09:43,100
SU3578,Aeroflot,2024-11-17,13:27,188
SU3460,Pobeda,2024-05-19,01:56,317
SU992,Red Wings,2024-11-05,10:36,176
SU2975,Ural Airlines,2024-07-10,09:20,119
SU2077,Pobeda,2024-08-17,19:20,207
SU3437,Pobeda,2024-02-25,01:49,289
SU4648,Nordavia,2024-03-17,21:41,97
SU4495,Azimuth,2024-06-22,18:13,273
SU4831,S7 Airlines,2024-07-16,22:57,313
SU3868,S7 Airlines,2024-04-10,08:44,320
SU5217,Nordavia,2024-12-02,10:35,345
SU5005,Pobeda,2024-07-07,04:03,319
SU2072,Ural Airlines,2024-11-17,23:47,294
SU6741,Nordavia,2024-07-20,02:01,118
SU1248,Pobeda,2024-11-10,03:10,128
SU4645,Red Wings,2024-07-16,09:06,65
SU7834,Aeroflot,2024-12-27,11:22,163
SU2642,Rossiya,2024-02-27,17:21,207
SU6031,UTair,2024-10-18,23:49,176
SU8443,Nordavia,2024-12-15,12:39,300
SU6216,Ural Airlines,2024-08-16,20:17,249
SU1432,Pobeda,2024-01-03,07:38,133
SU2067,Azimuth,2024-11-25,07:02,57
SU5514,Red Wings,2024-01-25,23:37,271
SU3507,Pobeda,2024-03-19,01:19,301
SU8034,Yakutia,2024-04-14,21:09,121
SU6696,Ural Airlines,2024-04-02,15:47,176
SU3708,Rossiya,2024-09-20,01:33,56
SU4226,UTair,2024-06-17,09:52,246
SU3214,Aeroflot,2024-08-01,16:48,223
SU4625,Nordavia,2024-05-21,15:25,104
SU4580,Azimuth,2024-07-10,04:09,65
SU8623,Red Wings,2024-05-16,07:55,75
SU1963,Azimuth,2024-06-07,01:50,192
SU9024,Azimuth,2024-11-17,13:57,92
SU1588,UTair,2024-05-17,02:30,272
SU8583,S7 Airlines,2024-01-20,13:31,213
SU5239,Nordavia,2024-03-26,01:44,292
SU4770,Yakutia,2024-09-05,23:49,320
SU7476,Aeroflot,2024-04-11,05:22,79
SU8190,UTair,2024-07-21,07:32,180
SU1382,Rossiya,2024-03-18,01:16,229
SU1721,Nordavia,2024-06-21,09:12,240
SU1129,Azimuth,2024-09-19,20:29,106
SU7574,UTair,2024-10-02,00:14,216
SU1030,Aeroflot,2024-09-21,17:39,175
SU2666,Aeroflot,2024-09-16,06:47,343
SU4121,S7 Airlines,2024-03-03,05:12,193
SU4391,Ural Airlines,2024-12-09,15:18,141
SU7869,S7 Airlines,2024-09-07,04:24,130
SU4160,Azimuth,2024-03-27,11:08,263
SU8505,Ural Airlines,2024-11-02,15:03,50
SU3712,Ural Airlines,2024-09-15,01:16,200
SU7804,Ural Airlines,2024-07-27,12:51,179
SU1954,Ural Airlines,2024-06-25,03:17,57
SU1302,Rossiya,2024-10-27,06:56,333
SU837,Yakutia,2024-07-11,00:06,284
SU1204,Rossiya,2024-09-05,04:21,76
SU270,Ural Airlines,2024-03-06,03:09,117
SU7791,UTair,2024-06-17,17:34,156
SU1480,Pobeda,2024-03-21,16:34,192
SU1645,Aeroflot,2024-02-28,15:06,248
SU662,Ural Airlines,2024-04-28,18:08,212
SU2954,S7 Airlines,2024-10-18,02:29,214
SU3218,Ural Airlines,2024-12-04,04:30,202
SU5180,Rossiya,2024-09-23,08:57,337
SU8919,Red Wings,2024-11-14,15:08,150
SU5192,Nordavia,2024-08-04,05:50,236
SU2932,Aeroflot,2024-10-18,10:41,178
SU6181,Azimuth,2024-07-06,11:36,275
SU7494,S7 Airlines,2024-05-09,22:11,215
SU5252,Red Wings,2024-07-17,23:52,338
SU8902,Pobeda,2024-07-22,21:08,185
SU3295,UTair,2024-12-10,23:23,109
SU9011,Rossiya,2024-10-13,14:12,305
SU309,Red Wings,2024-02-02,08:07,275
SU1064,Yakutia,2024-02-22,12:06,300
SU9429,Aeroflot,2024-02-17,17:28,138
SU4282,Pobeda,2024-05-05,10:22,116
SU7472,Ural Airlines,2024-08-05,11:02,50
SU2328,Rossiya,2024-02-20,22:30,123
SU4298,Yakutia,2024-08-17,08:25,94
SU395,UTair,2024-07-18,03:04,284
SU6480,Rossiya,2024-01-02,18:19,67
SU7087,S7 Airlines,2024-09-17,05:53,343
SU9245,Yakutia,2024-03-21,01:18,211
SU7195,Pobeda,2024-10-07,20:41,241
SU9194,Azimuth,2024-02-06,01:11,113
SU9438,Pobeda,2024-06-28,03:03,78
SU2269,Azimuth,2024-02-16,15:09,350
SU6203,Aeroflot,2024-04-27,16:06,130
SU3439,Ural Airlines,2024-07-02,18:00,298
SU7920,Red Wings,2024-05-21,06:28,124
SU8937,Pobeda,2024-02-22,08:26,263
SU8706,Aeroflot,2024-02-08,03:00,242
SU2776,Aeroflot,2024-07-09,06:43,272
SU357,Rossiya,2024-04-15,00:01,275
SU836,UTair,2024-04-11,09:11,333
SU5597,Azimuth,2024-04-08,17:08,253
SU7881,Nordavia,2024-04-25,03:15,194
SU5854,Ural Airlines,2024-04-12,15:36,338
SU5643,Nordavia,2024-04-07,08:27,239
SU7933,S7 Airlines,2024-04-16,06:00,81
SU1491,Pobeda,2024-05-14,18:49,256
SU3013,Pobeda,2024-12-23,15:46,314
SU2907,Yakutia,2024-07-20,02:44,188
SU6367,Ural Airlines,2024-09-02,16:31,178
SU2589,Rossiya,2024-05-07,04:48,331
SU5747,Nordavia,2024-05-14,07:22,232
SU5123,UTair,2024-10-13,10:26,231
SU9952,Ural Airlines,2024-12-13,23:39,137
SU5201,Rossiya,2024-03-21,05:31,243
SU5716,Ural Airlines,2024-08-09,03:51,77
SU4309,Red Wings,2024-01-01,20:51,304
SU4372,Yakutia,2024-05-09,02:44,290
SU1771,Red Wings,2024-02-02,12:39,123
SU4072,S7 Airlines,2024-07-13,19:44,320
SU1451,Rossiya,2024-03-27,22:14,91
SU2176,Aeroflot,2024-12-27,21:30,98
SU6237,Yakutia,2024-10-01,09:09,142
SU5623,S7 Airlines,2024-10-03,12:05,67
SU5171,Aeroflot,2024-08-05,16:14,135
SU6018,Rossiya,2024-01-01,14:19,107
SU3047,S7 Airlines,2024-01-06,15:07,175
SU2049,Red Wings,2024-08-09,22:43,64
SU426,Red Wings,2024-08-25,01:21,165
SU745,Rossiya,2024-10-28,20:04,274
SU3859,Red Wings,2024-08-10,13:40,137
SU8006,Ural Airlines,2024-10-24,03:35,145
SU9061,Pobeda,2024-12-28,15:07,244
SU9530,Yakutia,2024-08-01,16:57,68
SU4721,Aeroflot,2024-10-04,12:19,161
SU405,Azimuth,2024-11-16,23:30,334
SU6625,Rossiya,2024-03-27,12:01,318
SU5431,UTair,2024-04-11,16:57,284
SU3216,Rossiya,2024-05-04,01:43,50
SU648,S7 Airlines,2024-10-24,14:00,260
SU4708,Nordavia,2024-07-11,09:06,328
SU5346,Rossiya,2024-10-07,13:45,145
SU7679,Aeroflot,2024-03-20,10:29,291
SU9178,Yakutia,2024-07-17,16:10,207
SU6882,Aeroflot,2024-03-13,22:02,264
SU4751,Azimuth,2024-01-16,01:46,233
SU193,UTair,2024-03-22,20:31,194
SU527,Yakutia,2024-06-16,18:18,150
SU1958,Pobeda,2024-11-22,19:22,231
SU9791,Ural Airlines,2024-10-21,22:51,346
SU8535,S7 Airlines,2024-08-22,07:37,273
SU8071,Rossiya,2024-10-27,01:25,118
SU4196,Ural Airlines,2024-02-04,08:46,166
SU2076,Azimuth,2024-06-28,17:34,261
SU1531,S7 Airlines,2024-02-25,18:50,232
SU7473,Yakutia,2024-05-23,07:20,127
SU8334,UTair,2024-07-20,14:19,337
SU1426,Red Wings,2024-02-14,01:03,52
SU964,Nordavia,2024-12-19,03:59,246
SU6394,Aeroflot,2024-03-23,12:33,322
SU8521,Red Wings,2024-09-16,19:40,218
SU184,Ural Airlines,2024-09-02,16:49,99
SU2543,S7 Airlines,2024-11-03,01:49,74
SU6973,UTair,2024-02-28,04:19,124
SU3257,S7 Airlines,2024-08-28,10:02,180
SU5965,Azimuth,2024-12-02,08:56,116
SU1791,Ural Airlines,2024-07-27,21:41,116
SU7937,Azimuth,2024-09-22,22:02,113
SU9749,Yakutia,2024-12-12,02:24,285
SU2130,Red Wings,2024-02-09,03:57,244
SU7632,Aeroflot,2024-01-23,18:39,174
SU8676,S7 Airlines,2024-10-05,22:01,126
SU3225,Red Wings,2024-04-11,20:59,328
SU8983,Rossiya,2024-12-17,21:36,67
SU406,Azimuth,2024-01-22,18:19,176
SU1553,S7 Airlines,2024-07-21,23:25,72
SU7227,S7 Airlines,2024-05-06,16:21,266
SU996,Pobeda,2024-08-08,02:28,75
SU5991,Yakutia,2024-04-09,14:20,304
SU5948,Aeroflot,2024-08-06,08:48,318
SU3501,Azimuth,2024-01-15,12:25,168
SU3747,Azimuth,2024-12-21,03:43,103
SU6316,Ural Airlines,2024-06-05,11:39,134
SU3757,Red Wings,2024-06-17,09:54,57
SU2950,Pobeda,2024-03-21,05:51,114
SU6324,Red Wings,2024-04-27,01:57,197
SU7679,Red Wings,2024-11-17,22:30,172
SU2979,Red Wings,2024-03-28,13:56,74
SU3580,S7 Airlines,2024-07-10,07:28,104
SU2049,Azimuth,2024-08-25,11:51,172
SU1641,Pobeda,2024-04-15,14:31,303
SU9979,Ural Airlines,2024-07-13,23:40,147
SU6434,Aeroflot,2024-12-25,15:38,73
SU3063,Aeroflot,2024-07-28,17:59,143
SU7028,Yakutia,2024-07-22,06:19,63
SU2026,Rossiya,2024-03-10,19:08,101
SU3407,Nordavia,2024-09-05,19:36,218
SU6737,Azimuth,2024-05-07,09:32,100
SU8894,UTair,2024-10-07,13:41,59
SU9560,Yakutia,2024-05-03,22:22,285
SU7579,UTair,2024-11-06,04:03,73
SU5004,Rossiya,2024-02-04,21:39,153
SU3230,Yakutia,2024-03-15,21:56,175
SU3512,Aeroflot,2024-05-13,23:16,96
SU9016,Pobeda,2024-01-08,07:19,144
SU3478,S7 Airlines,2024-01-26,07:28,281
SU5712,Yakutia,2024-02-22,00:36,89
SU4886,Yakutia,2024-11-10,23:42,272
SU5364,Rossiya,2024-06-28,21:37,179
SU3428,Aeroflot,2024-11-18,21:35,98
SU8019,Red Wings,2024-12-09,07:25,266
SU231,Red Wings,2024-05-24,18:39,241
SU7105,S7 Airlines,2024-04-07,06:06,137
SU137,S7 Airlines,2024-01-23,10:33,57
SU1018,Nordavia,2024-08-07,19:23,287
SU1485,Red Wings,2024-02-24,09:58,206
SU5034,Azimuth,2024-03-01,09:54,248
SU3282,S7 Airlines,2024-01-15,06:43,186
SU5666,UTair,2024-02-21,11:40,249
SU6580,S7 Airlines,2024-08-27,01:37,78
SU6341,Rossiya,2024-08-18,23:20,115
SU5193,Yakutia,2024-03-03,18:18,77
SU7632,Pobeda,2024-04-05,07:16,111
SU3591,Pobeda,2024-11-19,23:23,350
SU526,Azimuth,2024-02-16,02:50,63
SU1058,Ural Airlines,2024-11-09,15:45,125
SU7697,UTair,2024-01-02,04:20,189
SU8842,UTair,2024-11-06,10:50,119
SU3827,Nordavia,2024-05-19,02:58,73
SU7689,Rossiya,2024-08-26,10:50,253
SU3132,Azimuth,2024-10-09,22:00,347
SU1987,Azimuth,2024-07-03,21:00,69
SU1431,Ural Airlines,2024-08-28,05:25,203
SU5573,Rossiya,2024-03-14,03:06,145
SU289,Ural Airlines,2024-05-07,00:11,236
SU9656,UTair,2024-04-05,21:10,152
SU8497,Red Wings,2024-05-15,23:39,181
SU6209,Red Wings,2024-11-23,15:25,331
SU8092,Azimuth,2024-01-24,17:15,143
SU8756,S7 Airlines,2024-04-17,15:55,343
SU7769,Azimuth,2024-10-25,17:28,244
SU9110,Nordavia,2024-12-04,19:28,145
SU3335,Azimuth,2024-12-26,04:51,107
SU8717,Yakutia,2024-03-20,00:36,327
SU8510,Aeroflot,2024-08-23,04:32,100
SU8661,UTair,2024-02-02,17:09,259
SU7576,Azimuth,2024-08-07,10:22,188
SU4442,S7 Airlines,2024-12-14,08:42,345
SU5568,Rossiya,2024-12-20,02:26,179
SU3366,UTair,2024-11-10,22:19,182
SU647,Yakutia,2024-05-16,12:03,68
SU2893,Rossiya,2024-08-20,11:24,241
SU3641,Yakutia,2024-06-11,00:54,282
SU8917,Red Wings,2024-09-17,12:11,80
SU1653,UTair,2024-01-17,00:57,255
SU6932,Ural Airlines,2024-11-21,07:54,188
SU2826,Aeroflot,2024-08-16,08:23,63
SU1974,Rossiya,2024-01-24,03:34,274
SU2888,UTair,2024-09-09,06:20,168
SU8818,S7 Airlines,2024-01-07,22:25,305
SU8216,Ural Airlines,2024-01-04,22:20,348
SU7859,Red Wings,2024-07-06,17:46,229
SU6695,Nordavia,2024-11-19,01:40,296
SU9525,S7 Airlines,2024-01-09,05:21,225
SU4060,UTair,2024-11-27,00:12,62
SU1120,Red Wings,2024-03-10,13:34,123
SU3388,Red Wings,2024-10-27,11:25,117
SU5949,Azimuth,2024-06-09,16:18,170
SU104,Yakutia,2024-11-18,07:52,96
SU6731,Ural Airlines,2024-08-21,19:32,211
SU9764,Rossiya,2024-08-18,05:20,74
SU6869,Pobeda,2024-09-22,07:36,260
SU5804,Ural Airlines,2024-05-25,20:38,55
SU543,Azimuth,2024-06-18,00:10,347
SU1935,Red Wings,2024-08-28,02:34,309
SU9460,Yakutia,2024-10-03,21:13,219
SU9339,Red Wings,2024-01-24,20:36,179
SU6217,Yakutia,2024-11-20,10:41,80
SU4301,Red Wings,2024-09-22,11:24,298
SU210,Rossiya,2024-10-25,20:47,330
SU2050,Ural Airlines,2024-09-10,16:58,97
SU8215,Ural Airlines,2024-01-04,02:53,281
SU3451,Azimuth,2024-09-06,23:38,332
SU3458,Azimuth,2024-05-22,12:51,289
SU4102,Azimuth,2024-11-11,23:52,249
