flightNumber,airline,arrivalDate,arrivalTime,passengers
SU5408,Nordavia,2024-06-13,08:31,285
SU670,Aeroflot,2024-06-20,05:24,205
SU8578,Aeroflot,2024-12-19,14:50,214
SU8217,Ural Airlines,2024-10-15,11:21,229
SU5436,Nordavia,2024-05-09,22:55,347
SU2943,Azimuth,2024-08-26,13:15,334
SU5934,Rossiya,2024-07-21,10:38,310
SU439,Yakutia,2024-10-03,20:29,315
SU7015,Pobeda,2024-07-23,21:48,257
SU427,UTair,2024-08-25,00:19,181
SU144,Red Wings,2024-10-25,01:42,178
SU6170,Pobeda,2024-12-22,07:52,301
SU9498,Rossiya,2024-03-13,13:48,223
SU9599,Yakutia,2024-06-23,20:48,51
SU2660,UTair,2024-02-27,10:07,316
SU8363,S7 Airlines,2024-01-23,15:35,55
SU6907,Azimuth,2024-03-25,11:55,297
SU6434,Azimuth,2024-11-02,00:23,131
SU9363,Ural Airlines,2024-08-05,05:30,320
SU2647,UTair,2024-06-06,08:02,220
SU2066,S7 Airlines,2024-06-02,18:54,199
SU9707,Rossiya,2024-03-15,12:41,129
SU574,Rossiya,2024-04-01,20:41,299
SU686,Ural Airlines,2024-09-18,21:43,131
SU5840,Pobeda,2024-07-24,06:38,301
SU5288,S7 Airlines,2024-05-13,20:26,202
SU2463,Yakutia,2024-06-01,04:17,78
SU1643,Aeroflot,2024-10-07,11:25,115
SU8897,Ural Airlines,2024-09-10,13:26,136
SU5521,Nordavia,2024-02-23,12:43,211
SU1015,Red Wings,2024-12-16,07:37,60
SU8205,Azimuth,2024-12-13,19:11,280
SU7395,Pobeda,2024-05-05,04:20,109
SU9549,Rossiya,2024-06-17,00:10,167
SU3098,Rossiya,2024-08-20,07:31,162
SU2983,Ural Airlines,2024-01-18,21:25,203
SU5700,Nordavia,2024-05-26,12:06,78
SU8776,Aeroflot,2024-12-13,09:55,172
SU1058,UTair,2024-04-09,10:39,264
SU7676,UTair,2024-06-02,21:43,220
SU5837,S7 Airlines,2024-08-03,03:12,153
SU1888,Yakutia,2024-06-19,18:12,146
SU9931,Ural Airlines,2024-05-11,00:34,175
SU3595,Pobeda,2024-09-07,01:14,197
SU1585,UTair,2024-07-27,23:38,272
SU8206,Ural Airlines,2024-11-14,18:15,285
SU1232,Rossiya,2024-05-21,13:03,98
SU7125,Yakutia,2024-02-12,00:50,300
SU8779,Rossiya,2024-10-16,23:54,269
SU6925,Red Wings,2024-10-10,03:43,268
SU1233,UTair,2024-04-18,20:32,290
SU4673,Nordavia,2024-12-28,08:26,119
SU8588,Ural Airlines,2024-12-04,04:30,86
SU6657,Red Wings,2024-08-11,21:25,146
SU825,Yakutia,2024-08-10,19:18,229
SU7928,Pobeda,2024-06-17,13:35,348
SU7877,Azimuth,2024-03-20,21:38,204
SU9471,UTair,2024-11-16,16:24,52
SU7927,Azimuth,2024-01-10,12:23,175
SU9866,Yakutia,2024-06-09,22:04,283
SU3646,S7 Airlines,2024-06-27,10:50,186
SU4129,UTair,2024-03-07,00:12,150
SU7394,S7 Airlines,2024-09-26,08:11,285
SU7276,Ural Airlines,2024-07-06,16:09,182
SU8629,Nordavia,2024-10-07,11:55,200
SU5047,Pobeda,2024-06-18,00:08,119
SU2762,S7 Airlines,2024-10-26,08:55,71
SU8923,Red Wings,2024-10-15,07:52,254
SU1532,Rossiya,2024-04-06,08:15,212
SU9698,Yakutia,2024-09-16,04:01,267
SU5963,S7 Airlines,2024-03-26,01:56,272
SU9531,UTair,2024-07-21,01:51,250
SU5333,Red Wings,2024-05-13,14:32,177
SU5984,Azimuth,2024-02-23,19:45,245
SU306,Azimuth,2024-04-16,23:53,61
SU2698,UTair,2024-08-15,15:03,277
SU8705,Azimuth,2024-01-04,05:51,289
SU4460,Ural Airlines,2024-12-12,06:27,145
SU5941,S7 Airlines,2024-03-10,06:40,94
SU5653,Azimuth,2024-09-02,11:34,90
SU7757,Pobeda,2024-06-22,14:47,284
SU384,Red Wings,2024-03-01,10:15,329
SU7071,Azimuth,2024-04-18,10:10,77
SU5364,Ural Airlines,2024-09-03,17:51,90
SU8571,Pobeda,2024-12-15,16:17,73
SU2846,Aeroflot,2024-05-04,23:09,287
SU2687,Rossiya,2024-05-21,13:53,79
SU4175,Azimuth,2024-04-12,06:40,346
SU3852,S7 Airlines,2024-05-10,10:37,79
SU9328,Ural Airlines,2024-04-22,22:25,147
SU6523,Rossiya,2024-10-16,11:06,306
SU7615,Red Wings,2024-11-09,22:52,166
SU9885,Aeroflot,2024-01-20,10:35,244
SU2963,Ural Airlines,2024-01-10,18:41,209
SU5760,S7 Airlines,2024-01-10,14:13,121
SU5057,UTair,2024-04-03,19:35,138
SU1573,Red Wings,2024-06-09,13:33,129
SU5139,UTair,2024-08-21,16:46,257
SU4148,Ural Airlines,2024-09-19,10:55,119
SU1454,Aeroflot,2024-09-06,10:17,194
SU3330,Azimuth,2024-11-22,06:14,344
SU1777,S7 Airlines,2024-01-26,11:37,179
SU2419,Ural Airlines,2024-02-05,07:47,237
SU7363,S7 Airlines,2024-02-12,21:35,278
SU9774,Rossiya,2024-01-21,13:05,211
SU3915,Aeroflot,2024-05-18,20:34,138
SU9908,Nordavia,2024-06-26,03:30,311
SU6099,Pobeda,2024-12-10,06:51,57
SU9823,Nordavia,2024-05-18,01:20,109
SU4589,Nordavia,2024-09-18,22:39,185
SU6789,Nordavia,2024-02-17,17:09,306
SU1061,Aeroflot,2024-01-23,20:14,286
SU8178,Pobeda,2024-07-18,23:11,99
SU2779,Rossiya,2024-04-13,15:20,302
SU9282,Nordavia,2024-05-18,17:20,200
SU1997,Azimuth,2024-02-26,13:43,143
SU6295,Azimuth,2024-07-12,03:03,80
SU3664,Pobeda,2024-06-12,12:46,93
SU1001,Azimuth,2024-05-23,02:44,248
SU3019,Azimuth,2024-06-02,20:44,232
SU9057,Ural Airlines,2024-06-17,23:08,220
SU3943,Red Wings,2024-04-07,01:06,116
SU9534,Yakutia,2024-06-11,01:48,68
SU6660,Nordavia,2024-07-25,10:58,108
SU9550,Rossiya,2024-06-18,20:14,59
SU1294,S7 Airlines,2024-07-19,03:47,196
SU8585,Rossiya,2024-01-16,17:06,127
SU5897,S7 Airlines,2024-07-16,15:19,124
SU1219,UTair,2024-09-27,17:13,319
SU2012,Red Wings,2024-12-26,07:09,240
SU865,Yakutia,2024-02-04,11:57,86
SU5396,UTair,2024-11-17,22:06,190
SU1685,UTair,2024-09-12,16:31,258
SU7185,UTair,2024-09-23,03:25,116
SU8088,S7 Airlines,2024-12-03,09:03,159
SU5015,Pobeda,2024-08-14,22:23,100
SU237,Aeroflot,2024-05-10,00:00,254
SU8947,Nordavia,2024-09-06,21:04,122
SU2924,S7 Airlines,2024-09-23,19:32,317
SU6790,Nordavia,2024-09-02,02:52,212
SU231,Ural Airlines,2024-10-01,17:12,76
SU2255,Ural Airlines,2024-06-23,19:02,276
SU1092,Yakutia,2024-02-14,21:54,140
SU386,Nordavia,2024-07-05,12:25,168
SU443,Red Wings,2024-11-17,04:34,93
SU4555,S7 Airlines,2024-08-19,03:18,186
SU5639,Nordavia,2024-01-17,06:53,334
SU1808,Rossiya,2024-10-13,21:56,343
SU4390,Aeroflot,2024-06-18,03:33,242
SU1596,Ural Airlines,2024-06-09,00:16,120
SU654,Azimuth,2024-12-12,22:24,51
SU2583,UTair,2024-09-15,09:54,148
SU6686,S7 Airlines,2024-06-15,13:04,182
SU5008,Azimuth,2024-05-26,14:54,220
SU9314,Yakutia,2024-12-12,12:37,210
SU8832,Red Wings,2024-05-18,10:32,118
SU1149,Azimuth,2024-01-28,23:55,79
SU1015,Yakutia,2024-02-10,18:27,63
SU7868,Aeroflot,2024-01-19,23:49,230
SU7940,UTair,2024-05-24,08:42,240
SU8633,UTair,2024-10-14,07:50,119
SU6131,Aeroflot,2024-02-11,20:38,138
SU1753,Rossiya,2024-07-20,10:36,245
SU2593,S7 Airlines,2024-10-03,18:12,109
SU4506,Red Wings,2024-09-19,15:14,349
SU2737,Red Wings,2024-04-03,04:49,320
SU9187,Pobeda,2024-01-14,18:41,85
SU1322,Nordavia,2024-09-17,17:24,182
SU6764,Rossiya,2024-05-17,19:54,187
SU3227,Pobeda,2024-01-08,06:04,224
SU9260,Nordavia,2024-12-27,04:05,254
SU6007,Ural Airlines,2024-05-19,18:16,118
SU7465,Rossiya,2024-01-20,23:46,208
SU2096,Azimuth,2024-04-14,16:23,279
SU5045,Pobeda,2024-04-01,08:34,345
SU835,S7 Airlines,2024-01-21,00:58,70
SU9019,Aeroflot,2024-01-06,14:12,290
SU2599,UTair,2024-06-02,00:20,315
SU9651,Pobeda,2024-02-26,03:57,240
SU5544,Red Wings,2024-03-02,06:23,268
SU9323,Ural Airlines,2024-07-17,19:34,50
SU3197,Ural Airlines,2024-04-14,12:21,167
SU8770,Red Wings,2024-04-12,14:35,333
SU6830,Yakutia,2024-01-14,06:19,213
SU4081,S7 Airlines,2024-04-08,16:22,208
SU7316,Aeroflot,2024-07-02,06:24,134
SU5195,Ural Airlines,2024-11-09,22:58,106
SU2915,Ural Airlines,2024-11-17,20:26,81
SU951,Rossiya,2024-05-15,14:31,87
SU4132,Yakutia,2024-08-16,15:44,297
SU129,Nordavia,2024-10-10,21:01,335
SU6957,Yakutia,2024-07-28,00:50,129
SU7108,Yakutia,2024-06-19,21:08,263
SU9684,Red Wings,2024-01-11,01:28,314
SU8235,Azimuth,2024-09-15,14:36,91
SU5761,Pobeda,2024-12-13,20:01,286
SU8269,S7 Airlines,2024-01-18,02:13,86
SU8365,Azimuth,2024-10-27,20:10,260
SU8459,S7 Airlines,2024-06-26,03:36,348
SU3091,Rossiya,2024-11-09,11:33,224
SU9713,Red Wings,2024-10-23,09:36,263
SU2107,Azimuth,2024-06-18,20:15,220
SU9797,Ural Airlines,2024-01-18,12:48,113
SU6390,Rossiya,2024-01-01,07:44,82
SU8842,Nordavia,2024-06-15,09:47,317
SU4127,Ural Airlines,2024-12-17,23:30,98
SU9494,Azimuth,2024-08-06,07:03,109
SU2531,Aeroflot,2024-11-19,22:25,310
SU8936,Ural Airlines,2024-10-28,15:08,266
SU4572,Rossiya,2024-05-22,04:16,79
SU285,Red Wings,2024-07-12,03:27,216
SU9178,Azimuth,2024-02-15,14:48,314
SU2257,Rossiya,2024-04-05,16:06,178
SU6537,Aeroflot,2024-02-19,09:27,218
SU4763,Aeroflot,2024-06-16,17:06,320
SU8203,Nordavia,2024-07-12,11:52,218
SU4548,Aeroflot,2024-06-23,04:51,175
SU2722,Azimuth,2024-04-20,03:25,103
SU1233,Red Wings,2024-01-14,16:31,88
SU4554,Rossiya,2024-04-08,04:32,287
SU840,Pobeda,2024-08-03,05:57,338
SU8044,Aeroflot,2024-10-19,02:00,132
SU1555,S7 Airlines,2024-02-19,11:28,180
SU1430,Ural Airlines,2024-11-27,17:40,75
SU4364,Ural Airlines,2024-03-21,18:33,125
SU8953,Nordavia,2024-09-20,04:44,130
SU9547,Nordavia,2024-07-10,13:35,84
SU5164,Azimuth,2024-08-13,03:42,321
SU1097,Nordavia,2024-04-14,23:11,333
SU9307,Azimuth,2024-03-25,07:19,264
SU5370,S7 Airlines,2024-05-11,20:33,292
SU8856,Azimuth,2024-07-07,14:07,325
SU7636,Rossiya,2024-04-28,04:04,245
SU2769,Red Wings,2024-10-16,04:49,261
SU8891,Azimuth,2024-10-09,15:37,186
SU4497,Yakutia,2024-12-02,19:52,216
SU9719,Pobeda,2024-03-09,10:15,247
SU2438,Yakutia,2024-04-26,06:52,64
SU2263,Azimuth,2024-07-05,05:37,158
SU4421,Nordavia,2024-03-10,16:02,192
SU1886,Rossiya,2024-05-27,15:30,143
SU2337,Ural Airlines,2024-03-04,08:53,260
SU8628,Nordavia,2024-02-21,07:45,214
SU8824,Red Wings,2024-03-27,20:14,86
SU286,Yakutia,2024-06-24,13:00,96
SU5867,Pobeda,2024-12-02,05:31,213
SU6475,Nordavia,2024-12-24,16:27,84
SU9769,S7 Airlines,2024-05-02,23:25,350
SU1097,Nordavia,2024-09-21,10:46,256
SU4788,S7 Airlines,2024-06-11,13:15,137
SU459,Azimuth,2024-07-17,12:44,260
SU3856,Aeroflot,2024-04-28,18:11,71
SU155,Nordavia,2024-09-06,11:52,177
SU5753,S7 Airlines,2024-02-19,15:04,226
SU8705,UTair,2024-04-04,04:53,331
SU3714,Ural Airlines,2024-01-14,05:24,93
SU8485,Red Wings,2024-07-08,09:54,250
SU9286,Nordavia,2024-05-24,12:14,136
SU4351,Red Wings,2024-07-11,03:20,319
SU9701,UTair,2024-07-06,08:58,75
SU2458,Ural Airlines,2024-02-04,19:37,337
SU5543,Yakutia,2024-09-13,11:54,273
SU2633,Aeroflot,2024-12-16,17:40,245
SU3391,Yakutia,2024-06-01,06:08,236
SU8108,S7 Airlines,2024-12-09,07:25,241
SU5645,Rossiya,2024-04-09,05:31,322
SU5094,UTair,2024-03-28,10:56,268
SU6601,UTair,2024-04-11,11:10,236
SU7283,Rossiya,2024-09-01,10:09,256
SU7706,Nordavia,2024-09-01,18:57,343
SU9232,Ural Airlines,2024-01-09,10:25,208
SU8041,Azimuth,2024-09-17,07:02,240
SU8538,S7 Airlines,2024-03-19,20:24,332
SU5678,UTair,2024-05-19,10:50,130
SU2848,Ural Airlines,2024-05-28,23:57,340
SU8290,Rossiya,2024-12-26,10:18,74
SU3423,Ural Airlines,2024-11-24,04:04,244
SU1193,Nordavia,2024-05-02,19:29,108
SU7766,UTair,2024-10-27,13:29,142
SU3672,Red Wings,2024-07-06,04:24,299
SU8241,Azimuth,2024-04-10,22:19,79
SU8139,UTair,2024-09-13,22:28,175
SU6632,UTair,2024-02-02,10:26,85
SU499,Pobeda,2024-07-17,20:57,215
SU1044,Ural Airlines,2024-03-09,04:13,165
SU7822,Red Wings,2024-03-06,08:36,178
SU9297,Red Wings,2024-07-13,11:54,173
SU8162,UTair,2024-11-06,15:18,203
SU9950,S7 Airlines,2024-10-28,19:18,189
SU2431,Red Wings,2024-06-13,13:07,256
SU4024,Red Wings,2024-10-15,13:21,160
SU9555,Red Wings,2024-10-06,18:58,283
SU2541,Red Wings,2024-10-16,20:26,70
SU5903,Red Wings,2024-04-10,08:19,281
SU4352,Pobeda,2024-11-22,13:42,76
SU8285,Pobeda,2024-10-25,18:14,50
SU1402,Azimuth,2024-05-25,19:39,243
SU2926,Pobeda,2024-11-20,04:32,176
SU6525,S7 Airlines,2024-12-18,23:28,65
SU9314,UTair,2024-06-19,17:21,86
SU523,Azimuth,2024-10-09,15:30,237
SU5039,Azimuth,2024-10-21,23:06,119
SU7282,Azimuth,2024-09-13,15:00,99
SU6954,Nordavia,2024-09-26,23:33,277
SU5019,UTair,2024-11-28,02:11,212
SU7735,S7 Airlines,2024-07-17,22:55,223
SU8600,Ural Airlines,2024-04-25,02:21,139
SU6472,Aeroflot,2024-11-10,19:33,138
SU6670,Azimuth,2024-10-03,06:36,230
SU6445,Ural Airlines,2024-02-14,09:19,167
SU1131,S7 Airlines,2024-11-18,23:01,299
SU9197,Red Wings,2024-05-27,14:34,290
SU5838,Red Wings,2024-09-03,17:40,291
SU4477,Ural Airlines,2024-06-01,21:11,322
SU3208,Ural Airlines,2024-07-05,20:45,185
SU7089,Red Wings,2024-05-02,04:56,170
SU8276,Yakutia,2024-10-28,03:19,279
SU5666,Azimuth,2024-10-11,13:26,65
SU5307,Nordavia,2024-07-05,10:14,74
SU9469,Pobeda,2024-04-25,12:07,245
SU3670,Rossiya,2024-01-11,04:24,287
SU8233,Azimuth,2024-08-13,14:54,277
SU3424,Yakutia,2024-09-05,01:21,281
SU9646,Red Wings,2024-08-12,21:41,271
SU997,Red Wings,2024-01-15,23:04,206
SU5556,Yakutia,2024-04-11,15:23,277
SU3801,Nordavia,2024-01-16,09:14,203
SU5859,Ural Airlines,2024-03-08,02:32,199
SU4369,S7 Airlines,2024-07-09,21:27,158
SU6346,Aeroflot,2024-11-23,00:45,51
SU3030,Pobeda,2024-08-03,12:32,292
SU8618,Aeroflot,2024-06-14,00:01,298
SU4968,Yakutia,2024-05-14,23:26,188
SU826,Pobeda,2024-01-14,04:39,128
SU8700,Nordavia,2024-09-21,05:23,305
SU4619,Nordavia,2024-07-20,22:30,124
SU6312,Rossiya,2024-10-22,13:04,131
SU7374,Red Wings,2024-04-10,01:06,190
SU3596,Pobeda,2024-05-12,11:03,271
SU3745,Pobeda,2024-05-03,06:12,194
SU7512,Azimuth,2024-10-22,18:08,126
SU8626,Aeroflot,2024-12-06,11:21,69
SU6351,Nordavia,2024-03-17,22:13,268
SU6172,Yakutia,2024-01-11,19:42,213
SU3262,Rossiya,2024-05-28,19:27,346
SU9887,S7 Airlines,2024-11-18,11:15,156
SU2879,Ural Airlines,2024-04-18,19:29,177
SU5817,Azimuth,2024-08-15,06:37,273
SU3536,S7 Airlines,2024-08-04,10:53,194
SU8073,Aeroflot,2024-09-28,02:45,139
SU1503,Aeroflot,2024-01-11,12:06,322
SU5531,Nordavia,2024-12-18,14:57,179
SU2659,Nordavia,2024-07-05,14:17,84
SU8004,Ural Airlines,2024-09-08,16:50,160
SU9146,UTair,2024-01-21,08:21,68
SU5765,Ural Airlines,2024-01-22,08:40,292
SU2936,Aeroflot,2024-09-23,05:20,223
SU8756,UTair,2024-07-12,17:59,328
SU2753,Yakutia,2024-01-08,00:52,284
SU6261,Yakutia,2024-09-21,15:21,332
SU3134,Pobeda,2024-10-03,14:44,253
SU7702,Yakutia,2024-10-17,02:10,84
SU7296,Red Wings,2024-06-28,19:17,115
SU2044,Red Wings,2024-07-15,01:07,156
SU9300,UTair,2024-01-04,17:42,65
SU8448,Nordavia,2024-09-16,23:47,64
SU2521,Red Wings,2024-03-02,09:46,123
SU9931,Pobeda,2024-06-18,22:17,90
SU9368,Pobeda,2024-09-12,11:28,347
SU7073,Azimuth,2024-12-08,15:17,251
SU8521,Aeroflot,2024-04-12,13:58,153
SU782,Pobeda,2024-09-04,07:09,213
SU2932,Red Wings,2024-12-19,19:14,126
SU8588,Pobeda,2024-09-20,14:50,175
SU3866,UTair,2024-06-02,18:45,301
SU5277,Red Wings,2024-02-22,03:52,163
SU7489,Pobeda,2024-06-23,19:01,195
SU5702,Nordavia,2024-11-13,03:45,108
SU6390,S7 Airlines,2024-01-20,01:32,58
SU8512,Red Wings,2024-01-23,23:25,225
SU3178,Yakutia,2024-06-26,11:13,247
SU644,Yakutia,2024-12-28,13:23,245
SU5544,Aeroflot,2024-02-10,23:23,201
SU7797,Aeroflot,2024-07-25,00:30,281
SU3589,Ural Airlines,2024-06-11,22:41,349
SU6907,Aeroflot,2024-03-02,06:21,293
SU1558,Azimuth,2024-12-09,11:10,176
SU1330,S7 Airlines,2024-12-24,20:55,140
SU8616,Azimuth,2024-12-16,12:52,143
SU6162,Red Wings,2024-10-05,00:52,228
SU6104,Nordavia,2024-09-24,01:06,258
SU2640,UTair,2024-03-16,09:11,88
SU4253,Aeroflot,2024-11-26,09:37,308
SU3680,Ural Airlines,2024-03-16,13:32,343
SU2056,Rossiya,2024-11-12,23:48,161
SU7873,Ural Airlines,2024-02-08,07:31,204
SU9356,Aeroflot,2024-05-19,08:55,345
SU6252,Yakutia,2024-09-13,04:12,350
SU1759,Rossiya,2024-05-12,01:57,169
SU3408,Red Wings,2024-09-07,18:37,172
SU1710,S7 Airlines,2024-10-22,15:27,336
SU6398,Yakutia,2024-05-28,23:34,209
SU6335,Aeroflot,2024-12-10,00:15,205
SU5383,S7 Airlines,2024-11-23,03:57,76
SU4012,Nordavia,2024-03-16,08:01,70
SU5695,Pobeda,2024-07-12,19:51,78
SU780,Yakutia,2024-08-10,22:38,151
SU2345,Red Wings,2024-03-09,07:52,170
SU5434,Yakutia,2024-03-13,21:56,190
SU5672,Pobeda,2024-07-04,07:03,250
SU6641,Aeroflot,2024-05-14,00:42,214
SU5561,UTair,2024-10-26,09:11,144
SU4737,Ural Airlines,2024-11-20,07:52,91
SU7920,UTair,2024-08-20,22:46,266
SU7532,S7 Airlines,2024-10-25,17:21,62
SU3634,Nordavia,2024-03-25,19:02,163
SU4498,Ural Airlines,2024-10-25,16:28,316
SU5597,Red Wings,2024-12-04,19:51,284
SU2739,Aeroflot,2024-07-06,06:25,262
SU3920,Azimuth,2024-03-01,10:43,196
SU6172,Ural Airlines,2024-08-12,22:10,89
SU2022,Nordavia,2024-11-26,15:09,182
SU9816,Yakutia,2024-03-28,06:32,280
SU3794,Red Wings,2024-10-02,19:36,281
SU8093,Azimuth,2024-06-09,23:57,120
SU9596,Azimuth,2024-03-28,04:42,323
SU7595,Red Wings,2024-02-22,13:54,295
SU2295,Azimuth,2024-07-21,05:14,125
SU1351,Rossiya,2024-01-04,23:10,283
SU6664,Yakutia,2024-06-10,10:04,163
SU4871,Pobeda,2024-04-27,18:08,187
SU7047,Red Wings,2024-07-14,22:03,114
SU2868,Aeroflot,2024-12-04,20:37,184
SU9572,Ural Airlines,2024-04-24,02:39,159
SU8624,Ural Airlines,2024-12-12,20:04,277
SU6716,Rossiya,2024-03-26,09:25,77
SU6114,Azimuth,2024-01-08,04:10,117
SU406,S7 Airlines,2024-12-26,07:58,177
SU9918,Nordavia,2024-02-23,10:02,154
SU2095,Rossiya,2024-11-03,02:24,125
SU3238,Nordavia,2024-05-03,02:42,244
SU3724,Nordavia,2024-10-06,07:05,74
SU2001,Azimuth,2024-02-16,02:25,254
SU728,Pobeda,2024-03-17,23:03,306
SU952,Aeroflot,2024-07-09,21:16,297
SU7591,Yakutia,2024-10-13,02:21,262
SU9741,Azimuth,2024-02-16,19:14,203
SU2704,Azimuth,2024-03-25,16:28,341
SU2437,Pobeda,2024-08-13,00:01,280
SU2299,Azimuth,2024-03-19,22:49,308
SU8151,Red Wings,2024-04-07,16:04,231
SU4729,S7 Airlines,2024-01-02,03:08,70
SU7070,Aeroflot,2024-10-11,06:31,116
SU6709,UTair,2024-06-28,08:27,124
SU3021,Yakutia,2024-10-22,23:52,219
SU8420,S7 Airlines,2024-06-26,21:09,252
SU9485,UTair,2024-12-11,15:55,96
SU8436,Nordavia,2024-07-24,06:15,199
SU4102,Yakutia,2024-03-07,06:54,115
SU6267,Pobeda,2024-12-28,13:46,296
SU5595,Red Wings,2024-11-14,17:42,92
SU774,Pobeda,2024-07-28,09:08,96
SU451,Nordavia,2024-08-09,14:22,96
SU7609,Ural Airlines,2024-08-26,16:32,256
SU6920,Aeroflot,2024-01-27,22:17,230
SU1025,Rossiya,2024-02-19,01:13,348
SU5330,Azimuth,2024-10-12,03:26,276
SU7965,Yakutia,2024-08-18,20:31,68
SU6381,UTair,2024-06-25,14:44,62
SU3065,Azimuth,2024-12-15,03:32,138
SU8192,S7 Airlines,2024-02-23,07:49,56
SU1794,Pobeda,2024-10-21,13:49,243
SU1036,Ural Airlines,2024-03-24,01:00,119
SU1171,Yakutia,2024-02-10,10:14,69
SU9450,Red Wings,2024-02-18,00:56,173
SU3211,Azimuth,2024-03-19,02:15,111
SU3040,Rossiya,2024-08-28,08:33,193
SU1945,Yakutia,2024-01-10,15:01,90
SU6374,Red Wings,2024-07-15,20:24,286
SU5006,Red Wings,2024-04-19,17:43,217
SU9663,Ural Airlines,2024-06-11,13:08,251
SU8878,UTair,2024-01-24,12:35,324
SU1274,Rossiya,2024-06-10,01:01,171
SU2366,Nordavia,2024-06-07,13:24,184
SU9397,Nordavia,2024-01-27,07:48,162
SU3975,Azimuth,2024-01-20,05:42,159
SU8710,Ural Airlines,2024-02-03,07:46,264
SU5647,Azimuth,2024-03-16,14:36,241
SU5617,UTair,2024-05-08,12:37,214
SU4167,Azimuth,2024-05-08,06:11,341
SU6123,UTair,2024-05-05,17:53,83
SU1775,Nordavia,2024-08-28,07:51,93
SU9332,Ural Airlines,2024-10-20,12:31,205
SU8930,Rossiya,2024-01-15,11:44,97
SU7361,UTair,2024-10-08,16:55,261
SU6328,Rossiya,2024-05-05,00:06,121
SU7393,Red Wings,2024-01-18,03:25,100
SU6308,S7 Airlines,2024-07-12,00:03,95
SU1189,S7 Airlines,2024-06-24,04:49,242
SU7126,UTair,2024-08-01,07:39,214
SU8396,Ural Airlines,2024-01-28,06:58,204
SU8018,Ural Airlines,2024-04-19,20:35,74
SU3369,S7 Airlines,2024-07-28,21:19,63
SU749,Rossiya,2024-05-27,19:35,56
SU643,Nordavia,2024-05-17,05:34,288
SU9602,Nordavia,2024-12-10,14:39,136
SU5128,Red Wings,2024-05-10,16:04,280
SU9496,Nordavia,2024-09-01,03:59,249
SU2864,Nordavia,2024-11-01,07:37,166
SU6602,Pobeda,2024-02-06,07:17,290
SU2805,Yakutia,2024-02-18,17:20,164
SU5875,Yakutia,2024-05-15,06:23,137
SU4075,Nordavia,2024-02-20,05:26,219
SU2785,Ural Airlines,2024-10-20,00:21,96
SU6379,Ural Airlines,2024-02-02,21:10,174
SU3458,Ural Airlines,2024-05-01,09:34,280
SU1415,Aeroflot,2024-09-15,16:42,191
SU933,Pobeda,2024-01-04,00:37,74
SU7952,Nordavia,2024-07-21,19:50,185
SU2861,Rossiya,2024-12-13,07:15,99
SU787,Nordavia,2024-04-03,22:04,107
SU9116,Pobeda,2024-06-06,12:41,139
SU5642,UTair,2024-03-28,09:41,208
SU4107,S7 Airlines,2024-06-04,13:54,199
SU2983,Ural Airlines,2024-10-01,15:13,82
SU7577,Rossiya,2024-10-13,02:40,72
SU6829,Red Wings,2024-01-16,06:25,107
SU3678,Rossiya,2024-03-26,01:03,286
SU1276,Rossiya,2024-09-09,03:49,160
SU4448,Red Wings,2024-08-01,19:10,98
SU7831,Ural Airlines,2024-12-03,01:49,89
SU9682,Ural Airlines,2024-06-04,03:22,93
SU5707,Ural Airlines,2024-06-08,10:17,52
SU8871,Aeroflot,2024-06-23,12:18,113
SU3503,Yakutia,2024-03-17,19:18,122
SU4867,Nordavia,2024-12-07,09:58,137
SU5747,Red Wings,2024-01-02,20:36,131
SU7684,Azimuth,2024-05-12,01:43,174
SU5236,Nordavia,2024-08-03,01:58,255
SU3350,S7 Airlines,2024-04-10,09:45,141
SU4942,Azimuth,2024-01-23,19:09,90
SU6182,Ural Airlines,2024-09-12,10:08,169
SU9608,Yakutia,2024-10-19,03:30,183
SU5481,Rossiya,2024-12-14,08:37,327
SU3759,Ural Airlines,2024-10-13,16:24,343
SU5181,Nordavia,2024-01-07,01:58,62
SU2357,Nordavia,2024-02-15,16:53,79
SU3978,S7 Airlines,2024-02-28,04:39,304
SU186,UTair,2024-06-24,07:38,106
SU2770,Azimuth,2024-08-09,16:41,299
SU198,Azimuth,2024-10-10,12:13,330
SU135,S7 Airlines,2024-04-16,17:33,301
SU7006,UTair,2024-06-26,16:58,55
SU5731,Rossiya,2024-08-19,23:52,145
SU7956,S7 Airlines,2024-01-21,12:02,237
SU2182,Pobeda,2024-03-25,03:09,238
SU9607,Nordavia,2024-12-05,23:48,294
SU5921,Nordavia,2024-03-08,23:01,299
SU3213,Red Wings,2024-10-20,03:06,80
SU9926,Nordavia,2024-01-01,04:28,221
SU8787,Pobeda,2024-06-22,07:24,155
SU5451,Azimuth,2024-11-08,15:09,272
SU4738,Azimuth,2024-01-28,13:14,137
SU8146,Red Wings,2024-11-06,23:40,242
SU1980,Yakutia,2024-09-16,21:17,263
SU6175,S7 Airlines,2024-04-22,08:01,58
SU1459,Rossiya,2024-05-19,15:08,172
SU8487,Aeroflot,2024-04-14,05:00,267
SU5884,Nordavia,2024-09-21,15:00,141
SU5542,Azimuth,2024-01-27,17:20,296
SU292,Azimuth,2024-08-24,15:22,137
SU7868,Aeroflot,2024-01-11,16:48,264
SU3957,Rossiya,2024-01-10,20:56,288
SU7568,Ural Airlines,2024-10-24,06:08,80
SU3858,Aeroflot,2024-08-28,17:09,133
SU1961,Aeroflot,2024-03-11,18:57,234
SU8761,Pobeda,2024-10-20,13:11,233
SU8795,Aeroflot,2024-03-14,23:58,113
SU4043,Aeroflot,2024-12-16,03:27,150
SU9644,Pobeda,2024-03-07,17:27,322
SU3244,Nordavia,2024-04-28,03:34,275
SU1626,Ural Airlines,2024-01-27,21:15,343
SU9950,Pobeda,2024-10-06,15:06,57
SU742,Ural Airlines,2024-07-07,20:40,246
SU6893,Nordavia,2024-03-04,23:24,286
SU8404,UTair,2024-12-17,13:49,203
SU3838,UTair,2024-11-20,07:54,102
SU1890,Red Wings,2024-03-21,23:41,272
SU4339,S7 Airlines,2024-04-16,06:20,221
SU2893,Ural Airlines,2024-01-08,13:16,205
SU9030,Pobeda,2024-02-17,02:40,278
SU1107,Red Wings,2024-04-22,01:09,313
SU9455,Red Wings,2024-04-19,07:37,233
SU1845,Aeroflot,2024-07-07,05:02,205
SU8425,Pobeda,2024-11-01,11:24,310
SU9941,Azimuth,2024-07-14,21:25,155
SU2626,S7 Airlines,2024-04-08,09:49,131
SU7046,Azimuth,2024-05-21,11:58,236
SU1045,UTair,2024-10-19,14:15,344
SU1382,UTair,2024-05-04,00:51,248
SU9639,Rossiya,2024-01-15,23:24,252
SU8545,Aeroflot,2024-11-24,05:24,134
SU4772,Nordavia,2024-05-06,08:03,335
SU6517,Rossiya,2024-01-15,10:04,93
SU9365,Ural Airlines,2024-12-14,01:23,228
SU7545,Pobeda,2024-02-14,06:08,220
SU9839,Aeroflot,2024-09-12,04:54,280
SU8905,Azimuth,2024-04-25,13:09,314
SU5740,UTair,2024-08-12,23:00,126
SU7645,Red Wings,2024-03-20,23:54,190
SU4407,Aeroflot,2024-06-08,00:40,304
SU5396,S7 Airlines,2024-12-21,17:30,314
SU2232,Yakutia,2024-12-01,17:56,202
SU630,Aeroflot,2024-09-07,08:05,107
SU7894,Ural Airlines,2024-10-19,11:57,291
SU3782,Red Wings,2024-11-04,17:17,72
SU7179,Pobeda,2024-04-10,17:49,188
SU2897,Rossiya,2024-01-22,20:58,284
SU6385,Nordavia,2024-12-15,08:03,102
SU3183,Nordavia,2024-02-16,15:15,350
SU1504,Red Wings,2024-02-07,06:49,317
SU1159,Yakutia,2024-05-07,17:44,58
SU423,Nordavia,2024-11-21,00:20,125
SU7699,S7 Airlines,2024-01-12,05:47,300
SU8454,UTair,2024-02-07,14:33,230
SU7941,Azimuth,2024-05-25,23:24,55
SU1382,Aeroflot,2024-10-20,18:15,293
SU5660,Aeroflot,2024-01-22,18:49,103
SU6095,Rossiya,2024-07-15,08:04,67
SU8413,Yakutia,2024-04-01,02:17,337
SU3348,UTair,2024-10-14,18:05,228
SU2867,S7 Airlines,2024-10-03,07:14,153
SU8527,Yakutia,2024-05-11,21:10,158
SU100,UTair,2024-06-22,20:00,148
SU5031,S7 Airlines,2024-03-19,16:34,57
SU1289,Rossiya,2024-08-11,19:55,136
SU8993,S7 Airlines,2024-04-19,02:48,99
SU3579,Ural Airlines,2024-03-09,11:01,54
SU5213,Ural Airlines,2024-08-10,14:11,141
SU2221,S7 Airlines,2024-08-05,02:08,218
SU5439,Aeroflot,2024-02-22,08:53,132
SU3342,Rossiya,2024-09-04,00:17,344
SU422,Ural Airlines,2024-08-27,22:41,312
SU7566,Azimuth,2024-04-12,22:35,105
SU6527,S7 Airlines,2024-06-04,13:49,177
SU9061,Azimuth,2024-04-10,20:19,287
SU4292,Aeroflot,2024-01-07,11:40,314
SU6007,Red Wings,2024-07-23,21:36,123
SU3931,Rossiya,2024-11-23,03:57,238
SU3761,Aeroflot,2024-11-21,11:05,290
SU1309,UTair,2024-01-07,14:48,104
SU6269,Ural Airlines,2024-02-23,08:57,195
SU1889,Aeroflot,2024-06-11,12:32,232
SU6217,Ural Airlines,2024-09-20,15:31,141
SU5076,Aeroflot,2024-09-26,05:07,111
SU7928,Pobeda,2024-12-07,07:47,207
SU2491,Nordavia,2024-06-09,22:40,263
SU9041,S7 Airlines,2024-08-14,13:26,279
SU4645,Ural Airlines,2024-05-17,17:12,104
SU2171,Azimuth,2024-06-24,07:58,171
SU6264,Yakutia,2024-04-18,07:30,159
SU4311,Red Wings,2024-11-28,12:28,162
SU5152,Pobeda,2024-12-25,12:32,226
SU5014,Ural Airlines,2024-01-19,08:34,153
SU3562,Ural Airlines,2024-02-04,07:46,162
SU4908,S7 Airlines,2024-03-21,09:54,113
SU6107,Rossiya,2024-08-04,17:38,330
SU5357,S7 Airlines,2024-11-22,01:01,196
SU3452,Pobeda,2024-12-07,04:26,202
SU8131,S7 Airlines,2024-03-23,21:59,83
SU7373,Aeroflot,2024-04-09,13:56,180
SU9854,UTair,2024-04-08,06:45,161
SU3455,Red Wings,2024-09-13,03:13,96
SU8697,Aeroflot,2024-09-23,12:43,76
SU1474,Nordavia,2024-05-12,15:37,110
SU9127,Ural Airlines,2024-09-19,14:33,217
SU3795,Yakutia,2024-05-15,12:08,81
SU8882,Red Wings,2024-07-21,02:52,297
SU6357,Ural Airlines,2024-05-24,05:51,93
SU4403,Red Wings,2024-04-25,00:55,193
SU3867,Pobeda,2024-03-28,18:43,339
SU9895,Aeroflot,2024-09-14,21:39,76
SU6341,Aeroflot,2024-05-07,15:57,242
SU3586,UTair,2024-11-13,00:18,264
SU9262,Red Wings,2024-05-17,11:30,169
SU7391,Ural Airlines,2024-03-18,22:03,318
SU7942,Yakutia,2024-12-08,05:04,180
SU1071,Red Wings,2024-10-02,02:46,97
SU8153,Yakutia,2024-07-27,16:49,179
SU7728,Rossiya,2024-04-06,00:31,132
SU265,UTair,2024-08-03,20:13,161
SU1039,Azimuth,2024-02-09,12:31,151
SU2519,Pobeda,2024-09-20,06:03,283
SU3905,Azimuth,2024-12-08,05:05,230
SU8259,Red Wings,2024-05-13,19:01,258
SU1952,Rossiya,2024-02-22,04:44,279
SU7498,Rossiya,2024-08-15,04:31,124
SU1419,Yakutia,2024-02-01,12:09,282
SU7735,Azimuth,2024-08-23,15:52,201
SU5224,Azimuth,2024-05-18,09:20,278
SU9734,Azimuth,2024-01-28,20:27,220
SU3834,Yakutia,2024-08-02,14:24,124
SU6616,S7 Airlines,2024-08-15,20:11,160
SU6529,Red Wings,2024-01-17,20:46,154
SU924,UTair,2024-02-09,03:18,161
SU1735,Yakutia,2024-12-05,18:39,66
SU1038,Pobeda,2024-04-02,09:13,189
SU9532,Ural Airlines,2024-07-25,14:09,313
SU7171,Yakutia,2024-11-11,06:18,105
SU4465,Yakutia,2024-08-10,06:44,343
SU9109,Ural Airlines,2024-05-24,04:01,91
SU2156,Pobeda,2024-02-05,13:05,50
SU4426,UTair,2024-08-03,20:45,210
SU889,Aeroflot,2024-02-18,01:34,72
SU7780,UTair,2024-12-04,17:20,174
SU3394,Ural Airlines,2024-09-13,06:28,72
SU1051,S7 Airlines,2024-02-17,16:26,200
SU2600,S7 Airlines,2024-08-25,17:40,198
SU3926,Red Wings,2024-08-08,21:01,161
SU7779,Red Wings,2024-05-01,22:42,116
SU6490,Red Wings,2024-07-19,21:23,314
SU8661,Azimuth,2024-07-16,14:01,204
SU4686,Pobeda,2024-07-02,12:26,111
SU8254,Rossiya,2024-01-10,04:03,183
SU366,UTair,2024-11-01,20:39,231
SU117,Ural Airlines,2024-02-12,09:20,198
SU9984,Pobeda,2024-05-22,21:07,235
SU9947,Nordavia,2024-01-27,16:07,60
SU3751,Ural Airlines,2024-04-05,03:50,156
SU6229,Rossiya,2024-09-01,10:45,312
SU3188,Nordavia,2024-03-15,03:28,174
SU1467,Red Wings,2024-08-20,02:07,175
SU4394,Aeroflot,2024-02-09,21:06,261
SU2608,Nordavia,2024-01-26,17:04,178
SU5730,S7 Airlines,2024-12-09,13:18,134
SU1206,UTair,2024-07-21,00:31,247
SU623,Red Wings,2024-06-03,08:02,104
SU4082,UTair,2024-04-15,14:50,284
SU1116,S7 Airlines,2024-04-24,17:33,252
SU7822,Nordavia,2024-03-24,21:24,114
SU4599,Azimuth,2024-04-16,13:09,60
SU7666,Aeroflot,2024-06-17,04:09,118
SU8496,Aeroflot,2024-02-17,20:38,274
SU7128,Nordavia,2024-11-16,11:11,318
SU474,Nordavia,2024-09-04,18:28,289
SU1726,S7 Airlines,2024-07-26,16:23,122
SU4497,UTair,2024-04-15,03:43,85
SU4443,Rossiya,2024-11-16,03:30,175
SU2149,Pobeda,2024-12-23,10:04,176
SU2868,Rossiya,2024-12-01,23:20,200
SU7734,Ural Airlines,2024-06-22,19:39,141
SU4576,Azimuth,2024-01-24,13:37,197
SU6024,Ural Airlines,2024-05-02,08:01,156
SU1497,UTair,2024-09-01,03:33,345
SU5663,Nordavia,2024-11-24,13:37,266
SU4594,Ural Airlines,2024-05-17,22:50,334
SU667,Azimuth,2024-03-09,23:58,103
SU5378,Azimuth,2024-05-15,14:55,121
SU2225,Yakutia,2024-01-19,18:53,295
SU4925,S7 Airlines,2024-12-04,08:34,252
SU7497,Pobeda,2024-11-21,06:53,243
SU8396,Nordavia,2024-08-20,22:27,203
SU6859,Azimuth,2024-06-11,22:05,150
SU6823,S7 Airlines,2024-04-11,14:39,337
SU904,S7 Airlines,2024-10-23,02:44,245
SU2107,Azimuth,2024-07-04,11:01,137
SU2563,Nordavia,2024-04-07,19:40,106
SU5852,Ural Airlines,2024-10-21,20:37,148
SU5097,Pobeda,2024-07-27,02:53,213
SU608,Red Wings,2024-03-08,04:19,270
SU5891,Azimuth,2024-04-06,18:36,80
SU3744,Red Wings,2024-12-17,19:57,122
SU4350,Nordavia,2024-09-05,10:06,105
SU8512,S7 Airlines,2024-09-01,03:20,236
SU2808,Pobeda,2024-08-07,16:59,103
SU1950,Red Wings,2024-10-04,10:39,77
SU704,Red Wings,2024-07-17,19:24,166
SU7004,Azimuth,2024-03-03,23:27,231
SU3468,Ural Airlines,2024-09-24,17:41,346
SU2198,Azimuth,2024-06-17,23:51,219
SU229,Aeroflot,2024-08-05,06:19,261
SU4867,Pobeda,2024-04-27,00:20,205
SU4673,UTair,2024-01-19,08:11,216
SU8420,Ural Airlines,2024-11-22,04:09,186
SU1077,Rossiya,2024-01-02,23:44,310
SU301,Pobeda,2024-08-20,01:23,199
SU6048,S7 Airlines,2024-10-26,20:36,153
SU5332,Aeroflot,2024-02-04,00:25,215
SU7090,Pobeda,2024-01-01,09:52,319
SU3168,Pobeda,2024-05-04,14:00,276
SU4569,Aeroflot,2024-06-14,11:25,86
SU6569,Nordavia,2024-11-13,20:56,270
SU3801,Azimuth,2024-05-09,08:13,225
SU9195,Yakutia,2024-09-15,22:42,237
SU2922,Rossiya,2024-12-22,17:04,129
SU6769,S7 Airlines,2024-05-06,23:53,291
SU3040,Aeroflot,2024-06-03,18:30,313
SU7965,S7 Airlines,2024-08-27,14:58,295
SU4250,Azimuth,2024-11-01,22:49,293
SU1028,S7 Airlines,2024-01-02,07:40,96
SU1718,S7 Airlines,2024-09-17,02:34,299
SU249,Red Wings,2024-08-08,16:53,259
SU7409,Nordavia,2024-05-14,20:01,179
SU4745,UTair,2024-07-05,22:20,293
SU3878,S7 Airlines,2024-03-27,19:47,123
SU5052,S7 Airlines,2024-01-05,04:23,162
SU161,Yakutia,2024-11-22,04:49,52
SU1630,Yakutia,2024-10-09,08:35,172
SU8547,Rossiya,2024-11-22,11:38,129
SU8098,Red Wings,2024-05-18,00:44,181
SU282,Aeroflot,2024-06-18,07:31,128
SU6693,Azimuth,2024-07-17,05:20,144
SU7269,S7 Airlines,2024-06-04,22:22,184
SU3970,Azimuth,2024-04-03,19:00,75
SU5508,UTair,2024-09-28,15:12,73
SU8564,Aeroflot,2024-09-09,22:13,111
SU1707,Nordavia,2024-09-25,01:39,200
SU5396,S7 Airlines,2024-01-18,13:27,158
SU6773,Nordavia,2024-08-05,18:02,278
SU8260,Pobeda,2024-10-24,19:30,334
SU7847,Aeroflot,2024-05-21,22:40,173
SU6664,Red Wings,2024-09-16,15:39,236
SU1965,Nordavia,2024-07-06,14:11,326
SU9156,S7 Airlines,2024-12-08,01:54,67
SU3666,Aeroflot,2024-02-10,04:13,137
SU5151,Nordavia,2024-02-07,13:53,294
SU8881,Nordavia,2024-06-27,08:43,323
SU417,Ural Airlines,2024-02-27,09:11,308
SU6754,UTair,2024-06-19,09:41,317
SU9567,Azimuth,2024-07-16,03:25,107
SU9609,Azimuth,2024-01-07,22:38,218
SU3028,Nordavia,2024-09-08,21:19,110
SU8354,Ural Airlines,2024-12-13,19:20,210
SU2458,Nordavia,2024-10-26,04:17,193
SU4297,Nordavia,2024-03-07,12:35,50
SU8715,S7 Airlines,2024-08-27,13:28,296
SU6405,Pobeda,2024-07-26,04:19,107
SU6822,Aeroflot,2024-12-01,21:27,117
SU9546,Rossiya,2024-08-11,04:16,302
SU565,Nordavia,2024-05-14,14:56,123
SU9115,Red Wings,2024-09-23,00:50,86
SU5348,Azimuth,2024-01-03,01:00,293
SU5431,Ural Airlines,2024-03-26,11:10,222
SU6758,Pobeda,2024-02-24,20:50,191
SU2459,Rossiya,2024-11-15,00:35,336
SU3980,Aeroflot,2024-08-06,19:37,195
SU6910,Nordavia,2024-03-28,09:02,187
SU3119,Yakutia,2024-04-05,17:49,187
SU2296,Rossiya,2024-10-22,10:58,93
SU2791,Nordavia,2024-12-09,09:08,136
SU7777,Rossiya,2024-03-12,03:34,170
SU2957,Nordavia,2024-03-05,18:09,229
SU2324,Ural Airlines,2024-06-11,06:45,138
SU9838,UTair,2024-04-09,07:57,193
SU1532,Aeroflot,2024-08-16,06:31,126
SU405,S7 Airlines,2024-10-26,09:01,155
SU3274,Azimuth,2024-12-27,03:11,336
SU8449,Yakutia,2024-10-11,02:20,226
SU538,Nordavia,2024-12-08,09:42,230
SU552,Aeroflot,2024-01-22,09:12,142
SU7387,Pobeda,2024-12-18,22:38,128
SU1821,Yakutia,2024-03-20,21:34,330
SU2822,Pobeda,2024-06-13,06:03,136
SU7768,Pobeda,2024-10-24,16:48,220
SU3079,S7 Airlines,2024-04-06,02:23,243
SU7953,Pobeda,2024-07-02,15:43,210
SU2879,Nordavia,2024-10-10,19:37,337
SU5411,Red Wings,2024-09-14,20:58,128
SU438,UTair,2024-04-17,20:21,263
SU7063,Aeroflot,2024-05-03,09:05,310
SU6359,Rossiya,2024-06-14,01:02,331
SU9791,Nordavia,2024-01-27,19:00,335
SU4016,Nordavia,2024-08-23,20:14,149
SU2048,Red Wings,2024-11-20,20:30,124
SU7912,Red Wings,2024-05-07,03:17,74
SU7033,Yakutia,2024-04-21,10:45,98
SU6761,S7 Airlines,2024-03-15,03:53,108
SU8417,Yakutia,2024-04-21,04:39,51
SU5003,UTair,2024-04-12,19:51,267
SU5702,Pobeda,2024-04-26,04:54,209
SU6929,Rossiya,2024-12-20,03:40,84
SU1179,Aeroflot,2024-05-18,12:48,332
SU606,UTair,2024-08-19,07:08,271
SU1509,S7 Airlines,2024-08-15,12:17,175
SU7792,Rossiya,2024-06-05,13:04,90
SU3049,Yakutia,2024-01-05,07:12,165
SU3522,Rossiya,2024-11-27,10:27,272
SU795,S7 Airlines,2024-07-04,02:47,151
SU1346,Rossiya,2024-07-19,21:18,188
SU6024,Ural Airlines,2024-06-08,13:49,244
SU7443,Ural Airlines,2024-08-08,15:29,328
SU726,Red Wings,2024-09-28,22:08,320
SU5813,Azimuth,2024-08-20,12:18,134
SU8647,Nordavia,2024-10-21,06:35,50
SU3210,Red Wings,2024-03-08,13:10,321
SU2036,Rossiya,2024-12-09,16:26,288
SU9405,Red Wings,2024-03-01,17:24,182
SU4811,Pobeda,2024-04-12,17:55,117
SU1134,Aeroflot,2024-09-14,20:11,328
SU7552,Azimuth,2024-04-04,11:01,160
SU4650,Ural Airlines,2024-09-09,15:38,272
SU3461,Rossiya,2024-12-20,21:24,295
SU6714,UTair,2024-09-08,14:26,168
SU6587,Azimuth,2024-02-15,03:58,338
SU6707,S7 Airlines,2024-03-20,03:54,279
SU504,Pobeda,2024-04-01,20:09,174
SU7003,Ural Airlines,2024-05-27,15:07,177
SU3170,Nordavia,2024-08-20,08:10,64
SU9929,Yakutia,2024-01-06,22:28,266
SU6801,Red Wings,2024-09-15,16:26,248
SU7763,Aeroflot,2024-12-22,13:18,106
SU9139,Red Wings,2024-06-06,04:40,198
SU342,Pobeda,2024-09-22,06:31,168
SU699,Ural Airlines,2024-05-19,09:26,58
SU3524,Aeroflot,2024-11-01,18:42,194
SU1631,Rossiya,2024-12-18,15:06,213
SU5959,Yakutia,2024-07-21,11:34,149
SU7946,UTair,2024-08-15,04:52,64
SU4296,Nordavia,2024-05-18,21:05,55
SU4882,Nordavia,2024-11-08,07:54,65
SU9786,Ural Airlines,2024-10-26,16:00,222
SU7443,UTair,2024-02-13,16:19,274
SU8804,Azimuth,2024-01-24,01:42,267
SU2270,Yakutia,2024-02-25,02:29,168
SU7994,Rossiya,2024-10-24,15:15,58
SU6010,Yakutia,2024-12-09,05:25,269
SU7814,UTair,2024-07-07,08:36,237
SU525,Pobeda,2024-09-26,11:31,339
SU5899,UTair,2024-04-22,10:34,315
SU6575,Pobeda,2024-06-24,01:27,79
SU6234,Azimuth,2024-11-04,06:18,93
SU5936,Nordavia,2024-09-27,04:05,129
SU4016,Rossiya,2024-05-09,11:11,290
SU271,Red Wings,2024-09-14,13:55,332
SU5901,Pobeda,2024-05-16,17:03,100
SU2626,Aeroflot,2024-04-24,07:45,313
SU210,S7 Airlines,2024-12-14,20:20,224
SU7067,Azimuth,2024-05-24,15:20,173
SU6760,Red Wings,2024-11-04,17:11,225
SU4579,Aeroflot,2024-06-12,10:16,288
SU8504,UTair,2024-07-10,19:24,233
SU704,Azimuth,2024-05-09,19:13,208
SU8124,Yakutia,2024-07-02,00:53,319
SU8052,Rossiya,2024-04-15,05:38,165
SU3453,S7 Airlines,2024-10-02,19:25,338
SU5684,Azimuth,2024-04-17,02:42,253
SU1523,S7 Airlines,2024-01-25,07:48,164
SU1644,Red Wings,2024-03-12,19:50,175
SU6954,Red Wings,2024-01-11,02:57,147
SU2763,Red Wings,2024-03-03,16:16,176
SU1897,Nordavia,2024-10-02,14:22,280
SU8220,Nordavia,2024-06-17,22:18,226
SU514,Red Wings,2024-06-04,13:14,108
SU6502,Nordavia,2024-11-02,17:24,110
SU4658,Nordavia,2024-01-21,01:31,76
SU3301,Azimuth,2024-04-06,07:00,345
SU6081,Ural Airlines,2024-03-06,15:45,231
SU6678,Azimuth,2024-12-16,02:32,153
SU6347,S7 Airlines,2024-10-02,10:43,261
SU6765,Ural Airlines,2024-08-21,07:18,331
SU9501,Ural Airlines,2024-02-05,12:32,117
SU1371,Yakutia,2024-10-27,20:22,60
SU3100,UTair,2024-12-12,06:20,68
SU924,Azimuth,2024-04-14,11:16,299
SU673,Rossiya,2024-07-12,02:44,97
SU3221,Pobeda,2024-11-19,08:34,122
SU4981,Yakutia,2024-09-08,04:25,103
SU3489,Yakutia,2024-01-17,08:50,86
SU617,Ural Airlines,2024-07-15,02:49,324
SU7718,UTair,2024-04-18,18:58,142
SU769,UTair,2024-01-18,15:07,104
SU9342,UTair,2024-05-19,20:45,265
SU2507,Azimuth,2024-08-13,00:50,292
SU8189,Aeroflot,2024-04-10,14:09,120
SU9295,UTair,2024-02-14,12:28,243
SU4223,S7 Airlines,2024-02-13,03:04,75
SU9813,Nordavia,2024-01-20,21:04,342
SU9037,Pobeda,2024-11-26,12:53,153
SU4060,UTair,2024-02-17,13:37,181
SU6885,Azimuth,2024-06-12,15:12,156
SU8706,Azimuth,2024-05-15,06:42,178
SU9675,Ural Airlines,2024-01-28,12:00,334
SU6599,Red Wings,2024-03-25,22:27,289
SU6021,Nordavia,2024-12-18,07:03,336
SU3653,Aeroflot,2024-03-06,13:00,222
SU7181,Rossiya,2024-10-12,03:01,216
SU6831,Aeroflot,2024-05-10,07:25,266
SU7689,Azimuth,2024-09-11,14:16,318
SU9766,Aeroflot,2024-11-04,15:04,100
SU4414,Yakutia,2024-02-06,16:39,308
SU1357,UTair,2024-10-11,13:49,169
SU4743,Nordavia,2024-09-17,06:23,120
SU9851,Nordavia,2024-04-07,00:40,63
SU4449,Rossiya,2024-01-01,06:38,333
SU5388,Aeroflot,2024-01-09,10:21,211
SU4295,Rossiya,2024-12-23,07:28,197
SU2095,Aeroflot,2024-06-18,10:12,291
SU3041,Yakutia,2024-06-10,23:51,275
SU543,Nordavia,2024-07-28,06:43,296
SU6002,Aeroflot,2024-09-01,04:02,120
SU1344,Azimuth,2024-08-17,10:58,120
SU8763,Yakutia,2024-03-06,09:21,301
SU7261,S7 Airlines,2024-05-01,02:30,77
SU6063,Rossiya,2024-07-21,12:20,192
SU6772,Nordavia,2024-05-16,15:28,156
SU1768,Yakutia,2024-09-15,18:31,166
SU4523,S7 Airlines,2024-04-18,06:05,226
SU3500,Rossiya,2024-08-16,10:50,243
SU8794,Rossiya,2024-09-13,14:09,346
SU4380,Red Wings,2024-06-04,10:47,259
SU6695,Azimuth,2024-05-23,19:27,181
SU4870,Aeroflot,2024-05-01,20:46,297
SU1207,Yakutia,2024-08-10,10:08,195
SU5189,Azimuth,2024-07-20,04:50,277
SU596,Red Wings,2024-06-25,23:20,130
SU7365,Aeroflot,2024-02-20,22:53,265
SU8084,UTair,2024-03-15,02:18,129
SU2980,Yakutia,2024-07-13,04:34,180
SU5084,Ural Airlines,2024-05-18,08:35,269
SU4568,Rossiya,2024-02-14,12:55,154
SU6243,Ural Airlines,2024-12-21,00:02,120
SU3410,Ural Airlines,2024-02-26,09:49,83
SU9264,Pobeda,2024-04-05,03:01,306
SU8348,Azimuth,2024-09-16,11:41,189
SU890,Aeroflot,2024-05-09,14:58,112
SU2011,Yakutia,2024-08-05,22:08,189
SU8374,Ural Airlines,2024-08-23,13:28,126
SU4993,S7 Airlines,2024-07-25,07:04,306
SU6194,Azimuth,2024-12-10,08:06,105
SU6712,Ural Airlines,2024-12-10,02:46,318
SU7542,Pobeda,2024-09-26,04:28,270
SU2285,Aeroflot,2024-06-04,17:55,98
SU6396,Aeroflot,2024-04-11,06:29,127
SU4468,Pobeda,2024-06-24,04:10,213
SU8560,Red Wings,2024-10-18,11:59,285
SU8866,Ural Airlines,2024-09-16,20:44,314
SU7043,S7 Airlines,2024-04-13,22:44,122
SU519,Rossiya,2024-01-16,12:48,129
SU6002,Ural Airlines,2024-08-19,18:11,315
SU3997,Pobeda,2024-04-04,15:59,333
SU6120,Yakutia,2024-09-02,20:10,76
SU3665,Yakutia,2024-11-04,16:18,297
SU6638,S7 Airlines,2024-11-18,15:27,342
SU7575,UTair,2024-06-13,20:24,200
SU2309,Rossiya,2024-01-24,20:59,147
SU979,Yakutia,2024-11-17,08:22,324
SU7633,Rossiya,2024-04-21,07:34,306
SU4257,UTair,2024-10-27,07:10,135
SU7113,S7 Airlines,2024-08-25,12:39,242
SU4772,Azimuth,2024-04-24,08:37,135
SU5662,S7 Airlines,2024-12-23,10:06,145
SU7910,Azimuth,2024-06-09,08:00,66
SU7833,Aeroflot,2024-12-06,01:38,305
SU9857,Nordavia,2024-05-15,18:04,187
SU3974,S7 Airlines,2024-10-21,02:32,170
SU5034,Rossiya,2024-03-04,14:01,260
SU9719,Yakutia,2024-12-27,23:51,289
SU4731,Nordavia,2024-03-06,09:06,336
SU9428,Aeroflot,2024-06-07,20:26,129
SU1402,Azimuth,2024-12-21,02:41,333
SU5712,Azimuth,2024-08-12,12:31,83
SU5898,UTair,2024-05-24,13:50,243
SU3807,S7 Airlines,2024-07-24,15:33,263
SU1395,Rossiya,2024-06-04,07:39,188
SU4137,S7 Airlines,2024-08-14,10:34,273
SU5842,Aeroflot,2024-05-21,18:50,71
SU2967,UTair,2024-12-23,07:45,281
SU3616,Ural Airlines,2024-07-05,17:03,137
SU5927,Aeroflot,2024-09-09,14:40,204
SU6923,Azimuth,2024-10-10,08:41,349
SU2193,Rossiya,2024-12-03,10:58,150
SU8939,UTair,2024-02-05,18:44,268
SU2507,Red Wings,2024-11-25,05:25,125
SU9964,Pobeda,2024-10-10,14:31,113
SU7298,Nordavia,2024-05-27,17:57,204
SU3312,Yakutia,2024-12-15,10:04,216
SU8526,Nordavia,2024-04-17,10:34,328
SU4227,Ural Airlines,2024-01-04,12:02,328
SU8624,Pobeda,2024-12-25,23:35,151
SU7431,Ural Airlines,2024-06-25,18:30,240
SU2259,Red Wings,2024-05-04,10:05,235
SU2811,Pobeda,2024-02-13,01:34,326
SU1709,UTair,2024-05-23,06:00,113
SU1511,Azimuth,2024-06-06,16:18,277
SU7443,Pobeda,2024-09-05,23:46,220
SU6509,Red Wings,2024-06-12,19:10,72
SU465,Azimuth,2024-02-24,09:59,333
SU8965,Nordavia,2024-09-21,06:16,169
SU4512,Ural Airlines,2024-02-25,10:49,101
SU7738,S7 Airlines,2024-06-07,06:22,202
SU2206,Aeroflot,2024-10-22,05:34,213
SU5195,Red Wings,2024-01-28,05:49,116
SU6004,Aeroflot,2024-08-12,18:55,150
SU6886,Ural Airlines,2024-12-03,01:53,220
SU7823,Yakutia,2024-07-24,15:02,308
SU8353,UTair,2024-11-23,00:29,118
SU3030,Aeroflot,2024-06-13,02:22,266
SU546,Aeroflot,2024-08-27,22:38,306
SU6847,Azimuth,2024-03-21,19:34,91
SU2261,UTair,2024-10-07,19:30,107
SU1481,Ural Airlines,2024-10-04,01:55,194
SU9013,Pobeda,2024-08-06,16:59,322
SU9332,Azimuth,2024-06-16,01:47,326
SU2361,Aeroflot,2024-03-08,09:24,124
SU4481,Azimuth,2024-03-08,21:06,219
SU1832,Yakutia,2024-06-12,03:03,152
SU6504,S7 Airlines,2024-01-19,15:14,309
SU4985,Pobeda,2024-03-10,23:57,80
SU219,Red Wings,2024-04-25,13:52,147
SU6270,Nordavia,2024-05-04,02:38,104
SU4467,Ural Airlines,2024-10-27,05:48,314
SU7269,Azimuth,2024-02-26,23:26,84
SU8740,Yakutia,2024-01-11,15:31,299
SU6532,UTair,2024-11-10,05:29,284
SU2204,Pobeda,2024-05-19,09:47,257
SU8978,Azimuth,2024-01-20,22:27,311
SU4317,Pobeda,2024-03-24,20:55,92
SU2658,Yakutia,2024-10-21,16:16,218
SU7933,Aeroflot,2024-12-19,10:55,122
SU9654,Azimuth,2024-04-01,17:51,118
SU6463,Pobeda,2024-12-02,09:31,195
SU8681,Pobeda,2024-09-10,04:13,80
SU5795,Rossiya,2024-04-21,00:44,92
SU1422,Rossiya,2024-11-18,17:15,113
SU6062,Nordavia,2024-05-10,16:44,133
SU5624,Ural Airlines,2024-04-04,15:14,249
SU4918,Pobeda,2024-04-03,23:47,169
SU3479,S7 Airlines,2024-03-19,15:26,109
SU1361,UTair,2024-02-05,12:42,256
SU9882,Azimuth,2024-10-15,03:38,303
SU2877,Ural Airlines,2024-04-04,18:10,332
SU7541,S7 Airlines,2024-09-09,06:02,135
SU9056,Pobeda,2024-11-03,05:20,225
SU3629,Yakutia,2024-09-06,07:42,156
SU4644,Pobeda,2024-03-19,08:46,231
SU7815,Ural Airlines,2024-11-12,09:31,277
SU3781,Azimuth,2024-11-13,21:02,65
SU5020,Ural Airlines,2024-04-06,20:04,157
SU7049,Rossiya,2024-09-08,21:22,223
SU6268,S7 Airlines,2024-10-02,22:12,90
SU8662,Aeroflot,2024-06-02,16:11,298
SU6941,Red Wings,2024-01-24,03:57,52
SU3948,S7 Airlines,2024-04-05,11:20,218
SU2678,Rossiya,2024-05-03,11:18,313
SU6482,UTair,2024-07-17,04:39,215
SU9420,Azimuth,2024-10-15,20:17,224
SU2447,Ural Airlines,2024-02-06,17:34,324
SU1336,Yakutia,2024-11-21,17:10,154
SU9743,Red Wings,2024-01-23,00:41,330
SU8991,S7 Airlines,2024-07-15,00:02,121
SU9454,Yakutia,2024-01-19,18:55,164
SU102,UTair,2024-06-22,16:02,195
SU6023,Pobeda,2024-03-28,11:53,196
SU6231,UTair,2024-10-02,07:35,215
SU6166,Ural Airlines,2024-09-23,16:49,200
SU7663,Azimuth,2024-10-24,19:36,71
SU4597,Nordavia,2024-06-22,15:36,63
SU9869,Nordavia,2024-06-20,09:42,261
SU2667,Red Wings,2024-06-05,08:33,107
SU9853,Azimuth,2024-03-23,09:11,176
SU5777,Ural Airlines,2024-08-09,16:44,139
SU6086,Pobeda,2024-08-05,14:36,274
SU251,Nordavia,2024-10-24,20:57,238
SU3629,Red Wings,2024-10-11,13:59,182
SU6877,Red Wings,2024-05-24,04:45,94
SU9635,Pobeda,2024-02-27,10:29,286
SU9941,S7 Airlines,2024-06-28,12:26,112
SU4476,Nordavia,2024-05-03,21:08,155
SU1270,Yakutia,2024-12-09,00:08,231
SU3923,UTair,2024-09-05,10:18,51
SU4464,Rossiya,2024-07-08,02:49,270
SU8512,Azimuth,2024-10-02,10:23,312
SU6818,Yakutia,2024-01-02,12:48,269
SU5158,Azimuth,2024-12-10,18:13,168
SU6860,Aeroflot,2024-02-13,04:10,255
SU4850,Nordavia,2024-05-12,23:47,270
SU8982,Azimuth,2024-10-13,15:44,179
SU9754,S7 Airlines,2024-03-23,13:23,290
SU6166,Red Wings,2024-05-18,07:26,220
SU2672,Rossiya,2024-05-26,07:20,127
SU2665,UTair,2024-08-19,15:23,298
SU6932,Red Wings,2024-10-04,17:38,230
SU1847,Yakutia,2024-01-15,10:52,131
SU3354,Aeroflot,2024-09-27,08:18,329
SU8809,UTair,2024-06-05,19:39,108
SU3472,Yakutia,2024-08-10,02:53,85
SU5925,Aeroflot,2024-01-12,18:09,94
SU7817,Rossiya,2024-06-14,10:47,260
SU911,S7 Airlines,2024-01-19,17:08,216
SU7199,Azimuth,2024-02-06,00:45,67
SU1390,Nordavia,2024-07-08,02:48,136
SU9113,Yakutia,2024-09-15,12:26,211
SU5340,S7 Airlines,2024-01-16,01:20,240
SU2862,Red Wings,2024-12-03,12:57,120
SU421,Aeroflot,2024-03-20,05:41,285
SU5494,Red Wings,2024-10-05,06:44,250
SU5589,Aeroflot,2024-05-24,14:00,253
SU6278,S7 Airlines,2024-11-05,04:04,282
SU3004,Yakutia,2024-07-01,16:38,105
SU6513,Aeroflot,2024-11-24,11:03,270
SU1590,UTair,2024-08-21,11:59,305
SU5979,UTair,2024-08-04,09:34,55
SU3010,Rossiya,2024-01-05,13:27,70
SU602,Yakutia,2024-11-08,06:53,293
SU5943,Yakutia,2024-09-11,20:11,144
SU5183,Ural Airlines,2024-04-18,10:28,67
SU9585,Nordavia,2024-11-16,17:06,186
SU5858,Rossiya,2024-04-25,01:06,182
SU7806,S7 Airlines,2024-09-24,07:36,80
SU198,Red Wings,2024-07-10,03:51,152
SU1677,UTair,2024-06-03,17:26,220
SU6454,Pobeda,2024-06-27,23:37,310
SU2598,Red Wings,2024-07-22,15:01,189
SU1032,Yakutia,2024-02-25,15:10,320
SU7039,Red Wings,2024-08-24,08:32,234
SU1135,Aeroflot,2024-08-21,08:53,309
SU3086,Ural Airlines,2024-03-28,21:17,309
SU3430,Red Wings,2024-04-15,06:15,137
SU7848,Nordavia,2024-11-28,13:05,321
SU6474,Red Wings,2024-07-04,13:51,215
SU9517,Red Wings,2024-07-26,06:14,311
SU857,UTair,2024-02-05,15:24,318
SU4811,Azimuth,2024-07-28,16:35,322
SU3619,Aeroflot,2024-10-22,02:01,92
SU8861,Ural Airlines,2024-10-24,21:10,76
SU6148,Ural Airlines,2024-12-17,16:08,233
SU1449,Nordavia,2024-11-01,05:46,50
SU4749,UTair,2024-01-08,16:16,289
SU8831,Yakutia,2024-11-23,03:36,340
SU515,UTair,2024-11-22,19:37,248
SU8529,Yakutia,2024-08-05,10:16,314
SU697,Red Wings,2024-06-06,06:00,203
SU1877,S7 Airlines,2024-07-21,21:26,175
SU6759,Azimuth,2024-03-17,04:05,60
SU5423,Aeroflot,2024-05-03,23:12,58
SU1389,Pobeda,2024-06-15,23:59,159
SU5551,Rossiya,2024-02-12,16:18,260
SU3821,Azimuth,2024-02-06,03:48,307
SU3625,Rossiya,2024-07-15,05:32,122
SU5778,Rossiya,2024-09-11,04:47,95
SU4459,Pobeda,2024-06-21,20:57,285
SU914,UTair,2024-02-05,18:29,325
SU4850,Aeroflot,2024-04-27,09:21,226
SU6469,S7 Airlines,2024-03-05,00:23,244
SU8891,Azimuth,2024-06-18,11:44,184
SU8076,UTair,2024-07-20,11:56,275
SU8994,Yakutia,2024-04-14,22:07,328
SU2564,Azimuth,2024-09-09,21:01,285
SU1724,S7 Airlines,2024-03-20,01:09,207
SU1873,Pobeda,2024-03-10,18:46,342
SU9513,Azimuth,2024-11-02,22:57,65
SU7749,Pobeda,2024-09-28,07:58,145
SU6316,Yakutia,2024-09-20,09:03,197
SU2161,S7 Airlines,2024-06-28,17:14,91
SU4131,Nordavia,2024-06-18,14:48,341
SU2093,Ural Airlines,2024-06-25,04:49,177
SU1985,Nordavia,2024-03-23,13:03,212
SU7905,Ural Airlines,2024-04-22,13:49,298
SU7202,Rossiya,2024-07-01,11:24,272
SU4567,S7 Airlines,2024-12-20,13:35,231
SU4614,Pobeda,2024-05-04,03:55,330
SU8000,Nordavia,2024-03-10,09:55,307
SU3078,Pobeda,2024-12-12,17:50,76
SU517,UTair,2024-09-07,02:32,222
SU438,Azimuth,2024-05-04,13:14,318
SU4501,Red Wings,2024-11-06,21:10,299
SU5525,Ural Airlines,2024-07-26,11:28,72
SU4619,Yakutia,2024-11-18,21:28,267
SU3377,UTair,2024-12-17,04:15,336
SU5252,Rossiya,2024-10-13,18:04,121
SU6312,Ural Airlines,2024-03-21,16:28,311
SU9875,Red Wings,2024-09-03,12:50,77
SU4366,Rossiya,2024-11-18,00:46,191
SU9642,Nordavia,2024-06-28,21:36,188
SU6166,UTair,2024-06-18,16:27,347
SU1331,UTair,2024-11-28,05:18,303
SU4803,UTair,2024-08-12,00:01,142
SU8598,Rossiya,2024-02-15,05:17,110
SU4540,Aeroflot,2024-04-25,18:16,111
SU1871,Yakutia,2024-06-05,06:32,293
SU7457,S7 Airlines,2024-09-11,14:22,163
SU9046,Yakutia,2024-11-16,10:44,82
SU3873,Nordavia,2024-04-14,01:37,131
SU5171,UTair,2024-06-26,15:25,230
SU8019,Red Wings,2024-01-25,09:06,205
SU6349,Yakutia,2024-06-03,16:14,326
SU4980,Pobeda,2024-05-23,22:04,319
SU2093,Pobeda,2024-02-05,16:08,236
SU7364,Nordavia,2024-08-01,10:01,107
SU6239,S7 Airlines,2024-07-24,20:31,303
SU8504,Rossiya,2024-02-17,18:59,58
SU1659,S7 Airlines,2024-09-13,21:16,337
SU3441,UTair,2024-05-18,21:02,207
SU5038,Yakutia,2024-04-05,13:44,106
SU8221,Rossiya,2024-02-01,10:37,283
SU5598,Pobeda,2024-06-22,00:01,272
SU7491,Red Wings,2024-09-28,17:28,293
SU6918,Azimuth,2024-02-25,19:16,324
SU8957,Red Wings,2024-03-28,08:04,81
SU7874,Red Wings,2024-08-21,07:21,350
SU3231,Rossiya,2024-12-09,22:07,171
SU5727,Aeroflot,2024-06-10,09:23,265
SU6110,Ural Airlines,2024-08-13,06:55,89
SU4371,Aeroflot,2024-02-19,23:25,148
SU4013,Nordavia,2024-02-20,21:08,180
SU7804,UTair,2024-01-07,03:49,176
SU7001,Nordavia,2024-08-19,02:30,345
SU5730,S7 Airlines,2024-12-03,08:04,309
SU5390,S7 Airlines,2024-05-06,11:51,230
SU3067,Nordavia,2024-02-15,23:14,312
SU5662,Azimuth,2024-11-02,06:02,316
SU9297,S7 Airlines,2024-05-15,05:13,292
SU5122,Ural Airlines,2024-12-25,19:44,178
SU742,Red Wings,2024-03-12,16:17,95
SU6854,Red Wings,2024-11-27,08:20,83
SU5659,Aeroflot,2024-04-05,03:52,239
SU2072,Aeroflot,2024-04-19,20:38,51
SU8334,S7 Airlines,2024-03-28,04:37,217
SU1548,Rossiya,2024-05-27,23:08,307
SU5270,Pobeda,2024-07-06,16:57,255
SU8020,Rossiya,2024-08-03,08:40,265
SU8990,Ural Airlines,2024-11-17,19:53,260
SU5215,Azimuth,2024-03-22,13:08,124
SU4733,Ural Airlines,2024-02-01,20:49,59
SU7592,Red Wings,2024-07-10,06:59,322
SU7272,UTair,2024-01-21,19:44,249
SU9345,Ural Airlines,2024-11-13,18:10,127
SU7233,Azimuth,2024-11-06,00:53,65
SU8261,Yakutia,2024-03-05,06:26,100
SU3722,S7 Airlines,2024-04-20,22:20,251
SU8648,UTair,2024-12-28,09:20,309
SU7441,Rossiya,2024-08-26,14:46,258
SU7357,UTair,2024-05-05,14:46,112
SU1282,Yakutia,2024-08-08,13:50,63
SU7190,Yakutia,2024-03-10,21:28,95
SU3670,Nordavia,2024-07-11,11:56,231
SU1928,Azimuth,2024-01-25,20:43,156
SU6966,Red Wings,2024-06-26,05:46,297
SU2253,Yakutia,2024-09-10,13:33,327
SU2991,Pobeda,2024-04-26,15:54,147
SU2958,Rossiya,2024-12-26,00:10,264
SU3684,Ural Airlines,2024-02-03,21:31,76
SU5014,Ural Airlines,2024-03-27,15:38,193
SU9383,Red Wings,2024-10-28,06:44,286
SU1251,Rossiya,2024-02-14,07:20,198
SU6246,Yakutia,2024-07-02,23:24,242
SU6133,Red Wings,2024-04-07,11:13,71
SU2574,Yakutia,2024-08-14,13:56,68
SU4875,Ural Airlines,2024-11-08,00:23,76
SU9479,Aeroflot,2024-02-11,09:44,97
SU4800,Ural Airlines,2024-12-09,23:29,222
SU6621,Rossiya,2024-08-04,23:25,272
SU6151,Rossiya,2024-12-04,03:18,59
SU2537,Ural Airlines,2024-11-19,15:25,153
SU2091,Nordavia,2024-04-27,11:00,303
SU3326,Pobeda,2024-09-20,12:33,296
SU4798,Ural Airlines,2024-03-15,13:26,196
SU9324,Rossiya,2024-12-19,04:16,232
SU5211,UTair,2024-01-01,09:49,203
SU4737,Rossiya,2024-01-20,05:13,223
SU962,Nordavia,2024-07-08,05:22,291
SU5497,Rossiya,2024-06-26,14:42,238
SU7729,UTair,2024-10-13,00:09,195
SU9440,Red Wings,2024-04-23,12:16,200
SU1833,Aeroflot,2024-11-12,14:53,216
SU1414,Ural Airlines,2024-07-21,01:00,97
SU4714,Nordavia,2024-05-06,06:25,148
SU9857,Aeroflot,2024-03-27,20:18,284
SU5488,S7 Airlines,2024-11-12,13:12,320
SU7247,Aeroflot,2024-03-16,17:43,278
SU6225,Aeroflot,2024-07-18,20:37,134
SU2540,Azimuth,2024-01-10,10:57,208
SU630,Ural Airlines,2024-07-28,04:06,50
SU8780,S7 Airlines,2024-10-24,09:53,137
SU2933,S7 Airlines,2024-02-28,04:54,232
SU5958,Aeroflot,2024-12-28,06:31,206
SU7680,Yakutia,2024-03-25,05:50,320
SU7301,Nordavia,2024-11-09,00:16,172
SU5028,Yakutia,2024-09-24,01:20,276
SU2463,Rossiya,2024-02-02,20:33,255
SU4940,Aeroflot,2024-05-10,15:08,183
SU1199,Yakutia,2024-08-10,17:14,289
SU9629,Red Wings,2024-03-09,05:53,327
SU4157,Nordavia,2024-02-25,09:58,95
SU7744,Ural Airlines,2024-06-28,09:06,127
SU9097,UTair,2024-01-07,13:23,273
SU9319,Red Wings,2024-05-05,13:58,334
SU3089,Nordavia,2024-07-07,19:11,180
SU5688,Azimuth,2024-07-20,06:10,91
SU9032,Aeroflot,2024-10-08,21:29,332
SU9861,Aeroflot,2024-12-26,04:55,346
SU150,Yakutia,2024-05-08,23:56,91
SU2557,Yakutia,2024-09-16,03:51,262
SU4484,Rossiya,2024-01-05,15:27,197
SU1471,UTair,2024-08-19,09:13,99
SU6842,Nordavia,2024-05-10,00:28,127
SU7145,Ural Airlines,2024-11-15,00:08,113
SU6838,S7 Airlines,2024-05-14,06:51,114
SU5136,Pobeda,2024-07-14,04:48,57
SU1205,Yakutia,2024-01-15,01:04,107
SU2147,Yakutia,2024-03-21,21:44,297
SU6536,Yakutia,2024-09-26,10:55,260
SU8603,Azimuth,2024-07-23,09:51,290
SU2328,Ural Airlines,2024-08-11,12:19,276
SU9244,Pobeda,2024-03-10,18:31,346
SU4946,Rossiya,2024-08-24,07:10,308
SU4097,Azimuth,2024-07-01,15:46,218
SU9217,Azimuth,2024-08-13,08:49,284
SU5022,Yakutia,2024-07-22,09:49,128
SU4264,Rossiya,2024-08-08,10:37,197
SU4752,S7 Airlines,2024-11-16,19:25,137
SU6391,Red Wings,2024-11-14,20:34,256
SU1432,Aeroflot,2024-08-17,05:59,76
SU3363,UTair,2024-09-19,14:19,208
SU3503,Aeroflot,2024-12-08,20:02,253
SU570,S7 Airlines,2024-10-13,15:57,90
SU4170,Ural Airlines,2024-07-06,21:29,144
SU7391,Azimuth,2024-10-06,08:32,73
SU7500,Ural Airlines,2024-03-09,13:33,268
SU1863,Red Wings,2024-12-18,10:43,75
SU6063,Yakutia,2024-03-22,14:33,270
SU6818,Azimuth,2024-04-12,23:01,341
SU2063,Azimuth,2024-07-13,02:31,278
SU7686,Aeroflot,2024-06-08,11:55,130
SU3974,Nordavia,2024-04-06,16:07,272
SU2992,Aeroflot,2024-03-01,22:14,231
SU6548,Red Wings,2024-08-17,13:01,146
SU9757,Nordavia,2024-09-23,09:55,255
SU8605,Azimuth,2024-08-14,10:08,111
SU9953,Azimuth,2024-11-21,15:44,59
SU3575,S7 Airlines,2024-07-25,22:52,256
SU7100,Azimuth,2024-06-13,10:50,180
SU3600,Rossiya,2024-11-06,16:43,159
SU4688,Red Wings,2024-07-11,18:09,161
SU7884,Pobeda,2024-02-06,08:13,222
SU5017,Red Wings,2024-08-15,17:22,230
SU9613,Ural Airlines,2024-10-26,17:20,293
SU4697,Nordavia,2024-04-15,18:17,131
SU8402,Rossiya,2024-10-23,05:15,172
SU6409,Pobeda,2024-12-09,17:23,326
SU7630,Nordavia,2024-07-18,19:59,100
SU1881,Ural Airlines,2024-05-01,00:05,88
SU4681,Aeroflot,2024-09-27,18:51,115
SU9425,Azimuth,2024-05-06,09:48,161
SU7730,Yakutia,2024-01-26,20:59,348
SU6267,Azimuth,2024-08-01,09:15,308
SU9831,Pobeda,2024-03-20,17:30,167
SU7967,Aeroflot,2024-07-16,00:23,207
SU4095,Nordavia,2024-12-11,16:01,267
SU4819,UTair,2024-01-22,20:34,132
SU6141,Ural Airlines,2024-03-28,08:21,175
SU2638,Rossiya,2024-05-26,18:41,225
SU897,Ural Airlines,2024-10-19,06:00,92
SU1280,Red Wings,2024-03-22,07:25,233
SU7669,Azimuth,2024-09-05,09:48,91
SU8199,Nordavia,2024-06-20,20:27,104
SU5649,UTair,2024-02-18,11:01,350
SU4544,Ural Airlines,2024-02-02,22:19,260
SU5403,Yakutia,2024-04-02,16:12,151
SU3355,Nordavia,2024-06-02,15:40,56
SU5048,Azimuth,2024-09-25,17:08,52
SU4562,Aeroflot,2024-05-26,07:56,325
SU722,Yakutia,2024-09-22,16:06,229
SU9162,Azimuth,2024-11-28,06:45,311
SU8109,Red Wings,2024-06-25,18:40,177
SU8120,Rossiya,2024-05-17,05:44,138
SU1156,Red Wings,2024-12-06,10:16,265
SU3884,Ural Airlines,2024-02-27,22:29,249
SU8147,S7 Airlines,2024-04-20,17:43,246
SU7769,Red Wings,2024-09-27,01:36,238
SU7984,Pobeda,2024-04-01,04:55,304
SU1239,Red Wings,2024-12-01,15:00,50
SU1905,Rossiya,2024-05-19,20:00,249
SU6401,UTair,2024-12-09,23:28,203
SU2824,Rossiya,2024-06-25,16:39,149
SU3913,Ural Airlines,2024-09-23,04:20,205
SU8410,Aeroflot,2024-08-21,02:50,298
SU1802,S7 Airlines,2024-11-26,23:22,290
SU6923,Yakutia,2024-06-18,16:57,149
SU9589,S7 Airlines,2024-01-07,10:25,211
SU3858,Rossiya,2024-04-26,18:37,211
SU9214,Nordavia,2024-09-20,12:48,161
SU3556,Nordavia,2024-07-23,14:24,95
SU7690,Yakutia,2024-04-09,02:20,192
SU9417,Nordavia,2024-03-28,20:28,269
SU3232,Nordavia,2024-01-25,15:48,225
SU176,Pobeda,2024-10-03,11:23,107
SU8230,Nordavia,2024-12-21,16:47,228
SU4752,Aeroflot,2024-03-17,18:26,110
SU8980,Pobeda,2024-08-17,19:37,212
SU9866,Rossiya,2024-03-15,12:41,208
SU1993,Azimuth,2024-11-27,18:25,314
SU5326,Aeroflot,2024-12-20,08:01,312
SU438,Pobeda,2024-02-25,23:09,244
SU6961,UTair,2024-03-23,11:21,114
SU1650,Nordavia,2024-02-05,00:00,105
SU4044,Red Wings,2024-12-13,10:28,63
SU2041,Aeroflot,2024-02-08,15:43,198
SU1282,S7 Airlines,2024-04-24,20:43,339
SU1731,S7 Airlines,2024-05-07,12:44,247
SU9353,Aeroflot,2024-12-06,05:02,334
SU7359,Pobeda,2024-12-16,21:33,240
SU8956,Yakutia,2024-09-01,08:16,175
SU9421,Red Wings,2024-01-13,18:57,213
SU9719,Azimuth,2024-01-12,17:28,67
SU3243,Red Wings,2024-07-24,01:44,258
SU2442,S7 Airlines,2024-02-13,04:37,107
SU1242,Yakutia,2024-04-14,09:56,70
SU730,Red Wings,2024-07-04,22:50,133
SU6581,Rossiya,2024-02-12,21:36,145
SU9405,Red Wings,2024-04-27,14:55,151
SU6447,Aeroflot,2024-05-09,05:12,218
SU3740,UTair,2024-08-22,07:40,217
SU1108,Aeroflot,2024-02-17,20:17,54
SU8669,Nordavia,2024-08-02,00:44,52
SU1246,Pobeda,2024-01-07,08:58,67
SU1912,Yakutia,2024-11-08,21:34,265
SU7584,S7 Airlines,2024-02-14,22:35,145
SU404,Nordavia,2024-05-15,03:17,193
SU5392,Red Wings,2024-03-22,20:30,252
SU3537,Nordavia,2024-04-24,11:58,306
SU8605,Azimuth,2024-07-21,10:44,309
SU8855,Pobeda,2024-01-07,20:40,347
SU4849,Nordavia,2024-08-18,23:38,331
SU4809,Ural Airlines,2024-02-18,19:12,242
SU5624,UTair,2024-02-15,13:49,133
SU2747,Nordavia,2024-09-27,04:56,80
SU4260,Rossiya,2024-01-22,05:29,330
SU3237,UTair,2024-05-11,14:05,256
SU8621,Azimuth,2024-12-25,22:45,150
SU9024,Azimuth,2024-04-16,19:29,255
SU2668,Ural Airlines,2024-08-11,15:46,146
SU9282,S7 Airlines,2024-11-06,15:58,173
SU8485,Rossiya,2024-09-22,14:27,128
SU8940,Ural Airlines,2024-11-09,01:19,101
SU997,Azimuth,2024-06-19,22:20,71
SU6502,Nordavia,2024-08-25,18:59,183
SU8470,Aeroflot,2024-01-01,15:05,333
SU7558,Nordavia,2024-06-02,20:22,346
SU5090,S7 Airlines,2024-06-12,04:25,73
SU6667,Ural Airlines,2024-11-15,12:04,266
SU1884,S7 Airlines,2024-06-27,19:22,330
SU1338,Rossiya,2024-11-13,12:02,280
SU548,Yakutia,2024-11-06,02:10,65
SU7574,Aeroflot,2024-08-10,15:19,102
SU1391,Azimuth,2024-02-20,14:25,281
SU4510,Nordavia,2024-05-05,06:24,318
SU1962,Rossiya,2024-02-19,22:05,112
SU600,Rossiya,2024-06-04,16:02,139
SU9947,Red Wings,2024-09-26,11:48,314
SU6097,Nordavia,2024-03-20,04:19,190
SU2025,Aeroflot,2024-03-05,01:34,339
SU3378,Red Wings,2024-05-17,02:05,270
SU1772,UTair,2024-03-02,19:22,195
SU4757,Ural Airlines,2024-09-24,05:16,77
SU3484,Nordavia,2024-09-14,15:28,203
SU9786,S7 Airlines,2024-02-09,23:28,312
SU4041,Pobeda,2024-10-08,06:06,262
SU6868,Pobeda,2024-06-19,14:46,239
SU975,Aeroflot,2024-09-24,17:11,66
SU294,Ural Airlines,2024-03-21,17:06,74
SU5717,Yakutia,2024-12-02,13:56,107
SU7600,Red Wings,2024-02-12,04:20,329
SU4635,Rossiya,2024-08-02,03:34,175
SU2845,Red Wings,2024-02-28,18:18,170
SU876,Red Wings,2024-04-18,21:07,226
SU6748,Red Wings,2024-03-14,16:05,241
SU1590,Yakutia,2024-01-14,03:47,281
SU7584,Yakutia,2024-02-24,23:40,318
SU9099,Ural Airlines,2024-04-08,04:12,168
SU8672,S7 Airlines,2024-10-14,07:24,242
SU5058,Yakutia,2024-12-14,17:44,294
SU4958,Yakutia,2024-04-17,02:47,264
SU805,Red Wings,2024-11-10,04:35,129
SU3288,Aeroflot,2024-04-15,02:30,200
SU7994,Red Wings,2024-04-03,12:59,124
SU9573,Aeroflot,2024-04-23,11:27,151
SU1671,Red Wings,2024-11-14,01:35,68
SU1823,Pobeda,2024-07-01,22:03,127
SU3847,Ural Airlines,2024-08-11,00:59,306
SU3591,Aeroflot,2024-09-07,21:25,147
SU2660,Pobeda,2024-03-16,01:38,229
SU4715,Yakutia,2024-11-19,23:28,196
SU7677,Azimuth,2024-07-27,19:53,277
SU1235,Ural Airlines,2024-08-13,13:20,166
SU6290,Rossiya,2024-05-04,02:03,181
SU9082,Azimuth,2024-10-26,20:32,244
SU9630,Azimuth,2024-11-14,22:44,167
SU8457,UTair,2024-03-17,00:34,70
SU4680,Red Wings,2024-01-05,00:54,318
SU8723,Aeroflot,2024-06-16,22:00,146
SU6093,S7 Airlines,2024-12-11,07:11,298
SU1620,Nordavia,2024-12-26,02:53,327
SU9705,UTair,2024-04-11,16:43,100
SU4342,Nordavia,2024-06-18,02:13,262
SU7919,Red Wings,2024-04-07,14:53,184
SU8313,S7 Airlines,2024-04-05,05:53,322
SU7435,Aeroflot,2024-03-18,12:25,76
SU1488,Azimuth,2024-11-27,01:50,214
SU354,Pobeda,2024-06-04,18:36,70
SU3782,Ural Airlines,2024-12-08,08:00,81
SU2466,Ural Airlines,2024-05-27,10:45,254
SU8112,Azimuth,2024-02-09,22:49,87
SU807,UTair,2024-07-06,22:37,350
SU6661,Red Wings,2024-02-17,15:58,73
SU7870,UTair,2024-06-19,14:03,274
SU6071,Rossiya,2024-01-12,02:26,160
SU9792,Nordavia,2024-07-19,10:42,163
SU8438,Pobeda,2024-04-23,19:51,67
SU5707,Aeroflot,2024-04-19,06:13,343
SU9171,Pobeda,2024-09-05,12:37,206
SU4907,UTair,2024-10-18,22:37,52
SU506,Yakutia,2024-06-01,07:10,282
SU5470,Nordavia,2024-07-08,06:46,265
SU8534,Rossiya,2024-07-19,23:43,328
SU4259,Ural Airlines,2024-06-28,13:28,256
SU5510,Aeroflot,2024-02-13,02:24,347
SU9626,Pobeda,2024-05-26,22:50,173
SU9884,Ural Airlines,2024-02-11,04:29,201
SU294,Yakutia,2024-10-03,13:42,341
SU9672,Ural Airlines,2024-07-21,21:38,132
SU8871,Rossiya,2024-11-12,08:02,136
SU701,Red Wings,2024-09-04,08:34,126
SU864,Ural Airlines,2024-11-12,06:22,284
SU7243,UTair,2024-12-24,19:18,60
SU5544,Nordavia,2024-02-14,20:15,197
SU4428,Nordavia,2024-11-24,01:07,286
SU147,Nordavia,2024-09-02,17:55,56
SU9787,Aeroflot,2024-02-17,10:55,112
SU4665,Aeroflot,2024-01-02,22:20,121
SU1245,Yakutia,2024-07-21,21:43,174
SU2254,Rossiya,2024-08-16,10:47,192
SU6559,Azimuth,2024-07-25,14:35,88
SU8096,Nordavia,2024-03-06,20:00,169
SU1695,Nordavia,2024-01-04,19:06,308
SU7363,Yakutia,2024-10-21,21:04,254
SU8290,Nordavia,2024-10-21,06:48,190
SU1052,Pobeda,2024-02-15,18:43,61
SU8714,Ural Airlines,2024-04-28,03:55,58
SU2785,Pobeda,2024-09-16,00:19,277
SU3201,Pobeda,2024-09-07,19:57,261
SU7470,Nordavia,2024-03-02,11:30,122
SU8552,Red Wings,2024-05-03,02:04,314
SU1835,S7 Airlines,2024-10-04,16:16,338
SU2167,Aeroflot,2024-08-19,08:59,308
SU6666,Nordavia,2024-03-19,00:16,247
SU2952,Pobeda,2024-04-22,00:37,273
SU379,Red Wings,2024-08-28,16:21,191
SU2760,S7 Airlines,2024-03-14,21:00,281
SU1067,Azimuth,2024-07-18,12:36,166
SU7548,Red Wings,2024-03-27,02:19,321
SU4747,Ural Airlines,2024-05-22,05:52,88
SU358,Pobeda,2024-02-24,09:37,203
SU9100,UTair,2024-06-18,02:50,345
SU8420,UTair,2024-12-06,20:52,65
SU6459,UTair,2024-01-06,01:32,162
SU7068,Yakutia,2024-06-23,08:21,244
SU8410,Yakutia,2024-05-26,14:15,202
SU6581,Red Wings,2024-12-14,09:14,157
SU3221,UTair,2024-10-14,11:11,177
SU9107,Aeroflot,2024-11-03,08:56,154
SU5462,Yakutia,2024-05-21,20:05,349
SU7155,UTair,2024-07-20,22:26,157
SU2443,S7 Airlines,2024-03-19,11:51,79
SU8253,S7 Airlines,2024-08-26,21:45,182
SU855,Rossiya,2024-03-03,21:39,281
SU6006,Yakutia,2024-12-10,02:58,241
SU7315,Ural Airlines,2024-08-16,10:50,131
SU3183,Yakutia,2024-03-24,01:17,196
SU6406,Red Wings,2024-04-06,07:04,171
SU9228,Red Wings,2024-01-25,09:57,217
SU511,Azimuth,2024-11-20,01:29,89
SU1495,S7 Airlines,2024-03-09,03:51,226
SU2837,Ural Airlines,2024-07-03,13:34,131
SU4321,Azimuth,2024-03-03,01:42,62
SU4127,Azimuth,2024-09-01,00:00,95
SU931,Rossiya,2024-11-17,15:35,259
SU9190,Yakutia,2024-10-07,22:41,331
SU9874,Azimuth,2024-09-18,16:53,317
SU3372,Pobeda,2024-10-09,03:10,234
SU1881,Ural Airlines,2024-12-10,10:16,122
SU9292,Yakutia,2024-05-01,06:29,124
SU6250,Red Wings,2024-08-15,10:28,142
SU5837,Pobeda,2024-12-02,08:47,232
SU1343,UTair,2024-09-01,05:56,310
SU2544,Aeroflot,2024-06-07,12:04,255
SU3575,Ural Airlines,2024-09-13,03:26,331
SU9682,Ural Airlines,2024-12-24,19:14,50
SU6602,S7 Airlines,2024-08-23,04:18,238
SU9694,S7 Airlines,2024-11-16,15:28,296
SU1413,Azimuth,2024-03-12,22:44,230
SU4633,Aeroflot,2024-06-20,02:02,318
SU324,Rossiya,2024-01-15,13:58,167
SU6042,Rossiya,2024-06-17,12:43,118
SU3768,Red Wings,2024-02-14,21:48,324
SU7337,Red Wings,2024-12-17,22:45,140
SU1573,UTair,2024-11-07,10:33,192
SU4412,Yakutia,2024-11-09,10:01,81
SU2613,Pobeda,2024-10-09,17:33,164
SU3080,Aeroflot,2024-03-25,05:45,295
SU8764,Pobeda,2024-03-06,21:35,330
SU3006,Azimuth,2024-01-06,07:12,98
SU200,Rossiya,2024-02-19,00:50,135
SU504,UTair,2024-08-14,19:47,191
SU460,S7 Airlines,2024-08-20,15:25,241
SU1509,Aeroflot,2024-04-07,16:32,52
SU3251,S7 Airlines,2024-09-24,01:49,60
SU9153,Nordavia,2024-11-25,07:04,307
SU6786,Nordavia,2024-02-11,20:49,93
SU1761,Rossiya,2024-03-22,07:09,153
SU9154,Pobeda,2024-08-11,22:34,173
SU3342,S7 Airlines,2024-06-01,16:56,325
SU5197,Pobeda,2024-12-02,20:38,51
SU856,Red Wings,2024-02-09,22:11,184
SU5187,Nordavia,2024-08-06,17:28,185
SU7808,Nordavia,2024-12-01,18:05,132
SU8462,Red Wings,2024-07-07,17:19,242
SU7639,S7 Airlines,2024-09-21,14:50,340
SU3348,Aeroflot,2024-10-07,21:52,266
SU401,UTair,2024-12-06,01:10,339
SU7351,Nordavia,2024-09-23,15:48,201
SU5868,Azimuth,2024-11-20,00:48,313
SU5111,UTair,2024-11-14,13:45,254
SU9952,Pobeda,2024-03-02,15:54,76
SU9982,Nordavia,2024-11-19,00:32,122
SU3114,Rossiya,2024-10-17,04:17,229
SU6196,Azimuth,2024-03-18,16:47,156
SU7571,Rossiya,2024-05-21,05:24,307
SU2926,Red Wings,2024-01-03,23:22,151
SU6730,UTair,2024-06-03,14:29,318
SU7532,Rossiya,2024-05-13,05:37,145
SU5036,UTair,2024-06-12,17:59,264
SU4917,Ural Airlines,2024-04-24,15:19,113
SU2664,Yakutia,2024-12-01,22:08,137
SU4648,Aeroflot,2024-06-06,00:46,319
SU4811,S7 Airlines,2024-09-06,10:47,60
SU6580,Pobeda,2024-11-16,21:43,233
SU450,Aeroflot,2024-08-17,22:12,348
SU7833,Red Wings,2024-02-05,22:15,135
SU3162,Aeroflot,2024-12-13,13:54,208
SU9743,Rossiya,2024-02-24,19:24,198
SU8827,Ural Airlines,2024-05-02,00:00,295
SU1021,Azimuth,2024-09-19,10:40,293
SU4798,S7 Airlines,2024-06-17,08:32,267
SU6636,Azimuth,2024-03-12,23:05,219
SU7132,S7 Airlines,2024-09-08,01:18,212
SU3302,Red Wings,2024-09-26,18:40,346
SU2340,UTair,2024-11-22,14:00,176
SU9774,Azimuth,2024-08-11,23:40,92
SU9539,Rossiya,2024-05-26,11:18,341
SU8654,Red Wings,2024-10-08,03:57,269
SU3624,Ural Airlines,2024-02-05,15:46,208
SU4794,S7 Airlines,2024-11-16,12:39,298
SU994,UTair,2024-01-27,02:29,77
SU3335,Azimuth,2024-07-05,17:56,166
SU8871,Azimuth,2024-02-02,04:49,295
SU7307,Pobeda,2024-11-17,22:15,233
SU7334,Rossiya,2024-12-21,10:26,165
SU5601,UTair,2024-02-13,13:24,302
SU2520,Rossiya,2024-12-11,19:16,238
SU5743,Aeroflot,2024-01-26,15:05,248
SU9653,Azimuth,2024-03-15,23:07,105
SU719,Aeroflot,2024-08-16,03:17,83
SU9322,Aeroflot,2024-10-21,16:25,264
SU919,Aeroflot,2024-03-20,19:10,148
SU1146,UTair,2024-09-25,06:33,317
SU8174,UTair,2024-07-09,17:32,180
SU3550,Azimuth,2024-11-17,22:01,350
SU4568,UTair,2024-11-26,06:57,280
SU6914,Red Wings,2024-09-08,02:43,183
SU4168,Red Wings,2024-04-17,08:16,261
SU1236,Nordavia,2024-12-19,19:01,243
SU1243,Nordavia,2024-04-06,12:01,84
SU7563,UTair,2024-03-08,06:59,188
SU1288,Yakutia,2024-12-14,06:09,296
SU7038,Azimuth,2024-08-26,06:54,135
SU5071,Aeroflot,2024-01-25,07:34,58
SU7223,UTair,2024-09-03,14:19,229
SU9706,Pobeda,2024-08-18,10:12,140
SU1475,Rossiya,2024-09-19,08:40,154
SU7246,Red Wings,2024-05-04,13:59,229
SU2677,Ural Airlines,2024-08-25,09:07,316
SU909,Red Wings,2024-10-19,20:20,228
SU2639,Rossiya,2024-08-06,00:28,166
SU1910,Yakutia,2024-12-01,03:12,194
SU7136,Yakutia,2024-08-27,19:38,350
SU6698,UTair,2024-12-12,13:27,312
SU8518,UTair,2024-12-15,09:01,218
SU6981,Azimuth,2024-12-11,00:28,246
SU4358,UTair,2024-11-27,08:20,246
SU9716,S7 Airlines,2024-06-14,12:08,179
SU6417,UTair,2024-11-14,14:53,305
SU3214,Rossiya,2024-11-19,19:31,213
SU2594,Ural Airlines,2024-07-28,20:06,55
SU4429,Pobeda,2024-10-01,22:26,97
SU7207,Nordavia,2024-03-04,15:36,336
SU6418,Ural Airlines,2024-12-18,00:31,211
SU4311,Rossiya,2024-08-24,02:43,300
SU6734,Azimuth,2024-08-25,10:30,167
SU4901,Azimuth,2024-08-06,19:56,201
SU2113,UTair,2024-06-15,14:47,142
SU4766,Rossiya,2024-06-05,14:06,148
SU6715,Rossiya,2024-01-16,02:27,281
SU5163,Yakutia,2024-05-03,00:12,343
SU1485,Pobeda,2024-01-28,03:56,139
SU6816,UTair,2024-06-13,13:47,136
SU518,Red Wings,2024-05-11,22:08,85
SU9245,UTair,2024-06-24,09:19,59
SU3135,Azimuth,2024-09-03,20:35,174
SU4186,Yakutia,2024-07-07,20:50,208
SU5130,Nordavia,2024-12-09,06:49,79
SU3621,Rossiya,2024-10-07,18:23,149
SU9803,Azimuth,2024-07-07,23:21,95
SU836,S7 Airlines,2024-02-04,08:22,229
SU7726,Yakutia,2024-10-23,22:47,230
SU6503,Aeroflot,2024-05-28,12:54,260
SU8039,Aeroflot,2024-10-07,01:43,267
SU3047,Pobeda,2024-11-18,23:15,164
SU3849,UTair,2024-09-11,21:24,117
SU8036,Yakutia,2024-06-09,13:17,177
SU8159,S7 Airlines,2024-08-19,01:50,167
SU4153,Yakutia,2024-08-12,00:09,125
SU2675,Yakutia,2024-11-07,15:30,136
SU3908,Yakutia,2024-02-12,20:42,112
SU6294,Aeroflot,2024-06-01,09:36,157
SU1846,Rossiya,2024-09-04,18:57,289
SU4116,Ural Airlines,2024-10-01,19:35,344
SU1636,Azimuth,2024-02-27,08:12,292
SU942,Red Wings,2024-07-16,21:53,300
SU3716,Nordavia,2024-05-08,01:39,179
SU7279,Red Wings,2024-05-12,07:29,79
SU6104,S7 Airlines,2024-10-27,10:12,277
SU6876,UTair,2024-05-24,14:56,291
SU5939,Aeroflot,2024-11-28,11:53,106
SU2364,Red Wings,2024-12-10,22:47,126
SU8588,S7 Airlines,2024-08-03,00:50,141
SU487,S7 Airlines,2024-07-20,12:50,171
SU5333,Rossiya,2024-04-01,20:50,92
SU7902,UTair,2024-01-16,20:34,344
SU8890,Ural Airlines,2024-08-27,03:19,141
SU9498,Red Wings,2024-04-25,22:15,124
SU1194,Rossiya,2024-10-28,02:36,103
SU5299,Red Wings,2024-10-08,08:34,87
SU5394,Yakutia,2024-11-15,09:08,129
SU4038,S7 Airlines,2024-09-19,04:13,275
SU4219,Pobeda,2024-07-05,19:03,217
SU4747,Aeroflot,2024-09-03,20:48,124
SU3146,Pobeda,2024-07-16,15:50,211
SU2077,Azimuth,2024-07-10,21:37,176
SU6297,Red Wings,2024-04-04,12:26,205
SU6957,Red Wings,2024-04-09,23:52,66
SU553,Nordavia,2024-06-26,19:01,237
SU4025,Aeroflot,2024-06-20,03:45,60
SU3792,Yakutia,2024-10-08,21:08,101
SU388,Red Wings,2024-04-11,11:18,195
SU2897,Rossiya,2024-07-15,12:53,79
SU552,Nordavia,2024-02-27,22:09,345
SU9081,Rossiya,2024-01-18,03:35,119
SU5971,Ural Airlines,2024-05-06,10:55,234
SU7129,Yakutia,2024-12-16,02:21,55
SU9621,Yakutia,2024-06-01,20:19,216
SU8553,Azimuth,2024-05-21,11:13,339
SU5235,S7 Airlines,2024-12-24,10:53,227
SU2131,Rossiya,2024-07-05,20:01,88
SU4751,Aeroflot,2024-01-12,11:41,275
SU7282,Pobeda,2024-10-21,20:15,306
SU6165,S7 Airlines,2024-09-04,09:09,80
SU9995,Rossiya,2024-01-25,02:59,257
SU8334,Rossiya,2024-06-02,14:34,311
SU1706,Yakutia,2024-02-25,02:50,145
SU2141,Azimuth,2024-06-20,16:12,106
SU3898,Rossiya,2024-04-03,01:48,295
SU1075,Yakutia,2024-12-05,20:23,307
SU5718,UTair,2024-11-24,16:12,95
SU8448,S7 Airlines,2024-11-23,20:48,211
SU9354,Rossiya,2024-12-28,02:18,252
SU6051,Red Wings,2024-05-28,04:30,206
SU453,UTair,2024-10-11,21:24,149
SU5932,S7 Airlines,2024-09-11,10:19,79
SU9263,Ural Airlines,2024-07-10,11:12,146
SU2394,Yakutia,2024-11-21,09:11,209
SU3903,Yakutia,2024-11-12,19:42,74
SU4415,Yakutia,2024-05-23,23:38,171
SU3334,Nordavia,2024-06-03,13:07,145
SU197,Azimuth,2024-02-08,10:07,219
SU4310,Rossiya,2024-01-02,04:07,83
SU4461,S7 Airlines,2024-04-11,10:43,240
SU857,S7 Airlines,2024-07-26,03:52,81
SU1305,Red Wings,2024-05-28,13:19,114
SU8048,Pobeda,2024-02-19,10:35,185
SU6296,Yakutia,2024-06-08,08:06,199
SU2983,Ural Airlines,2024-06-11,01:52,329
SU7530,Rossiya,2024-06-27,04:31,62
SU3885,UTair,2024-05-03,16:03,101
SU4112,Red Wings,2024-06-26,19:39,325
SU1319,Rossiya,2024-06-15,20:20,210
SU1251,Yakutia,2024-04-04,17:14,117
SU4872,Pobeda,2024-11-13,14:10,190
SU1734,Pobeda,2024-11-26,09:08,147
SU8169,Nordavia,2024-09-26,06:31,150
SU9182,Ural Airlines,2024-08-26,11:44,271
SU1913,Red Wings,2024-07-20,19:36,315
SU6633,Aeroflot,2024-07-05,19:47,291
SU4432,Nordavia,2024-02-13,09:52,245
SU6978,Red Wings,2024-11-26,12:04,260
SU807,Yakutia,2024-07-19,12:12,215
SU6479,Nordavia,2024-10-27,01:51,168
SU5504,Yakutia,2024-01-15,08:27,221
SU334,Aeroflot,2024-04-23,17:33,235
SU6754,Ural Airlines,2024-07-02,04:18,175
SU7763,Pobeda,2024-10-07,04:41,190
SU2746,UTair,2024-01-25,08:12,57
SU1943,UTair,2024-03-02,14:21,345
SU7700,Red Wings,2024-02-18,17:16,210
SU5047,Rossiya,2024-08-05,04:46,181
SU6891,Red Wings,2024-12-05,17:14,350
SU7003,Red Wings,2024-08-11,03:37,331
SU9836,Pobeda,2024-03-11,16:00,326
SU5586,S7 Airlines,2024-03-20,22:16,323
SU4951,Red Wings,2024-08-23,08:06,256
SU1477,Red Wings,2024-07-03,19:20,72
SU7313,Ural Airlines,2024-04-24,06:16,286
SU9542,Red Wings,2024-05-17,18:23,340
SU5303,Ural Airlines,2024-07-05,00:25,263
SU4610,Azimuth,2024-07-15,13:28,183
SU7604,Yakutia,2024-06-23,10:23,148
SU7906,Yakutia,2024-12-13,18:29,198
SU7730,Nordavia,2024-05-24,07:18,97
SU9012,S7 Airlines,2024-06-21,20:39,190
SU5596,Aeroflot,2024-06-10,12:09,191
SU7224,Aeroflot,2024-08-16,06:11,264
SU5708,Rossiya,2024-11-02,15:16,119
SU7665,Red Wings,2024-01-07,05:42,145
SU2160,Red Wings,2024-01-10,10:14,158
SU4833,Rossiya,2024-04-25,14:09,238
SU9879,Nordavia,2024-08-27,14:22,60
SU3657,Yakutia,2024-10-18,04:35,256
SU2438,Red Wings,2024-02-12,12:09,185
SU6421,Yakutia,2024-04-19,13:05,339
SU1506,UTair,2024-02-15,10:37,127
SU9578,Pobeda,2024-08-01,22:46,253
SU4383,Ural Airlines,2024-07-15,11:50,303
SU3467,Red Wings,2024-01-07,04:01,340
SU3079,Nordavia,2024-04-06,11:44,84
SU1418,Aeroflot,2024-07-06,06:43,348
SU2718,Aeroflot,2024-03-20,10:06,67
SU1599,UTair,2024-11-20,20:21,119
SU3001,Aeroflot,2024-05-24,19:05,318
SU325,S7 Airlines,2024-04-08,23:02,195
SU1186,Aeroflot,2024-04-09,01:17,169
SU5720,Red Wings,2024-11-25,16:43,58
SU4946,Red Wings,2024-10-19,21:19,334
SU4296,Yakutia,2024-05-20,17:46,228
SU3264,Azimuth,2024-09-16,15:06,272
SU8387,Yakutia,2024-11-02,01:42,307
SU998,UTair,2024-06-08,02:49,217
SU1950,Ural Airlines,2024-01-08,08:58,241
SU529,Rossiya,2024-09-22,12:47,224
SU5629,Yakutia,2024-09-02,10:55,185
SU1894,Pobeda,2024-06-23,07:57,262
SU2427,Rossiya,2024-03-21,10:04,131
SU7196,S7 Airlines,2024-07-03,15:00,226
SU2163,Rossiya,2024-05-08,09:13,270
SU4343,Aeroflot,2024-01-03,14:01,308
SU8205,Aeroflot,2024-07-08,22:11,155
SU7466,Pobeda,2024-12-01,00:00,69
SU2057,Yakutia,2024-09-18,16:01,150
SU2142,Ural Airlines,2024-01-21,09:44,179
SU1482,Rossiya,2024-04-23,11:35,248
SU3492,Azimuth,2024-12-23,20:27,67
SU5844,Yakutia,2024-08-05,08:32,309
SU4303,Azimuth,2024-07-25,12:19,332
SU3144,UTair,2024-09-21,08:34,303
SU8361,Pobeda,2024-07-19,12:56,79
SU7795,Aeroflot,2024-02-13,16:08,50
SU5068,Yakutia,2024-08-17,13:15,228
SU1388,Aeroflot,2024-02-09,21:50,119
SU8240,Aeroflot,2024-07-14,20:04,291
SU6390,Red Wings,2024-10-28,04:12,139
SU5190,Rossiya,2024-06-17,04:35,245
SU7370,Yakutia,2024-12-18,16:28,89
SU9896,Azimuth,2024-05-16,17:54,207
SU880,Ural Airlines,2024-05-06,02:22,322
SU405,Rossiya,2024-02-24,05:03,247
SU2982,Ural Airlines,2024-09-01,14:24,260
SU1263,Yakutia,2024-06-26,17:12,240
SU5293,Azimuth,2024-02-03,03:43,133
SU8337,Nordavia,2024-10-17,19:18,64
SU6089,Yakutia,2024-11-14,13:57,236
SU9513,UTair,2024-05-01,11:17,147
SU9249,UTair,2024-07-08,19:10,249
SU2561,Nordavia,2024-01-18,20:30,314
SU623,UTair,2024-03-20,15:13,303
SU8870,Azimuth,2024-09-05,10:33,189
SU200,S7 Airlines,2024-03-13,19:35,91
SU5621,Aeroflot,2024-01-25,17:54,277
SU4528,Rossiya,2024-10-08,01:45,249
SU5271,Yakutia,2024-10-18,12:12,156
SU7535,S7 Airlines,2024-09-22,10:59,335
SU1197,Yakutia,2024-11-03,04:07,237
SU2889,UTair,2024-06-15,13:31,217
SU2370,Rossiya,2024-07-09,17:28,156
SU5621,UTair,2024-11-28,17:55,328
SU6690,Aeroflot,2024-01-16,09:24,112
SU282,Yakutia,2024-03-05,02:47,279
SU4360,Yakutia,2024-09-28,21:07,78
SU6391,UTair,2024-08-28,07:54,171
SU2399,S7 Airlines,2024-02-07,00:34,94
SU1638,Pobeda,2024-09-27,14:48,344
SU4121,Aeroflot,2024-04-01,07:13,349
SU2619,Rossiya,2024-11-24,06:04,88
SU7620,S7 Airlines,2024-11-22,02:49,234
SU371,Red Wings,2024-04-21,14:11,155
SU4466,UTair,2024-02-09,06:13,143
SU1039,S7 Airlines,2024-11-24,17:52,188
SU9527,Nordavia,2024-08-10,22:14,59
SU2104,Rossiya,2024-08-23,01:25,154
SU4985,Red Wings,2024-08-10,02:01,302
SU3111,Azimuth,2024-12-26,23:28,127
SU9179,UTair,2024-09-09,09:59,60
SU6334,Ural Airlines,2024-04-22,06:04,164
SU5782,S7 Airlines,2024-06-13,16:38,240
SU2115,Nordavia,2024-09-05,09:12,124
SU3477,Rossiya,2024-01-26,14:15,243
SU4851,S7 Airlines,2024-09-08,19:39,236
SU7624,Ural Airlines,2024-01-25,09:02,60
SU1305,Azimuth,2024-11-02,01:54,76
SU2311,S7 Airlines,2024-09-09,10:12,146
SU4574,Nordavia,2024-02-09,01:22,74
SU6811,Yakutia,2024-04-27,06:41,268
SU5019,UTair,2024-06-10,03:52,256
SU1446,Red Wings,2024-10-16,01:10,202
SU9119,Aeroflot,2024-01-21,02:44,150
SU803,Nordavia,2024-12-10,02:10,55
SU7368,S7 Airlines,2024-06-21,20:03,215
SU3260,Rossiya,2024-09-05,02:22,124
SU1588,Pobeda,2024-11-24,03:45,131
SU7919,Rossiya,2024-08-16,21:12,297
SU4613,Azimuth,2024-01-04,16:33,154
SU4641,S7 Airlines,2024-09-07,07:26,343
SU2379,Nordavia,2024-06-03,11:11,289
SU3905,Rossiya,2024-02-16,04:03,227
SU1609,S7 Airlines,2024-07-13,16:00,132
SU9889,Ural Airlines,2024-01-28,03:01,172
SU264,Ural Airlines,2024-09-27,12:20,271
SU9831,Pobeda,2024-09-06,22:38,232
SU297,Red Wings,2024-06-13,22:50,187
SU9144,Azimuth,2024-05-26,20:31,51
SU715,Rossiya,2024-02-09,14:34,277
SU667,Rossiya,2024-12-27,15:57,141
SU921,S7 Airlines,2024-11-28,06:04,270
SU9250,Nordavia,2024-06-28,22:39,326
SU9574,Pobeda,2024-01-24,09:49,182
SU5689,Pobeda,2024-07-20,04:59,317
SU5532,Azimuth,2024-08-02,04:13,65
SU6681,UTair,2024-02-14,00:27,267
SU4613,Nordavia,2024-08-14,02:18,328
SU7936,Azimuth,2024-09-28,01:38,316
SU2610,Pobeda,2024-12-04,08:41,286
SU2886,Nordavia,2024-08-20,12:14,190
SU3411,Ural Airlines,2024-08-15,02:37,297
SU408,Nordavia,2024-11-19,23:16,255
SU1555,UTair,2024-09-24,08:34,270
SU6951,Pobeda,2024-04-06,02:09,190
SU6526,S7 Airlines,2024-07-10,07:30,84
SU9589,Yakutia,2024-11-19,15:47,128
SU3830,Nordavia,2024-06-27,19:39,285
SU8908,Aeroflot,2024-03-20,09:40,145
SU2981,Aeroflot,2024-09-24,15:34,255
SU4273,Ural Airlines,2024-04-08,07:49,111
SU4081,Yakutia,2024-01-07,02:38,143
SU3977,Rossiya,2024-05-15,16:06,322
SU5507,Aeroflot,2024-02-21,05:20,256
SU2276,Aeroflot,2024-06-26,02:38,110
SU1012,Pobeda,2024-06-08,06:04,328
SU5957,Yakutia,2024-06-15,17:12,105
SU4906,UTair,2024-03-03,20:52,225
SU6357,S7 Airlines,2024-01-18,11:59,72
SU4741,Yakutia,2024-03-06,12:11,124
SU7251,Ural Airlines,2024-01-09,09:58,186
SU8962,Red Wings,2024-04-07,19:52,264
SU3167,UTair,2024-07-18,03:31,77
SU1987,Red Wings,2024-05-21,20:51,280
SU1480,UTair,2024-10-23,02:17,240
SU6993,S7 Airlines,2024-09-06,07:59,79
SU8839,Nordavia,2024-12-18,16:38,304
SU7838,Pobeda,2024-04-12,13:10,208
SU7672,UTair,2024-11-18,06:02,112
SU1712,Rossiya,2024-04-09,06:18,286
SU7620,Rossiya,2024-02-26,13:43,337
SU7148,S7 Airlines,2024-06-01,05:54,55
SU6500,Rossiya,2024-08-13,12:27,59
SU940,S7 Airlines,2024-11-11,06:54,184
SU3044,S7 Airlines,2024-02-05,02:50,213
SU2678,Yakutia,2024-12-07,03:21,106
SU2182,Pobeda,2024-08-09,22:37,256
SU6229,Aeroflot,2024-04-05,18:36,145
SU2669,S7 Airlines,2024-08-15,21:20,147
SU8239,Rossiya,2024-02-07,12:36,154
SU9548,S7 Airlines,2024-06-13,01:26,307
SU4509,Aeroflot,2024-12-28,07:14,274
SU9018,Yakutia,2024-07-17,02:59,163
SU8947,Rossiya,2024-02-10,00:53,304
SU8733,Nordavia,2024-01-17,19:17,112
SU3538,Azimuth,2024-04-11,22:24,81
SU1708,Red Wings,2024-09-02,08:22,147
SU2421,Azimuth,2024-01-12,14:27,315
SU7449,Nordavia,2024-01-18,07:30,153
SU7756,Pobeda,2024-08-28,15:06,233
SU1958,Pobeda,2024-10-04,14:12,195
SU6066,Azimuth,2024-01-12,01:02,172
SU3158,S7 Airlines,2024-01-09,23:13,255
SU3890,Aeroflot,2024-02-07,00:42,282
SU6230,UTair,2024-03-27,08:45,341
SU2822,Azimuth,2024-11-25,06:56,293
SU9188,Azimuth,2024-05-06,20:34,132
SU2443,Azimuth,2024-06-10,10:26,161
SU5475,Red Wings,2024-12-22,16:15,196
SU9231,Red Wings,2024-07-25,11:23,258
SU4147,Pobeda,2024-08-06,05:40,300
SU9070,Rossiya,2024-03-11,16:07,70
SU2947,Rossiya,2024-12-05,08:50,51
SU7595,Azimuth,2024-06-28,06:44,70
SU9680,S7 Airlines,2024-07-14,20:58,316
SU6179,Aeroflot,2024-08-20,23:31,232
SU5258,Rossiya,2024-12-21,09:29,305
SU3263,Ural Airlines,2024-10-06,15:16,251
SU2213,UTair,2024-04-18,06:10,306
SU7677,UTair,2024-02-21,20:29,107
SU3200,S7 Airlines,2024-09-23,04:11,278
SU5155,Azimuth,2024-12-25,08:54,284
SU2852,Pobeda,2024-05-23,17:44,173
SU6591,S7 Airlines,2024-12-13,22:21,105
SU2777,S7 Airlines,2024-06-15,08:17,143
SU2390,Ural Airlines,2024-02-25,04:10,250
SU8870,Azimuth,2024-02-14,15:12,174
SU4235,Rossiya,2024-09-21,05:23,311
SU5684,Rossiya,2024-04-24,12:38,191
SU5446,S7 Airlines,2024-01-16,07:38,164
SU1376,UTair,2024-05-16,15:14,325
SU5427,Azimuth,2024-03-04,20:47,257
SU4213,Azimuth,2024-05-10,02:34,152
SU5687,Rossiya,2024-04-02,15:41,76
SU1313,Ural Airlines,2024-02-20,10:42,268
SU7127,Rossiya,2024-02-07,09:30,242
SU1216,Yakutia,2024-09-07,20:03,183
SU1295,Aeroflot,2024-09-20,09:18,317
SU1927,UTair,2024-01-15,04:19,131
SU8462,Rossiya,2024-05-06,18:28,72
SU527,Ural Airlines,2024-04-12,03:35,160
SU9086,Pobeda,2024-01-01,19:44,110
SU7478,Red Wings,2024-12-23,12:17,177
SU8318,Nordavia,2024-07-08,18:30,282
SU9602,S7 Airlines,2024-03-12,02:24,95
SU9055,Ural Airlines,2024-01-11,11:31,266
SU6269,Azimuth,2024-08-04,02:56,330
SU8353,Azimuth,2024-06-07,05:00,256
SU859,Red Wings,2024-07-21,18:08,222
SU5705,Aeroflot,2024-10-23,08:30,61
SU6873,UTair,2024-02-21,18:23,263
SU355,UTair,2024-02-28,07:48,313
SU7786,Nordavia,2024-05-14,12:45,235
SU8108,Red Wings,2024-08-06,06:19,320
SU9640,Ural Airlines,2024-05-01,13:31,253
SU8083,Ural Airlines,2024-02-03,05:00,274
SU5276,Aeroflot,2024-03-18,09:34,310
SU5819,Yakutia,2024-12-18,14:49,92
SU6858,Azimuth,2024-07-08,22:31,343
SU646,UTair,2024-03-20,03:28,160
SU5835,S7 Airlines,2024-04-20,02:20,247
SU4102,Ural Airlines,2024-07-24,02:18,296
SU3348,Ural Airlines,2024-08-01,02:32,199
SU1282,Yakutia,2024-05-25,21:40,178
SU3252,Yakutia,2024-05-28,15:27,311
SU8800,Aeroflot,2024-08-22,06:03,188
SU4400,Red Wings,2024-12-02,10:16,200
SU7496,Rossiya,2024-01-24,19:16,54
SU5583,Nordavia,2024-01-24,11:27,318
SU4239,Red Wings,2024-02-22,09:27,132
SU2862,Ural Airlines,2024-11-24,11:37,81
SU1579,Ural Airlines,2024-05-06,00:04,253
SU2872,UTair,2024-08-25,15:19,150
SU911,Aeroflot,2024-03-22,07:20,216
SU9415,Yakutia,2024-04-07,13:53,281
SU220,Yakutia,2024-06-11,18:12,187
SU9410,Yakutia,2024-02-25,23:28,190
SU7176,Yakutia,2024-09-22,20:16,247
SU1039,Yakutia,2024-08-26,15:43,271
SU2228,Aeroflot,2024-12-01,10:56,283
SU367,Nordavia,2024-02-23,04:53,228
SU2087,Pobeda,2024-04-10,13:29,295
SU7832,UTair,2024-06-27,13:56,72
SU6422,Azimuth,2024-06-21,00:47,278
SU6697,Rossiya,2024-12-03,22:22,181
SU6805,UTair,2024-10-09,09:17,60
SU5714,Rossiya,2024-09-27,21:16,233
SU9121,Aeroflot,2024-10-15,07:07,88
SU6058,Ural Airlines,2024-10-08,01:38,117
SU4820,Nordavia,2024-10-07,10:55,240
SU4255,Red Wings,2024-05-11,02:05,63
SU2202,Nordavia,2024-07-21,23:16,226
SU8301,Ural Airlines,2024-12-24,17:59,216
SU2320,Ural Airlines,2024-02-25,19:17,97
SU1018,Pobeda,2024-05-06,16:33,133
SU2658,Nordavia,2024-10-28,19:48,252
SU9001,Aeroflot,2024-05-25,21:57,99
SU4691,Yakutia,2024-08-07,21:15,171
SU6669,Azimuth,2024-07-22,23:33,80
SU1721,Yakutia,2024-06-02,07:24,98
SU6334,UTair,2024-08-07,13:08,184
SU2717,Red Wings,2024-04-27,22:15,349
SU9955,Rossiya,2024-07-21,11:35,92
SU678,Red Wings,2024-12-15,20:28,57
SU9059,Azimuth,2024-01-06,20:39,315
SU4209,Yakutia,2024-10-09,00:12,289
SU1652,Red Wings,2024-11-11,21:44,85
SU5557,Azimuth,2024-09-17,12:18,106
SU7929,Aeroflot,2024-12-22,08:49,304
SU2452,S7 Airlines,2024-09-07,01:58,129
SU6473,Nordavia,2024-10-19,18:00,263
SU6039,Nordavia,2024-04-16,16:39,56
SU3596,Aeroflot,2024-01-16,22:43,221
SU4293,Rossiya,2024-11-21,07:08,182
SU8963,Red Wings,2024-04-28,09:20,199
SU5537,Nordavia,2024-04-08,23:50,127
SU7103,Pobeda,2024-04-06,05:45,206
SU9953,S7 Airlines,2024-09-27,14:35,71
SU3733,Red Wings,2024-12-27,00:15,202
SU5290,Pobeda,2024-12-02,13:05,222
SU9424,S7 Airlines,2024-06-07,16:59,322
SU9718,S7 Airlines,2024-05-10,08:42,186
SU9650,UTair,2024-09-25,19:47,233
SU1468,S7 Airlines,2024-02-04,02:05,311
SU6628,Red Wings,2024-04-25,20:58,248
SU9255,Rossiya,2024-02-21,10:43,197
SU3550,Red Wings,2024-01-18,20:37,122
SU1868,Aeroflot,2024-10-21,03:05,338
SU6463,Red Wings,2024-01-12,02:58,151
SU4463,UTair,2024-01-01,17:56,132
SU155,S7 Airlines,2024-10-11,10:40,110
SU8470,Nordavia,2024-07-18,23:25,253
SU5495,Pobeda,2024-02-20,05:12,185
SU9651,UTair,2024-07-11,15:32,289
SU2032,Ural Airlines,2024-04-11,03:41,58
SU6589,Yakutia,2024-08-19,11:14,107
SU1693,Pobeda,2024-09-27,12:53,173
SU3803,Nordavia,2024-03-12,13:12,269
SU5041,UTair,2024-12-01,00:34,192
SU187,Red Wings,2024-11-09,05:50,120
SU6250,UTair,2024-08-01,01:37,206
SU1997,S7 Airlines,2024-08-11,13:35,261
SU4853,Yakutia,2024-05-09,10:37,224
SU4793,Red Wings,2024-03-10,00:54,336
SU7142,Rossiya,2024-07-19,20:19,286
SU3604,Red Wings,2024-11-04,03:55,303
SU6773,Azimuth,2024-08-18,06:26,325
SU1734,Rossiya,2024-10-26,09:04,232
SU5705,Red Wings,2024-06-02,03:36,332
SU5287,Aeroflot,2024-02-20,14:21,64
SU2566,Ural Airlines,2024-02-26,02:11,63
SU9188,UTair,2024-04-26,11:56,183
SU6539,UTair,2024-09-10,14:44,84
SU1971,Nordavia,2024-12-07,12:33,236
SU5626,Aeroflot,2024-10-08,02:52,179
SU3520,Ural Airlines,2024-05-24,10:13,77
SU6947,Rossiya,2024-04-14,15:03,350
SU8688,S7 Airlines,2024-12-23,00:29,62
SU8728,Yakutia,2024-06-02,05:18,79
SU2108,Yakutia,2024-07-25,19:23,76
SU1413,Ural Airlines,2024-09-18,08:20,113
SU2864,Red Wings,2024-08-11,03:36,309
SU9138,Nordavia,2024-12-19,00:37,148
SU7703,S7 Airlines,2024-01-27,05:23,90
SU7772,Ural Airlines,2024-12-25,05:17,212
SU684,Rossiya,2024-07-02,14:05,317
SU7398,Rossiya,2024-03-25,14:54,217
SU719,Ural Airlines,2024-03-12,14:20,212
SU5008,Azimuth,2024-03-09,18:42,283
SU4980,UTair,2024-04-15,10:25,94
SU9968,UTair,2024-07-02,06:46,236
SU260,Ural Airlines,2024-09-19,10:43,268
SU9450,Azimuth,2024-04-18,18:15,195
SU8762,Nordavia,2024-10-01,21:28,79
SU1448,Pobeda,2024-06-01,09:32,174
SU8515,Aeroflot,2024-04-03,06:37,176
SU2264,Aeroflot,2024-06-22,18:06,234
SU5968,Pobeda,2024-10-14,07:00,314
SU251,Red Wings,2024-01-01,03:44,313
SU9383,Nordavia,2024-04-06,02:17,310
SU6919,Pobeda,2024-03-16,17:08,249
SU1049,Nordavia,2024-05-25,10:34,57
SU2529,S7 Airlines,2024-11-11,14:08,129
SU4574,Ural Airlines,2024-07-10,04:14,171
SU4186,Azimuth,2024-12-06,19:59,55
SU7738,Yakutia,2024-12-11,04:56,183
SU7299,Yakutia,2024-08-13,18:33,109
SU818,Pobeda,2024-09-06,12:46,308
SU3787,Pobeda,2024-01-06,19:44,252
SU3649,Ural Airlines,2024-03-06,08:43,254
SU8949,Yakutia,2024-04-23,15:20,235
SU8960,Azimuth,2024-04-17,13:24,239
SU9504,Ural Airlines,2024-02-20,07:44,290
SU685,Rossiya,2024-01-20,16:21,215
SU1093,Azimuth,2024-08-17,15:10,308
SU2917,Azimuth,2024-04-26,02:12,302
SU5163,Pobeda,2024-05-22,17:02,338
SU215,Yakutia,2024-08-20,08:00,194
SU2665,Ural Airlines,2024-09-26,01:24,146
SU2096,S7 Airlines,2024-04-11,12:48,156
SU7692,Pobeda,2024-05-05,20:52,90
SU5895,Yakutia,2024-10-17,13:13,219
SU7117,Pobeda,2024-07-06,14:47,71
SU3025,S7 Airlines,2024-11-13,18:31,185
SU1462,Aeroflot,2024-09-06,03:04,117
SU1689,Pobeda,2024-07-26,07:50,295
SU9578,Red Wings,2024-11-02,18:14,101
SU8921,Yakutia,2024-06-25,07:24,155
SU1005,Yakutia,2024-04-05,09:27,280
SU7642,Azimuth,2024-01-01,15:23,206
SU2144,Nordavia,2024-04-25,14:21,325
SU1477,Rossiya,2024-05-04,07:12,121
SU6655,Yakutia,2024-04-17,01:32,341
SU6421,Azimuth,2024-03-11,15:29,111
SU8530,Pobeda,2024-06-18,05:28,201
SU2135,Rossiya,2024-11-27,23:13,183
SU5379,Red Wings,2024-03-11,07:26,267
SU2140,UTair,2024-09-09,03:11,206
SU7801,Rossiya,2024-08-17,14:41,232
SU4474,Nordavia,2024-10-21,14:56,237
SU8129,S7 Airlines,2024-06-03,05:10,107
SU1146,Aeroflot,2024-07-03,13:35,332
SU5867,S7 Airlines,2024-04-26,07:05,70
SU1793,S7 Airlines,2024-11-21,13:44,349
SU7258,S7 Airlines,2024-12-24,12:25,145
SU166,UTair,2024-09-13,09:23,285
SU3068,S7 Airlines,2024-07-09,13:20,111
SU2053,S7 Airlines,2024-12-27,21:13,294
SU8285,Azimuth,2024-10-12,14:54,172
SU6698,Rossiya,2024-11-22,16:26,150
SU8478,Red Wings,2024-11-26,11:05,62
SU4688,Azimuth,2024-01-07,19:13,274
SU2313,Red Wings,2024-11-03,01:52,212
SU4076,Ural Airlines,2024-04-26,22:28,159
SU854,UTair,2024-09-12,06:42,268
SU8563,Aeroflot,2024-08-25,10:37,130
SU3377,Aeroflot,2024-09-10,00:54,234
SU2206,Pobeda,2024-06-14,08:05,58
SU8787,Azimuth,2024-04-11,01:36,268
SU700,Rossiya,2024-06-21,15:32,53
SU7542,Yakutia,2024-09-28,04:47,307
SU631,UTair,2024-01-12,06:53,146
SU7193,S7 Airlines,2024-08-12,06:56,86
SU5455,Azimuth,2024-12-02,17:57,227
SU1846,S7 Airlines,2024-10-04,01:02,69
SU5372,Pobeda,2024-01-11,04:26,78
SU3930,Yakutia,2024-12-25,22:48,275
SU8679,Rossiya,2024-03-14,11:52,331
SU3163,Nordavia,2024-04-01,11:40,209
SU2603,Aeroflot,2024-12-16,13:35,105
SU3915,Azimuth,2024-09-21,16:59,76
SU2074,Ural Airlines,2024-01-15,10:54,171
SU7081,Ural Airlines,2024-02-23,06:53,274
SU5131,Yakutia,2024-12-23,17:27,297
SU7416,Ural Airlines,2024-09-08,06:09,295
SU3254,Pobeda,2024-08-27,15:43,287
SU1620,Azimuth,2024-07-20,20:04,344
SU9266,Red Wings,2024-06-06,18:43,291
SU1187,Aeroflot,2024-06-26,17:38,61
SU3904,S7 Airlines,2024-05-18,18:53,98
SU920,Red Wings,2024-10-04,22:31,212
SU7578,Pobeda,2024-09-01,14:47,96
SU2127,Red Wings,2024-08-19,22:47,204
SU8488,Pobeda,2024-05-22,10:32,254
SU1192,Yakutia,2024-02-16,09:50,198
SU1949,Ural Airlines,2024-12-10,00:26,309
SU7430,UTair,2024-03-19,06:10,302
SU7057,Rossiya,2024-05-14,22:54,70
SU3450,Aeroflot,2024-03-24,04:39,149
SU7191,Red Wings,2024-01-12,19:31,237
SU299,S7 Airlines,2024-04-02,10:40,86
SU4524,Ural Airlines,2024-12-04,13:41,122
SU6049,Yakutia,2024-12-07,09:50,132
SU9949,Pobeda,2024-04-23,17:44,124
SU2095,Nordavia,2024-01-09,16:48,347
SU2677,S7 Airlines,2024-02-21,22:10,160
SU5426,Ural Airlines,2024-01-08,14:30,186
SU1195,Rossiya,2024-07-04,13:50,314
SU6766,Nordavia,2024-01-09,08:56,139
SU184,Pobeda,2024-07-09,18:55,52
SU7303,Nordavia,2024-09-15,12:19,330
SU6129,Yakutia,2024-11-04,08:47,268
SU8739,Pobeda,2024-12-15,01:50,135
SU3389,Yakutia,2024-12-28,13:44,245
SU5080,UTair,2024-09-14,13:25,215
SU9302,Azimuth,2024-02-08,14:17,213
SU1663,Nordavia,2024-02-20,22:20,66
SU2627,Rossiya,2024-06-14,11:52,148
SU3537,Rossiya,2024-03-04,01:42,239
SU904,Nordavia,2024-09-01,11:20,94
SU4162,Aeroflot,2024-07-26,16:17,97
SU5295,Aeroflot,2024-05-16,08:43,281
SU3640,Ural Airlines,2024-01-16,10:31,152
SU4700,Yakutia,2024-02-19,06:49,156
SU6757,Yakutia,2024-08-06,16:12,330
SU3087,Yakutia,2024-06-11,01:49,152
SU8504,Rossiya,2024-10-03,08:50,63
SU7232,Azimuth,2024-08-01,23:20,223
SU2791,Pobeda,2024-01-26,05:55,283
SU6498,Ural Airlines,2024-04-20,01:02,50
SU150,Azimuth,2024-11-09,09:47,69
SU1716,Red Wings,2024-09-04,01:22,256
SU8359,Pobeda,2024-06-02,20:29,294
SU234,Yakutia,2024-03-27,11:04,91
SU6692,Azimuth,2024-04-11,08:49,104
SU1235,Nordavia,2024-04-23,03:46,69
SU7474,Rossiya,2024-09-11,12:01,55
SU4509,UTair,2024-05-02,07:02,165
SU3960,S7 Airlines,2024-07-10,11:51,235
SU1423,UTair,2024-05-08,00:17,129
SU9645,UTair,2024-04-21,21:02,74
SU6405,Aeroflot,2024-05-13,11:53,272
SU5750,Ural Airlines,2024-12-20,06:52,324
SU205,Yakutia,2024-05-04,01:10,152
SU5772,Nordavia,2024-10-08,22:05,279
SU4921,S7 Airlines,2024-11-08,17:22,322
SU5754,UTair,2024-06-04,01:25,201
SU3535,Pobeda,2024-12-26,15:46,281
SU2165,Red Wings,2024-07-05,23:41,145
SU5048,Nordavia,2024-03-13,15:44,101
SU4265,Aeroflot,2024-12-11,06:28,114
SU1965,Azimuth,2024-03-24,01:11,296
SU9598,S7 Airlines,2024-05-22,12:00,299
SU6367,Ural Airlines,2024-01-27,20:07,76
SU673,Rossiya,2024-07-10,08:53,166
SU2100,Ural Airlines,2024-06-21,06:16,100
SU7600,Red Wings,2024-05-20,15:25,282
SU8113,Rossiya,2024-11-09,19:29,341
SU4861,Ural Airlines,2024-06-18,03:10,330
SU6067,Yakutia,2024-12-28,04:48,80
SU7143,Pobeda,2024-11-01,20:17,86
SU653,Azimuth,2024-04-13,18:44,291
SU7761,Ural Airlines,2024-04-02,22:00,155
SU6342,S7 Airlines,2024-01-25,11:37,337
SU9902,Pobeda,2024-10-24,03:52,102
SU2666,UTair,2024-03-07,19:30,67
SU6065,Azimuth,2024-10-06,22:01,161
SU3986,Pobeda,2024-11-05,01:07,68
SU1273,UTair,2024-06-20,23:44,340
SU2319,UTair,2024-11-04,22:57,127
SU4443,Rossiya,2024-04-07,18:25,141
SU7830,Nordavia,2024-03-20,03:16,238
SU678,Nordavia,2024-04-08,05:26,344
SU4159,S7 Airlines,2024-09-06,22:37,71
SU453,Azimuth,2024-07-22,13:46,233
SU9663,Yakutia,2024-11-08,01:12,59
SU147,Rossiya,2024-04-08,08:24,272
SU4088,Ural Airlines,2024-10-05,17:32,167
SU5241,Yakutia,2024-02-13,20:12,70
SU6522,Pobeda,2024-01-13,14:49,88
SU1481,Ural Airlines,2024-03-16,11:41,339
SU4623,Azimuth,2024-10-04,19:24,149
SU3599,Rossiya,2024-06-28,20:44,215
SU5126,Rossiya,2024-12-01,01:53,342
SU7369,Azimuth,2024-04-06,08:06,231
SU8091,Red Wings,2024-09-21,23:02,224
SU6314,Aeroflot,2024-08-08,16:53,218
SU6159,Nordavia,2024-01-21,09:59,187
SU1706,UTair,2024-05-20,05:18,131
SU7880,Yakutia,2024-11-06,11:50,118
SU7221,Red Wings,2024-10-12,13:20,286
SU9802,UTair,2024-09-20,19:20,130
SU5363,UTair,2024-11-21,06:53,164
SU999,Nordavia,2024-12-07,21:20,198
SU9361,UTair,2024-05-23,04:01,172
SU3185,S7 Airlines,2024-08-09,07:27,219
SU5635,Rossiya,2024-10-12,18:47,126
SU3702,Aeroflot,2024-12-24,09:08,262
SU4546,Pobeda,2024-02-03,10:33,70
SU8800,S7 Airlines,2024-10-11,05:55,310
SU976,Azimuth,2024-07-11,18:08,329
SU9280,UTair,2024-03-26,07:44,236
SU8014,Aeroflot,2024-02-26,08:11,233
SU2926,Ural Airlines,2024-05-21,05:25,324
SU5554,Nordavia,2024-07-01,19:10,280
SU1478,UTair,2024-08-04,18:29,334
SU2941,Red Wings,2024-06-18,08:24,143
SU4817,Azimuth,2024-12-14,23:43,50
SU2487,Ural Airlines,2024-01-27,11:54,286
SU1683,Rossiya,2024-11-08,17:21,206
SU8900,UTair,2024-12-08,10:49,93
SU1044,S7 Airlines,2024-12-14,17:03,121
SU7123,Nordavia,2024-05-06,09:33,62
SU8564,UTair,2024-12-18,17:18,136
SU2590,Pobeda,2024-04-12,11:49,230
SU548,Yakutia,2024-05-17,03:59,97
SU6224,UTair,2024-04-22,20:25,295
SU154,Aeroflot,2024-04-02,18:47,291
SU1558,Pobeda,2024-12-05,13:07,274
SU3919,Nordavia,2024-03-26,10:34,90
SU9877,Azimuth,2024-11-08,20:39,223
SU4520,S7 Airlines,2024-08-15,20:05,149
SU2393,Aeroflot,2024-10-02,11:45,315
SU6869,Aeroflot,2024-07-21,01:32,281
SU1441,Nordavia,2024-07-03,17:50,81
SU8478,S7 Airlines,2024-07-14,06:04,232
SU2341,Nordavia,2024-03-27,12:09,52
SU4837,UTair,2024-09-27,09:01,343
SU4876,Nordavia,2024-08-21,21:45,155
SU4615,Nordavia,2024-11-28,22:43,312
SU5143,Nordavia,2024-04-12,06:00,135
SU3698,Ural Airlines,2024-10-01,06:16,61
SU410,Red Wings,2024-10-19,13:04,90
SU7814,Nordavia,2024-07-15,14:32,278
SU8322,Rossiya,2024-12-25,06:04,156
SU2433,Pobeda,2024-04-01,13:18,168
SU9196,S7 Airlines,2024-08-03,02:00,346
SU3508,Nordavia,2024-04-11,11:54,318
SU8854,Aeroflot,2024-02-20,12:24,277
SU4987,Ural Airlines,2024-01-08,22:29,183
SU9344,Nordavia,2024-11-14,04:08,330
SU8556,UTair,2024-03-03,08:39,266
SU560,UTair,2024-04-28,01:29,117
SU8055,Azimuth,2024-06-02,01:52,110
SU5153,Ural Airlines,2024-08-12,11:22,291
SU564,Rossiya,2024-03-07,17:41,55
SU2417,S7 Airlines,2024-04-08,01:10,78
SU1483,S7 Airlines,2024-05-01,08:23,125
SU6059,Aeroflot,2024-04-17,01:59,350
SU4954,Pobeda,2024-05-09,21:12,138
SU7267,Nordavia,2024-06-16,05:41,97
SU4687,S7 Airlines,2024-03-14,21:46,255
SU5724,Nordavia,2024-07-21,20:17,121
SU781,Red Wings,2024-06-15,05:04,296
SU9906,Red Wings,2024-08-20,18:45,256
SU9697,Rossiya,2024-07-19,04:18,260
SU7057,Ural Airlines,2024-12-26,12:02,196
SU3334,Aeroflot,2024-10-14,05:29,157
SU423,Ural Airlines,2024-08-07,02:44,178
SU2774,Nordavia,2024-09-06,02:42,55
SU2853,Azimuth,2024-08-14,19:47,243
SU4053,S7 Airlines,2024-02-18,01:58,298
SU5324,UTair,2024-05-19,00:18,270
SU8173,Aeroflot,2024-02-19,08:22,76
SU3135,Yakutia,2024-02-05,09:58,77
SU7747,UTair,2024-12-13,08:36,262
SU1762,Pobeda,2024-05-15,00:01,260
SU8354,Nordavia,2024-10-03,06:37,165
SU7084,Nordavia,2024-02-11,01:32,248
SU9171,UTair,2024-12-28,05:03,275
SU4018,Yakutia,2024-01-06,17:08,168
SU3597,Aeroflot,2024-01-02,12:04,247
SU4072,Pobeda,2024-10-20,05:17,219
SU9887,Rossiya,2024-05-27,00:41,200
SU6005,Rossiya,2024-10-24,17:17,99
SU427,Red Wings,2024-02-02,00:45,172
SU2384,Aeroflot,2024-06-23,21:24,176
SU8662,Pobeda,2024-08-13,03:28,229
SU9829,Yakutia,2024-09-13,09:28,309
SU6876,Red Wings,2024-11-04,17:02,206
SU7707,Azimuth,2024-10-05,10:27,310
SU2442,Red Wings,2024-02-24,08:28,331
SU4109,Nordavia,2024-07-03,10:47,308
SU8590,Pobeda,2024-08-08,21:32,107
SU6901,Red Wings,2024-08-20,12:20,276
SU3902,S7 Airlines,2024-05-18,21:17,269
SU2351,Nordavia,2024-07-24,15:54,121
SU8429,Azimuth,2024-06-24,05:54,271
SU7567,Aeroflot,2024-07-13,20:18,53
SU2160,Aeroflot,2024-08-10,08:48,219
SU9836,Nordavia,2024-03-19,02:12,225
SU7137,UTair,2024-10-05,13:44,205
SU5746,Yakutia,2024-11-12,06:38,162
SU3819,Azimuth,2024-12-22,18:30,188
SU9581,Red Wings,2024-05-06,14:41,324
SU5245,Yakutia,2024-07-08,01:13,100
SU5407,S7 Airlines,2024-02-27,11:55,140
SU2716,Pobeda,2024-04-19,00:10,236
SU3154,Azimuth,2024-08-17,23:32,313
SU9558,Nordavia,2024-06-01,02:02,91
SU8285,Red Wings,2024-12-17,23:12,198
SU4056,Ural Airlines,2024-07-03,14:02,209
SU2179,Pobeda,2024-11-04,10:59,258
SU9166,S7 Airlines,2024-11-19,15:31,207
SU3262,Pobeda,2024-10-24,09:19,192
SU1833,Nordavia,2024-06-24,18:22,173
SU9519,Rossiya,2024-06-15,05:34,241
SU3003,Aeroflot,2024-10-01,04:57,117
SU6832,Rossiya,2024-05-18,00:01,54
SU1537,Rossiya,2024-01-13,16:53,277
SU2504,Yakutia,2024-07-10,22:58,333
SU4236,Azimuth,2024-09-16,22:03,336
SU7558,Ural Airlines,2024-10-03,22:49,171
SU8684,Aeroflot,2024-03-22,06:33,108
SU4798,S7 Airlines,2024-09-09,23:06,201
SU4860,Azimuth,2024-02-07,17:27,166
SU2990,Aeroflot,2024-10-07,10:55,192
SU2500,Nordavia,2024-09-23,18:01,112
SU8958,UTair,2024-07-25,14:03,199
SU6232,S7 Airlines,2024-06-04,15:30,147
SU9073,Pobeda,2024-07-20,05:10,138
SU1582,Aeroflot,2024-10-25,01:48,333
SU1525,Ural Airlines,2024-09-10,01:04,339
SU4128,Ural Airlines,2024-11-27,16:04,343
SU6535,Azimuth,2024-02-24,03:07,165
SU4641,Nordavia,2024-11-12,12:26,112
SU3986,Rossiya,2024-09-06,03:43,93
SU7689,UTair,2024-02-02,11:33,267
SU6699,Azimuth,2024-01-27,15:01,160
SU6152,Nordavia,2024-05-19,08:16,185
SU343,Red Wings,2024-05-12,02:40,146
SU4115,Pobeda,2024-06-10,04:02,270
SU320,Azimuth,2024-11-25,17:13,89
SU3079,Yakutia,2024-03-13,00:39,343
SU5261,Rossiya,2024-03-12,11:57,61
SU2979,UTair,2024-12-20,01:20,326
SU9011,Red Wings,2024-04-25,21:03,249
SU3518,Rossiya,2024-02-09,16:03,341
SU3455,Ural Airlines,2024-10-11,06:39,161
SU8153,Nordavia,2024-11-04,04:04,216
SU9865,Pobeda,2024-08-12,07:22,112
SU9879,Ural Airlines,2024-04-01,16:35,127
SU9118,Rossiya,2024-03-03,12:30,322
SU1396,Ural Airlines,2024-11-25,16:27,280
SU4557,UTair,2024-10-07,11:11,65
SU4374,UTair,2024-12-07,16:10,101
SU1042,Rossiya,2024-06-08,16:35,166
SU2741,Azimuth,2024-02-26,04:17,170
SU9754,Rossiya,2024-09-09,02:21,91
SU5725,Rossiya,2024-06-18,17:36,122
SU5427,S7 Airlines,2024-09-03,05:22,235
SU7956,Nordavia,2024-07-04,16:31,130
SU1081,UTair,2024-06-28,12:00,94
SU2737,UTair,2024-10-07,00:38,350
SU1589,Aeroflot,2024-02-01,18:51,256
SU4958,Rossiya,2024-02-07,23:39,302
SU6761,Yakutia,2024-02-11,14:22,121
SU9422,Red Wings,2024-11-26,11:18,318
SU944,Azimuth,2024-05-04,16:29,317
SU6567,Ural Airlines,2024-01-27,04:42,228
SU6851,S7 Airlines,2024-11-06,07:19,213
SU9398,Ural Airlines,2024-02-02,06:44,220
SU6811,UTair,2024-09-09,06:25,82
SU633,Yakutia,2024-09-15,18:46,99
SU5900,Azimuth,2024-07-24,13:21,345
SU3559,Nordavia,2024-01-20,08:27,111
SU1147,Pobeda,2024-12-04,19:28,129
SU1968,Aeroflot,2024-11-18,00:14,143
SU3892,UTair,2024-10-05,22:10,228
SU7187,UTair,2024-02-26,00:02,217
SU2202,UTair,2024-04-14,12:55,209
SU193,Nordavia,2024-02-11,21:19,283
SU3424,UTair,2024-03-20,09:55,163
SU4197,UTair,2024-02-16,02:54,224
SU2255,S7 Airlines,2024-03-07,06:33,219
SU3190,Azimuth,2024-05-13,04:00,146
SU4711,S7 Airlines,2024-11-13,07:49,123
SU4661,Aeroflot,2024-04-21,10:53,185
SU9557,Red Wings,2024-07-21,11:45,348
SU2693,S7 Airlines,2024-07-09,10:00,163
SU4338,UTair,2024-04-24,18:38,160
SU1652,Rossiya,2024-10-01,13:03,276
SU7036,Pobeda,2024-03-28,07:21,218
SU3111,Pobeda,2024-12-19,09:50,311
SU8933,Rossiya,2024-12-21,21:59,164
SU4190,Azimuth,2024-10-06,02:05,332
SU4358,Yakutia,2024-10-22,14:48,192
SU3534,UTair,2024-03-14,08:55,173
SU5737,Red Wings,2024-02-17,22:28,145
SU7793,S7 Airlines,2024-08-13,16:35,196
SU6643,Aeroflot,2024-09-24,12:12,226
SU7629,Nordavia,2024-09-22,04:41,194
SU2389,Pobeda,2024-02-12,20:15,88
SU945,Rossiya,2024-08-20,05:08,232
SU3304,Yakutia,2024-04-24,01:17,275
SU249,Pobeda,2024-05-02,07:01,106
SU6262,Pobeda,2024-11-25,10:50,179
SU8143,Yakutia,2024-01-25,00:13,127
SU9282,Yakutia,2024-03-09,20:16,329
SU6960,UTair,2024-11-16,11:03,255
SU7160,Rossiya,2024-10-28,00:45,328
SU6086,Ural Airlines,2024-09-08,01:59,315
SU4873,Aeroflot,2024-12-10,00:16,287
SU8685,UTair,2024-10-16,21:41,326
SU6065,Nordavia,2024-02-11,12:06,279
SU6743,Yakutia,2024-08-06,20:15,331
SU1150,S7 Airlines,2024-08-17,09:27,177
SU2378,Nordavia,2024-02-05,22:35,88
SU6039,Nordavia,2024-02-18,12:25,54
SU3083,UTair,2024-08-10,14:52,156
SU5001,S7 Airlines,2024-02-24,20:02,108
SU6536,Rossiya,2024-01-13,06:06,108
SU4851,Nordavia,2024-08-07,18:04,216
SU6222,S7 Airlines,2024-12-21,01:00,100
SU8576,Azimuth,2024-06-22,01:31,99
SU1735,Nordavia,2024-05-04,05:43,225
SU9822,Nordavia,2024-07-01,06:14,71
SU9634,Azimuth,2024-09-16,14:10,297
SU9436,Rossiya,2024-12-21,20:48,52
SU2895,Ural Airlines,2024-06-13,13:15,51
SU6897,Red Wings,2024-12-06,16:46,283
SU7950,Ural Airlines,2024-10-10,16:17,110
SU6736,Nordavia,2024-08-18,07:08,64
SU3107,UTair,2024-07-12,16:22,65
SU393,Nordavia,2024-09-06,01:50,191
SU9732,Nordavia,2024-11-06,15:45,257
SU2598,Rossiya,2024-10-11,13:40,215
SU4596,Nordavia,2024-02-11,15:00,186
SU4825,S7 Airlines,2024-03-19,16:47,77
SU5505,Ural Airlines,2024-07-22,19:56,52
SU2964,S7 Airlines,2024-11-14,02:17,275
SU6331,Yakutia,2024-07-16,10:21,312
SU5482,S7 Airlines,2024-09-15,03:17,251
SU8724,Rossiya,2024-01-01,16:57,174
SU1562,S7 Airlines,2024-07-14,07:08,350
SU946,Azimuth,2024-08-22,13:05,161
SU9360,Aeroflot,2024-11-25,08:09,90
SU1314,Aeroflot,2024-08-08,02:36,185
SU719,Rossiya,2024-01-23,21:10,295
SU8984,Ural Airlines,2024-12-10,16:05,143
SU5583,UTair,2024-04-10,15:39,192
SU7133,Rossiya,2024-08-22,12:33,264
SU2945,S7 Airlines,2024-09-09,13:36,54
SU4181,S7 Airlines,2024-07-06,05:48,55
SU6345,Pobeda,2024-03-12,09:10,199
SU2012,UTair,2024-12-18,03:38,142
SU7524,Nordavia,2024-09-18,13:41,281
SU6546,Nordavia,2024-07-25,22:08,101
SU3875,UTair,2024-01-15,07:52,118
SU8628,Yakutia,2024-11-14,04:25,288
SU383,S7 Airlines,2024-08-20,15:35,307
SU7266,Ural Airlines,2024-04-27,08:46,309
SU5513,Pobeda,2024-08-24,06:21,65
SU3533,Rossiya,2024-08-09,12:24,240
SU8284,Azimuth,2024-12-22,02:53,83
SU2571,Pobeda,2024-03-17,12:42,257
SU1317,UTair,2024-06-12,11:47,85
SU2259,Yakutia,2024-03-16,23:26,174
SU9454,Ural Airlines,2024-05-03,13:32,208
SU9922,Rossiya,2024-02-10,10:37,239
SU3727,Pobeda,2024-01-23,15:09,75
SU2147,Ural Airlines,2024-12-13,07:18,104
SU3051,S7 Airlines,2024-04-17,06:21,137
SU8844,Red Wings,2024-12-21,18:36,201
SU4686,Yakutia,2024-04-13,01:44,185
SU2720,Pobeda,2024-01-26,10:35,320
SU9622,Azimuth,2024-04-22,00:10,332
SU2341,Red Wings,2024-06-09,19:54,262
SU4758,Nordavia,2024-06-10,08:09,102
SU9185,Aeroflot,2024-11-10,04:59,275
SU680,Rossiya,2024-04-15,06:17,149
SU3242,Red Wings,2024-06-28,05:15,146
SU2234,Rossiya,2024-08-16,10:26,151
SU7964,Aeroflot,2024-11-17,06:29,115
SU4793,Aeroflot,2024-08-28,10:19,328
SU8599,Red Wings,2024-09-09,23:10,278
SU2861,Ural Airlines,2024-04-02,19:30,284
SU8062,Ural Airlines,2024-01-20,21:44,316
SU1058,Aeroflot,2024-12-09,15:25,58
SU5179,Nordavia,2024-11-23,04:13,79
SU4079,Rossiya,2024-08-25,14:25,144
SU2551,Yakutia,2024-07-27,17:22,313
SU9006,Red Wings,2024-09-03,06:38,117
SU3096,Nordavia,2024-09-12,07:14,152
SU980,S7 Airlines,2024-03-04,20:00,225
SU7806,Red Wings,2024-03-01,12:42,197
SU288,Azimuth,2024-10-17,17:42,266
SU1471,Pobeda,2024-01-10,14:16,241
SU932,Aeroflot,2024-06-24,12:25,346
SU2581,Yakutia,2024-02-07,14:19,88
SU2267,Yakutia,2024-03-11,19:29,55
SU1364,Rossiya,2024-10-19,06:34,81
SU3178,Nordavia,2024-06-19,12:51,191
SU4744,Ural Airlines,2024-05-04,23:49,53
SU797,Nordavia,2024-09-12,03:46,251
SU4956,UTair,2024-03-02,18:46,130
SU6484,S7 Airlines,2024-10-15,19:39,290
SU1563,UTair,2024-02-12,07:47,132
SU1746,Ural Airlines,2024-12-05,19:17,342
SU2012,Ural Airlines,2024-08-18,14:55,327
SU6560,Red Wings,2024-12-02,05:27,190
SU9325,Azimuth,2024-06-23,14:41,84
SU3010,Aeroflot,2024-08-16,00:42,154
SU2408,UTair,2024-05-26,10:52,341
SU8130,Ural Airlines,2024-06-14,03:58,209
SU2422,Nordavia,2024-06-16,08:22,283
SU888,S7 Airlines,2024-01-23,16:41,289
SU2351,Pobeda,2024-01-16,15:51,191
SU1435,UTair,2024-01-01,11:59,178
SU875,Yakutia,2024-05-04,02:33,86
SU817,UTair,2024-02-15,14:57,274
SU2047,UTair,2024-10-03,22:06,278
SU2186,Pobeda,2024-11-19,14:10,211
SU1637,Azimuth,2024-11-10,05:10,63
SU4709,UTair,2024-04-20,06:53,306
SU5018,Nordavia,2024-03-06,23:56,115
SU5889,Nordavia,2024-01-01,16:12,58
SU9311,Nordavia,2024-12-11,07:55,68
SU8311,Aeroflot,2024-10-10,16:00,126
SU2722,Nordavia,2024-03-28,21:22,313
SU4013,Yakutia,2024-12-10,14:43,329
SU113,Rossiya,2024-11-04,19:15,319
SU3747,Azimuth,2024-09-01,15:18,198
SU5175,Rossiya,2024-11-18,18:44,170
SU3444,Pobeda,2024-09-19,23:24,222
SU3287,Yakutia,2024-09-09,19:07,245
SU5073,UTair,2024-01-09,10:19,85
SU6032,Ural Airlines,2024-08-22,16:23,133
SU6337,Yakutia,2024-08-01,14:45,99
SU9283,Azimuth,2024-10-09,00:18,80
SU9913,Pobeda,2024-04-27,12:44,222
SU2568,Azimuth,2024-12-11,18:40,230
SU8288,Nordavia,2024-07-25,06:13,133
SU5849,UTair,2024-03-06,18:14,145
SU6635,Azimuth,2024-06-19,23:44,66
SU6097,Red Wings,2024-04-24,16:00,114
SU5067,UTair,2024-09-18,00:01,207
SU2810,Rossiya,2024-01-12,02:13,152
SU1007,S7 Airlines,2024-08-08,02:05,173
SU2450,UTair,2024-08-09,02:25,137
SU9975,Aeroflot,2024-10-27,07:17,143
SU1617,Azimuth,2024-06-05,17:52,296
SU1844,Red Wings,2024-09-25,00:39,269
SU8078,UTair,2024-12-11,23:42,173
SU9823,Red Wings,2024-11-10,02:14,133
SU3423,Nordavia,2024-01-03,13:22,289
SU1878,Rossiya,2024-08-14,13:53,292
SU3287,Azimuth,2024-06-14,07:59,287
SU9210,Ural Airlines,2024-01-09,18:08,289
SU7699,Yakutia,2024-01-05,04:21,143
SU7464,Aeroflot,2024-04-26,20:47,144
SU9886,UTair,2024-02-01,02:05,302
SU2488,UTair,2024-07-05,03:20,257
SU5129,Pobeda,2024-05-03,11:45,104
SU3400,Aeroflot,2024-01-24,19:54,98
SU4025,Pobeda,2024-09-21,15:16,56
SU9287,Yakutia,2024-11-11,11:31,177
SU2972,Rossiya,2024-03-08,09:45,238
SU3531,UTair,2024-11-26,11:12,347
SU8054,Rossiya,2024-03-16,07:16,79
SU2444,Yakutia,2024-12-28,06:50,179
SU6986,Yakutia,2024-07-19,01:46,89
SU1077,UTair,2024-11-19,19:36,93
SU7426,Azimuth,2024-12-03,15:34,56
SU1686,Red Wings,2024-06-18,23:19,141
SU3520,Pobeda,2024-11-11,21:15,265
SU322,Nordavia,2024-07-12,20:57,173
SU4230,Azimuth,2024-03-17,04:05,122
SU4116,Aeroflot,2024-06-23,15:02,157
SU8729,Red Wings,2024-11-12,17:47,69
SU4932,S7 Airlines,2024-12-14,11:19,283
SU2604,Ural Airlines,2024-06-12,02:55,107
SU9253,Yakutia,2024-08-28,13:16,151
SU7419,Yakutia,2024-02-19,02:29,53
SU1809,Pobeda,2024-03-04,01:09,203
SU6395,Azimuth,2024-08-19,08:00,79
SU7369,Pobeda,2024-08-06,22:14,79
SU8890,UTair,2024-03-01,06:09,331
SU1049,Azimuth,2024-04-11,05:14,255
SU900,Yakutia,2024-11-04,01:48,312
SU8050,Azimuth,2024-07-28,05:22,117
SU8713,Ural Airlines,2024-08-27,14:20,279
SU4731,Rossiya,2024-08-13,04:24,192
SU3257,UTair,2024-05-18,16:10,96
SU2839,Rossiya,2024-12-14,08:14,234
SU8268,UTair,2024-02-19,01:23,198
SU6658,UTair,2024-10-28,22:48,208
SU5977,Yakutia,2024-09-04,04:22,174
SU8079,Azimuth,2024-07-16,00:30,64
SU1048,Aeroflot,2024-06-15,20:31,236
SU3863,Azimuth,2024-02-06,05:35,179
SU4668,Rossiya,2024-09-26,06:19,340
SU1881,Azimuth,2024-03-12,16:14,160
SU7891,Azimuth,2024-05-07,10:08,318
SU7037,Red Wings,2024-06-05,10:21,58
SU9706,Azimuth,2024-09-28,05:52,248
SU6428,Red Wings,2024-04-28,03:53,118
SU6774,Aeroflot,2024-03-17,04:34,156
SU1915,Ural Airlines,2024-10-07,21:41,333
SU8304,Pobeda,2024-07-09,23:00,79
SU5577,Aeroflot,2024-05-20,21:39,146
SU6258,Rossiya,2024-12-12,00:31,122
SU9949,Red Wings,2024-08-01,22:49,251
SU5861,Aeroflot,2024-01-26,22:05,146
SU6934,Azimuth,2024-08-14,04:55,112
SU3836,Red Wings,2024-08-06,12:52,246
SU4466,S7 Airlines,2024-10-18,18:13,116
SU3490,Red Wings,2024-10-09,04:54,78
SU767,Aeroflot,2024-04-04,04:44,161
SU8584,Ural Airlines,2024-06-14,13:27,203
SU8553,Aeroflot,2024-12-11,20:43,255
SU7495,Aeroflot,2024-03-05,17:04,186
SU4076,Yakutia,2024-06-05,05:35,197
SU4111,Pobeda,2024-09-19,08:44,186
SU2687,S7 Airlines,2024-06-19,00:25,134
SU1986,Ural Airlines,2024-07-14,04:33,349
SU8864,S7 Airlines,2024-04-14,23:57,125
SU4730,Ural Airlines,2024-03-22,02:38,257
SU3315,Ural Airlines,2024-03-11,21:24,58
SU6262,S7 Airlines,2024-05-25,22:22,54
SU1983,S7 Airlines,2024-06-07,18:08,59
SU6022,Azimuth,2024-08-18,18:42,114
SU6668,Rossiya,2024-04-25,15:11,64
SU6320,Yakutia,2024-05-08,01:11,71
SU8648,Rossiya,2024-08-12,16:43,189
SU8934,Ural Airlines,2024-10-06,18:57,197
SU8575,Aeroflot,2024-02-13,09:07,142
SU1736,Yakutia,2024-08-11,20:43,289
SU157,Red Wings,2024-10-13,08:31,152
SU5823,Pobeda,2024-02-08,10:32,180
SU8527,Nordavia,2024-03-22,22:27,286
SU2549,Nordavia,2024-03-14,16:14,95
SU1396,Nordavia,2024-12-05,08:59,129
SU5536,UTair,2024-04-22,17:50,145
SU5144,Pobeda,2024-05-22,09:39,225
SU297,Pobeda,2024-11-23,03:27,286
SU839,Nordavia,2024-04-17,13:47,270
SU4888,Aeroflot,2024-06-14,11:36,339
SU8678,Pobeda,2024-06-15,11:46,243
SU2853,Red Wings,2024-11-17,11:05,138
SU3224,Rossiya,2024-05-21,10:05,68
SU3766,Aeroflot,2024-02-27,02:47,217
SU8605,Ural Airlines,2024-03-13,13:17,81
SU7426,Yakutia,2024-09-03,22:21,176
SU3156,S7 Airlines,2024-06-28,06:04,186
SU7212,Aeroflot,2024-11-11,08:40,252
SU4083,S7 Airlines,2024-12-17,05:23,110
SU2303,Nordavia,2024-01-22,07:16,276
SU6335,UTair,2024-05-05,08:45,191
SU3332,Red Wings,2024-05-12,19:30,246
SU3198,Red Wings,2024-02-21,01:15,267
SU4747,Pobeda,2024-04-25,02:04,88
SU1216,Aeroflot,2024-01-13,01:37,170
SU2351,Red Wings,2024-06-14,12:08,275
SU225,Pobeda,2024-05-25,22:00,78
SU2844,Aeroflot,2024-07-24,14:08,159
SU1641,Pobeda,2024-12-27,21:26,244
SU6794,Yakutia,2024-02-14,22:55,159
SU4673,Red Wings,2024-08-13,10:06,252
SU5061,Yakutia,2024-05-16,05:47,194
SU5067,Yakutia,2024-03-06,17:09,171
SU9618,Aeroflot,2024-11-17,23:35,155
SU3519,UTair,2024-12-25,00:45,215
SU9561,Ural Airlines,2024-10-24,00:14,87
SU7966,Nordavia,2024-08-11,19:31,154
SU2951,UTair,2024-05-06,22:34,325
SU868,Yakutia,2024-01-04,03:52,75
SU737,UTair,2024-06-28,08:36,323
SU7396,Ural Airlines,2024-07-27,18:29,121
SU3289,Yakutia,2024-05-01,02:06,160
SU1692,Nordavia,2024-02-13,03:28,160
SU8123,Aeroflot,2024-07-18,15:31,70
SU595,Aeroflot,2024-12-05,05:51,137
SU8022,Nordavia,2024-12-27,05:50,71
SU5680,Azimuth,2024-10-15,17:38,245
SU7794,Red Wings,2024-06-22,09:27,344
SU7154,Pobeda,2024-08-06,20:28,155
SU9355,Nordavia,2024-02-15,22:36,264
SU9139,Pobeda,2024-07-04,01:41,241
SU9336,Pobeda,2024-03-19,00:53,298
SU9706,Yakutia,2024-01-13,14:09,284
SU4310,Rossiya,2024-06-27,15:46,54
SU9124,S7 Airlines,2024-09-25,17:21,228
SU8377,S7 Airlines,2024-07-02,15:39,152
SU189,Red Wings,2024-05-11,02:43,59
SU7705,UTair,2024-10-18,19:33,149
SU4552,Ural Airlines,2024-02-18,15:11,92
SU7125,S7 Airlines,2024-09-10,09:58,200
SU8768,Azimuth,2024-09-27,04:05,315
SU9589,Aeroflot,2024-06-05,21:27,291
SU4077,Azimuth,2024-07-03,08:53,56
SU122,Azimuth,2024-12-11,00:14,79
SU1935,Azimuth,2024-08-15,02:04,91
SU8823,Azimuth,2024-03-01,20:39,95
SU578,S7 Airlines,2024-10-25,10:32,164
SU7056,Aeroflot,2024-06-10,00:48,128
SU1751,Rossiya,2024-11-02,13:19,310
SU2278,Yakutia,2024-11-23,04:51,119
SU9204,Yakutia,2024-03-18,16:45,65
SU6064,S7 Airlines,2024-10-18,23:25,51
SU7143,Ural Airlines,2024-01-12,10:29,238
SU5349,Ural Airlines,2024-04-20,20:56,126
SU7581,Rossiya,2024-04-09,14:49,271
SU8980,Red Wings,2024-04-14,19:56,289
SU2165,Yakutia,2024-07-04,22:21,303
SU5256,Yakutia,2024-02-02,10:54,255
SU573,Azimuth,2024-03-10,00:34,241
SU4043,Nordavia,2024-06-28,00:50,284
SU4191,Aeroflot,2024-09-27,18:24,233
SU8846,Azimuth,2024-06-14,00:37,334
SU2106,Rossiya,2024-02-24,17:15,263
SU8045,Red Wings,2024-04-11,05:15,340
SU4195,Pobeda,2024-08-12,06:25,325
SU3243,UTair,2024-11-08,03:03,227
SU9168,Ural Airlines,2024-05-14,18:02,111
SU2017,Nordavia,2024-02-07,15:57,173
SU9974,S7 Airlines,2024-12-28,21:57,318
SU3824,Rossiya,2024-10-02,02:41,166
SU7537,Rossiya,2024-11-02,03:04,111
SU6112,Pobeda,2024-05-07,19:27,288
SU2782,Nordavia,2024-10-04,08:51,108
SU9162,Yakutia,2024-07-17,20:01,342
SU7203,Azimuth,2024-12-13,16:47,268
SU227,Pobeda,2024-06-25,08:59,265
SU8657,Rossiya,2024-11-01,08:21,132
SU7917,Red Wings,2024-08-21,22:41,344
SU7919,Yakutia,2024-02-25,19:28,150
SU2457,Azimuth,2024-12-15,00:53,95
SU7662,Red Wings,2024-11-05,15:19,86
SU6697,Ural Airlines,2024-11-27,13:01,285
SU9380,Nordavia,2024-05-03,13:02,171
SU9530,Red Wings,2024-06-05,16:20,106
SU1058,S7 Airlines,2024-01-16,03:02,118
SU1472,Azimuth,2024-09-16,03:24,241
SU9306,Nordavia,2024-08-05,10:03,111
SU3004,Rossiya,2024-12-28,00:45,282
SU6540,Ural Airlines,2024-01-18,22:27,299
SU9834,Aeroflot,2024-03-09,02:34,130
SU8378,Ural Airlines,2024-01-26,21:30,88
SU4492,S7 Airlines,2024-10-02,11:45,298
SU1163,S7 Airlines,2024-04-18,07:45,167
SU4483,Yakutia,2024-05-10,01:03,150
SU9513,S7 Airlines,2024-11-17,06:02,314
SU6859,Aeroflot,2024-05-26,04:55,228
SU3558,Red Wings,2024-08-07,21:08,93
SU8475,Pobeda,2024-05-18,01:18,307
SU4209,Rossiya,2024-12-17,08:53,276
SU6739,Aeroflot,2024-01-27,10:45,114
SU9367,Yakutia,2024-01-22,00:58,146
SU9014,Ural Airlines,2024-08-03,04:31,252
SU7330,Ural Airlines,2024-07-25,02:23,222
SU1479,Yakutia,2024-06-13,14:51,60
SU9994,Pobeda,2024-07-13,21:33,348
SU9446,Red Wings,2024-06-15,01:49,237
SU2449,Azimuth,2024-04-03,06:51,305
SU649,Ural Airlines,2024-12-10,12:36,171
SU3057,Rossiya,2024-08-01,15:22,269
SU9368,Rossiya,2024-04-28,04:48,257
SU2928,Nordavia,2024-04-18,00:20,313
SU731,Pobeda,2024-12-27,17:10,157
SU4161,UTair,2024-07-13,02:26,119
SU9539,Pobeda,2024-01-15,21:52,175
SU3236,S7 Airlines,2024-09-05,03:38,85
SU9167,Ural Airlines,2024-09-09,21:40,274
SU7406,Rossiya,2024-03-09,05:42,150
SU1859,UTair,2024-03-17,05:22,320
SU6519,Ural Airlines,2024-05-07,15:29,251
SU1988,Yakutia,2024-11-06,11:42,210
SU1756,Nordavia,2024-04-08,17:16,58
SU1638,Azimuth,2024-08-01,15:34,89
SU4746,Aeroflot,2024-10-24,00:51,212
SU4236,Ural Airlines,2024-11-01,20:14,218
SU3509,Rossiya,2024-02-24,12:00,311
SU4970,Azimuth,2024-01-08,05:46,289
SU8592,Aeroflot,2024-02-15,17:38,341
SU8270,Rossiya,2024-08-10,18:56,269
SU9454,Azimuth,2024-05-14,16:29,260
SU5608,Red Wings,2024-05-19,17:32,99
SU9405,Red Wings,2024-09-08,21:15,322
SU317,Yakutia,2024-03-07,22:57,196
SU9359,Yakutia,2024-07-22,03:35,302
SU7876,S7 Airlines,2024-12-28,22:00,343
SU4603,Aeroflot,2024-04-10,13:08,151
SU1611,S7 Airlines,2024-07-11,00:00,147
SU7409,S7 Airlines,2024-02-08,08:08,60
SU1409,Red Wings,2024-07-09,21:55,93
SU8914,UTair,2024-04-09,12:30,123
SU2228,Nordavia,2024-11-26,19:08,91
SU3846,Pobeda,2024-02-13,03:58,205
SU8071,Nordavia,2024-04-28,01:02,331
SU5346,Nordavia,2024-03-06,05:09,142
SU1919,S7 Airlines,2024-09-12,18:39,87
SU1342,Red Wings,2024-12-13,04:09,185
SU2780,Ural Airlines,2024-03-03,19:30,163
SU369,S7 Airlines,2024-04-17,06:39,191
SU7044,S7 Airlines,2024-02-02,14:13,132
SU729,Ural Airlines,2024-07-19,00:44,177
SU281,Red Wings,2024-04-28,20:34,339
SU8120,Yakutia,2024-10-17,14:19,292
SU6404,UTair,2024-12-22,08:38,336
SU8228,Aeroflot,2024-05-13,09:32,288
SU4549,UTair,2024-08-19,00:02,238
SU338,UTair,2024-04-02,00:43,134
SU9092,S7 Airlines,2024-03-26,13:18,136
SU4692,Ural Airlines,2024-01-27,08:37,347
SU7475,Yakutia,2024-05-07,01:01,76
SU3338,Aeroflot,2024-12-03,23:24,130
SU4042,Ural Airlines,2024-11-23,12:00,148
SU4941,Pobeda,2024-07-27,07:58,54
SU732,Ural Airlines,2024-04-06,17:37,105
SU9593,Yakutia,2024-03-05,07:59,350
SU4560,Azimuth,2024-02-13,23:52,279
SU9155,Pobeda,2024-11-28,08:22,323
SU4901,Aeroflot,2024-11-25,03:49,80
SU4303,Aeroflot,2024-01-25,03:40,291
SU1562,UTair,2024-11-27,18:02,313
SU247,UTair,2024-12-17,15:38,86
SU3155,Ural Airlines,2024-02-18,14:49,121
SU7566,Pobeda,2024-06-25,19:36,269
SU9664,Azimuth,2024-03-16,15:33,159
SU5804,Nordavia,2024-12-10,03:44,328
SU1547,Pobeda,2024-01-20,02:54,269
SU4000,Red Wings,2024-07-24,17:15,188
SU6558,Aeroflot,2024-04-07,11:16,329
SU9048,S7 Airlines,2024-03-27,08:52,93
SU9292,S7 Airlines,2024-06-09,11:45,170
SU417,S7 Airlines,2024-03-11,22:00,149
SU9127,S7 Airlines,2024-10-13,02:02,285
SU2551,Yakutia,2024-04-24,16:08,203
SU2080,Rossiya,2024-11-28,21:06,59
SU9178,Ural Airlines,2024-01-12,16:45,182
SU7888,Pobeda,2024-04-15,03:34,202
SU2662,Azimuth,2024-10-15,23:23,67
SU9607,Aeroflot,2024-10-23,00:29,243
SU8022,Red Wings,2024-05-06,17:07,332
SU8373,Red Wings,2024-09-06,06:13,157
SU614,Azimuth,2024-04-16,13:29,80
SU7033,S7 Airlines,2024-05-12,11:10,89
SU400,Rossiya,2024-07-01,21:52,195
SU2357,Ural Airlines,2024-04-27,22:07,318
SU1360,Aeroflot,2024-02-25,05:30,66
SU2616,UTair,2024-07-10,12:15,279
SU8163,Nordavia,2024-02-06,15:42,213
SU4174,Azimuth,2024-05-19,06:02,224
SU1213,Azimuth,2024-07-27,17:06,347
SU470,Red Wings,2024-11-15,16:50,220
SU4065,Rossiya,2024-02-16,07:46,93
SU4092,Rossiya,2024-06-13,11:44,191
SU3088,Pobeda,2024-06-14,18:52,274
SU6756,S7 Airlines,2024-04-27,18:37,178
SU3982,S7 Airlines,2024-07-13,14:26,289
SU2139,Azimuth,2024-08-05,05:01,138
SU5326,Yakutia,2024-10-09,17:43,192
SU1692,Azimuth,2024-08-28,01:28,289
SU2052,Aeroflot,2024-01-11,03:21,296
SU311,Rossiya,2024-12-02,15:47,330
SU9440,Aeroflot,2024-04-06,19:43,241
SU7412,Rossiya,2024-11-03,00:44,159
SU9844,UTair,2024-10-19,18:14,288
SU7739,Pobeda,2024-09-28,12:03,341
SU5726,Aeroflot,2024-06-11,20:11,193
SU3238,Nordavia,2024-04-14,12:16,308
SU4829,Aeroflot,2024-12-05,17:50,116
SU7109,S7 Airlines,2024-03-01,03:31,315
SU3325,UTair,2024-02-09,13:41,232
SU1819,S7 Airlines,2024-12-04,06:22,103
SU2181,S7 Airlines,2024-02-08,13:08,179
SU9397,Nordavia,2024-04-03,07:21,304
SU3291,S7 Airlines,2024-10-06,22:49,316
SU3761,Red Wings,2024-12-11,01:18,168
SU4017,Yakutia,2024-10-12,04:02,83
SU1631,Pobeda,2024-04-21,08:49,88
SU5085,Rossiya,2024-11-02,17:41,107
SU3161,Ural Airlines,2024-10-10,02:29,221
SU2690,Azimuth,2024-01-23,06:14,85
SU8660,Red Wings,2024-06-03,18:11,118
SU7912,UTair,2024-12-01,22:18,300
SU6638,Red Wings,2024-10-09,16:44,181
SU5606,Pobeda,2024-10-04,04:09,100
SU3711,S7 Airlines,2024-11-26,16:14,103
SU3311,Aeroflot,2024-04-08,12:47,131
SU9276,Pobeda,2024-09-16,18:21,106
SU9809,Azimuth,2024-07-20,13:07,239
SU2293,S7 Airlines,2024-11-01,19:40,285
SU1850,Aeroflot,2024-05-04,11:38,237
SU4571,Azimuth,2024-01-05,15:27,225
SU1632,Rossiya,2024-06-26,01:25,267
SU7131,Yakutia,2024-11-16,01:30,244
SU3084,S7 Airlines,2024-07-07,23:41,67
SU5125,UTair,2024-11-13,05:28,285
SU2869,Yakutia,2024-09-15,11:00,232
SU8318,Ural Airlines,2024-10-17,23:13,309
SU4123,Aeroflot,2024-12-07,19:03,214
SU7277,Yakutia,2024-02-25,16:35,96
SU7066,Red Wings,2024-04-23,08:00,327
SU622,Ural Airlines,2024-12-18,04:56,139
SU5732,Azimuth,2024-05-01,23:08,230
SU5288,Nordavia,2024-08-07,03:34,79
SU379,Azimuth,2024-04-06,18:56,338
SU8354,Azimuth,2024-12-07,21:12,221
SU3083,Pobeda,2024-02-06,03:24,136
SU1560,Red Wings,2024-01-13,02:57,350
SU9053,Pobeda,2024-10-24,12:43,51
SU4224,Yakutia,2024-03-16,14:08,138
SU7470,UTair,2024-11-13,18:44,324
SU3685,Aeroflot,2024-01-03,03:24,137
SU2947,Yakutia,2024-10-05,19:18,316
SU3021,Pobeda,2024-10-12,12:39,302
SU9078,Ural Airlines,2024-11-12,12:04,342
SU2815,Nordavia,2024-11-18,19:19,224
SU2673,Pobeda,2024-11-26,14:38,142
SU4598,Aeroflot,2024-09-11,04:16,340
SU1044,S7 Airlines,2024-02-05,12:02,98
SU3055,Azimuth,2024-02-17,17:48,240
SU3795,Pobeda,2024-04-21,21:17,249
SU9113,Aeroflot,2024-10-18,22:39,231
SU7749,Yakutia,2024-01-20,17:08,248
SU6440,UTair,2024-09-14,18:05,340
SU1681,UTair,2024-09-12,09:16,299
SU8967,Ural Airlines,2024-05-09,22:46,119
SU3580,Azimuth,2024-03-27,14:17,152
SU9497,Nordavia,2024-04-07,10:38,328
SU7844,Pobeda,2024-10-26,08:32,150
SU1799,Ural Airlines,2024-01-05,15:13,173
SU3461,Rossiya,2024-04-07,15:15,50
SU1165,Aeroflot,2024-12-07,03:30,151
SU6745,S7 Airlines,2024-03-03,18:05,284
SU3686,Ural Airlines,2024-07-06,19:34,301
SU3072,Pobeda,2024-01-02,17:01,320
SU7255,Azimuth,2024-12-12,23:57,54
SU9767,Aeroflot,2024-10-28,00:39,119
SU1197,Rossiya,2024-07-06,16:39,121
SU3969,Red Wings,2024-06-22,23:46,306
SU9530,Nordavia,2024-04-11,19:52,152
SU8895,Ural Airlines,2024-06-01,05:35,247
SU6454,Pobeda,2024-10-27,07:09,282
SU2631,UTair,2024-05-26,22:33,151
SU2293,Nordavia,2024-02-09,20:08,79
SU6519,Pobeda,2024-01-06,04:09,214
SU815,Rossiya,2024-07-14,22:01,123
SU4619,Rossiya,2024-12-26,22:07,103
SU922,Nordavia,2024-05-21,18:09,91
SU9777,Aeroflot,2024-06-24,06:05,154
SU3913,UTair,2024-11-14,17:15,249
SU9978,Aeroflot,2024-01-17,10:20,60
SU3707,UTair,2024-10-05,08:05,95
SU9257,Yakutia,2024-06-23,01:01,121
SU6858,Aeroflot,2024-06-13,05:06,68
SU5975,S7 Airlines,2024-06-12,12:11,52
SU4797,S7 Airlines,2024-07-14,21:01,212
SU9307,Yakutia,2024-06-28,05:53,184
SU3939,Rossiya,2024-09-01,15:34,232
SU3015,Rossiya,2024-11-05,18:28,233
SU4688,Ural Airlines,2024-01-27,12:35,215
SU4677,Rossiya,2024-04-03,23:50,227
SU5312,Azimuth,2024-03-13,00:45,86
SU7695,Nordavia,2024-07-22,11:26,74
SU169,Pobeda,2024-03-06,18:47,255
SU7248,Nordavia,2024-12-13,10:24,263
SU3946,Yakutia,2024-02-09,23:24,137
SU8405,Yakutia,2024-03-17,00:11,69
SU2832,Ural Airlines,2024-05-01,22:11,190
SU9958,Yakutia,2024-11-09,23:15,249
SU1431,S7 Airlines,2024-03-07,09:58,242
SU6706,S7 Airlines,2024-01-15,12:33,127
SU8562,Ural Airlines,2024-01-10,03:06,135
SU8565,Azimuth,2024-09-15,04:27,53
SU6572,S7 Airlines,2024-06-01,03:12,240
SU1358,Yakutia,2024-10-28,10:18,112
SU4956,UTair,2024-07-11,19:12,307
SU9920,Ural Airlines,2024-10-27,21:44,159
SU2840,Nordavia,2024-08-19,19:32,348
SU3713,Ural Airlines,2024-10-28,18:58,345
SU5633,Azimuth,2024-06-03,13:30,252
SU7118,UTair,2024-06-19,10:15,106
SU6755,Pobeda,2024-02-17,23:07,142
SU4921,Yakutia,2024-06-08,11:26,328
SU1566,Rossiya,2024-04-20,00:24,190
SU4255,Ural Airlines,2024-03-22,11:21,313
SU3908,Azimuth,2024-02-14,00:05,59
SU2614,Red Wings,2024-03-26,08:38,272
SU221,Nordavia,2024-11-23,00:31,276
SU8157,Ural Airlines,2024-06-20,16:48,323
SU7351,Nordavia,2024-03-09,18:32,319
SU8109,Red Wings,2024-01-25,15:30,83
SU4815,Rossiya,2024-07-14,07:19,69
SU6075,Pobeda,2024-06-26,20:00,77
SU3336,Nordavia,2024-10-27,13:58,343
SU9198,Yakutia,2024-07-19,12:15,346
SU3275,S7 Airlines,2024-12-28,10:43,112
SU8220,Red Wings,2024-10-19,06:21,309
SU492,Azimuth,2024-05-15,18:04,122
SU3459,UTair,2024-03-06,02:01,220
SU6044,Yakutia,2024-01-06,19:18,100
SU1514,UTair,2024-01-17,02:43,239
SU8675,UTair,2024-06-27,18:14,190
SU1326,Rossiya,2024-04-13,11:38,97
SU4812,Nordavia,2024-04-03,19:56,296
SU6748,UTair,2024-05-17,08:31,210
SU8852,S7 Airlines,2024-06-14,13:12,146
SU674,Yakutia,2024-11-02,04:14,113
SU1809,Rossiya,2024-11-17,04:18,275
SU1473,Azimuth,2024-11-04,20:31,98
SU5780,Ural Airlines,2024-03-20,12:31,50
SU2870,Ural Airlines,2024-01-08,20:00,162
SU7927,S7 Airlines,2024-03-15,23:41,348
SU6034,Rossiya,2024-06-08,06:27,257
SU7032,Red Wings,2024-01-25,05:05,225
SU7670,Pobeda,2024-02-15,16:36,344
SU9628,UTair,2024-12-06,15:04,339
SU9340,Nordavia,2024-10-01,10:30,56
SU1436,Rossiya,2024-01-09,14:12,143
SU7965,Pobeda,2024-04-15,00:01,87
SU8040,Azimuth,2024-05-19,06:29,314
SU233,Nordavia,2024-11-25,15:45,109
SU8721,Pobeda,2024-05-12,17:43,211
SU3909,S7 Airlines,2024-05-08,09:14,338
SU1588,UTair,2024-01-11,10:35,231
SU1532,Rossiya,2024-03-14,05:37,123
SU1204,Pobeda,2024-06-08,17:22,210
SU503,UTair,2024-03-08,09:19,220
SU9572,S7 Airlines,2024-10-08,23:00,232
SU3277,Ural Airlines,2024-05-24,02:16,156
SU2782,Red Wings,2024-04-09,13:47,347
SU2883,Yakutia,2024-05-18,05:04,142
SU6466,Aeroflot,2024-11-23,19:24,157
SU5502,Ural Airlines,2024-08-03,14:00,291
SU2746,Pobeda,2024-03-07,19:49,84
SU7153,Nordavia,2024-09-24,17:55,57
SU5450,UTair,2024-12-02,02:11,280
SU4126,Aeroflot,2024-08-13,08:44,157
SU6021,Ural Airlines,2024-11-05,13:21,108
SU2367,Yakutia,2024-04-09,14:44,222
SU7445,Pobeda,2024-08-07,06:32,171
SU2872,Nordavia,2024-06-04,06:06,236
SU7563,Azimuth,2024-08-27,10:56,286
SU2741,Azimuth,2024-06-21,14:03,197
SU3391,Red Wings,2024-08-12,11:16,272
SU111,Aeroflot,2024-12-13,08:31,310
SU7817,Rossiya,2024-02-06,19:08,321
SU9889,Aeroflot,2024-01-09,20:58,72
SU789,Rossiya,2024-09-03,23:18,160
SU5452,Aeroflot,2024-02-13,13:41,84
SU8857,Azimuth,2024-06-27,14:51,347
SU6363,Aeroflot,2024-12-15,23:55,187
SU1776,Pobeda,2024-04-22,17:09,191
SU2506,S7 Airlines,2024-02-04,15:10,97
SU5165,Rossiya,2024-11-15,13:51,245
SU3997,Pobeda,2024-09-28,07:51,256
SU2100,Red Wings,2024-09-08,05:46,102
SU5500,S7 Airlines,2024-09-09,15:40,264
SU1973,Rossiya,2024-09-09,06:34,326
SU1056,Aeroflot,2024-02-15,06:37,84
SU3938,Rossiya,2024-07-20,22:20,225
SU6161,Pobeda,2024-03-10,21:27,255
SU6663,Nordavia,2024-04-06,13:12,193
SU700,Yakutia,2024-10-25,19:02,101
SU4311,Azimuth,2024-12-21,17:34,294
SU2067,Aeroflot,2024-06-07,19:53,141
SU6318,UTair,2024-10-09,11:28,190
SU7199,Aeroflot,2024-10-11,20:48,207
SU4828,UTair,2024-12-07,11:44,71
SU5648,Azimuth,2024-07-16,23:42,230
SU3955,Yakutia,2024-06-11,00:30,195
SU4003,UTair,2024-06-02,17:04,99
SU7142,Pobeda,2024-10-03,05:59,124
SU5238,Azimuth,2024-10-21,15:09,95
SU9751,Azimuth,2024-09-18,06:15,303
SU2415,Rossiya,2024-11-09,09:29,103
SU9199,Azimuth,2024-09-23,02:59,285
SU3862,Yakutia,2024-02-14,02:16,278
SU8091,Rossiya,2024-10-25,18:24,56
SU648,Aeroflot,2024-12-14,00:04,335
SU9766,Yakutia,2024-04-28,04:26,51
SU6205,UTair,2024-03-19,21:58,303
SU6860,Ural Airlines,2024-12-06,01:15,268
SU1903,Rossiya,2024-07-20,17:10,173
SU3304,Ural Airlines,2024-07-03,08:56,273
SU4985,Red Wings,2024-07-28,13:48,50
SU7716,Yakutia,2024-12-06,17:41,285
SU4639,UTair,2024-06-01,05:25,233
SU7591,Yakutia,2024-04-26,06:49,60
SU4109,UTair,2024-12-18,15:55,63
SU588,Azimuth,2024-09-01,17:06,295
SU3218,S7 Airlines,2024-05-08,20:38,120
SU2011,Aeroflot,2024-02-11,00:45,284
SU6124,UTair,2024-09-02,05:32,343
SU8246,Ural Airlines,2024-06-24,18:46,274
SU3502,S7 Airlines,2024-12-22,04:56,232
SU4205,Ural Airlines,2024-07-12,15:30,308
SU806,Nordavia,2024-08-22,23:23,292
SU7473,Yakutia,2024-12-15,02:02,331
SU8518,Red Wings,2024-03-13,12:17,275
SU2055,UTair,2024-01-01,21:47,64
SU499,Red Wings,2024-09-18,23:41,339
SU8558,Aeroflot,2024-11-28,14:40,138
SU2816,Ural Airlines,2024-09-09,09:37,119
SU9546,Ural Airlines,2024-11-24,01:14,304
SU5240,Rossiya,2024-06-28,11:53,215
SU5688,Red Wings,2024-04-02,06:16,288
SU8265,Red Wings,2024-12-07,20:12,297
SU3499,Pobeda,2024-10-02,10:09,174
SU7448,UTair,2024-01-23,21:16,328
SU6695,Yakutia,2024-11-22,01:49,168
SU8557,Rossiya,2024-02-20,10:53,271
SU8229,UTair,2024-02-04,04:24,226
SU2098,UTair,2024-01-07,00:26,58
SU6282,S7 Airlines,2024-10-28,08:15,150
SU5583,Yakutia,2024-03-20,13:20,121
SU9148,S7 Airlines,2024-12-24,15:55,144
SU8230,Red Wings,2024-09-08,04:46,266
SU6124,Rossiya,2024-05-10,14:09,220
SU9171,Rossiya,2024-02-20,04:53,335
SU5180,Pobeda,2024-07-02,22:01,74
SU4891,S7 Airlines,2024-04-21,19:09,278
SU1870,Red Wings,2024-12-14,12:40,323
SU4653,Pobeda,2024-02-04,00:36,128
SU712,Red Wings,2024-08-09,03:48,90
SU8881,Red Wings,2024-04-26,12:21,322
SU7767,Ural Airlines,2024-02-06,01:35,89
SU4233,Nordavia,2024-04-08,03:08,306
SU8578,Rossiya,2024-12-11,10:55,153
SU2056,Pobeda,2024-02-28,16:43,171
SU555,Ural Airlines,2024-09-19,09:23,177
SU6771,Aeroflot,2024-02-08,00:12,305
SU7551,Red Wings,2024-12-03,14:30,226
SU311,Red Wings,2024-03-02,17:12,254
SU5980,Yakutia,2024-10-26,18:42,71
SU9152,S7 Airlines,2024-09-02,06:51,184
SU4993,UTair,2024-11-17,10:11,326
SU3038,Ural Airlines,2024-12-27,15:57,174
SU9305,Yakutia,2024-07-24,12:18,120
SU5022,Pobeda,2024-06-14,09:16,150
SU5213,Rossiya,2024-06-09,00:03,123
SU5014,S7 Airlines,2024-10-06,23:22,152
SU8652,Aeroflot,2024-07-16,04:24,324
SU7941,Pobeda,2024-04-22,06:27,280
SU7424,Aeroflot,2024-07-07,23:49,202
SU6959,UTair,2024-09-11,08:13,199
SU5334,Red Wings,2024-05-03,20:31,325
SU8826,UTair,2024-05-22,07:42,77
SU5203,Yakutia,2024-09-15,09:27,101
SU9969,Nordavia,2024-08-21,14:29,137
SU8635,Aeroflot,2024-07-14,02:59,210
SU9243,Red Wings,2024-02-17,05:57,277
SU7997,Nordavia,2024-07-15,10:42,194
SU7912,Rossiya,2024-01-03,13:53,132
SU4208,S7 Airlines,2024-04-20,10:23,136
SU5531,S7 Airlines,2024-09-02,22:03,118
SU4499,Pobeda,2024-02-03,02:21,138
SU3599,Azimuth,2024-05-01,00:14,66
SU6513,Azimuth,2024-03-16,21:19,201
SU9822,Azimuth,2024-05-09,07:33,74
SU3992,Azimuth,2024-09-20,03:05,186
SU9050,Ural Airlines,2024-07-24,16:31,320
SU6348,Aeroflot,2024-08-13,02:52,72
SU8370,Rossiya,2024-01-03,07:13,73
SU2459,Aeroflot,2024-10-23,16:21,345
SU2144,Aeroflot,2024-03-18,00:34,165
SU7499,Red Wings,2024-03-05,04:05,175
SU5754,S7 Airlines,2024-11-13,15:35,148
SU4635,Nordavia,2024-02-25,07:53,294
SU587,Rossiya,2024-04-01,08:53,342
SU346,Pobeda,2024-02-06,17:52,52
SU8038,Yakutia,2024-11-27,05:47,307
SU3617,Pobeda,2024-07-26,10:35,284
SU3759,S7 Airlines,2024-02-07,14:19,291
SU5654,Ural Airlines,2024-03-25,22:38,314
SU1205,Pobeda,2024-02-16,04:57,266
SU207,UTair,2024-02-25,05:08,99
SU3944,UTair,2024-04-20,03:29,115
SU3130,Ural Airlines,2024-10-24,04:27,258
SU4506,Azimuth,2024-09-03,15:02,282
SU4145,Pobeda,2024-06-10,13:38,287
SU1417,Nordavia,2024-09-20,17:55,54
SU395,Aeroflot,2024-11-14,18:27,108
SU4595,Nordavia,2024-01-24,17:22,203
SU6840,Red Wings,2024-11-26,23:37,255
SU8490,Ural Airlines,2024-10-21,17:35,344
SU6852,UTair,2024-05-01,06:06,198
SU4298,Red Wings,2024-10-01,21:43,172
SU7733,Rossiya,2024-07-24,09:41,231
SU6947,Pobeda,2024-06-28,18:18,270
SU4387,UTair,2024-02-07,20:01,55
SU7534,Ural Airlines,2024-03-24,15:43,191
SU2440,Yakutia,2024-06-20,11:41,173
SU5639,Pobeda,2024-04-05,00:35,156
SU3470,Ural Airlines,2024-10-11,10:26,166
SU7632,Aeroflot,2024-05-13,01:23,176
SU924,Red Wings,2024-11-15,03:06,75
SU8021,Nordavia,2024-06-06,04:10,207
SU1709,Aeroflot,2024-10-28,04:55,187
SU1550,Rossiya,2024-04-25,12:54,271
SU2143,S7 Airlines,2024-03-22,12:32,266
SU6945,S7 Airlines,2024-04-28,06:30,184
SU947,Rossiya,2024-08-23,17:23,198
SU3911,Pobeda,2024-06-13,19:46,139
SU5461,Ural Airlines,2024-08-10,01:53,231
SU3550,Ural Airlines,2024-02-17,22:45,104
SU6218,Azimuth,2024-10-15,04:04,97
SU2366,UTair,2024-03-08,09:23,200
SU8440,Ural Airlines,2024-07-22,04:37,169
SU7264,Red Wings,2024-10-28,10:11,216
SU3254,Yakutia,2024-05-19,19:10,183
SU7057,Azimuth,2024-06-01,13:52,342
SU4461,Azimuth,2024-07-09,02:28,196
SU4863,Aeroflot,2024-02-08,03:14,81
SU5187,Red Wings,2024-12-04,05:17,226
SU5840,Pobeda,2024-11-19,02:14,219
SU6150,Azimuth,2024-09-20,09:27,259
SU3344,S7 Airlines,2024-03-15,09:52,310
SU8620,Yakutia,2024-12-14,15:31,337
SU9466,Aeroflot,2024-02-21,04:05,333
SU2027,Nordavia,2024-11-08,03:16,85
SU8128,Nordavia,2024-04-09,04:26,250
SU1309,Pobeda,2024-03-05,09:28,173
SU5206,Rossiya,2024-05-05,17:17,100
SU2013,Azimuth,2024-11-21,09:57,218
SU1807,Nordavia,2024-10-17,07:25,225
SU227,Aeroflot,2024-01-10,20:03,243
SU5272,Azimuth,2024-07-14,12:07,191
SU9313,Yakutia,2024-09-08,03:21,91
SU498,Nordavia,2024-01-13,12:58,171
SU8871,UTair,2024-12-12,00:58,332
SU2674,Yakutia,2024-05-08,07:42,326
SU2752,S7 Airlines,2024-07-28,13:02,217
SU1391,Red Wings,2024-04-08,02:40,57
SU8638,Azimuth,2024-02-14,11:30,206
SU4719,Azimuth,2024-08-10,00:10,119
SU8320,Rossiya,2024-02-08,07:07,126
SU1550,Pobeda,2024-10-01,14:12,221
SU8040,Rossiya,2024-06-18,13:32,121
SU3040,UTair,2024-06-14,05:44,259
SU5558,Yakutia,2024-09-22,00:44,328
SU819,UTair,2024-08-17,12:25,103
SU6964,Ural Airlines,2024-10-18,21:11,311
SU8687,Nordavia,2024-07-04,10:48,301
SU8980,Aeroflot,2024-04-17,18:44,194
SU9118,Azimuth,2024-10-03,08:58,192
SU9811,Azimuth,2024-06-27,18:13,273
SU1244,Aeroflot,2024-11-17,19:48,135
SU2488,S7 Airlines,2024-07-12,10:55,261
SU2078,S7 Airlines,2024-05-15,22:48,326
SU4920,Azimuth,2024-04-19,20:39,184
SU6413,Red Wings,2024-02-06,15:11,214
SU5271,Ural Airlines,2024-02-26,14:55,253
SU2045,Red Wings,2024-06-08,07:23,282
SU9205,S7 Airlines,2024-12-17,21:44,141
SU679,Rossiya,2024-04-06,17:07,348
SU4396,Ural Airlines,2024-06-20,15:56,106
SU5270,Yakutia,2024-03-27,11:33,211
SU8842,Ural Airlines,2024-08-18,22:22,137
SU287,S7 Airlines,2024-07-28,10:46,318
SU286,Nordavia,2024-10-13,18:14,215
SU326,Ural Airlines,2024-03-12,11:06,222
SU2390,Azimuth,2024-10-28,11:22,260
SU2060,S7 Airlines,2024-02-17,18:46,324
SU2945,Ural Airlines,2024-05-06,14:50,95
SU1370,Rossiya,2024-01-20,10:00,257
SU6351,Red Wings,2024-12-19,18:51,271
SU2454,Ural Airlines,2024-01-24,23:54,190
SU2901,Azimuth,2024-04-23,08:16,294
SU4338,Yakutia,2024-04-18,20:59,285
SU3874,Red Wings,2024-12-20,10:22,141
SU5647,Nordavia,2024-03-02,16:30,180
SU6752,Aeroflot,2024-01-14,13:46,76
SU9786,S7 Airlines,2024-02-26,00:53,107
SU2928,Azimuth,2024-08-15,07:43,260
SU7522,Aeroflot,2024-09-03,21:21,71
SU5310,Nordavia,2024-02-18,12:36,210
SU7522,Azimuth,2024-12-09,10:13,123
SU6862,Nordavia,2024-04-15,03:31,95
SU3059,S7 Airlines,2024-08-27,11:39,177
SU4875,Nordavia,2024-11-09,11:48,325
SU9218,Yakutia,2024-09-11,08:24,348
SU9242,Pobeda,2024-08-27,20:26,330
SU6223,Ural Airlines,2024-04-20,08:48,61
SU7337,Aeroflot,2024-12-18,10:58,256
SU5630,S7 Airlines,2024-10-09,10:50,313
SU8778,Nordavia,2024-12-07,04:07,238
SU4908,S7 Airlines,2024-04-13,09:03,127
SU9731,Azimuth,2024-03-09,10:08,311
SU9393,UTair,2024-04-01,22:18,312
SU2079,Yakutia,2024-04-10,21:18,338
SU8322,Ural Airlines,2024-11-16,08:25,267
SU2677,Pobeda,2024-06-21,17:43,313
SU5608,Red Wings,2024-07-25,08:17,180
SU9407,Azimuth,2024-06-04,17:22,316
SU753,S7 Airlines,2024-06-10,18:40,180
SU5848,Red Wings,2024-09-07,03:34,295
SU3670,Ural Airlines,2024-12-25,21:31,332
SU1560,Red Wings,2024-08-12,12:16,231
SU6331,Azimuth,2024-03-02,05:46,273
SU4341,S7 Airlines,2024-12-23,01:36,171
SU8768,UTair,2024-06-01,04:53,248
SU187,Rossiya,2024-07-26,14:20,293
SU8341,S7 Airlines,2024-06-14,16:27,143
SU4406,Ural Airlines,2024-12-02,18:11,56
SU497,Yakutia,2024-02-01,15:23,56
SU286,Rossiya,2024-07-17,05:06,239
SU8934,Azimuth,2024-08-17,17:42,319
SU5337,Yakutia,2024-02-07,06:22,119
SU8328,UTair,2024-11-08,00:41,326
SU4989,Rossiya,2024-07-16,00:44,221
SU5623,UTair,2024-11-01,20:09,245
SU1445,UTair,2024-05-01,16:53,174
SU8498,Azimuth,2024-09-24,14:38,215
SU8642,Pobeda,2024-11-22,08:53,249
SU9698,S7 Airlines,2024-12-28,04:44,142
SU8628,Aeroflot,2024-04-28,12:17,235
SU5568,Rossiya,2024-07-18,19:00,84
SU7971,Aeroflot,2024-10-06,18:07,331
SU7019,Ural Airlines,2024-12-17,11:49,344
SU3007,Rossiya,2024-12-03,06:14,58
SU8164,Red Wings,2024-01-23,07:44,254
SU3718,UTair,2024-11-21,18:29,342
SU3821,UTair,2024-08-01,03:18,228
SU4209,Azimuth,2024-06-12,23:50,325
SU2522,Nordavia,2024-06-05,21:02,202
SU3551,S7 Airlines,2024-10-18,01:34,329
SU8805,UTair,2024-06-03,08:00,224
SU7467,Yakutia,2024-08-13,19:08,214
SU2845,Nordavia,2024-07-11,19:14,143
SU6868,Pobeda,2024-03-28,06:08,210
SU1292,Azimuth,2024-11-09,00:29,210
SU9314,Rossiya,2024-05-15,10:13,148
SU5377,Yakutia,2024-03-18,22:27,210
SU2221,Red Wings,2024-03-12,05:44,92
SU9177,Ural Airlines,2024-07-04,01:09,122
SU795,Yakutia,2024-08-27,19:18,63
SU5000,Azimuth,2024-01-15,09:38,151
SU7560,UTair,2024-10-12,04:34,234
SU7177,Nordavia,2024-05-27,14:16,334
SU9902,Red Wings,2024-01-17,16:02,198
SU2477,Ural Airlines,2024-08-15,22:26,292
SU5190,Azimuth,2024-05-10,16:06,301
SU7812,Yakutia,2024-03-23,08:44,305
SU2581,Rossiya,2024-12-08,23:35,339
SU8271,Pobeda,2024-10-04,13:15,74
SU8059,UTair,2024-03-11,08:38,214
SU9352,Pobeda,2024-11-01,02:12,333
SU8842,Ural Airlines,2024-07-15,00:26,54
SU5376,Nordavia,2024-09-22,13:30,316
SU4330,Ural Airlines,2024-12-05,01:14,152
SU5424,Nordavia,2024-08-26,18:43,297
SU5040,UTair,2024-08-04,06:04,217
SU9485,S7 Airlines,2024-01-09,04:30,177
SU8016,Red Wings,2024-08-18,14:23,95
SU9834,Yakutia,2024-12-28,15:39,173
SU3498,Rossiya,2024-08-17,16:04,276
SU6374,Azimuth,2024-08-27,05:35,310
SU8342,S7 Airlines,2024-06-18,20:07,205
SU6824,UTair,2024-01-24,23:26,72
SU9892,Rossiya,2024-01-07,04:11,312
SU1393,Aeroflot,2024-02-17,23:00,222
SU7958,Yakutia,2024-07-08,00:00,323
SU7386,Azimuth,2024-01-19,21:09,228
SU4977,Ural Airlines,2024-12-02,04:31,245
SU2836,Nordavia,2024-11-20,11:44,260
SU5071,Red Wings,2024-04-03,02:46,202
SU6541,Ural Airlines,2024-12-07,12:48,52
SU875,Aeroflot,2024-11-23,01:36,205
SU9332,Azimuth,2024-12-12,14:28,137
SU233,Rossiya,2024-10-25,15:55,256
SU123,Aeroflot,2024-10-12,13:45,120
SU1119,Yakutia,2024-12-24,23:00,228
SU9129,Red Wings,2024-10-05,07:59,257
SU1765,Aeroflot,2024-02-11,23:08,145
SU8504,Yakutia,2024-05-23,10:18,55
SU5793,Rossiya,2024-08-18,05:34,249
SU1254,Ural Airlines,2024-04-24,00:31,158
SU9767,Yakutia,2024-03-26,11:39,303
SU7511,Yakutia,2024-06-26,04:51,287
SU7866,Aeroflot,2024-03-27,18:39,227
SU7469,Ural Airlines,2024-01-14,14:06,213
SU2424,UTair,2024-01-10,13:22,188
SU4623,Yakutia,2024-12-16,05:33,117
SU3188,Nordavia,2024-03-07,07:51,153
SU9100,Yakutia,2024-06-16,23:17,96
SU3903,Yakutia,2024-05-10,15:55,59
SU3498,S7 Airlines,2024-04-04,18:33,301
SU4980,Yakutia,2024-12-12,15:50,293
SU6220,Yakutia,2024-02-28,11:05,153
SU6867,S7 Airlines,2024-06-26,20:43,167
SU9717,Pobeda,2024-07-07,04:53,94
SU119,Yakutia,2024-11-09,17:43,288
SU1092,Aeroflot,2024-05-08,12:00,260
SU9508,Azimuth,2024-01-15,12:15,293
SU541,Yakutia,2024-12-27,20:52,80
SU9436,Pobeda,2024-12-21,18:08,192
SU3549,Pobeda,2024-07-10,17:50,320
SU9336,Aeroflot,2024-07-08,01:40,270
SU3161,Yakutia,2024-01-19,14:41,334
SU8007,Nordavia,2024-04-09,21:51,212
SU7215,Ural Airlines,2024-03-15,12:16,181
SU6501,UTair,2024-12-02,08:03,322
SU6896,Ural Airlines,2024-10-02,02:18,289
SU6300,Aeroflot,2024-12-03,12:30,151
SU2153,Yakutia,2024-10-01,07:06,321
SU7493,UTair,2024-02-23,14:49,334
SU1089,Ural Airlines,2024-03-21,06:36,173
SU5760,Rossiya,2024-12-06,14:23,192
SU6548,Yakutia,2024-12-07,11:28,236
SU7636,Pobeda,2024-09-17,18:47,241
SU3229,Nordavia,2024-02-27,18:41,339
SU6064,Aeroflot,2024-08-14,18:55,268
SU2960,Red Wings,2024-01-23,16:27,302
SU3677,Red Wings,2024-06-21,11:48,290
SU2355,Yakutia,2024-09-26,18:15,289
SU5779,Yakutia,2024-03-28,19:47,294
SU2646,Nordavia,2024-02-20,11:28,207
SU4772,Aeroflot,2024-05-03,21:18,208
SU5599,Azimuth,2024-08-07,02:44,110
SU5515,Nordavia,2024-03-03,07:00,268
SU717,Nordavia,2024-10-07,14:38,276
SU1677,Azimuth,2024-07-21,05:36,63
SU480,Pobeda,2024-05-02,22:53,61
SU3500,Aeroflot,2024-01-20,22:51,58
SU643,Yakutia,2024-10-05,14:33,310
SU7860,Red Wings,2024-08-08,00:29,280
SU5607,Nordavia,2024-10-23,07:10,230
SU7076,S7 Airlines,2024-01-03,20:21,122
SU1161,UTair,2024-04-12,08:32,160
SU775,S7 Airlines,2024-01-12,16:15,168
SU5515,Aeroflot,2024-03-20,08:34,239
SU1197,Ural Airlines,2024-10-03,12:28,206
SU6550,Pobeda,2024-05-11,01:39,205
SU8742,UTair,2024-10-26,00:36,56
SU2230,Nordavia,2024-04-12,07:56,187
SU3791,Ural Airlines,2024-07-08,02:00,213
SU7583,S7 Airlines,2024-11-04,00:34,348
SU5535,Rossiya,2024-08-23,06:30,158
SU5848,Aeroflot,2024-10-25,23:58,311
SU326,Aeroflot,2024-02-17,10:37,173
SU1837,Yakutia,2024-12-02,08:10,258
SU8178,Ural Airlines,2024-04-01,05:49,58
SU2344,Pobeda,2024-10-08,10:23,222
SU738,Ural Airlines,2024-04-07,06:59,190
SU8793,Azimuth,2024-10-15,16:43,304
SU5243,Red Wings,2024-07-28,05:44,272
SU9983,Rossiya,2024-10-08,16:10,56
SU8644,Red Wings,2024-03-03,18:01,337
SU4430,Nordavia,2024-04-07,21:22,297
SU5528,Azimuth,2024-01-23,05:42,125
SU8046,Red Wings,2024-08-24,22:04,172
SU5933,Rossiya,2024-08-20,08:57,306
SU7616,Yakutia,2024-10-05,15:43,56
SU4329,Azimuth,2024-12-23,14:27,243
SU5847,Nordavia,2024-10-24,22:46,317
SU146,Yakutia,2024-02-27,06:52,283
SU8857,Pobeda,2024-03-15,07:05,194
SU4662,Aeroflot,2024-08-21,14:39,105
SU635,Red Wings,2024-12-18,02:34,216
SU7809,Red Wings,2024-12-14,08:46,93
SU3015,Pobeda,2024-07-10,06:05,194
SU2175,Aeroflot,2024-11-01,07:42,342
SU1660,Red Wings,2024-12-27,07:30,303
SU5399,Yakutia,2024-07-26,12:22,200
SU9767,UTair,2024-10-13,20:46,173
SU2307,Pobeda,2024-07-09,14:00,240
SU524,Yakutia,2024-05-12,09:19,235
SU6653,S7 Airlines,2024-12-24,19:58,148
SU6452,Red Wings,2024-12-09,23:21,248
SU7087,Ural Airlines,2024-11-05,06:53,91
SU7516,Aeroflot,2024-02-14,02:04,166
SU4677,Ural Airlines,2024-09-19,17:43,108
SU8224,UTair,2024-02-23,12:00,160
SU7713,S7 Airlines,2024-12-23,19:26,174
SU3604,UTair,2024-07-01,10:18,53
SU8141,Red Wings,2024-02-11,18:06,52
SU2941,Yakutia,2024-07-28,09:49,297
SU9169,Ural Airlines,2024-12-11,01:53,191
SU6806,Rossiya,2024-12-17,08:06,94
SU2298,Aeroflot,2024-07-20,23:20,350
SU2417,Yakutia,2024-11-09,13:45,146
SU2947,Aeroflot,2024-01-22,11:12,330
SU8356,UTair,2024-10-22,09:22,69
SU7837,Nordavia,2024-06-11,09:11,144
SU878,Yakutia,2024-03-25,13:16,219
SU7251,Nordavia,2024-12-28,23:06,331
SU7359,Yakutia,2024-01-19,14:34,290
SU6065,Yakutia,2024-07-25,23:30,265
SU2074,Pobeda,2024-02-11,06:12,121
SU5060,S7 Airlines,2024-07-02,01:21,174
SU5684,Aeroflot,2024-06-27,15:56,226
SU896,Rossiya,2024-09-28,21:11,339
SU5892,Nordavia,2024-06-05,04:19,278
SU5014,S7 Airlines,2024-05-19,17:53,304
SU3935,Rossiya,2024-11-22,07:08,256
SU686,Rossiya,2024-05-14,02:10,144
SU1568,Azimuth,2024-03-21,17:30,268
SU2643,Azimuth,2024-01-13,05:20,113
SU8243,Yakutia,2024-03-20,04:26,332
SU7953,S7 Airlines,2024-11-07,17:09,302
SU5777,Aeroflot,2024-06-16,18:29,286
SU1401,Azimuth,2024-09-23,08:01,204
SU3235,UTair,2024-02-23,14:30,52
SU7951,Yakutia,2024-04-09,02:21,180
SU2625,Pobeda,2024-01-15,15:15,111
SU9312,Rossiya,2024-03-10,20:20,155
SU2114,Rossiya,2024-06-06,07:22,160
SU3898,Yakutia,2024-07-25,14:35,203
SU1416,Yakutia,2024-02-11,00:00,64
SU7697,Ural Airlines,2024-03-06,11:07,131
SU1469,Ural Airlines,2024-02-25,14:52,206
SU4783,UTair,2024-06-06,07:08,131
SU8749,Nordavia,2024-06-03,13:59,149
SU4216,Pobeda,2024-03-02,07:00,104
SU2594,S7 Airlines,2024-11-25,05:26,252
SU8673,Pobeda,2024-09-03,21:34,115
SU5882,Rossiya,2024-01-12,19:00,334
SU9092,Ural Airlines,2024-07-08,16:52,140
SU7806,Nordavia,2024-03-03,16:01,56
SU9939,UTair,2024-05-09,23:21,158
SU8757,Azimuth,2024-03-27,17:05,258
SU5924,Pobeda,2024-05-14,15:56,58
SU8084,Red Wings,2024-10-25,22:26,158
SU9431,Aeroflot,2024-12-11,11:32,300
SU4452,Aeroflot,2024-01-05,11:45,96
SU3637,Ural Airlines,2024-06-14,15:36,221
SU5141,Pobeda,2024-09-27,19:28,81
SU5798,Pobeda,2024-10-13,16:07,145
SU8334,UTair,2024-12-13,15:33,168
SU6022,Aeroflot,2024-06-17,07:29,169
SU365,S7 Airlines,2024-03-22,06:07,209
SU3128,Nordavia,2024-04-10,21:33,319
SU2348,Nordavia,2024-03-07,23:51,50
SU6617,Red Wings,2024-03-03,20:51,312
SU6378,S7 Airlines,2024-10-01,13:16,239
SU9837,Ural Airlines,2024-03-25,21:28,311
SU2819,Azimuth,2024-12-22,12:13,276
SU6182,Aeroflot,2024-01-16,03:43,225
SU4339,Aeroflot,2024-08-26,04:03,123
SU267,Azimuth,2024-03-08,01:09,301
SU6878,Pobeda,2024-12-09,20:38,331
SU7638,Red Wings,2024-04-06,02:44,343
SU5826,Nordavia,2024-05-02,07:27,225
SU6122,Azimuth,2024-05-26,21:30,127
SU8685,Nordavia,2024-09-19,15:19,63
SU9799,Red Wings,2024-10-02,16:07,193
SU7284,Rossiya,2024-04-17,05:45,118
SU602,Ural Airlines,2024-03-13,07:08,50
SU1982,Azimuth,2024-05-09,22:32,235
SU9158,Rossiya,2024-05-15,08:22,210
SU5508,S7 Airlines,2024-03-27,22:57,327
SU2655,Red Wings,2024-05-14,00:48,176
SU9129,Nordavia,2024-02-28,03:54,347
SU1860,Azimuth,2024-09-26,12:40,205
SU3611,Aeroflot,2024-02-13,16:31,244
SU6158,S7 Airlines,2024-06-05,18:52,132
SU4787,Red Wings,2024-06-16,14:27,87
SU7269,Rossiya,2024-12-15,15:12,257
SU5038,Pobeda,2024-02-08,23:51,249
SU6633,UTair,2024-11-12,12:18,269
SU342,S7 Airlines,2024-10-06,09:50,328
SU8886,Azimuth,2024-05-11,00:11,122
SU5029,Nordavia,2024-05-06,15:02,172
SU9712,Red Wings,2024-05-04,06:22,250
SU127,Azimuth,2024-04-17,05:58,154
SU9658,Ural Airlines,2024-11-28,22:50,331
SU1729,Rossiya,2024-11-25,02:37,81
SU6136,Ural Airlines,2024-08-16,05:22,307
SU8143,S7 Airlines,2024-06-19,10:20,162
SU5260,Red Wings,2024-05-24,16:54,279
SU1257,Nordavia,2024-11-17,13:56,108
SU634,Aeroflot,2024-09-26,03:59,180
SU4716,Aeroflot,2024-04-22,07:03,160
SU6978,Nordavia,2024-06-01,13:21,313
SU2776,UTair,2024-12-21,23:54,313
SU122,Nordavia,2024-05-16,07:31,161
SU3895,Aeroflot,2024-11-01,21:45,152
SU8309,UTair,2024-06-02,09:04,55
SU6776,Aeroflot,2024-02-27,01:28,182
SU1146,Pobeda,2024-06-13,23:52,50
SU9089,Aeroflot,2024-01-07,20:16,276
SU3558,Ural Airlines,2024-09-24,17:16,260
SU7297,Aeroflot,2024-03-18,03:02,68
SU5454,Nordavia,2024-07-08,22:26,180
SU2222,UTair,2024-11-16,13:26,341
SU1555,Red Wings,2024-06-05,23:15,172
SU8012,S7 Airlines,2024-04-03,20:21,159
SU5551,Yakutia,2024-11-13,10:29,242
SU7376,Aeroflot,2024-11-03,03:39,346
SU7576,Rossiya,2024-05-17,23:24,52
SU1954,Yakutia,2024-09-24,10:02,306
SU4570,Rossiya,2024-06-22,10:35,270
SU9776,Nordavia,2024-03-15,04:51,168
SU4799,UTair,2024-04-21,14:21,155
SU3348,Yakutia,2024-04-08,18:07,299
SU9058,Nordavia,2024-07-20,12:58,341
SU2328,Pobeda,2024-12-04,21:04,56
SU2838,Ural Airlines,2024-08-23,12:20,120
SU5925,S7 Airlines,2024-04-10,17:47,280
SU7649,Red Wings,2024-05-13,09:49,144
SU2200,Azimuth,2024-06-09,03:56,201
SU6535,UTair,2024-05-03,22:19,51
SU6602,Ural Airlines,2024-07-10,04:27,221
SU3019,Aeroflot,2024-05-08,14:23,174
SU9162,Azimuth,2024-01-21,18:50,139
SU9107,Yakutia,2024-08-07,09:52,87
SU2048,Ural Airlines,2024-09-23,05:08,333
SU867,Pobeda,2024-08-07,04:00,297
SU8568,Yakutia,2024-08-22,14:30,69
SU7796,Red Wings,2024-02-23,10:37,334
SU2013,Azimuth,2024-02-05,05:03,167
SU5787,Nordavia,2024-09-25,10:32,123
SU1847,Azimuth,2024-12-23,07:57,236
SU8060,Ural Airlines,2024-11-19,17:56,69
SU7951,S7 Airlines,2024-04-24,15:13,277
SU4817,Nordavia,2024-04-18,20:43,55
SU443,Azimuth,2024-07-09,16:29,124
SU4090,Rossiya,2024-02-16,03:11,233
SU3308,Azimuth,2024-05-04,01:10,202
SU4549,Nordavia,2024-08-01,10:21,103
SU588,Yakutia,2024-08-28,04:42,187
SU5456,UTair,2024-05-18,12:58,65
SU5308,S7 Airlines,2024-05-01,15:12,343
SU6447,Nordavia,2024-02-15,06:25,188
SU1337,Pobeda,2024-05-09,23:39,216
SU8906,Rossiya,2024-12-22,05:25,333
SU7701,Red Wings,2024-10-28,03:22,152
SU2204,Nordavia,2024-12-01,07:45,300
SU1232,S7 Airlines,2024-08-27,05:13,143
SU2956,Aeroflot,2024-05-25,11:29,178
SU4901,Rossiya,2024-03-02,06:33,250
SU4717,Red Wings,2024-04-02,00:39,119
SU3782,S7 Airlines,2024-05-12,04:01,140
SU8282,S7 Airlines,2024-11-04,18:04,255
SU2426,Red Wings,2024-06-09,01:10,196
SU118,Rossiya,2024-12-26,02:22,291
SU9343,Azimuth,2024-06-20,13:24,245
SU1278,S7 Airlines,2024-01-07,14:49,259
SU6019,Rossiya,2024-01-01,17:26,134
SU7748,Azimuth,2024-03-03,16:21,85
SU4452,S7 Airlines,2024-03-14,13:51,239
SU8259,Rossiya,2024-01-25,11:46,101
SU4032,Rossiya,2024-07-11,05:43,278
SU3188,Aeroflot,2024-08-11,07:24,124
SU5390,Nordavia,2024-03-19,01:47,298
SU6832,Rossiya,2024-01-02,03:34,78
SU2763,Rossiya,2024-05-21,21:07,162
SU7367,Red Wings,2024-08-20,00:03,344
SU591,Red Wings,2024-05-07,16:01,316
SU8851,UTair,2024-10-16,18:13,151
SU2673,Pobeda,2024-08-03,23:26,54
SU4751,Azimuth,2024-04-19,07:28,265
SU8317,Aeroflot,2024-05-07,20:49,71
SU6831,Red Wings,2024-02-09,06:03,187
SU6712,Aeroflot,2024-06-19,00:06,159
SU6068,Yakutia,2024-09-03,13:52,275
SU507,Nordavia,2024-06-17,04:21,96
SU4892,Azimuth,2024-09-04,15:00,311
SU7442,Red Wings,2024-05-13,10:06,201
SU2001,Pobeda,2024-06-17,09:47,321
SU8931,S7 Airlines,2024-04-13,00:33,65
SU5968,Ural Airlines,2024-09-02,10:50,312
SU3923,Yakutia,2024-03-15,01:34,123
SU9341,S7 Airlines,2024-04-23,14:54,344
SU4235,UTair,2024-12-25,14:31,277
SU1581,Yakutia,2024-05-20,02:26,205
SU6679,UTair,2024-09-26,18:59,159
SU3830,Pobeda,2024-04-27,16:31,235
SU7376,Nordavia,2024-12-17,03:27,116
SU8918,S7 Airlines,2024-07-19,13:42,131
SU5057,S7 Airlines,2024-02-14,11:38,280
SU7009,S7 Airlines,2024-09-22,12:25,348
SU526,Rossiya,2024-05-04,16:31,214
SU4297,Azimuth,2024-09-06,02:32,126
SU1261,Rossiya,2024-10-18,20:27,233
SU8849,UTair,2024-08-28,18:44,160
SU531,Nordavia,2024-10-18,18:31,159
SU2424,Rossiya,2024-03-01,09:29,279
SU287,Red Wings,2024-12-18,17:15,150
SU5618,Aeroflot,2024-04-10,23:58,187
SU6551,Azimuth,2024-02-05,22:42,69
SU2393,Rossiya,2024-01-08,12:28,117
SU785,Aeroflot,2024-04-12,10:08,203
SU9215,Yakutia,2024-07-20,09:35,255
SU8345,S7 Airlines,2024-06-10,04:37,94
SU5048,Nordavia,2024-11-03,17:33,96
SU861,Nordavia,2024-12-16,08:21,320
SU8058,Ural Airlines,2024-03-17,10:58,57
SU395,Ural Airlines,2024-05-17,10:08,342
SU7119,UTair,2024-01-14,16:08,272
SU7269,UTair,2024-09-26,13:18,317
SU8330,Yakutia,2024-04-26,18:33,248
SU2564,Pobeda,2024-02-24,17:31,117
SU866,UTair,2024-09-09,05:53,315
SU5874,Azimuth,2024-10-14,23:01,69
SU4413,Yakutia,2024-10-14,21:28,339
SU5093,Ural Airlines,2024-12-26,12:29,125
SU4349,Yakutia,2024-02-10,08:55,166
SU9104,Yakutia,2024-07-01,10:45,152
SU6162,Azimuth,2024-06-08,17:48,274
SU9372,Aeroflot,2024-10-10,05:48,339
SU5053,Azimuth,2024-01-04,09:55,71
SU2761,Nordavia,2024-10-23,06:58,100
SU3475,Aeroflot,2024-11-10,06:17,262
SU2227,Aeroflot,2024-03-24,17:54,199
SU8303,S7 Airlines,2024-12-19,20:02,157
SU8901,Ural Airlines,2024-04-27,11:33,334
SU8247,Ural Airlines,2024-02-05,11:29,331
SU3701,Yakutia,2024-02-25,20:26,176
SU6359,Red Wings,2024-07-09,16:07,67
SU1073,Aeroflot,2024-12-04,16:12,176
SU2273,Red Wings,2024-08-01,10:59,212
SU8425,Yakutia,2024-08-24,19:51,195
SU3183,Red Wings,2024-12-24,17:01,93
SU8975,Red Wings,2024-11-01,17:20,117
SU9239,Pobeda,2024-02-02,15:51,258
SU3947,Rossiya,2024-10-13,13:27,298
SU1164,Rossiya,2024-11-14,07:05,217
SU8719,Azimuth,2024-07-24,13:24,67
SU6301,Rossiya,2024-06-10,07:32,214
SU8257,Nordavia,2024-12-20,03:02,109
SU2308,Nordavia,2024-08-01,06:34,265
SU8252,S7 Airlines,2024-04-21,19:56,274
SU8058,Rossiya,2024-02-23,14:06,266
SU6518,Azimuth,2024-03-23,06:03,203
SU5371,Red Wings,2024-04-17,20:22,267
SU9467,Pobeda,2024-05-21,11:41,268
SU648,Red Wings,2024-11-23,17:00,60
SU7186,S7 Airlines,2024-05-25,06:02,248
SU5802,Rossiya,2024-10-19,01:58,172
SU5982,Yakutia,2024-12-11,13:02,83
SU1966,Ural Airlines,2024-09-26,18:09,93
SU4269,Yakutia,2024-12-27,14:49,216
SU2119,Rossiya,2024-01-06,12:02,154
SU9204,Aeroflot,2024-10-05,04:15,191
SU1470,Yakutia,2024-09-20,15:32,127
SU195,Rossiya,2024-01-28,02:30,79
SU7863,Pobeda,2024-08-10,20:13,293
SU1764,Ural Airlines,2024-05-18,17:33,297
SU2258,Yakutia,2024-10-26,06:48,295
SU6745,Yakutia,2024-06-21,09:47,225
SU1933,Rossiya,2024-06-14,23:50,224
SU4899,Azimuth,2024-07-24,22:38,345
SU4844,Nordavia,2024-11-14,12:14,275
SU5816,Nordavia,2024-12-18,02:22,140
SU3824,Pobeda,2024-04-25,05:56,110
SU3261,S7 Airlines,2024-12-28,14:39,221
SU1864,Nordavia,2024-12-28,10:22,257
SU9469,Red Wings,2024-01-03,19:22,120
SU2125,Red Wings,2024-11-05,22:39,318
SU9629,S7 Airlines,2024-01-24,01:59,88
SU4483,Rossiya,2024-05-15,06:37,231
SU3283,Pobeda,2024-04-10,23:48,166
SU475,Azimuth,2024-10-02,10:45,170
SU9681,Azimuth,2024-01-05,13:57,246
SU4972,Rossiya,2024-07-17,19:37,53
SU9881,Aeroflot,2024-10-26,18:26,145
SU9734,Ural Airlines,2024-03-20,20:33,289
SU8457,Azimuth,2024-10-22,18:30,203
SU3593,Red Wings,2024-03-09,06:46,157
SU3465,UTair,2024-01-17,11:38,81
SU4879,Pobeda,2024-09-07,16:08,233
SU3714,Ural Airlines,2024-03-09,15:25,216
SU7779,S7 Airlines,2024-02-06,04:17,147
SU779,Pobeda,2024-01-10,09:22,270
SU9074,S7 Airlines,2024-08-08,06:53,149
SU4353,Pobeda,2024-07-11,23:57,145
SU3916,Azimuth,2024-04-22,05:25,202
SU9722,Rossiya,2024-03-23,21:24,245
SU8453,S7 Airlines,2024-05-25,01:57,77
SU5252,Aeroflot,2024-01-21,13:26,286
SU5738,Rossiya,2024-09-10,01:09,119
SU3962,Aeroflot,2024-12-08,23:23,285
SU9566,S7 Airlines,2024-03-07,15:39,323
SU1583,Rossiya,2024-11-11,13:40,335
SU4783,UTair,2024-12-23,20:34,291
SU1748,Pobeda,2024-10-19,05:37,187
SU5178,Aeroflot,2024-02-22,13:41,311
SU5801,Azimuth,2024-12-13,16:36,197
SU5097,Nordavia,2024-07-04,05:36,153
SU2165,Ural Airlines,2024-10-20,20:19,201
SU3728,Azimuth,2024-04-20,12:42,264
SU4369,Azimuth,2024-12-14,22:28,350
SU7981,Azimuth,2024-10-23,10:54,189
SU6290,UTair,2024-12-14,18:05,275
SU7811,Azimuth,2024-03-02,05:14,218
SU7758,UTair,2024-06-17,03:43,52
SU4087,Rossiya,2024-09-18,18:18,172
SU2475,Azimuth,2024-07-03,13:45,198
SU7745,Red Wings,2024-10-26,19:26,198
SU8829,S7 Airlines,2024-02-24,15:03,200
SU5086,UTair,2024-04-22,02:45,304
SU1165,UTair,2024-04-02,19:25,131
SU1208,UTair,2024-11-02,07:56,148
SU3903,Rossiya,2024-09-11,15:59,321
SU3138,Pobeda,2024-12-28,12:21,88
SU7284,Ural Airlines,2024-04-18,17:45,318
SU5453,Aeroflot,2024-09-21,04:17,275
SU8871,Pobeda,2024-06-06,00:00,275
SU9079,Yakutia,2024-04-13,15:41,59
SU7531,Nordavia,2024-06-13,20:24,55
SU6678,UTair,2024-12-12,18:28,120
SU3926,Red Wings,2024-10-04,00:24,310
SU8203,Red Wings,2024-04-26,04:54,211
SU5145,Red Wings,2024-11-04,06:51,64
SU9673,Aeroflot,2024-08-09,07:41,236
SU8416,Yakutia,2024-02-19,17:17,182
SU9749,Ural Airlines,2024-05-08,16:15,326
SU873,Azimuth,2024-05-03,00:32,234
SU744,UTair,2024-12-28,09:15,162
SU6911,Yakutia,2024-04-22,19:01,67
SU5130,Azimuth,2024-11-07,03:43,193
SU327,Rossiya,2024-06-18,18:33,102
SU8254,Pobeda,2024-07-20,10:55,195
SU5967,Red Wings,2024-05-18,12:20,209
SU4210,Azimuth,2024-05-03,02:36,163
SU519,Pobeda,2024-11-19,22:59,337
SU3255,Nordavia,2024-11-19,18:46,279
SU6923,S7 Airlines,2024-11-01,04:09,229
SU3628,Yakutia,2024-08-02,03:46,283
SU2601,Azimuth,2024-05-28,20:24,126
SU421,Nordavia,2024-02-27,07:18,282
SU8960,Azimuth,2024-12-17,03:29,166
SU3084,Aeroflot,2024-04-23,15:47,145
SU5431,Rossiya,2024-03-11,20:24,133
SU233,Nordavia,2024-10-07,20:57,278
SU6222,Yakutia,2024-04-13,04:19,290
SU1250,Red Wings,2024-09-08,04:52,210
SU8049,Rossiya,2024-12-06,11:25,246
SU8191,Rossiya,2024-04-17,06:25,247
SU6566,Ural Airlines,2024-03-19,05:32,283
SU9278,Azimuth,2024-12-03,10:37,155
SU5938,Pobeda,2024-11-16,20:12,309
SU3883,UTair,2024-09-23,07:02,95
SU8997,Rossiya,2024-03-08,16:42,163
SU1235,Azimuth,2024-12-26,06:56,51
SU6045,Yakutia,2024-08-06,10:16,159
SU6837,Yakutia,2024-07-03,07:18,270
SU3025,Aeroflot,2024-06-15,19:59,208
SU3050,S7 Airlines,2024-08-22,14:05,159
SU7672,Ural Airlines,2024-01-08,21:14,231
SU8871,Azimuth,2024-08-22,05:13,189
SU294,Aeroflot,2024-09-21,23:24,149
SU4849,S7 Airlines,2024-08-11,15:26,299
SU8572,Red Wings,2024-02-02,08:39,304
SU4376,Ural Airlines,2024-12-27,04:03,79
SU9072,Yakutia,2024-03-23,10:27,307
SU9023,S7 Airlines,2024-04-10,14:10,78
SU7419,S7 Airlines,2024-02-10,09:01,313
SU158,S7 Airlines,2024-08-03,06:20,342
SU7699,UTair,2024-07-22,07:26,249
SU7434,Rossiya,2024-06-13,04:24,284
SU5030,Pobeda,2024-07-28,12:09,128
SU8924,Pobeda,2024-11-19,22:56,207
SU1134,S7 Airlines,2024-06-10,01:26,230
SU2354,Red Wings,2024-01-16,19:53,65
SU9383,Nordavia,2024-01-20,00:28,59
SU2908,UTair,2024-06-13,14:06,346
SU3677,Pobeda,2024-05-20,17:39,162
SU2864,Red Wings,2024-01-04,07:07,97
SU6405,Aeroflot,2024-05-02,02:59,70
SU1199,S7 Airlines,2024-10-23,07:49,221
SU5292,Yakutia,2024-12-05,00:24,233
SU4922,S7 Airlines,2024-03-08,03:59,316
SU2424,Ural Airlines,2024-06-10,12:05,191
SU1258,Red Wings,2024-10-16,10:53,104
SU519,Azimuth,2024-07-21,03:33,226
SU2422,UTair,2024-12-09,08:08,212
SU5608,UTair,2024-12-24,00:54,293
SU6915,Ural Airlines,2024-12-23,14:04,168
SU3212,Yakutia,2024-08-09,05:31,85
SU9136,Rossiya,2024-08-23,13:15,276
SU5259,Yakutia,2024-11-28,20:52,332
SU8622,Nordavia,2024-08-01,13:16,315
SU158,Pobeda,2024-04-15,15:17,99
SU6958,Rossiya,2024-11-23,10:36,279
SU5867,Red Wings,2024-07-17,11:10,84
SU974,S7 Airlines,2024-09-11,00:27,218
SU1571,S7 Airlines,2024-01-07,09:34,259
SU4210,Rossiya,2024-03-24,17:13,108
SU9392,Nordavia,2024-01-23,08:25,201
SU434,Pobeda,2024-03-02,13:31,120
SU3762,UTair,2024-01-16,05:39,52
SU9010,Red Wings,2024-03-21,02:43,134
SU1233,Yakutia,2024-07-26,16:58,308
SU1243,S7 Airlines,2024-02-07,20:29,79
SU7799,Red Wings,2024-09-17,06:20,147
SU730,Ural Airlines,2024-05-20,06:53,156
SU2327,Azimuth,2024-09-27,03:17,80
SU9146,S7 Airlines,2024-09-28,11:43,111
SU691,Azimuth,2024-05-03,05:17,61
SU6117,Red Wings,2024-11-27,02:36,79
SU6017,Red Wings,2024-06-04,09:50,208
SU7219,Red Wings,2024-01-03,08:19,146
SU5771,Red Wings,2024-03-14,06:52,277
SU5364,Red Wings,2024-07-12,22:10,269
SU1137,Ural Airlines,2024-04-17,15:24,312
SU9642,Azimuth,2024-06-24,01:00,245
SU6526,Pobeda,2024-02-24,01:31,90
SU2930,Rossiya,2024-03-16,21:09,321
SU6935,Aeroflot,2024-11-17,23:43,194
SU5550,Pobeda,2024-06-13,20:32,54
SU4987,Pobeda,2024-04-26,06:28,140
SU4721,Yakutia,2024-03-20,13:10,119
SU4495,Rossiya,2024-04-15,17:23,204
SU9506,Yakutia,2024-09-21,13:21,347
SU6129,Yakutia,2024-11-26,18:27,161
SU1066,Nordavia,2024-08-09,04:16,182
SU1531,Ural Airlines,2024-07-17,21:50,288
SU3000,Nordavia,2024-10-27,03:22,333
SU2751,UTair,2024-04-27,13:46,213
SU2014,Rossiya,2024-03-14,14:41,283
SU705,Yakutia,2024-11-11,21:09,295
SU9822,UTair,2024-12-01,18:39,313
SU8920,Yakutia,2024-11-28,15:46,75
SU3323,S7 Airlines,2024-01-18,22:44,224
SU3872,Yakutia,2024-02-02,16:43,310
SU9559,Red Wings,2024-10-13,00:38,142
SU6541,UTair,2024-07-14,13:33,323
SU8152,Nordavia,2024-08-07,15:36,211
SU1274,UTair,2024-08-24,14:33,113
SU5761,Nordavia,2024-04-25,07:05,198
SU7419,Rossiya,2024-06-23,19:59,268
SU2485,Ural Airlines,2024-03-06,01:35,64
SU6862,Azimuth,2024-10-24,16:27,238
SU7013,Pobeda,2024-05-23,14:22,297
SU709,Azimuth,2024-09-16,04:33,112
SU4998,S7 Airlines,2024-06-03,04:23,296
SU5568,Ural Airlines,2024-04-11,17:40,277
SU694,Yakutia,2024-04-04,16:49,344
SU3548,S7 Airlines,2024-09-24,11:26,186
SU9938,Red Wings,2024-09-27,08:25,113
SU8818,S7 Airlines,2024-04-19,09:46,298
SU1969,Aeroflot,2024-02-03,20:40,78
SU4628,Pobeda,2024-02-07,04:27,161
SU2635,UTair,2024-05-05,08:52,85
SU5793,Aeroflot,2024-04-10,18:53,78
SU545,Red Wings,2024-12-13,13:43,159
SU8460,UTair,2024-09-15,20:44,191
SU7939,Pobeda,2024-07-23,02:30,200
SU273,Nordavia,2024-11-15,21:39,252
SU4303,Ural Airlines,2024-12-09,19:41,57
SU6734,Aeroflot,2024-11-11,13:04,203
SU5215,Ural Airlines,2024-12-26,20:24,80
SU1308,Ural Airlines,2024-11-01,04:39,296
SU5993,Pobeda,2024-08-07,18:16,301
SU7652,Rossiya,2024-04-10,08:15,126
SU5759,Ural Airlines,2024-05-15,09:23,264
SU5630,Nordavia,2024-12-17,11:14,178
SU4329,Yakutia,2024-06-10,17:24,57
SU9209,Pobeda,2024-04-27,02:35,266
SU4919,Yakutia,2024-08-05,18:40,79
SU8609,Ural Airlines,2024-05-19,13:43,346
SU906,Azimuth,2024-07-24,13:25,228
SU588,Yakutia,2024-04-13,19:24,121
SU9992,Azimuth,2024-02-12,05:12,219
SU9944,Pobeda,2024-07-24,06:56,248
SU831,UTair,2024-03-07,02:53,243
SU4478,Yakutia,2024-08-14,22:32,194
SU5405,Yakutia,2024-11-08,19:13,227
SU4674,Azimuth,2024-11-03,20:19,133
SU9562,Azimuth,2024-06-19,18:40,76
SU3047,Yakutia,2024-08-01,23:52,304
SU6761,Red Wings,2024-08-15,23:59,200
SU2508,UTair,2024-01-07,16:38,216
SU9034,Red Wings,2024-09-24,02:49,82
SU3998,Rossiya,2024-04-02,08:01,123
SU6819,Pobeda,2024-05-22,07:36,299
SU5120,Rossiya,2024-01-10,04:29,193
SU4307,Yakutia,2024-08-06,13:08,53
SU6545,Pobeda,2024-08-22,20:05,162
SU3264,UTair,2024-05-06,11:24,175
SU1050,Pobeda,2024-02-20,02:17,305
SU1913,Red Wings,2024-02-08,14:09,107
SU7093,Pobeda,2024-03-09,10:53,266
SU4085,Ural Airlines,2024-03-16,18:16,307
SU8052,Red Wings,2024-12-16,06:02,179
SU8457,S7 Airlines,2024-03-13,06:53,203
SU5659,Azimuth,2024-03-27,00:39,234
SU6168,UTair,2024-09-21,22:30,133
SU9237,Nordavia,2024-08-08,19:47,56
SU4866,Yakutia,2024-03-17,09:24,292
SU8204,Yakutia,2024-10-26,19:34,91
SU7547,Aeroflot,2024-02-14,11:11,266
SU325,Nordavia,2024-03-14,14:09,60
SU4311,Red Wings,2024-12-26,09:22,52
SU6644,Azimuth,2024-01-23,00:42,313
SU3300,Nordavia,2024-11-15,12:11,70
SU861,Aeroflot,2024-10-03,06:28,87
SU1356,Aeroflot,2024-04-09,14:49,136
SU9449,Aeroflot,2024-11-16,00:01,214
SU4606,Rossiya,2024-04-18,09:06,212
SU3520,Azimuth,2024-10-17,23:44,248
SU6316,S7 Airlines,2024-08-19,10:29,161
SU6305,Yakutia,2024-07-02,17:06,252
SU4783,Pobeda,2024-04-15,04:25,227
SU2601,Red Wings,2024-09-26,15:52,140
SU9811,Yakutia,2024-03-25,19:23,87
SU9758,Nordavia,2024-09-13,08:24,166
SU1385,Nordavia,2024-07-24,04:40,325
SU699,Aeroflot,2024-03-05,05:21,145
SU7181,Red Wings,2024-02-22,20:46,343
SU1490,Nordavia,2024-10-20,19:39,243
SU9285,Aeroflot,2024-06-14,21:25,196
SU1406,Azimuth,2024-02-15,14:24,277
SU7493,Ural Airlines,2024-07-17,00:29,162
SU1165,Ural Airlines,2024-01-17,02:45,293
SU836,Red Wings,2024-02-25,22:54,108
SU2527,Yakutia,2024-09-18,16:45,65
SU5550,Rossiya,2024-01-21,02:56,277
SU8497,Pobeda,2024-06-07,16:08,162
SU223,UTair,2024-11-18,23:59,255
SU848,Yakutia,2024-11-15,21:06,167
SU3436,Rossiya,2024-04-14,22:48,88
SU2190,Nordavia,2024-08-22,03:22,343
SU6033,Aeroflot,2024-06-07,05:13,152
SU7370,Pobeda,2024-05-28,23:41,299
SU3431,UTair,2024-10-25,23:54,259
SU4292,Yakutia,2024-11-28,15:26,87
SU8083,Ural Airlines,2024-10-07,02:19,340
SU3621,S7 Airlines,2024-02-08,09:47,280
SU8353,Rossiya,2024-09-22,13:34,136
SU3093,Pobeda,2024-06-04,19:27,266
SU7272,Azimuth,2024-10-10,16:19,151
SU2523,Aeroflot,2024-07-01,00:13,342
SU9637,Pobeda,2024-12-14,03:45,289
SU5268,Azimuth,2024-11-27,04:52,262
SU6404,Aeroflot,2024-12-14,20:58,85
SU6991,S7 Airlines,2024-11-14,10:16,160
SU5810,Rossiya,2024-10-08,04:47,74
SU7767,Azimuth,2024-02-14,23:00,196
SU6389,Azimuth,2024-06-05,10:14,292
SU7318,Red Wings,2024-02-10,02:32,342
SU3326,Nordavia,2024-09-05,04:59,321
SU4522,Pobeda,2024-02-25,05:33,178
SU7942,Red Wings,2024-06-20,21:33,187
SU2408,Rossiya,2024-07-24,11:38,281
SU1327,Azimuth,2024-01-16,07:39,167
SU7437,Pobeda,2024-01-22,12:51,267
SU564,S7 Airlines,2024-10-27,09:38,168
SU298,Nordavia,2024-07-14,10:48,267
SU6304,Aeroflot,2024-07-06,23:55,251
SU6811,Ural Airlines,2024-09-13,08:12,340
SU5197,Azimuth,2024-08-17,18:30,163
SU6645,UTair,2024-02-26,16:47,222
SU8833,Azimuth,2024-03-04,07:39,239
SU1287,Aeroflot,2024-04-15,00:33,300
SU1355,Aeroflot,2024-06-12,11:55,102
SU5106,Pobeda,2024-12-22,08:49,81
SU5905,Nordavia,2024-01-20,14:18,133
SU1192,Azimuth,2024-11-27,13:10,194
SU2215,Red Wings,2024-02-21,12:56,77
SU6519,Nordavia,2024-01-12,18:03,133
SU1025,Ural Airlines,2024-12-04,08:32,311
SU9725,Yakutia,2024-10-20,17:15,231
SU902,Nordavia,2024-04-15,11:51,122
SU8647,Pobeda,2024-09-08,14:24,185
SU4868,UTair,2024-12-04,11:01,163
SU9277,Azimuth,2024-01-13,13:43,136
SU5874,Rossiya,2024-05-21,12:51,164
SU665,Pobeda,2024-03-05,10:32,261
SU1733,Red Wings,2024-06-27,13:32,175
SU8717,Ural Airlines,2024-03-24,23:26,232
SU6972,Nordavia,2024-05-26,12:39,65
SU1875,Pobeda,2024-08-08,19:53,72
SU8087,S7 Airlines,2024-01-20,18:32,112
SU4941,Ural Airlines,2024-10-19,06:30,254
SU880,Pobeda,2024-07-10,08:39,172
SU934,Ural Airlines,2024-07-22,02:52,300
SU9108,Yakutia,2024-10-06,20:02,228
SU2718,Pobeda,2024-12-25,07:27,271
SU5623,Aeroflot,2024-10-12,07:46,211
SU2048,Aeroflot,2024-04-04,03:22,322
SU4218,Ural Airlines,2024-10-12,01:23,168
SU9491,Yakutia,2024-05-13,08:05,265
SU2594,Rossiya,2024-03-04,03:51,112
SU4605,Ural Airlines,2024-02-09,22:18,340
SU7533,Azimuth,2024-06-23,15:20,166
SU3973,Ural Airlines,2024-08-22,04:13,224
SU2692,Pobeda,2024-07-20,09:47,247
SU9648,S7 Airlines,2024-08-12,01:54,320
SU3868,Nordavia,2024-10-25,18:04,281
SU9399,Ural Airlines,2024-07-21,08:30,224
SU6089,Aeroflot,2024-12-14,07:39,219
SU1209,S7 Airlines,2024-10-02,09:32,99
SU4343,UTair,2024-06-10,02:37,214
SU3700,Nordavia,2024-03-02,21:08,134
SU6458,Azimuth,2024-02-12,09:56,312
SU6965,Yakutia,2024-03-23,14:44,130
SU5181,Red Wings,2024-04-04,16:53,90
SU9939,UTair,2024-04-10,08:07,198
SU8710,Ural Airlines,2024-02-18,07:50,332
SU184,Rossiya,2024-04-23,16:01,282
SU3986,Pobeda,2024-08-08,03:07,181
SU5898,Nordavia,2024-10-20,10:03,252
SU353,UTair,2024-03-28,15:10,56
SU987,Pobeda,2024-12-22,13:02,115
SU1456,Nordavia,2024-02-19,09:13,281
SU586,UTair,2024-10-26,04:24,341
SU1082,Azimuth,2024-05-10,22:41,121
SU4603,Ural Airlines,2024-09-22,04:47,80
SU6274,Yakutia,2024-05-09,00:29,140
SU1908,Ural Airlines,2024-01-16,15:54,332
SU1953,UTair,2024-02-17,12:17,232
SU5991,Rossiya,2024-03-02,14:27,336
SU5862,Aeroflot,2024-03-26,18:58,81
SU7171,Yakutia,2024-11-12,05:16,286
SU9260,Aeroflot,2024-03-20,16:33,85
SU5436,Ural Airlines,2024-11-25,06:45,343
SU9491,Ural Airlines,2024-01-25,03:02,151
SU7746,UTair,2024-10-17,22:52,183
SU6746,Yakutia,2024-03-24,04:02,228
SU2178,S7 Airlines,2024-08-06,12:23,332
SU6994,S7 Airlines,2024-11-27,03:55,314
SU9117,UTair,2024-09-15,10:05,279
SU6324,Nordavia,2024-11-09,14:03,234
SU2967,Pobeda,2024-09-05,16:13,153
SU1553,Aeroflot,2024-05-01,01:20,269
SU8721,Aeroflot,2024-12-12,22:13,194
SU2916,Nordavia,2024-11-18,02:38,296
SU9602,Rossiya,2024-06-08,18:52,308
SU3059,Pobeda,2024-04-06,06:05,243
SU6870,Ural Airlines,2024-02-04,04:47,102
SU4179,Aeroflot,2024-08-05,04:19,219
SU1078,Azimuth,2024-10-24,07:33,229
SU8443,Rossiya,2024-05-16,22:09,297
SU5125,Aeroflot,2024-05-08,09:52,276
SU7874,UTair,2024-09-07,00:54,229
SU4440,Pobeda,2024-01-03,20:37,350
SU5664,S7 Airlines,2024-10-28,05:45,316
SU665,Yakutia,2024-06-14,18:30,257
SU3083,Azimuth,2024-05-11,15:40,326
SU9588,Azimuth,2024-03-09,23:10,323
SU1510,Ural Airlines,2024-07-03,02:03,81
SU1374,Pobeda,2024-10-15,22:34,271
SU6599,Ural Airlines,2024-11-10,17:10,141
SU7534,Pobeda,2024-12-12,03:44,253
SU4395,UTair,2024-06-28,02:56,186
SU2634,Red Wings,2024-08-05,20:05,269
SU5327,UTair,2024-11-25,11:08,137
SU2217,S7 Airlines,2024-06-27,17:43,206
SU8763,Yakutia,2024-08-07,06:06,302
SU9634,Pobeda,2024-06-02,00:08,153
SU1085,Nordavia,2024-04-18,08:55,246
SU6630,Nordavia,2024-10-04,22:24,243
SU5791,Rossiya,2024-12-20,11:36,197
SU3449,Aeroflot,2024-02-21,20:42,71
SU6035,Azimuth,2024-08-11,06:58,79
SU9240,Nordavia,2024-10-07,06:38,317
SU3833,Rossiya,2024-09-24,12:34,251
SU2382,S7 Airlines,2024-01-14,06:41,269
SU7104,Rossiya,2024-01-24,02:28,135
SU3558,S7 Airlines,2024-11-20,14:10,50
SU6321,Nordavia,2024-12-02,12:58,58
SU4990,Yakutia,2024-05-23,05:00,259
SU3923,Azimuth,2024-07-12,01:39,281
SU8839,Rossiya,2024-11-10,04:10,78
SU8091,Ural Airlines,2024-03-13,13:40,254
SU1983,Pobeda,2024-06-03,21:50,196
SU920,Red Wings,2024-01-27,07:14,201
SU6621,Yakutia,2024-08-15,22:28,260
SU3059,Red Wings,2024-08-14,16:49,74
SU6667,Aeroflot,2024-12-27,05:26,111
SU7873,UTair,2024-10-10,11:41,151
SU6481,Aeroflot,2024-12-03,18:42,193
SU5637,Azimuth,2024-09-12,09:18,330
SU2467,S7 Airlines,2024-11-19,17:40,94
SU7733,Rossiya,2024-05-25,13:07,138
SU1775,Ural Airlines,2024-11-02,14:17,157
SU5514,Yakutia,2024-01-17,20:06,312
SU6133,Rossiya,2024-05-21,13:54,180
SU6288,Nordavia,2024-01-25,14:45,150
SU8722,Aeroflot,2024-07-24,12:52,346
SU166,Yakutia,2024-03-09,00:47,212
SU7014,Azimuth,2024-09-11,07:01,263
SU1276,Ural Airlines,2024-03-12,09:49,278
SU9498,Nordavia,2024-11-02,10:30,171
SU9768,Ural Airlines,2024-11-13,22:23,329
SU6662,Aeroflot,2024-11-09,22:54,300
SU9222,Yakutia,2024-08-11,18:37,125
SU314,Ural Airlines,2024-11-08,09:07,220
SU6263,Pobeda,2024-11-24,09:40,141
SU3844,UTair,2024-06-11,12:14,78
SU3351,S7 Airlines,2024-07-01,15:52,246
SU2978,Aeroflot,2024-01-16,17:14,225
SU5056,Yakutia,2024-10-05,00:18,139
SU3096,Azimuth,2024-10-09,09:02,64
SU9006,Nordavia,2024-09-20,07:38,147
SU564,Yakutia,2024-11-09,21:28,87
SU3781,Ural Airlines,2024-05-16,18:45,346
SU8769,Rossiya,2024-05-22,05:41,139
SU239,Red Wings,2024-06-09,22:02,200
SU8339,Azimuth,2024-04-25,22:19,339
SU9116,S7 Airlines,2024-07-02,14:17,112
SU6263,Red Wings,2024-08-28,06:42,238
SU8718,Azimuth,2024-08-07,22:25,153
SU6002,Yakutia,2024-03-04,15:49,268
SU7985,UTair,2024-04-21,23:54,247
SU950,Rossiya,2024-04-16,08:01,135
SU7238,Ural Airlines,2024-08-17,09:27,291
SU6876,Nordavia,2024-06-04,07:09,313
SU1652,S7 Airlines,2024-11-09,10:03,128
SU320,Azimuth,2024-02-04,11:07,126
SU9762,Aeroflot,2024-01-04,18:17,127
SU6522,Red Wings,2024-03-10,12:11,165
SU6773,Aeroflot,2024-03-05,14:45,341
SU6663,Azimuth,2024-07-24,22:37,242
SU8204,Yakutia,2024-07-26,02:05,144
SU6616,Red Wings,2024-12-13,15:00,254
SU5423,S7 Airlines,2024-11-19,20:19,230
SU7145,Azimuth,2024-12-04,18:44,178
SU2112,S7 Airlines,2024-01-10,14:41,56
SU1949,Yakutia,2024-11-24,04:14,199
SU3706,Rossiya,2024-11-11,09:15,301
SU2587,Aeroflot,2024-12-07,19:55,320
SU4258,Ural Airlines,2024-10-06,00:22,135
SU7433,Yakutia,2024-08-01,08:11,167
SU2391,Rossiya,2024-10-23,14:43,350
SU398,Red Wings,2024-07-27,17:37,266
SU4585,Red Wings,2024-11-16,13:27,101
SU4701,Red Wings,2024-08-09,07:57,173
SU4230,Nordavia,2024-12-05,14:14,185
SU5374,Aeroflot,2024-03-10,17:56,341
SU387,Yakutia,2024-07-19,09:43,132
SU8046,Rossiya,2024-04-10,18:41,333
SU4132,Azimuth,2024-01-24,19:42,111
SU3238,Rossiya,2024-10-08,04:13,343
SU9749,Rossiya,2024-05-11,23:35,295
SU3140,Nordavia,2024-12-17,04:22,189
SU1356,Aeroflot,2024-03-20,22:03,129
SU3190,S7 Airlines,2024-09-19,20:47,60
SU7261,Aeroflot,2024-11-05,18:12,101
SU804,Nordavia,2024-04-09,21:08,281
SU5776,Pobeda,2024-10-16,20:13,341
SU468,UTair,2024-06-03,00:29,242
SU2449,Nordavia,2024-06-21,07:54,109
SU9587,Yakutia,2024-09-28,18:41,125
SU5749,Rossiya,2024-06-22,14:54,263
SU407,Rossiya,2024-12-18,12:52,248
SU8679,UTair,2024-11-15,19:35,127
SU6154,Pobeda,2024-05-14,14:27,239
SU923,Nordavia,2024-02-22,19:28,164
SU2729,Ural Airlines,2024-12-20,22:29,121
SU3143,Rossiya,2024-01-27,14:21,123
SU6567,Yakutia,2024-07-27,20:28,277
SU8708,UTair,2024-10-13,15:25,237
SU823,Yakutia,2024-10-17,05:45,138
SU2282,Aeroflot,2024-07-18,10:13,312
SU9935,S7 Airlines,2024-12-07,10:06,89
SU6855,UTair,2024-08-11,15:09,230
SU9297,Ural Airlines,2024-05-06,03:51,278
SU3615,Ural Airlines,2024-01-06,20:33,221
SU5575,Pobeda,2024-04-16,07:05,329
SU3293,Red Wings,2024-01-15,02:09,146
SU905,Rossiya,2024-04-13,16:31,139
SU8720,Aeroflot,2024-01-05,13:49,163
SU4229,Ural Airlines,2024-02-16,06:48,319
SU9104,Yakutia,2024-10-24,11:22,63
SU4374,Ural Airlines,2024-12-18,02:34,270
SU7091,Yakutia,2024-08-07,20:13,265
SU4908,UTair,2024-05-08,00:43,213
SU6777,Azimuth,2024-11-02,06:15,342
SU7207,Nordavia,2024-07-20,00:36,159
SU5982,Aeroflot,2024-07-14,11:43,281
SU6211,Ural Airlines,2024-02-13,09:52,103
SU541,Red Wings,2024-11-12,05:50,112
SU493,S7 Airlines,2024-04-14,23:07,127
SU1344,Pobeda,2024-09-07,23:22,131
SU9080,Pobeda,2024-12-02,23:42,216
SU3591,Pobeda,2024-08-24,09:36,127
SU8293,S7 Airlines,2024-07-04,12:34,155
SU2394,Yakutia,2024-10-02,10:35,186
SU331,Ural Airlines,2024-09-21,15:23,171
SU5400,Pobeda,2024-07-16,06:41,72
SU4447,Aeroflot,2024-03-12,16:51,170
SU8318,S7 Airlines,2024-06-19,01:12,162
SU2107,UTair,2024-09-17,04:44,337
SU1118,Yakutia,2024-04-23,23:57,253
SU1758,Red Wings,2024-12-17,09:34,113
SU6082,Pobeda,2024-01-05,05:15,90
SU6280,UTair,2024-01-04,00:49,77
SU9163,S7 Airlines,2024-07-22,18:24,139
SU4596,Pobeda,2024-05-21,11:49,267
SU6703,Red Wings,2024-06-27,08:43,282
SU9621,Red Wings,2024-12-28,12:18,66
SU3379,Yakutia,2024-08-07,08:00,249
SU5543,Nordavia,2024-06-28,00:26,75
SU9788,Yakutia,2024-12-23,17:27,298
SU9669,Pobeda,2024-11-01,20:19,76
SU5364,Yakutia,2024-07-08,04:03,187
SU4675,S7 Airlines,2024-09-09,01:25,112
SU2810,Rossiya,2024-12-08,14:01,181
SU8475,Azimuth,2024-09-17,13:38,231
SU8566,Pobeda,2024-11-03,03:19,88
SU5094,Pobeda,2024-12-22,20:20,346
SU2911,Nordavia,2024-03-20,00:00,93
SU6895,Yakutia,2024-12-10,06:50,236
SU3262,UTair,2024-02-05,03:37,348
SU6939,Ural Airlines,2024-10-02,03:10,111
SU4454,S7 Airlines,2024-04-03,20:06,210
SU4100,Red Wings,2024-12-19,06:53,164
SU6749,UTair,2024-11-19,16:57,206
SU7053,Red Wings,2024-04-09,05:06,291
SU4356,UTair,2024-11-18,02:08,290
SU1068,UTair,2024-01-17,12:11,273
SU536,Ural Airlines,2024-04-05,22:50,148
SU3071,Azimuth,2024-02-05,17:31,292
SU8994,Pobeda,2024-05-13,12:15,205
SU1535,Azimuth,2024-12-01,03:59,80
SU8866,Aeroflot,2024-02-26,02:36,242
SU3626,Ural Airlines,2024-08-13,10:01,110
SU8241,Azimuth,2024-07-28,09:58,302
SU2090,Pobeda,2024-02-22,05:50,199
SU8293,Yakutia,2024-01-22,22:46,53
SU9750,Red Wings,2024-12-27,16:07,188
SU7333,Aeroflot,2024-02-14,10:17,306
SU4201,UTair,2024-10-23,13:37,290
SU5355,Azimuth,2024-07-15,02:26,58
SU3516,Pobeda,2024-04-28,12:14,165
SU7521,Ural Airlines,2024-06-02,23:12,302
SU783,Nordavia,2024-03-18,21:05,155
SU7118,Rossiya,2024-05-26,13:46,144
SU3132,Azimuth,2024-10-11,13:57,320
SU2119,Red Wings,2024-01-18,05:14,78
SU8714,Red Wings,2024-11-10,13:41,191
SU6550,Azimuth,2024-09-15,19:29,264
SU1857,Red Wings,2024-03-09,15:36,56
SU4576,Pobeda,2024-09-19,00:34,172
SU7518,Azimuth,2024-12-25,10:18,342
SU7971,Red Wings,2024-07-16,05:43,243
SU4756,Ural Airlines,2024-09-03,13:11,122
SU8715,S7 Airlines,2024-09-22,04:38,122
SU8364,Red Wings,2024-01-03,22:13,191
SU9918,Aeroflot,2024-07-07,01:25,296
SU8375,Red Wings,2024-02-15,14:49,169
SU9269,UTair,2024-02-26,14:03,324
SU3784,S7 Airlines,2024-06-03,16:40,112
SU8448,Nordavia,2024-11-11,02:26,98
SU2520,Red Wings,2024-06-07,08:41,249
SU6785,Aeroflot,2024-01-15,19:04,101
SU784,UTair,2024-08-05,00:30,107
SU4688,Yakutia,2024-04-12,23:43,157
SU2183,S7 Airlines,2024-04-09,14:58,157
SU5380,Nordavia,2024-06-19,06:13,126
SU2386,Red Wings,2024-10-07,17:54,71
SU6088,Aeroflot,2024-04-21,21:18,236
SU6899,Aeroflot,2024-09-22,11:48,265
SU767,Ural Airlines,2024-07-16,17:48,161
SU6515,S7 Airlines,2024-02-15,14:44,316
SU1038,Rossiya,2024-11-26,19:09,342
SU1542,Red Wings,2024-07-13,19:08,187
SU9440,Aeroflot,2024-12-20,11:01,302
SU3196,Red Wings,2024-04-14,06:28,123
SU5667,UTair,2024-05-19,15:27,325
SU3714,Ural Airlines,2024-09-06,16:44,336
SU7394,S7 Airlines,2024-01-21,21:50,341
SU8910,Pobeda,2024-12-25,11:13,151
SU3679,Nordavia,2024-05-26,15:25,59
SU8945,Rossiya,2024-07-25,10:27,343
SU6941,Yakutia,2024-12-16,05:32,164
SU8128,Red Wings,2024-02-28,12:12,84
SU9955,Pobeda,2024-09-22,10:05,326
SU2980,Ural Airlines,2024-06-24,22:10,77
SU9949,Yakutia,2024-03-13,08:20,276
SU159,Pobeda,2024-01-09,23:02,53
SU2154,Rossiya,2024-03-15,17:33,61
SU6438,S7 Airlines,2024-06-21,20:07,99
SU4641,Pobeda,2024-08-02,02:22,83
SU9100,Pobeda,2024-07-15,20:04,283
SU4721,UTair,2024-12-27,17:28,164
SU4773,S7 Airlines,2024-03-17,05:29,117
SU199,S7 Airlines,2024-08-13,15:47,288
SU3638,S7 Airlines,2024-06-07,07:18,111
SU7923,Yakutia,2024-07-11,11:33,282
SU2911,Red Wings,2024-10-23,08:22,192
SU749,Azimuth,2024-08-24,21:37,191
SU8919,Azimuth,2024-10-08,16:11,151
SU7766,Nordavia,2024-04-21,15:36,133
SU586,Yakutia,2024-02-02,12:24,129
SU8302,Yakutia,2024-08-12,02:46,236
SU9294,Red Wings,2024-05-21,23:09,269
SU9775,Ural Airlines,2024-10-24,17:51,285
SU7648,Aeroflot,2024-08-13,07:11,269
SU3354,Azimuth,2024-07-15,16:38,139
SU7279,Nordavia,2024-02-26,01:10,95
SU4510,Pobeda,2024-07-10,04:00,123
SU7084,Ural Airlines,2024-10-15,20:37,138
SU9718,Azimuth,2024-02-12,07:45,136
SU6246,Yakutia,2024-01-22,20:03,304
SU1674,Nordavia,2024-09-28,20:33,301
SU5719,Yakutia,2024-08-27,17:42,86
SU9170,Nordavia,2024-03-24,05:11,285
SU9509,Pobeda,2024-10-22,01:13,337
SU4726,Aeroflot,2024-07-15,23:36,270
SU4966,Rossiya,2024-08-16,21:21,277
SU264,Pobeda,2024-09-05,09:10,327
SU1580,Aeroflot,2024-10-23,17:37,247
SU4797,Rossiya,2024-11-06,15:20,255
SU2253,S7 Airlines,2024-09-11,10:34,145
SU6802,Rossiya,2024-08-05,22:20,251
SU5335,Pobeda,2024-01-10,15:40,246
SU3128,Nordavia,2024-01-26,22:56,346
SU1642,UTair,2024-03-16,13:27,183
SU9440,Nordavia,2024-09-06,02:37,211
SU5413,Nordavia,2024-11-14,07:31,66
SU8110,UTair,2024-03-09,17:19,82
SU720,Pobeda,2024-05-16,18:13,171
SU7462,Yakutia,2024-08-17,12:10,91
SU6812,S7 Airlines,2024-04-09,02:03,303
SU689,S7 Airlines,2024-03-11,22:18,149
SU3937,Aeroflot,2024-05-15,12:56,202
SU2256,Rossiya,2024-08-04,07:55,175
SU2625,Pobeda,2024-07-11,23:22,159
SU5918,UTair,2024-01-07,12:59,213
SU951,Red Wings,2024-02-23,18:17,284
SU9526,Ural Airlines,2024-04-08,17:15,234
SU6827,Red Wings,2024-08-02,15:16,223
SU1437,Pobeda,2024-07-07,19:10,69
SU7403,Aeroflot,2024-09-13,17:41,65
SU8610,Red Wings,2024-01-20,07:54,171
SU2375,Aeroflot,2024-07-06,10:42,55
SU7702,Pobeda,2024-06-11,07:41,330
SU7459,Red Wings,2024-05-10,21:08,67
SU2800,Yakutia,2024-06-12,08:26,339
SU8025,Red Wings,2024-04-12,10:09,308
SU7795,Yakutia,2024-03-25,17:56,105
SU2894,Azimuth,2024-07-16,08:14,144
SU8878,Pobeda,2024-10-19,20:31,68
SU4364,Ural Airlines,2024-08-04,09:19,110
SU4850,Rossiya,2024-06-22,11:16,175
SU9379,S7 Airlines,2024-12-02,09:48,269
SU8740,Pobeda,2024-06-21,16:23,280
SU682,Pobeda,2024-05-22,22:21,116
SU639,Ural Airlines,2024-07-08,22:40,201
SU5391,Aeroflot,2024-06-01,19:16,193
SU238,Rossiya,2024-12-21,00:31,222
SU9929,S7 Airlines,2024-04-07,09:03,309
SU3547,Azimuth,2024-04-19,13:36,313
SU3870,Rossiya,2024-04-02,21:12,279
SU1315,Rossiya,2024-03-16,05:49,244
SU6503,Yakutia,2024-05-03,04:28,56
SU464,Ural Airlines,2024-05-11,05:08,223
SU2404,Nordavia,2024-06-09,20:07,255
SU2542,Red Wings,2024-06-24,22:20,217
SU2602,Pobeda,2024-07-26,23:39,316
SU7247,Aeroflot,2024-05-22,15:15,303
SU279,Pobeda,2024-10-24,04:41,308
SU488,Red Wings,2024-12-25,03:17,311
SU9980,Yakutia,2024-06-13,01:09,307
SU7122,Aeroflot,2024-08-01,08:31,343
SU7546,S7 Airlines,2024-11-21,03:01,180
SU8368,Rossiya,2024-05-05,13:43,123
SU9332,Red Wings,2024-01-24,03:20,270
SU9217,UTair,2024-08-18,03:56,264
SU8489,Rossiya,2024-11-04,17:40,241
SU1269,UTair,2024-05-03,23:41,208
SU6406,UTair,2024-02-11,20:18,205
SU5726,Aeroflot,2024-03-08,07:30,313
SU7012,Azimuth,2024-11-25,00:17,191
SU381,Ural Airlines,2024-12-12,09:56,67
SU954,Azimuth,2024-12-01,23:01,155
SU5143,Red Wings,2024-05-27,16:28,307
SU2462,UTair,2024-12-03,16:52,341
SU3228,Red Wings,2024-12-16,00:41,126
SU5204,Azimuth,2024-08-25,00:35,303
SU6620,Rossiya,2024-10-03,04:45,98
SU8316,Aeroflot,2024-09-24,05:19,114
SU6581,Aeroflot,2024-01-27,13:31,227
SU4531,Aeroflot,2024-09-22,16:47,334
SU3711,Azimuth,2024-04-28,02:47,142
SU9532,Pobeda,2024-06-12,00:50,77
SU6445,Ural Airlines,2024-08-05,01:52,322
SU1088,Pobeda,2024-07-11,05:00,179
SU8138,S7 Airlines,2024-08-07,21:29,107
SU6260,S7 Airlines,2024-05-04,11:46,68
SU1017,Nordavia,2024-11-06,02:56,298
SU7414,S7 Airlines,2024-02-22,19:45,50
SU4216,Ural Airlines,2024-08-20,05:36,215
SU8417,S7 Airlines,2024-05-15,16:46,75
SU9716,S7 Airlines,2024-07-28,15:25,59
SU5063,Red Wings,2024-03-01,07:49,71
SU6512,Rossiya,2024-02-24,14:40,72
SU8277,Pobeda,2024-05-08,11:04,327
SU8481,Aeroflot,2024-05-02,09:31,161
SU9997,Pobeda,2024-05-15,22:53,345
SU7693,Aeroflot,2024-09-11,11:36,310
SU8438,Yakutia,2024-02-03,20:46,238
SU5755,UTair,2024-07-06,00:21,240
SU6539,Azimuth,2024-08-06,05:21,218
SU467,Yakutia,2024-03-12,13:03,157
SU4200,Ural Airlines,2024-07-04,21:03,337
SU7887,Pobeda,2024-01-14,11:14,284
SU1299,Rossiya,2024-05-14,15:41,246
SU8265,Azimuth,2024-10-15,09:39,278
SU794,Pobeda,2024-03-14,22:30,217
SU6701,Yakutia,2024-03-09,18:24,177
SU6205,Aeroflot,2024-06-03,14:59,113
SU3328,Red Wings,2024-09-25,05:17,211
SU4452,Yakutia,2024-03-25,21:00,176
SU7812,Pobeda,2024-12-07,04:51,266
SU9800,Rossiya,2024-03-20,06:34,54
SU2426,Ural Airlines,2024-07-28,18:49,168
SU8391,Nordavia,2024-10-25,00:38,89
SU9048,Azimuth,2024-02-20,19:54,264
SU416,UTair,2024-03-28,03:26,195
SU7835,Yakutia,2024-09-11,18:54,152
SU4255,Nordavia,2024-03-12,09:28,283
SU7494,UTair,2024-01-04,15:16,91
SU9466,Red Wings,2024-12-26,18:47,316
SU4979,S7 Airlines,2024-04-15,04:38,140
SU2950,Aeroflot,2024-05-26,07:54,89
SU5024,UTair,2024-09-25,18:46,186
SU771,S7 Airlines,2024-08-19,21:59,201
SU8106,Rossiya,2024-06-11,20:22,111
SU8923,Aeroflot,2024-08-15,19:03,51
SU5656,Nordavia,2024-12-24,22:46,283
SU8857,Yakutia,2024-02-05,20:53,214
SU1444,Aeroflot,2024-01-03,23:34,253
SU1913,Rossiya,2024-09-06,00:49,68
SU1177,S7 Airlines,2024-08-01,05:42,233
SU8082,Nordavia,2024-01-04,05:24,80
SU3352,Yakutia,2024-05-05,04:16,62
SU1746,Nordavia,2024-04-06,07:21,243
SU3267,Ural Airlines,2024-08-22,09:14,166
SU3565,UTair,2024-06-22,13:36,65
SU5423,Ural Airlines,2024-12-24,11:38,209
SU5286,S7 Airlines,2024-03-14,10:53,339
SU1286,Red Wings,2024-11-18,11:30,303
SU7724,Pobeda,2024-06-04,22:03,335
SU9451,Nordavia,2024-08-07,14:55,268
SU1765,Aeroflot,2024-09-16,05:48,325
SU7920,Red Wings,2024-05-08,05:07,113
SU9302,Pobeda,2024-05-17,21:46,258
SU2170,Aeroflot,2024-01-15,13:31,216
SU203,Azimuth,2024-11-06,05:54,289
SU1845,Aeroflot,2024-10-05,08:12,338
SU7213,Azimuth,2024-03-14,13:43,175
SU4023,Pobeda,2024-10-13,11:03,304
SU9531,Rossiya,2024-07-19,22:28,350
SU6984,Azimuth,2024-01-20,01:48,260
SU8229,Ural Airlines,2024-07-13,16:17,235
SU1308,Red Wings,2024-12-12,06:51,156
SU6101,S7 Airlines,2024-03-20,09:17,79
SU5255,Rossiya,2024-05-01,17:13,312
SU6082,Aeroflot,2024-10-13,07:32,200
SU4541,Yakutia,2024-01-12,15:10,198
SU4983,S7 Airlines,2024-11-25,01:16,222
SU3041,Ural Airlines,2024-02-16,08:01,251
SU909,Yakutia,2024-09-21,02:00,118
SU4502,Aeroflot,2024-02-23,22:50,332
SU4517,Azimuth,2024-12-28,04:43,247
SU7802,S7 Airlines,2024-08-28,12:23,172
SU4067,Ural Airlines,2024-09-18,15:04,171
SU7881,Ural Airlines,2024-04-23,21:59,252
SU9854,S7 Airlines,2024-01-28,01:59,292
SU835,S7 Airlines,2024-03-10,19:31,276
SU2023,Nordavia,2024-03-28,00:21,201
SU213,S7 Airlines,2024-03-17,04:31,162
SU6377,Red Wings,2024-07-28,17:03,130
SU938,Azimuth,2024-06-16,06:37,184
SU1140,Yakutia,2024-08-11,07:49,150
SU3764,UTair,2024-03-04,21:05,185
SU7617,Azimuth,2024-07-12,10:28,79
SU5453,Rossiya,2024-11-25,18:15,274
SU7011,Ural Airlines,2024-11-22,21:24,242
SU5209,Pobeda,2024-04-08,22:13,197
SU5599,Yakutia,2024-05-08,02:41,143
SU8686,Aeroflot,2024-03-09,09:46,327
SU1643,S7 Airlines,2024-10-19,01:08,295
SU5492,UTair,2024-05-25,17:54,76
SU6187,Rossiya,2024-08-17,16:33,272
SU4538,Pobeda,2024-04-03,10:30,279
SU3565,UTair,2024-06-06,16:15,330
SU7666,Aeroflot,2024-06-27,08:14,309
SU7625,Nordavia,2024-11-21,11:01,50
SU2046,Rossiya,2024-12-20,07:52,58
SU910,Azimuth,2024-02-19,13:17,292
SU9347,Rossiya,2024-09-14,19:19,114
SU7239,Ural Airlines,2024-02-11,21:44,239
SU462,UTair,2024-11-02,03:33,84
SU3158,Nordavia,2024-07-27,12:44,163
SU9063,S7 Airlines,2024-07-11,09:23,252
SU7250,UTair,2024-02-16,22:21,298
SU964,S7 Airlines,2024-11-05,23:22,274
SU2173,Rossiya,2024-10-11,02:05,156
SU7393,Azimuth,2024-10-25,10:12,197
SU6779,UTair,2024-08-08,10:29,229
SU295,Aeroflot,2024-05-21,02:08,52
SU2658,Pobeda,2024-05-04,00:55,159
SU8717,Azimuth,2024-09-16,10:52,69
SU2668,Azimuth,2024-12-16,17:45,275
SU1311,Aeroflot,2024-12-20,13:12,151
SU4239,Yakutia,2024-01-01,00:11,173
SU8956,Yakutia,2024-10-12,11:17,123
SU3073,Red Wings,2024-10-05,09:39,233
SU9019,Nordavia,2024-03-17,15:24,160
SU4925,Nordavia,2024-06-14,00:59,259
SU3211,Red Wings,2024-03-08,04:05,78
SU9225,Aeroflot,2024-07-07,09:13,191
SU1291,Rossiya,2024-01-18,14:34,116
SU1178,Pobeda,2024-09-11,06:09,102
SU5167,Ural Airlines,2024-01-26,06:43,309
SU4461,Ural Airlines,2024-12-26,21:08,61
SU1176,Red Wings,2024-03-21,23:46,136
SU8822,Azimuth,2024-12-06,23:49,77
SU9717,Pobeda,2024-03-16,18:14,170
SU660,Rossiya,2024-08-25,02:34,69
SU2053,Red Wings,2024-12-21,07:07,248
SU2620,S7 Airlines,2024-02-21,20:46,277
SU7733,UTair,2024-12-27,21:28,93
SU8973,Azimuth,2024-11-17,14:40,70
SU4317,Rossiya,2024-05-19,15:46,163
SU1456,Yakutia,2024-07-04,06:05,277
SU6118,S7 Airlines,2024-01-24,22:06,213
SU2546,UTair,2024-02-28,08:27,202
SU5296,Pobeda,2024-02-09,09:45,273
SU7297,Azimuth,2024-08-06,04:33,264
SU385,UTair,2024-02-03,07:59,201
SU2161,Nordavia,2024-04-19,23:17,248
SU5026,Ural Airlines,2024-03-21,12:39,90
SU3994,Yakutia,2024-09-19,02:30,139
SU9459,Ural Airlines,2024-11-26,11:27,98
SU9344,Yakutia,2024-02-22,21:20,142
SU6454,Red Wings,2024-11-26,23:52,127
SU5121,S7 Airlines,2024-12-24,17:50,112
SU4042,Aeroflot,2024-03-23,09:01,85
SU7023,Rossiya,2024-08-18,05:43,117
SU2746,Ural Airlines,2024-03-24,06:10,139
SU2254,Red Wings,2024-08-17,00:53,52
SU5438,Nordavia,2024-01-16,06:58,233
SU1485,Aeroflot,2024-02-12,14:58,62
SU7447,Red Wings,2024-03-10,22:18,292
SU5895,Pobeda,2024-09-04,07:54,62
SU921,Pobeda,2024-08-09,03:54,254
SU8001,Rossiya,2024-04-11,15:14,64
SU5185,Azimuth,2024-04-23,13:40,324
SU4503,Aeroflot,2024-04-27,04:17,132
SU6407,Red Wings,2024-09-23,18:54,341
SU4824,UTair,2024-06-10,21:53,113
SU1011,S7 Airlines,2024-10-21,17:07,153
SU1197,Yakutia,2024-09-18,16:25,243
SU541,Rossiya,2024-10-20,02:26,103
SU3508,Nordavia,2024-10-18,10:35,107
SU4524,Azimuth,2024-06-12,15:55,298
SU354,Nordavia,2024-06-09,10:44,67
SU6972,Azimuth,2024-07-01,16:54,160
SU5369,UTair,2024-10-24,15:14,225
SU7568,Pobeda,2024-05-21,05:24,64
SU9304,Yakutia,2024-07-07,08:24,294
SU5593,Pobeda,2024-11-19,14:35,159
SU2173,UTair,2024-01-23,01:46,167
SU9022,UTair,2024-08-06,05:01,250
SU7477,Yakutia,2024-08-04,14:42,162
SU1118,Rossiya,2024-12-23,20:11,71
SU3355,UTair,2024-04-14,23:09,149
SU6403,UTair,2024-04-02,04:34,297
SU9177,Rossiya,2024-09-04,18:47,319
SU6598,S7 Airlines,2024-11-21,22:37,296
SU6828,Pobeda,2024-03-22,11:13,54
SU9050,Red Wings,2024-10-25,16:46,321
SU8524,Nordavia,2024-01-14,12:05,150
SU5781,Ural Airlines,2024-02-07,18:09,297
SU8147,Ural Airlines,2024-03-08,12:58,272
SU6377,Aeroflot,2024-03-17,01:09,71
SU6249,Nordavia,2024-06-05,13:32,260
SU4018,S7 Airlines,2024-02-20,09:37,218
SU8209,Pobeda,2024-09-07,06:02,180
SU4590,UTair,2024-05-18,04:37,52
SU9791,S7 Airlines,2024-01-01,18:27,154
SU1091,Azimuth,2024-07-10,22:39,136
SU6014,Pobeda,2024-05-14,01:40,142
SU6036,S7 Airlines,2024-09-11,17:34,131
SU5084,Rossiya,2024-12-13,20:02,233
SU9908,Ural Airlines,2024-08-21,01:28,82
SU9070,Ural Airlines,2024-02-26,17:57,318
SU8100,UTair,2024-04-19,11:33,245
SU2133,Aeroflot,2024-01-04,21:22,226
SU3508,UTair,2024-02-19,02:54,169
SU4859,Rossiya,2024-01-02,11:02,50
SU8632,Nordavia,2024-06-14,06:24,59
SU2015,UTair,2024-06-11,09:47,158
SU3618,Aeroflot,2024-03-01,03:23,316
SU3392,Ural Airlines,2024-08-07,01:47,265
SU6204,Aeroflot,2024-10-24,11:02,162
SU1978,S7 Airlines,2024-05-14,05:10,191
SU5579,Rossiya,2024-08-12,01:31,166
SU1280,S7 Airlines,2024-09-13,06:39,328
SU8672,Ural Airlines,2024-03-12,03:43,112
SU3574,Yakutia,2024-07-02,01:58,53
SU3812,Pobeda,2024-12-15,05:34,235
SU7631,Nordavia,2024-05-04,17:26,267
SU9006,UTair,2024-12-05,23:38,344
SU8053,Nordavia,2024-05-07,23:08,286
SU1788,Yakutia,2024-05-17,11:13,104
SU9655,S7 Airlines,2024-11-01,09:31,275
SU2562,Ural Airlines,2024-01-27,09:18,277
SU6870,Rossiya,2024-01-19,01:50,66
SU7176,Pobeda,2024-11-05,12:48,278
SU9026,Rossiya,2024-03-28,06:49,306
SU6095,Nordavia,2024-02-14,12:44,70
SU2183,Red Wings,2024-03-09,18:40,348
SU1277,Ural Airlines,2024-12-15,04:47,288
SU410,Aeroflot,2024-08-12,08:20,126
SU8154,S7 Airlines,2024-11-16,15:50,105
SU1045,Pobeda,2024-01-24,11:43,202
SU5241,Rossiya,2024-09-06,13:44,167
SU7492,S7 Airlines,2024-07-06,19:14,163
SU548,S7 Airlines,2024-05-01,23:35,85
SU5057,Azimuth,2024-02-22,13:08,142
SU463,S7 Airlines,2024-05-25,09:24,132
SU1583,Azimuth,2024-07-22,12:19,288
SU4728,Nordavia,2024-11-11,19:06,236
SU1695,Aeroflot,2024-12-09,05:59,348
SU9083,Yakutia,2024-03-16,06:20,250
SU5580,Yakutia,2024-10-16,20:52,80
SU6462,Ural Airlines,2024-12-09,14:12,330
SU2344,Aeroflot,2024-05-04,10:19,200
SU2773,Yakutia,2024-01-07,19:20,260
SU5614,Nordavia,2024-06-03,07:14,135
SU7503,S7 Airlines,2024-09-20,10:40,322
SU5186,S7 Airlines,2024-11-28,12:02,110
SU9809,Ural Airlines,2024-10-01,15:55,313
SU4921,Rossiya,2024-03-02,16:31,318
SU5570,Red Wings,2024-09-09,12:41,190
SU8650,Pobeda,2024-01-27,21:24,164
SU406,Aeroflot,2024-12-12,12:28,189
SU8938,Azimuth,2024-02-06,13:03,184
